{
    "throughput": 9.0,
    "class_probs": {
        "0": 0.0310507424919406,
        "1": 0.1289292316619854,
        "2": 0.029611733303799573,
        "3": 0.09503031522340531,
        "4": 0.06266888565253732,
        "5": 0.12749888284745475,
        "6": 0.1205217590726012,
        "7": 0.04616183532071396,
        "8": 0.11109946405527774,
        "9": 0.0484887143789232,
        "10": 0.11534412092683756,
        "11": 0.08359431506452354
    },
    "best_objective": 51.761375350529356,
    "classes": [
        "0",
        "1",
        "2",
        "3",
        "4",
        "5",
        "6",
        "7",
        "8",
        "9",
        "10",
        "11"
    ],
    "resources": [
        "0",
        "1",
        "2",
        "3",
        "4",
        "5",
        "6",
        "7",
        "8",
        "9"
    ],
    "demands": {
        "0_0": 0.00088,
        "2_0": 0.05662,
        "3_0": 0.26477,
        "4_0": 0.14282,
        "10_0": 0.14383,
        "11_0": 0.10239,
        "0_1": 0.62683,
        "6_1": 0.28205,
        "11_1": 0.36048,
        "0_2": 1.01469,
        "4_2": 0.35439,
        "10_2": 0.32833,
        "3_3": 0.13038,
        "4_3": 0.21472,
        "6_3": 0.13761,
        "8_3": 0.01097,
        "0_4": 0.16136,
        "2_4": 0.14027,
        "4_4": 0.13585,
        "7_4": 0.09697,
        "8_4": 0.04093,
        "9_4": 0.11525,
        "11_4": 0.09969,
        "0_5": 0.44975,
        "1_5": 0.10917,
        "2_5": 0.70885,
        "3_5": 0.08859,
        "5_5": 0.15847,
        "7_5": 0.1075,
        "9_5": 0.04693,
        "1_6": 0.36163,
        "10_6": 0.00259,
        "11_6": 0.31207,
        "0_7": 0.01354,
        "1_7": 0.1823,
        "3_7": 0.17375,
        "4_7": 0.01274,
        "5_7": 0.01605,
        "3_8": 0.34444,
        "8_8": 0.05215,
        "10_8": 0.25349,
        "11_8": 0.04676,
        "0_9": 0.03604,
        "1_9": 0.07043,
        "4_9": 0.10427,
        "5_9": 0.10604,
        "6_9": 0.11071,
        "8_9": 0.06871
    },
    "best": {
        "0": 3.791580784508688,
        "1": 8.833817627586189,
        "2": 11.106430492541756,
        "3": 2.6585536511645906,
        "4": 4.465901738104713,
        "5": 7.9334467645535875,
        "6": 2.5240337149835548,
        "7": 3.553193703229454,
        "8": 4.327659451440285,
        "9": 2.566757422416538
    },
    "best_mrt": [
        300.00000000000256,
        299.99999999998386,
        150.54075921337824,
        299.99999999998033,
        259.9542223399652,
        77.535815184267,
        148.21360898353322,
        38.64376208578205,
        61.61593504159298,
        34.653594567308126,
        146.5062001034482,
        280.3457349704815
    ],
    "SLA": 300
}