{
    "throughput": 8.0,
    "class_probs": {
        "0": 0.047490784538984844,
        "1": 0.13208549947027157,
        "2": 0.1278075091593738,
        "3": 0.016191338016592016,
        "4": 0.08812646622009589,
        "5": 0.10241976612418054,
        "6": 0.10721139110985636,
        "7": 0.0418314907473769,
        "8": 0.10489629332634555,
        "9": 0.12572340925506448,
        "10": 0.06185174563416848,
        "11": 0.044364306397689623
    },
    "best_objective": 172.75612706647024,
    "classes": [
        "0",
        "1",
        "2",
        "3",
        "4",
        "5",
        "6",
        "7",
        "8",
        "9",
        "10",
        "11"
    ],
    "resources": [
        "0",
        "1",
        "2",
        "3",
        "4",
        "5",
        "6",
        "7",
        "8",
        "9"
    ],
    "demands": {
        "0_0": 0.37946,
        "3_0": 0.96085,
        "6_0": 0.18291,
        "11_0": 0.18281,
        "2_1": 0.16008,
        "4_1": 0.39833,
        "1_2": 0.09454,
        "2_2": 0.13142,
        "4_2": 0.21424,
        "6_2": 0.03041,
        "8_2": 0.00294,
        "11_2": 0.16123,
        "1_3": 0.07491,
        "3_3": 1.15238,
        "5_3": 0.02329,
        "8_3": 0.05041,
        "11_3": 0.60994,
        "1_4": 0.03195,
        "3_4": 1.2645,
        "5_4": 0.22791,
        "6_4": 0.16772,
        "7_4": 0.56911,
        "8_4": 0.09223,
        "9_4": 0.03189,
        "1_5": 0.23731,
        "3_5": 2.05959,
        "6_6": 0.07877,
        "7_6": 0.39812,
        "10_6": 0.61548,
        "11_6": 0.81878,
        "0_7": 0.11097,
        "5_7": 0.51582,
        "6_7": 0.27483,
        "7_7": 0.12537,
        "8_7": 0.04806,
        "11_7": 0.12935,
        "3_8": 2.52243,
        "10_8": 0.7741,
        "0_9": 1.02984,
        "3_9": 0.35714,
        "9_9": 0.06811,
        "10_9": 0.68899
    },
    "best": {
        "0": 22.770575871808457,
        "1": 2.234842349863815,
        "2": 3.2350621555687047,
        "3": 25.1982296694676,
        "4": 26.21419291216598,
        "5": 32.916224897494914,
        "6": 6.276943480108482,
        "7": 3.0072268588570115,
        "8": 36.564503845420965,
        "9": 14.338325025714314
    },
    "best_mrt": [
        144.30292955881254,
        45.82135656648486,
        136.9606246618237,
        300.00000000000045,
        300.0,
        246.69727293569596,
        166.34492869893282,
        152.60290512913272,
        28.79925949597056,
        6.304608617648028,
        184.95206100932234,
        300.00000000000006
    ],
    "SLA": 300
}