{
    "throughput": 9.0,
    "class_probs": {
        "0": 0.0462948746888323,
        "1": 0.008311047894431975,
        "2": 0.042297605075623905,
        "3": 0.035574341583594515,
        "4": 0.04842196711040768,
        "5": 0.04105000471023591,
        "6": 0.041773183819244594,
        "7": 0.032175240058343796,
        "8": 0.0321341320577237,
        "9": 0.023062881070035596,
        "10": 0.04775337898715962,
        "11": 0.04951167810171125,
        "12": 0.008708815516139138,
        "13": 0.05246395735988851,
        "14": 0.011979266623093947,
        "15": 0.053784052495879954,
        "16": 0.049618216297048254,
        "17": 0.007519354346907155,
        "18": 0.04049968013626314,
        "19": 0.045038138668822864,
        "20": 0.05379096613919949,
        "21": 0.011889119635101392,
        "22": 0.05068763491239471,
        "23": 0.02418483765834273,
        "24": 0.01877701412420581,
        "25": 0.0249243928458611,
        "26": 0.01911243151643107,
        "27": 0.04251164630128263,
        "28": 0.00813795844519004,
        "29": 0.028012181820603513
    },
    "best_objective": 162.30969994715363,
    "classes": [
        "0",
        "1",
        "2",
        "3",
        "4",
        "5",
        "6",
        "7",
        "8",
        "9",
        "10",
        "11",
        "12",
        "13",
        "14",
        "15",
        "16",
        "17",
        "18",
        "19",
        "20",
        "21",
        "22",
        "23",
        "24",
        "25",
        "26",
        "27",
        "28",
        "29"
    ],
    "resources": [
        "0",
        "1",
        "2",
        "3",
        "4",
        "5",
        "6",
        "7",
        "8",
        "9",
        "10",
        "11",
        "12",
        "13",
        "14",
        "15",
        "16",
        "17",
        "18",
        "19"
    ],
    "demands": {
        "12_0": 0.90755,
        "16_0": 0.17158,
        "17_0": 1.77672,
        "18_0": 0.01194,
        "20_0": 0.12745,
        "21_0": 0.78874,
        "25_0": 0.09685,
        "27_0": 0.14437,
        "2_1": 0.62146,
        "16_1": 0.24606,
        "22_1": 0.53405,
        "23_1": 1.00749,
        "2_2": 0.31245,
        "8_2": 0.8191,
        "29_2": 0.33873,
        "3_3": 0.52596,
        "6_3": 0.27914,
        "8_3": 0.31752,
        "12_3": 2.94086,
        "13_3": 0.27107,
        "22_3": 0.27296,
        "3_4": 0.05502,
        "4_4": 0.28817,
        "6_4": 0.48233,
        "7_4": 0.18761,
        "8_4": 0.31511,
        "9_4": 0.07739,
        "11_4": 0.30393,
        "12_4": 1.44169,
        "25_4": 0.32658,
        "1_5": 1.40543,
        "2_5": 0.49877,
        "3_5": 0.65782,
        "5_5": 0.43745,
        "21_5": 0.43859,
        "0_6": 0.04833,
        "10_6": 0.56593,
        "18_6": 0.25177,
        "23_6": 0.75628,
        "26_6": 1.39619,
        "28_6": 0.52237,
        "0_7": 0.05513,
        "15_7": 0.24453,
        "17_7": 1.82876,
        "22_7": 0.06258,
        "24_7": 0.55516,
        "25_7": 0.26553,
        "3_8": 0.16004,
        "10_8": 1.02041,
        "22_8": 0.73986,
        "9_9": 0.18698,
        "20_9": 0.32204,
        "22_9": 0.41083,
        "11_10": 1.15745,
        "13_10": 0.05829,
        "6_11": 0.05471,
        "17_11": 4.86762,
        "23_11": 0.37142,
        "27_11": 0.76084,
        "3_12": 0.02765,
        "24_12": 1.10285,
        "26_12": 1.31833,
        "28_12": 0.54264,
        "29_12": 0.92005,
        "13_13": 0.0163,
        "18_13": 0.10339,
        "22_13": 0.0441,
        "23_13": 0.55553,
        "24_13": 0.59786,
        "25_13": 0.13357,
        "28_13": 0.9347,
        "1_14": 0.8136,
        "14_14": 0.94636,
        "16_14": 0.17348,
        "27_14": 0.40672,
        "0_15": 0.26665,
        "5_15": 0.36547,
        "6_15": 0.10026,
        "16_15": 0.01033,
        "19_15": 0.52898,
        "28_15": 2.60937,
        "1_16": 1.33634,
        "5_16": 0.24205,
        "6_16": 0.18197,
        "9_16": 0.31851,
        "10_16": 0.05991,
        "11_16": 0.0582,
        "14_16": 0.82218,
        "26_16": 0.34255,
        "27_16": 0.23747,
        "0_17": 0.22859,
        "10_17": 0.25263,
        "15_17": 0.11496,
        "19_17": 0.22753,
        "27_17": 0.24879,
        "16_18": 0.06554,
        "21_18": 0.0938,
        "24_18": 0.64933,
        "25_18": 0.6796,
        "27_18": 0.24039,
        "29_18": 0.00301,
        "4_19": 0.05121,
        "7_19": 0.07072,
        "13_19": 0.23839,
        "14_19": 0.93353,
        "15_19": 0.06141,
        "20_19": 0.45061,
        "23_19": 0.86534,
        "24_19": 0.36188
    },
    "best": {
        "0": 14.425129938597783,
        "1": 6.873066309508597,
        "2": 2.33145767412837,
        "3": 12.309745945353518,
        "4": 8.89516655954581,
        "5": 8.383411646120587,
        "6": 8.014087744744607,
        "7": 13.58184004290431,
        "8": 4.952292852920745,
        "9": 2.448367464961945,
        "10": 3.0888298990947685,
        "11": 21.593186111077454,
        "12": 7.713789390317266,
        "13": 8.939097171330237,
        "14": 6.231147644039183,
        "15": 11.519869606632192,
        "16": 8.150554799204581,
        "17": 1.966462775110294,
        "18": 4.223811232208277,
        "19": 6.668385139353116
    },
    "best_mrt": [
        185.95525938490363,
        499.99999999999994,
        332.82131516119716,
        181.20225705685698,
        44.2895456282424,
        122.91511808673275,
        120.02145648405981,
        35.153811893114785,
        500.0,
        142.32435549314906,
        499.99999999999994,
        500.0,
        499.99999999999994,
        88.75757756655773,
        429.0985797591032,
        104.65143928707298,
        100.6951248716714,
        500.0,
        47.835904851067916,
        198.5944555566141,
        241.18877635297412,
        138.30433577461537,
        499.99999999999994,
        499.99999999999994,
        499.99999999999994,
        260.62616395651776,
        426.73301556645805,
        374.5230631561307,
        499.99999999999994,
        311.0460339274208
    ],
    "SLA": 500
}