{
    "throughput": 6.0,
    "class_probs": {
        "0": 0.01464003272357729,
        "1": 0.04529703641065658,
        "2": 0.036395223653557185,
        "3": 0.041959413831870254,
        "4": 0.054234966377017836,
        "5": 0.03889208426045582,
        "6": 0.011258376885254434,
        "7": 0.009327776403658247,
        "8": 0.01676186458709352,
        "9": 0.053913365218349475,
        "10": 0.0356482429656552,
        "11": 0.053352063984664716,
        "12": 0.008500607715407093,
        "13": 0.04527177520258276,
        "14": 0.044387533022902284,
        "15": 0.04022317894313964,
        "16": 0.0157925546082298,
        "17": 0.008769340275198108,
        "18": 0.04196553723168651,
        "19": 0.05113159426924471,
        "20": 0.03926863176365009,
        "21": 0.030890644560967847,
        "22": 0.02355930896655652,
        "23": 0.02393576264861796,
        "24": 0.0407498892715049,
        "25": 0.010383812178563026,
        "26": 0.029372588397131222,
        "27": 0.04938458791846119,
        "28": 0.05198477696489258,
        "29": 0.03274742875945308
    },
    "best_objective": 213.76458927624373,
    "classes": [
        "0",
        "1",
        "2",
        "3",
        "4",
        "5",
        "6",
        "7",
        "8",
        "9",
        "10",
        "11",
        "12",
        "13",
        "14",
        "15",
        "16",
        "17",
        "18",
        "19",
        "20",
        "21",
        "22",
        "23",
        "24",
        "25",
        "26",
        "27",
        "28",
        "29"
    ],
    "resources": [
        "0",
        "1",
        "2",
        "3",
        "4",
        "5",
        "6",
        "7",
        "8",
        "9",
        "10",
        "11",
        "12",
        "13",
        "14",
        "15",
        "16",
        "17",
        "18",
        "19"
    ],
    "demands": {
        "6_0": 2.78984,
        "16_0": 0.49223,
        "24_0": 0.89746,
        "1_1": 0.39337,
        "8_1": 0.53009,
        "23_1": 0.94238,
        "26_1": 0.9675,
        "27_1": 0.54857,
        "7_2": 2.59365,
        "8_2": 0.11346,
        "13_2": 0.20203,
        "21_2": 0.55768,
        "22_2": 0.81058,
        "23_2": 0.40626,
        "24_2": 0.01763,
        "27_2": 0.00364,
        "3_3": 0.30925,
        "14_3": 0.92294,
        "24_3": 0.75318,
        "25_3": 2.49557,
        "28_3": 0.20193,
        "4_4": 0.69325,
        "13_4": 0.84683,
        "16_4": 0.27898,
        "18_4": 0.51539,
        "19_4": 0.1157,
        "29_4": 0.33291,
        "3_5": 0.12402,
        "7_5": 0.45693,
        "8_5": 0.54734,
        "10_5": 0.17613,
        "17_5": 0.05898,
        "19_5": 0.33344,
        "21_5": 0.02949,
        "22_5": 0.7361,
        "28_5": 0.25326,
        "29_5": 0.42595,
        "4_6": 0.70811,
        "13_6": 0.79035,
        "22_6": 0.42409,
        "23_6": 1.01082,
        "24_6": 0.93375,
        "12_7": 3.84648,
        "19_7": 0.14167,
        "27_7": 0.47555,
        "4_8": 0.14261,
        "6_8": 2.87817,
        "7_8": 1.37969,
        "14_8": 0.66628,
        "19_8": 0.22715,
        "2_9": 0.17231,
        "4_9": 0.73681,
        "6_9": 0.01563,
        "10_9": 0.75175,
        "2_10": 0.67404,
        "3_10": 0.79201,
        "21_10": 0.40325,
        "6_11": 1.85502,
        "9_11": 0.19446,
        "11_11": 0.01872,
        "12_11": 2.58195,
        "15_11": 0.23877,
        "18_11": 0.29832,
        "20_11": 0.10006,
        "22_11": 0.87175,
        "1_12": 0.0944,
        "9_12": 0.19102,
        "15_12": 0.18331,
        "17_12": 1.05483,
        "18_12": 0.1755,
        "23_12": 0.21602,
        "27_12": 0.18426,
        "3_13": 0.66511,
        "12_13": 1.0031,
        "15_13": 0.10301,
        "19_13": 0.70616,
        "24_13": 0.55862,
        "28_13": 0.77004,
        "5_14": 0.08411,
        "11_14": 0.24313,
        "14_14": 0.4402,
        "20_14": 0.01503,
        "21_14": 0.09479,
        "25_14": 0.7716,
        "26_14": 0.2429,
        "0_15": 0.53195,
        "5_15": 0.98226,
        "12_15": 1.39322,
        "16_15": 0.11376,
        "21_15": 0.62545,
        "15_16": 0.51523,
        "24_16": 0.32716,
        "25_16": 2.54167,
        "28_16": 0.18758,
        "4_17": 0.12473,
        "6_17": 0.8272,
        "7_17": 0.663,
        "11_17": 0.16585,
        "16_17": 0.51323,
        "19_17": 0.21425,
        "25_17": 1.06677,
        "13_18": 0.53709,
        "20_18": 0.03294,
        "21_18": 1.83931,
        "27_18": 0.08899,
        "0_19": 1.42896,
        "1_19": 0.53994,
        "4_19": 0.04245,
        "13_19": 0.65286,
        "19_19": 0.00601,
        "28_19": 0.16074
    },
    "best": {
        "0": 15.966068497333257,
        "1": 4.938426446993846,
        "2": 10.783567245926593,
        "3": 15.824014572235773,
        "4": 6.354366159123587,
        "5": 4.361661865136728,
        "6": 7.966245293238237,
        "7": 21.53786633541144,
        "8": 17.652935898121427,
        "9": 3.3835349982423035,
        "10": 3.406714564864914,
        "11": 22.063716853635864,
        "12": 2.4936173609794987,
        "13": 11.641278943507213,
        "14": 8.84559471384415,
        "15": 13.738644001531165,
        "16": 15.657746646087634,
        "17": 14.164882600198286,
        "18": 8.035571338466719,
        "19": 4.94813494136509
    },
    "best_mrt": [
        362.46701781536655,
        256.4505056657086,
        284.30289511349986,
        379.6805099043895,
        499.9999999997344,
        83.92264855677176,
        500.00000000001154,
        500.00000000002154,
        276.7611621579556,
        96.82223164069308,
        301.2567322837803,
        41.432804901905634,
        500.00000000010067,
        499.9999999943556,
        151.79593120202168,
        138.69444921392915,
        126.9569119877872,
        500.000000000002,
        185.88668262798666,
        209.6969454761628,
        10.810750645973904,
        499.9999999812941,
        371.19547060388123,
        500.0000000000516,
        314.37473881031724,
        500.0000000000706,
        253.0008397477051,
        246.6110658976824,
        199.26595577855812,
        170.09178907578647
    ],
    "SLA": 500
}