{
    "throughput": 5.0,
    "class_probs": {
        "0": 0.027445177347178558,
        "1": 0.028414751934009424,
        "2": 0.04859161284793748,
        "3": 0.03074189167499398,
        "4": 0.04977410906148399,
        "5": 0.02266749482526497,
        "6": 0.03511746959948151,
        "7": 0.047008644218144165,
        "8": 0.02747113330075226,
        "9": 0.05304132218529143,
        "10": 0.04963248778234196,
        "11": 0.013819784975508329,
        "12": 0.047666623782861385,
        "13": 0.013440291438107183,
        "14": 0.049366516655869476,
        "15": 0.012722865802687505,
        "16": 0.02127239827208105,
        "17": 0.04029478533743931,
        "18": 0.03968165485551093,
        "19": 0.028045729784823642,
        "20": 0.021360093462335857,
        "21": 0.0381530555755932,
        "22": 0.008742368818652162,
        "23": 0.046890479883723156,
        "24": 0.016973998970313986,
        "25": 0.03572781900698684,
        "26": 0.02794956563054861,
        "27": 0.02081149477220075,
        "28": 0.054250085444633646,
        "29": 0.04292429275324331
    },
    "best_objective": 268.507951772233,
    "classes": [
        "0",
        "1",
        "2",
        "3",
        "4",
        "5",
        "6",
        "7",
        "8",
        "9",
        "10",
        "11",
        "12",
        "13",
        "14",
        "15",
        "16",
        "17",
        "18",
        "19",
        "20",
        "21",
        "22",
        "23",
        "24",
        "25",
        "26",
        "27",
        "28",
        "29"
    ],
    "resources": [
        "0",
        "1",
        "2",
        "3",
        "4",
        "5",
        "6",
        "7",
        "8",
        "9",
        "10",
        "11",
        "12",
        "13",
        "14",
        "15",
        "16",
        "17",
        "18",
        "19"
    ],
    "demands": {
        "3_0": 0.77707,
        "9_0": 0.27584,
        "12_0": 0.14288,
        "18_0": 0.43183,
        "28_0": 0.79656,
        "2_1": 1.15324,
        "17_1": 0.97527,
        "29_1": 0.53225,
        "3_2": 0.07545,
        "10_2": 0.80808,
        "11_2": 2.47362,
        "15_2": 2.6512,
        "17_2": 0.25042,
        "19_2": 0.86128,
        "28_2": 0.39262,
        "1_3": 0.0912,
        "8_3": 0.96989,
        "9_3": 0.53231,
        "14_3": 0.1805,
        "15_3": 1.78522,
        "25_3": 0.3547,
        "27_3": 1.81475,
        "29_3": 0.05675,
        "1_4": 0.99949,
        "3_4": 0.67974,
        "6_4": 0.82975,
        "27_4": 0.04346,
        "1_5": 1.0922,
        "9_5": 0.63454,
        "15_5": 2.6074,
        "17_5": 0.71578,
        "24_5": 0.49242,
        "3_6": 0.49861,
        "4_6": 0.48694,
        "6_6": 0.65283,
        "11_6": 0.9704,
        "4_7": 0.26237,
        "5_7": 0.63656,
        "8_7": 0.50354,
        "15_7": 1.5783,
        "26_7": 0.65839,
        "1_8": 1.07553,
        "3_8": 0.30523,
        "9_8": 0.10485,
        "20_8": 1.80186,
        "0_9": 0.2674,
        "2_9": 0.19835,
        "11_9": 2.64331,
        "15_9": 0.43282,
        "16_9": 1.81738,
        "18_9": 0.99062,
        "0_10": 0.78529,
        "3_10": 0.71259,
        "5_10": 0.58574,
        "10_10": 0.07254,
        "12_10": 0.28799,
        "17_10": 0.54539,
        "18_10": 0.19846,
        "21_10": 0.44864,
        "23_10": 0.20338,
        "3_11": 0.98721,
        "4_11": 0.14043,
        "12_11": 0.38939,
        "15_11": 1.26859,
        "17_11": 0.83119,
        "20_11": 0.45608,
        "28_11": 0.67871,
        "2_12": 0.11149,
        "19_12": 2.54457,
        "26_12": 3.08853,
        "1_13": 0.25698,
        "5_13": 0.83979,
        "7_13": 0.3085,
        "21_13": 0.36851,
        "22_13": 0.94463,
        "23_13": 0.27215,
        "29_13": 0.45819,
        "2_14": 0.4011,
        "4_14": 0.64319,
        "5_14": 0.75518,
        "14_14": 0.76533,
        "19_14": 0.22373,
        "25_14": 0.09367,
        "26_14": 0.11113,
        "28_14": 0.49415,
        "7_15": 0.25643,
        "10_15": 0.00837,
        "13_15": 1.02425,
        "17_15": 0.14184,
        "18_15": 0.06865,
        "22_15": 1.52353,
        "24_15": 0.26241,
        "26_15": 0.41221,
        "0_16": 0.59974,
        "8_16": 0.40153,
        "15_16": 2.13628,
        "16_16": 1.77425,
        "27_16": 0.6168,
        "28_16": 0.1573,
        "2_17": 0.31077,
        "4_17": 0.55599,
        "16_17": 0.44281,
        "19_17": 0.19985,
        "22_17": 3.83494,
        "29_17": 1.57295,
        "0_18": 0.6122,
        "10_18": 0.30313,
        "11_18": 0.06694,
        "13_18": 2.90303,
        "24_18": 0.15077,
        "26_18": 0.07834,
        "27_18": 1.1932,
        "28_18": 0.92436,
        "29_18": 0.2505,
        "4_19": 0.41382,
        "18_19": 0.38484,
        "21_19": 1.14523
    },
    "best": {
        "0": 7.886798646990174,
        "1": 4.308357124117757,
        "2": 30.12722591717282,
        "3": 24.677494019741612,
        "4": 7.27886121232165,
        "5": 29.640980354428326,
        "6": 6.349173895871924,
        "7": 23.242613853581453,
        "8": 5.031731518332077,
        "9": 12.586581304742753,
        "10": 7.912692346196064,
        "11": 22.606595926839788,
        "12": 8.852013487636983,
        "13": 8.391706231746278,
        "14": 3.6042226420951704,
        "15": 11.398745106290175,
        "16": 26.78745755568559,
        "17": 16.568188609092328,
        "18": 7.934485076229597,
        "19": 3.322026943120518
    },
    "best_mrt": [
        239.45633280459268,
        452.42790744558994,
        500.0,
        500.0,
        500.0,
        477.3801818338689,
        229.92320529829135,
        62.12848821111503,
        77.82430972309426,
        104.33789608652523,
        80.88473779953218,
        478.4787905385275,
        76.91035228634114,
        500.0,
        273.7764833142224,
        500.0,
        248.44339973071925,
        421.58269831285867,
        307.0567597037542,
        436.52604015366256,
        411.5864452268794,
        499.99999999999994,
        500.0,
        62.403782705642215,
        61.851950932483604,
        47.385343117339104,
        500.0,
        273.067364884329,
        460.3953008712064,
        338.3270666005647
    ],
    "SLA": 500
}