{
    "throughput": 5.0,
    "class_probs": {
        "0": 0.041388001615740216,
        "1": 0.011402647861151336,
        "2": 0.04473126932671806,
        "3": 0.053949335876803395,
        "4": 0.055813396273498336,
        "5": 0.058210131855265496,
        "6": 0.013591247001998347,
        "7": 0.04345000373978505,
        "8": 0.05662776892878707,
        "9": 0.028445293280616846,
        "10": 0.035417042190986216,
        "11": 0.0182193354524957,
        "12": 0.023634777815441134,
        "13": 0.04805148184748917,
        "14": 0.03731229033188437,
        "15": 0.012182030010568754,
        "16": 0.03235142658505067,
        "17": 0.036461289019419564,
        "18": 0.019963927726114418,
        "19": 0.0256059121782994,
        "20": 0.04081375181864645,
        "21": 0.04272403813516164,
        "22": 0.024789773981956358,
        "23": 0.045602846791663404,
        "24": 0.05597603588193753,
        "25": 0.007976362494306291,
        "26": 0.02023823604273425,
        "27": 0.00830137438601902,
        "28": 0.012077760442526205,
        "29": 0.044691211106935406
    },
    "best_objective": 288.3019597231139,
    "classes": [
        "0",
        "1",
        "2",
        "3",
        "4",
        "5",
        "6",
        "7",
        "8",
        "9",
        "10",
        "11",
        "12",
        "13",
        "14",
        "15",
        "16",
        "17",
        "18",
        "19",
        "20",
        "21",
        "22",
        "23",
        "24",
        "25",
        "26",
        "27",
        "28",
        "29"
    ],
    "resources": [
        "0",
        "1",
        "2",
        "3",
        "4",
        "5",
        "6",
        "7",
        "8",
        "9",
        "10",
        "11",
        "12",
        "13",
        "14",
        "15",
        "16",
        "17",
        "18",
        "19"
    ],
    "demands": {
        "2_0": 0.55601,
        "10_0": 0.46532,
        "14_0": 0.59885,
        "19_0": 0.28281,
        "26_0": 2.17096,
        "27_0": 2.78544,
        "2_1": 0.69652,
        "3_1": 0.18171,
        "15_1": 0.69054,
        "18_1": 0.54673,
        "22_1": 0.77994,
        "25_1": 0.58276,
        "27_1": 0.67753,
        "4_2": 0.5192,
        "6_2": 1.95156,
        "7_2": 0.14025,
        "8_2": 0.27226,
        "12_2": 0.73868,
        "18_2": 0.22594,
        "24_2": 0.14326,
        "27_2": 4.21126,
        "1_3": 0.51297,
        "4_3": 0.13954,
        "7_3": 0.4399,
        "11_3": 0.14395,
        "26_3": 1.06743,
        "29_3": 0.1849,
        "3_4": 0.51329,
        "11_4": 0.68667,
        "16_4": 0.22142,
        "17_4": 0.57244,
        "18_4": 0.58896,
        "25_4": 2.51482,
        "26_4": 0.19152,
        "27_4": 3.0857,
        "0_5": 0.2989,
        "1_5": 0.80274,
        "2_5": 0.4493,
        "19_5": 0.33458,
        "24_5": 0.36789,
        "25_5": 0.48664,
        "26_5": 0.43871,
        "29_5": 0.15949,
        "6_6": 1.87359,
        "8_6": 0.03738,
        "10_6": 0.21092,
        "15_6": 2.04599,
        "19_6": 0.08644,
        "9_7": 0.59179,
        "12_7": 0.35613,
        "16_7": 0.41846,
        "17_7": 0.61209,
        "18_7": 0.02387,
        "21_7": 0.52508,
        "1_8": 1.56046,
        "6_8": 1.12329,
        "16_8": 0.1318,
        "26_8": 1.17954,
        "29_8": 0.65079,
        "3_9": 0.1922,
        "5_9": 0.6489,
        "6_9": 0.21333,
        "12_9": 1.10448,
        "19_9": 0.3146,
        "27_9": 2.62132,
        "6_10": 0.68259,
        "7_10": 0.25447,
        "12_10": 1.30619,
        "22_10": 0.79939,
        "26_10": 1.61089,
        "7_11": 0.05482,
        "10_11": 0.02025,
        "12_11": 0.01362,
        "14_11": 0.40591,
        "17_11": 0.79815,
        "21_11": 0.02772,
        "22_11": 1.02164,
        "0_12": 0.40423,
        "3_12": 0.11735,
        "9_12": 0.49447,
        "13_12": 0.27975,
        "18_12": 0.49399,
        "19_12": 0.34801,
        "20_12": 0.41306,
        "23_12": 0.15282,
        "24_12": 0.22331,
        "26_12": 0.3923,
        "9_13": 0.97047,
        "28_13": 1.66239,
        "29_13": 0.76194,
        "2_14": 0.99576,
        "13_14": 0.99108,
        "15_14": 0.44801,
        "9_15": 1.28581,
        "15_15": 0.63442,
        "23_15": 0.38297,
        "25_15": 8.43207,
        "1_16": 1.74603,
        "3_16": 0.02445,
        "12_16": 0.18889,
        "19_16": 1.00768,
        "20_16": 0.01919,
        "24_16": 0.31576,
        "28_16": 0.24629,
        "5_17": 0.11565,
        "6_17": 0.841,
        "7_17": 0.03859,
        "11_17": 0.34729,
        "14_17": 0.29843,
        "16_17": 0.31069,
        "17_17": 0.30112,
        "22_17": 0.16303,
        "25_17": 0.62382,
        "2_18": 0.89306,
        "11_18": 0.45648,
        "24_18": 0.94876,
        "28_18": 2.13152,
        "3_19": 0.54116,
        "17_19": 2.04538
    },
    "best": {
        "0": 28.36519843179369,
        "1": 14.904550360225738,
        "2": 31.094291779561974,
        "3": 10.78460902039973,
        "4": 31.360206859526052,
        "5": 11.2559971525314,
        "6": 9.008608199598726,
        "7": 5.777301728573045,
        "8": 14.119278143539923,
        "9": 23.648150905188405,
        "10": 13.806640135297958,
        "11": 6.488395731428857,
        "12": 6.592315623240107,
        "13": 7.789381353272154,
        "14": 3.9155722437510097,
        "15": 31.283749676167965,
        "16": 7.016894789969984,
        "17": 11.177612467745252,
        "18": 9.601271581142097,
        "19": 10.311933540159872
    },
    "best_mrt": [
        94.76939317497715,
        499.999999999854,
        499.9999999999971,
        116.01342061802373,
        30.430042140415537,
        38.74265798893793,
        500.00000000000756,
        78.34815192307819,
        13.258200263636613,
        365.9999119753316,
        44.37396652310387,
        119.0714169278074,
        267.48899905702893,
        335.5957668731924,
        115.51897536767459,
        434.4243272498851,
        123.62304026410371,
        500.00000000000654,
        150.89093056780575,
        273.9879035501622,
        71.45071861629648,
        102.54476366378816,
        296.1537890294819,
        37.866971241111976,
        229.12665398494775,
        500.00000000000557,
        499.9999999997034,
        500.00000000000335,
        499.9999999999901,
        183.29214134990488
    ],
    "SLA": 500
}