{
    "throughput": 6.0,
    "class_probs": {
        "0": 0.02688769680775029,
        "1": 0.01606874000278684,
        "2": 0.01789623407135123,
        "3": 0.03937248866707707,
        "4": 0.04177041798465121,
        "5": 0.04335049222831026,
        "6": 0.01982497741168612,
        "7": 0.025278473650901648,
        "8": 0.024590398707773974,
        "9": 0.04379141215941259,
        "10": 0.038142181983304234,
        "11": 0.04748797216177221,
        "12": 0.02707671188123146,
        "13": 0.010174825478789002,
        "14": 0.012249120370051776,
        "15": 0.05764770193127905,
        "16": 0.023248968392060955,
        "17": 0.04506144349403271,
        "18": 0.04396097677941362,
        "19": 0.04551637903849631,
        "20": 0.029683184062223828,
        "21": 0.05177144944662095,
        "22": 0.026217029596898568,
        "23": 0.05161701888085238,
        "24": 0.04629350196171928,
        "25": 0.018491747433694597,
        "26": 0.028984072233188624,
        "27": 0.0452207864260893,
        "28": 0.011752110437565933,
        "29": 0.040571486319014034
    },
    "best_objective": 405.1947716699564,
    "classes": [
        "0",
        "1",
        "2",
        "3",
        "4",
        "5",
        "6",
        "7",
        "8",
        "9",
        "10",
        "11",
        "12",
        "13",
        "14",
        "15",
        "16",
        "17",
        "18",
        "19",
        "20",
        "21",
        "22",
        "23",
        "24",
        "25",
        "26",
        "27",
        "28",
        "29"
    ],
    "resources": [
        "0",
        "1",
        "2",
        "3",
        "4",
        "5",
        "6",
        "7",
        "8",
        "9",
        "10",
        "11",
        "12",
        "13",
        "14",
        "15",
        "16",
        "17",
        "18",
        "19"
    ],
    "demands": {
        "1_0": 2.66809,
        "24_0": 0.49039,
        "28_0": 1.22121,
        "1_1": 2.0055,
        "6_1": 0.43569,
        "8_1": 0.03387,
        "14_1": 3.28436,
        "15_1": 0.28331,
        "17_1": 0.04499,
        "21_1": 0.05683,
        "25_1": 2.07756,
        "3_2": 0.35381,
        "13_2": 0.90303,
        "28_2": 5.12439,
        "29_2": 0.65964,
        "0_3": 0.46706,
        "10_3": 1.37603,
        "13_3": 6.09864,
        "14_3": 0.73782,
        "2_4": 1.23154,
        "7_4": 0.1445,
        "8_4": 1.12005,
        "6_5": 1.14742,
        "14_5": 1.22324,
        "17_5": 0.45177,
        "18_5": 0.35821,
        "24_5": 0.07815,
        "25_5": 0.10991,
        "28_5": 2.44139,
        "2_6": 0.28991,
        "13_6": 1.81037,
        "14_6": 0.9743,
        "15_6": 0.33875,
        "9_7": 0.30212,
        "13_7": 2.75546,
        "19_7": 0.74337,
        "24_7": 0.22271,
        "9_8": 0.89785,
        "14_8": 0.28139,
        "21_8": 0.32913,
        "28_8": 4.59096,
        "5_9": 0.05558,
        "7_9": 0.7322,
        "9_9": 0.29879,
        "10_9": 0.52602,
        "16_9": 0.66372,
        "18_9": 0.28239,
        "21_9": 0.04754,
        "29_9": 0.24915,
        "2_10": 1.36799,
        "12_10": 0.46073,
        "17_10": 0.30597,
        "19_10": 0.0124,
        "23_10": 0.39279,
        "25_10": 0.91322,
        "26_10": 0.61627,
        "29_10": 0.2144,
        "5_11": 0.15611,
        "6_11": 0.47365,
        "12_11": 0.69092,
        "13_11": 1.55277,
        "17_11": 0.40973,
        "23_11": 0.16323,
        "19_12": 1.03688,
        "28_12": 2.47606,
        "29_12": 0.79066,
        "4_13": 0.76943,
        "20_13": 1.47585,
        "21_13": 0.99478,
        "24_13": 0.24112,
        "7_14": 0.89759,
        "14_14": 0.61387,
        "15_14": 0.22718,
        "23_14": 0.42334,
        "26_14": 0.95081,
        "4_15": 0.06432,
        "5_15": 0.36407,
        "7_15": 0.47874,
        "9_15": 0.13123,
        "10_15": 0.08249,
        "11_15": 0.20912,
        "12_15": 0.71825,
        "16_15": 0.12588,
        "21_15": 0.2473,
        "23_15": 0.17038,
        "27_15": 0.39981,
        "0_16": 0.72119,
        "2_16": 0.18569,
        "7_16": 0.52585,
        "28_16": 2.16725,
        "0_17": 0.22211,
        "2_17": 0.6058,
        "6_17": 0.53084,
        "9_17": 0.13665,
        "17_17": 0.1618,
        "19_17": 0.16088,
        "26_17": 0.1449,
        "27_17": 0.12819,
        "28_17": 0.79335,
        "0_18": 0.92923,
        "3_18": 0.44424,
        "16_18": 0.85224,
        "19_18": 0.13549,
        "20_18": 1.01995,
        "22_18": 0.70477,
        "26_18": 0.73049,
        "7_19": 0.44411,
        "10_19": 0.35224,
        "11_19": 0.03875,
        "12_19": 0.80962,
        "19_19": 0.42865,
        "22_19": 0.71702,
        "25_19": 1.48341,
        "26_19": 0.46782,
        "27_19": 0.31695
    },
    "best": {
        "0": 24.547513267875622,
        "1": 12.10734165194748,
        "2": 51.68315056877101,
        "3": 35.14743709052267,
        "4": 5.13266265995867,
        "5": 35.04523001659923,
        "6": 19.496091755312893,
        "7": 23.461951561927243,
        "8": 47.400708039638296,
        "9": 5.644997242939571,
        "10": 7.7999360775014495,
        "11": 17.693098952946173,
        "12": 34.92106008097501,
        "13": 6.237172812050935,
        "14": 7.063510582241273,
        "15": 4.7748531022464205,
        "16": 32.76106417563688,
        "17": 20.030271696583714,
        "18": 5.3239957326204586,
        "19": 8.922724601661383
    },
    "best_mrt": [
        253.97046390042678,
        289.00499587776454,
        500.0,
        105.79261736412568,
        158.00607228656875,
        108.6705987827884,
        126.6014311553717,
        500.0,
        235.7099805955129,
        130.14343703987313,
        207.4026471960138,
        55.72969643725308,
        380.1468742665656,
        500.0,
        500.0,
        77.75324746008442,
        351.0102451931651,
        92.19299393072643,
        66.02349117605328,
        155.8530621962755,
        500.0,
        265.7121681379537,
        245.6805866543541,
        171.272085168143,
        76.95799604381055,
        500.0,
        460.7043884309135,
        143.1726029022802,
        500.0,
        115.21862150463541
    ],
    "SLA": 500
}