{
    "throughput": 6.0,
    "class_probs": {
        "0": 0.050526503869875165,
        "1": 0.04651590823787687,
        "2": 0.014270360782456986,
        "3": 0.06069756101807964,
        "4": 0.01868993127901103,
        "5": 0.018217293957808984,
        "6": 0.048804863952009093,
        "7": 0.023781244086462396,
        "8": 0.01143464429676363,
        "9": 0.022318102994145005,
        "10": 0.056132084252061204,
        "11": 0.007243503470558595,
        "12": 0.012985400823810085,
        "13": 0.05906246947521387,
        "14": 0.058288739572132625,
        "15": 0.02226896528044483,
        "16": 0.03598846331763802,
        "17": 0.045645132897720146,
        "18": 0.055710723141589265,
        "19": 0.019585750158078813,
        "20": 0.022248610165226727,
        "21": 0.006315843910493021,
        "22": 0.01926385778866763,
        "23": 0.048662735358134514,
        "24": 0.05357224242861066,
        "25": 0.014702446890746878,
        "26": 0.031164037210717484,
        "27": 0.047597064239467,
        "28": 0.03269160353840743,
        "29": 0.035613911605792144
    },
    "best_objective": 364.10901612625986,
    "classes": [
        "0",
        "1",
        "2",
        "3",
        "4",
        "5",
        "6",
        "7",
        "8",
        "9",
        "10",
        "11",
        "12",
        "13",
        "14",
        "15",
        "16",
        "17",
        "18",
        "19",
        "20",
        "21",
        "22",
        "23",
        "24",
        "25",
        "26",
        "27",
        "28",
        "29"
    ],
    "resources": [
        "0",
        "1",
        "2",
        "3",
        "4",
        "5",
        "6",
        "7",
        "8",
        "9",
        "10",
        "11",
        "12",
        "13",
        "14",
        "15",
        "16",
        "17",
        "18",
        "19"
    ],
    "demands": {
        "0_0": 0.1518,
        "3_0": 0.11568,
        "5_0": 0.02873,
        "8_0": 0.54392,
        "9_0": 0.17044,
        "11_0": 0.36101,
        "21_0": 0.15739,
        "22_0": 0.67259,
        "28_0": 0.31995,
        "24_1": 0.36295,
        "25_1": 0.97648,
        "28_1": 0.91026,
        "6_2": 0.65702,
        "9_2": 0.52921,
        "12_2": 1.39686,
        "13_2": 0.41746,
        "18_2": 0.3093,
        "25_2": 2.68601,
        "4_3": 1.51104,
        "17_3": 0.86605,
        "20_3": 0.53596,
        "12_4": 2.43734,
        "14_4": 0.50465,
        "19_4": 0.86084,
        "21_4": 0.96328,
        "5_5": 1.17029,
        "17_5": 0.51578,
        "23_5": 0.42373,
        "27_5": 0.10356,
        "1_6": 1.2121,
        "12_6": 0.15049,
        "14_6": 0.96142,
        "18_6": 0.36866,
        "2_7": 0.38882,
        "6_7": 0.03583,
        "8_7": 1.65166,
        "11_7": 0.97747,
        "23_7": 0.33192,
        "29_7": 0.20535,
        "18_8": 0.3062,
        "21_8": 4.35976,
        "23_8": 0.30577,
        "24_8": 0.56854,
        "26_8": 0.21281,
        "27_8": 0.06475,
        "16_9": 1.2069,
        "27_9": 0.29831,
        "29_9": 0.95094,
        "0_10": 0.40845,
        "5_10": 0.81469,
        "13_10": 0.06359,
        "19_10": 0.62775,
        "22_10": 0.04717,
        "25_10": 0.58505,
        "0_11": 0.23724,
        "1_11": 0.37424,
        "4_11": 0.42083,
        "9_11": 0.67419,
        "14_11": 0.31049,
        "17_11": 0.27898,
        "24_11": 0.12436,
        "5_12": 1.92408,
        "6_12": 0.12183,
        "7_12": 0.33822,
        "12_12": 1.33998,
        "21_12": 6.41244,
        "1_13": 0.6711,
        "2_13": 1.56213,
        "3_13": 0.03359,
        "5_13": 1.84956,
        "13_13": 0.22193,
        "18_13": 0.25121,
        "22_13": 0.761,
        "27_13": 0.27412,
        "1_14": 0.11689,
        "4_14": 1.29741,
        "7_14": 0.39721,
        "10_14": 0.38376,
        "16_14": 0.36206,
        "25_14": 1.62562,
        "4_15": 1.28143,
        "7_15": 1.06467,
        "8_15": 2.63899,
        "20_15": 1.30479,
        "26_15": 0.54161,
        "4_16": 0.83621,
        "6_16": 0.25892,
        "9_16": 0.5066,
        "14_16": 0.28298,
        "15_16": 0.19553,
        "16_16": 0.13321,
        "18_16": 0.13337,
        "19_16": 1.02745,
        "20_16": 0.23525,
        "1_17": 1.02336,
        "7_17": 0.49175,
        "21_17": 6.86286,
        "25_17": 2.96074,
        "0_18": 0.224,
        "15_18": 0.89993,
        "19_18": 0.91019,
        "21_18": 3.5953,
        "22_18": 1.36377,
        "8_19": 1.19999,
        "9_19": 0.21124,
        "10_19": 0.11203,
        "18_19": 0.21787,
        "19_19": 0.81252,
        "23_19": 0.063,
        "24_19": 0.19148,
        "27_19": 0.3623
    },
    "best": {
        "0": 10.582163634765756,
        "1": 9.718478744670444,
        "2": 16.34622728135953,
        "3": 10.485676870793037,
        "4": 20.68441941252152,
        "5": 7.333165105379878,
        "6": 4.43598412132383,
        "7": 11.044328099544657,
        "8": 43.53015846877077,
        "9": 3.180794977340559,
        "10": 9.61181206649651,
        "11": 6.191479809525446,
        "12": 53.45749322339384,
        "13": 9.961520843260857,
        "14": 15.89821031106602,
        "15": 17.12272801323901,
        "16": 8.083845851584142,
        "17": 57.24070424765385,
        "18": 39.57602503531147,
        "19": 9.623800008258756
    },
    "best_mrt": [
        106.67589613729358,
        500.0000000000001,
        208.0401723686743,
        14.957771488680844,
        500.0,
        500.0,
        82.62299034369799,
        106.10390790827422,
        500.0,
        260.7782177918414,
        37.34069551609436,
        126.47535286127562,
        277.8482049298382,
        58.230767097242385,
        382.79639428085403,
        49.16795361867635,
        500.0,
        210.52879001989555,
        198.0485049702574,
        360.02573922263946,
        164.643158005281,
        500.0,
        189.23379668701304,
        106.35140750629542,
        95.10164720183448,
        500.0,
        38.041170615238684,
        199.68403585245045,
        128.64637536876378,
        380.51191560336497
    ],
    "SLA": 500
}