{
    "throughput": 9.0,
    "class_probs": {
        "0": 0.023876251487167252,
        "1": 0.05983604466310548,
        "2": 0.013277551929590353,
        "3": 0.021058762885675802,
        "4": 0.02115360810388872,
        "5": 0.01352421900807431,
        "6": 0.023913072956089538,
        "7": 0.020741075010058705,
        "8": 0.036725153690606034,
        "9": 0.01533539081002609,
        "10": 0.039888249903899886,
        "11": 0.04735402272058581,
        "12": 0.06727080560300785,
        "13": 0.024405028774214188,
        "14": 0.06784509590920895,
        "15": 0.030954062678013188,
        "16": 0.04188787490526241,
        "17": 0.0639377139455617,
        "18": 0.0579455731425143,
        "19": 0.03090291548171134,
        "20": 0.007829120851085102,
        "21": 0.011214666437380606,
        "22": 0.02277229963695607,
        "23": 0.04148660261903483,
        "24": 0.03008844367221491,
        "25": 0.04559174341617907,
        "26": 0.026796261581588657,
        "27": 0.014872991128126954,
        "28": 0.0581496665825762,
        "29": 0.01936573046659581
    },
    "best_objective": 207.33868683163615,
    "classes": [
        "0",
        "1",
        "2",
        "3",
        "4",
        "5",
        "6",
        "7",
        "8",
        "9",
        "10",
        "11",
        "12",
        "13",
        "14",
        "15",
        "16",
        "17",
        "18",
        "19",
        "20",
        "21",
        "22",
        "23",
        "24",
        "25",
        "26",
        "27",
        "28",
        "29"
    ],
    "resources": [
        "0",
        "1",
        "2",
        "3",
        "4",
        "5",
        "6",
        "7",
        "8",
        "9",
        "10",
        "11",
        "12",
        "13",
        "14",
        "15",
        "16",
        "17",
        "18",
        "19"
    ],
    "demands": {
        "3_0": 0.47735,
        "5_0": 0.91199,
        "11_0": 0.06633,
        "14_0": 0.17872,
        "20_0": 0.21149,
        "29_0": 0.55857,
        "5_1": 0.3211,
        "6_1": 0.40093,
        "8_1": 0.84326,
        "12_1": 0.11837,
        "18_1": 0.00359,
        "19_1": 0.20644,
        "20_1": 2.39413,
        "25_1": 0.00959,
        "13_2": 0.90845,
        "16_2": 0.02009,
        "19_2": 1.22274,
        "23_2": 0.88044,
        "5_3": 0.93482,
        "12_3": 0.21384,
        "15_3": 0.86899,
        "21_3": 2.33,
        "23_3": 0.00788,
        "25_3": 0.09524,
        "4_4": 0.72208,
        "11_4": 0.07794,
        "13_4": 1.02211,
        "18_4": 0.41127,
        "25_4": 0.0649,
        "29_4": 0.88778,
        "2_5": 1.80959,
        "14_5": 0.4408,
        "25_5": 0.48367,
        "28_5": 0.12103,
        "12_6": 0.18683,
        "14_6": 1.14415,
        "19_6": 0.07938,
        "1_7": 0.13731,
        "2_7": 0.29179,
        "13_7": 0.45966,
        "17_7": 0.15586,
        "20_7": 0.18365,
        "23_7": 0.36299,
        "26_7": 0.52783,
        "28_7": 0.00619,
        "3_8": 0.69426,
        "18_8": 0.02924,
        "19_8": 1.24155,
        "26_8": 1.48701,
        "1_9": 0.29023,
        "2_9": 4.51422,
        "5_9": 1.53463,
        "5_10": 0.4682,
        "6_10": 0.47782,
        "12_10": 1.08526,
        "26_10": 0.05339,
        "0_11": 0.59311,
        "2_11": 0.7967,
        "4_11": 0.06027,
        "7_11": 0.12449,
        "13_11": 0.6054,
        "17_11": 0.01157,
        "21_11": 1.30006,
        "25_11": 0.02869,
        "27_11": 1.12121,
        "29_11": 0.5686,
        "3_12": 0.62518,
        "5_12": 0.79346,
        "7_12": 0.37212,
        "10_12": 0.43652,
        "16_12": 0.13155,
        "22_12": 0.74396,
        "26_12": 0.24594,
        "0_13": 0.62167,
        "4_13": 0.08063,
        "8_13": 0.42726,
        "15_13": 0.06052,
        "16_13": 0.07652,
        "21_13": 0.24721,
        "23_13": 0.16371,
        "24_13": 0.36797,
        "2_14": 0.25739,
        "3_14": 0.12245,
        "10_14": 0.12622,
        "12_14": 0.07583,
        "14_14": 0.00798,
        "15_14": 0.07954,
        "16_14": 0.10306,
        "17_14": 0.06801,
        "20_14": 1.04046,
        "21_14": 0.23307,
        "22_14": 0.33394,
        "24_14": 0.27875,
        "26_14": 0.14873,
        "28_14": 0.06784,
        "1_15": 0.30089,
        "9_15": 1.26847,
        "10_15": 0.01398,
        "19_15": 0.60978,
        "22_15": 0.31738,
        "2_16": 0.53921,
        "10_16": 0.14648,
        "20_16": 3.49164,
        "24_16": 0.46261,
        "27_16": 1.25653,
        "1_17": 0.30825,
        "16_17": 0.80863,
        "19_17": 1.16389,
        "22_17": 0.29435,
        "0_18": 0.41558,
        "4_18": 0.79747,
        "8_18": 0.00601,
        "9_18": 0.00985,
        "13_18": 0.35067,
        "19_18": 0.56543,
        "25_18": 0.29425,
        "0_19": 0.84179,
        "4_19": 0.36489,
        "12_19": 0.32705,
        "15_19": 0.13149,
        "16_19": 0.2418,
        "24_19": 0.83253,
        "29_19": 0.47837
    },
    "best": {
        "0": 9.136989126911196,
        "1": 15.905739596295826,
        "2": 12.810368512995543,
        "3": 9.085487363614416,
        "4": 4.738218329882077,
        "5": 14.20782133706145,
        "6": 3.723036483612092,
        "7": 7.698015187388889,
        "8": 12.277097579429338,
        "9": 24.354106900271454,
        "10": 6.323368628752245,
        "11": 11.025646020184777,
        "12": 7.854246808653358,
        "13": 4.018883644196954,
        "14": 10.98468964133301,
        "15": 8.584542700749402,
        "16": 18.795122613823917,
        "17": 11.91808982522169,
        "18": 9.10496037759311,
        "19": 4.79225615366543
    },
    "best_mrt": [
        499.9999999999075,
        97.08888434926844,
        500.0000000000042,
        214.8834149345365,
        399.0251167170109,
        499.9999999999839,
        113.35771256442574,
        64.19433469235699,
        178.3600231727975,
        159.56293986150982,
        82.9697773999038,
        27.382271548175922,
        386.6736584883541,
        500.000000000016,
        450.09550488246055,
        162.9978855710033,
        186.8222084875205,
        29.54752471515448,
        106.98847636298889,
        500.0000000000292,
        500.00000000000335,
        499.99999999996203,
        202.30765865414148,
        172.51527781006337,
        370.53665483830383,
        101.84650041644804,
        262.65517452039904,
        178.8046796198834,
        16.36994121681111,
        467.19962464803956
    ],
    "SLA": 500
}