{
    "throughput": 7.0,
    "class_probs": {
        "0": 0.043102754862119876,
        "1": 0.03829774582653088,
        "2": 0.012323490026187066,
        "3": 0.024219596062955765,
        "4": 0.048991911008479945,
        "5": 0.06278272191205685,
        "6": 0.006823456668722372,
        "7": 0.02759903385336168,
        "8": 0.024602818938570137,
        "9": 0.016176638886233267,
        "10": 0.061191307671030745,
        "11": 0.011624040860071449,
        "12": 0.010830229183191428,
        "13": 0.022787149718704873,
        "14": 0.03501561535688661,
        "15": 0.0364675735574422,
        "16": 0.06149980746308502,
        "17": 0.052752796690048086,
        "18": 0.014303394535925558,
        "19": 0.021546134606711426,
        "20": 0.04695211168302981,
        "21": 0.02745727256769619,
        "22": 0.008530854813648956,
        "23": 0.043195877428433525,
        "24": 0.05778292823648695,
        "25": 0.048134640208214736,
        "26": 0.013267881394382548,
        "27": 0.04118689430344496,
        "28": 0.05827737588410629,
        "29": 0.022275945792240674
    },
    "best_objective": 177.84976352081947,
    "classes": [
        "0",
        "1",
        "2",
        "3",
        "4",
        "5",
        "6",
        "7",
        "8",
        "9",
        "10",
        "11",
        "12",
        "13",
        "14",
        "15",
        "16",
        "17",
        "18",
        "19",
        "20",
        "21",
        "22",
        "23",
        "24",
        "25",
        "26",
        "27",
        "28",
        "29"
    ],
    "resources": [
        "0",
        "1",
        "2",
        "3",
        "4",
        "5",
        "6",
        "7",
        "8",
        "9",
        "10",
        "11",
        "12",
        "13",
        "14",
        "15",
        "16",
        "17",
        "18",
        "19"
    ],
    "demands": {
        "5_0": 0.29621,
        "6_0": 1.46017,
        "16_0": 0.37037,
        "22_0": 1.37851,
        "0_1": 0.56598,
        "17_1": 0.43221,
        "22_1": 3.81969,
        "23_1": 0.12436,
        "3_2": 0.36371,
        "19_2": 0.30207,
        "20_2": 0.35822,
        "21_2": 0.21674,
        "25_2": 0.29617,
        "0_3": 0.67343,
        "2_3": 1.01272,
        "3_3": 0.53496,
        "10_3": 0.01149,
        "15_3": 0.5708,
        "19_3": 0.15525,
        "1_4": 0.0995,
        "8_4": 0.88076,
        "13_4": 1.11582,
        "19_4": 0.09862,
        "24_4": 0.40847,
        "26_4": 2.55626,
        "9_5": 0.00762,
        "18_5": 1.31976,
        "19_5": 0.61999,
        "29_5": 1.06596,
        "6_6": 1.2306,
        "9_6": 0.23505,
        "18_6": 1.05403,
        "24_6": 0.29533,
        "26_6": 1.07661,
        "4_7": 0.30653,
        "5_7": 0.49987,
        "10_7": 0.26051,
        "16_7": 0.5155,
        "28_7": 0.546,
        "0_8": 0.4024,
        "7_8": 0.65861,
        "12_8": 0.64328,
        "14_8": 0.17996,
        "17_8": 0.10343,
        "25_8": 0.0042,
        "4_9": 0.15809,
        "6_9": 1.78216,
        "9_9": 0.58801,
        "14_9": 0.32969,
        "24_9": 0.16853,
        "29_9": 0.1476,
        "0_10": 0.91878,
        "9_10": 1.85404,
        "12_10": 1.15104,
        "20_10": 0.21735,
        "21_10": 0.56175,
        "27_10": 0.47818,
        "6_11": 0.56061,
        "7_11": 0.12529,
        "9_11": 0.74064,
        "11_11": 0.23414,
        "13_11": 0.18425,
        "16_11": 0.00299,
        "17_11": 0.17201,
        "19_11": 0.32879,
        "23_11": 0.0628,
        "24_11": 0.12077,
        "27_11": 0.1316,
        "11_12": 4.33725,
        "14_12": 2.07326,
        "0_13": 0.06775,
        "3_13": 0.32522,
        "8_13": 1.15008,
        "23_13": 0.16596,
        "25_13": 0.58801,
        "28_13": 0.31552,
        "17_14": 0.3469,
        "21_14": 0.08684,
        "24_14": 0.29066,
        "27_14": 1.97315,
        "4_15": 0.37702,
        "5_15": 0.01543,
        "10_15": 0.51135,
        "16_15": 0.16485,
        "18_15": 2.09644,
        "6_16": 1.68245,
        "16_16": 0.13372,
        "21_16": 0.04886,
        "22_16": 1.40837,
        "27_16": 0.21558,
        "28_16": 0.14257,
        "0_17": 0.4428,
        "4_17": 0.34895,
        "12_17": 0.93999,
        "14_17": 0.82175,
        "16_17": 0.55876,
        "17_17": 0.14081,
        "26_17": 0.76926,
        "1_18": 0.25524,
        "2_18": 1.44061,
        "3_18": 0.64938,
        "10_18": 0.18443,
        "11_18": 0.83189,
        "15_18": 0.21171,
        "25_18": 0.23417,
        "26_18": 0.77831,
        "27_18": 0.15916,
        "14_19": 0.76531,
        "27_19": 0.34305,
        "28_19": 0.49888
    },
    "best": {
        "0": 14.474848026120501,
        "1": 12.993190356302183,
        "2": 2.206127701398892,
        "3": 5.737590333353195,
        "4": 11.675297804364929,
        "5": 7.364390691241514,
        "6": 15.028061078103079,
        "7": 2.864180739671606,
        "8": 4.424453990235052,
        "9": 14.04389515865916,
        "10": 7.2150312148074915,
        "11": 8.473112980913623,
        "12": 12.652794581695685,
        "13": 3.3941308007988376,
        "14": 7.2983926626244715,
        "15": 9.42276745207505,
        "16": 15.38931894475702,
        "17": 8.958347244570644,
        "18": 8.764443013199456,
        "19": 5.469388745927082
    },
    "best_mrt": [
        500.0000000000001,
        40.77962794837964,
        374.06958905089243,
        500.0,
        252.2933803593404,
        274.92489923795256,
        500.0,
        178.41463962892067,
        500.0,
        445.1867354264933,
        214.64669674576498,
        500.0,
        457.6299544478655,
        125.18766783899731,
        500.0,
        136.39838624235628,
        383.6118085154452,
        152.8521496847146,
        500.0,
        332.8715603471102,
        229.08683467104885,
        223.32580773342806,
        500.0,
        78.30644844115821,
        129.91496630491483,
        405.3956616260904,
        499.99999999999994,
        500.0000000000001,
        500.0,
        163.69950236102707
    ],
    "SLA": 500
}