{
    "throughput": 7.0,
    "class_probs": {
        "0": 0.0933621242776947,
        "1": 0.09383948790207114,
        "2": 0.03392680923317042,
        "3": 0.14936774973767303,
        "4": 0.03296820637124812,
        "5": 0.03190593830104526,
        "6": 0.08096184303335535,
        "7": 0.15003521072605364,
        "8": 0.10565598309966906,
        "9": 0.030388888991070145,
        "10": 0.15858491107159703,
        "11": 0.0390028472553521
    },
    "best_objective": 65.56162225017565,
    "classes": [
        "0",
        "1",
        "2",
        "3",
        "4",
        "5",
        "6",
        "7",
        "8",
        "9",
        "10",
        "11"
    ],
    "resources": [
        "0",
        "1",
        "2",
        "3",
        "4",
        "5",
        "6",
        "7",
        "8",
        "9"
    ],
    "demands": {
        "3_0": 0.1906,
        "6_0": 0.25741,
        "0_1": 0.38781,
        "3_1": 0.17879,
        "9_1": 0.24114,
        "11_1": 1.29309,
        "4_2": 0.69035,
        "5_2": 0.64063,
        "7_2": 0.13442,
        "8_2": 0.07644,
        "9_2": 0.01224,
        "11_2": 0.12767,
        "0_3": 0.14974,
        "4_3": 0.046,
        "7_3": 0.10831,
        "8_3": 0.31005,
        "10_3": 0.08056,
        "0_4": 0.15194,
        "1_4": 0.09891,
        "3_4": 0.10534,
        "6_4": 0.2137,
        "8_4": 0.05743,
        "10_4": 0.0948,
        "4_5": 0.28244,
        "5_5": 0.51366,
        "7_5": 0.11533,
        "9_5": 0.03329,
        "3_6": 0.24883,
        "5_6": 0.58035,
        "8_6": 0.14884,
        "2_7": 0.22717,
        "3_7": 0.16745,
        "4_7": 0.20955,
        "5_7": 0.02407,
        "8_7": 0.05015,
        "11_7": 0.10954,
        "0_8": 0.08042,
        "1_8": 0.05106,
        "4_8": 0.67985,
        "7_8": 0.06437,
        "9_8": 0.8719,
        "11_8": 0.55174,
        "0_9": 0.53799,
        "4_9": 0.81037,
        "6_9": 0.18339,
        "8_9": 0.29333
    },
    "best": {
        "0": 2.24387915177646,
        "1": 6.805906313044696,
        "2": 11.057763436888054,
        "3": 3.0923830883404535,
        "4": 1.9937645456422797,
        "5": 7.221949514781083,
        "6": 4.109555215104438,
        "7": 6.315610619565281,
        "8": 11.139079075272472,
        "9": 11.581731289760441
    },
    "best_mrt": [
        286.3324099234405,
        73.0551900241061,
        38.07841689922102,
        300.00000000004763,
        300.0000000000228,
        300.00000000002865,
        300.0000000000712,
        78.04424080921395,
        245.37601656074392,
        129.5285829298545,
        96.9299888125288,
        300.0000000000047
    ],
    "SLA": 300
}