{
    "throughput": 9.0,
    "class_probs": {
        "0": 0.04788702635046041,
        "1": 0.0240171254273903,
        "2": 0.024747412511289677,
        "3": 0.046921080388413375,
        "4": 0.04497664179907648,
        "5": 0.041731661124666475,
        "6": 0.028322351709114596,
        "7": 0.03484818419129855,
        "8": 0.012644610118977188,
        "9": 0.03638992918366866,
        "10": 0.05269231327523403,
        "11": 0.05561762237956102,
        "12": 0.009365768639971038,
        "13": 0.05851967679272896,
        "14": 0.025163843518152037,
        "15": 0.045769885838790644,
        "16": 0.010616680359692501,
        "17": 0.03806625563890337,
        "18": 0.02481718277407915,
        "19": 0.028755680003581897,
        "20": 0.04199625649600982,
        "21": 0.03811009729684452,
        "22": 0.038172644019233315,
        "23": 0.01598138114853345,
        "24": 0.012918224319708618,
        "25": 0.020547399543214846,
        "26": 0.048178592463300314,
        "27": 0.04480553963869529,
        "28": 0.02829784699700732,
        "29": 0.01912108605240197
    },
    "best_objective": 169.94777142847192,
    "classes": [
        "0",
        "1",
        "2",
        "3",
        "4",
        "5",
        "6",
        "7",
        "8",
        "9",
        "10",
        "11",
        "12",
        "13",
        "14",
        "15",
        "16",
        "17",
        "18",
        "19",
        "20",
        "21",
        "22",
        "23",
        "24",
        "25",
        "26",
        "27",
        "28",
        "29"
    ],
    "resources": [
        "0",
        "1",
        "2",
        "3",
        "4",
        "5",
        "6",
        "7",
        "8",
        "9",
        "10",
        "11",
        "12",
        "13",
        "14",
        "15",
        "16",
        "17",
        "18",
        "19"
    ],
    "demands": {
        "4_0": 0.62702,
        "12_0": 3.28706,
        "19_0": 1.34796,
        "3_1": 0.04671,
        "9_1": 0.24388,
        "11_1": 0.07693,
        "13_1": 0.2006,
        "15_1": 0.01819,
        "18_1": 0.5338,
        "19_1": 0.45511,
        "24_1": 0.19147,
        "8_2": 2.61761,
        "13_2": 0.52862,
        "21_2": 0.59741,
        "22_2": 0.34165,
        "2_3": 0.19274,
        "3_3": 0.01261,
        "12_3": 0.99205,
        "13_3": 0.02076,
        "15_3": 0.21879,
        "27_3": 0.24466,
        "28_3": 0.14743,
        "29_3": 0.37892,
        "13_4": 0.07899,
        "14_4": 0.06755,
        "22_4": 0.47242,
        "23_4": 0.53082,
        "24_4": 1.52016,
        "26_4": 0.18628,
        "28_4": 0.51618,
        "29_4": 0.31652,
        "2_5": 0.64309,
        "6_5": 0.2444,
        "7_5": 0.20497,
        "13_5": 0.22766,
        "16_5": 0.68534,
        "29_5": 0.39143,
        "1_6": 0.0717,
        "4_6": 0.14913,
        "5_6": 0.23485,
        "10_6": 0.16537,
        "22_6": 0.24636,
        "26_6": 0.13249,
        "28_6": 0.10905,
        "7_7": 0.21757,
        "9_7": 0.61008,
        "10_7": 0.41576,
        "21_7": 0.02162,
        "24_7": 0.81599,
        "8_8": 0.64413,
        "9_8": 0.13506,
        "14_8": 0.89598,
        "15_8": 0.42774,
        "18_8": 0.47036,
        "19_8": 0.01083,
        "22_8": 0.06596,
        "26_8": 0.39004,
        "27_8": 0.0079,
        "0_9": 0.00083,
        "2_9": 0.01218,
        "4_9": 0.2955,
        "8_9": 0.81472,
        "9_9": 0.10181,
        "16_9": 2.6197,
        "23_9": 1.79618,
        "9_10": 0.08519,
        "11_10": 0.04999,
        "14_10": 0.08938,
        "15_10": 1.1879,
        "17_10": 0.71603,
        "3_11": 0.17699,
        "9_11": 0.02543,
        "13_11": 0.08537,
        "14_11": 0.24632,
        "21_11": 0.19426,
        "29_11": 0.38036,
        "0_12": 0.30081,
        "1_12": 0.57746,
        "5_12": 0.35278,
        "12_12": 0.95274,
        "20_12": 0.27242,
        "24_12": 0.69965,
        "27_12": 0.18386,
        "6_13": 0.60801,
        "7_13": 0.1217,
        "9_13": 0.08415,
        "24_13": 0.66237,
        "25_13": 0.07814,
        "26_13": 0.08808,
        "28_13": 0.42251,
        "2_14": 0.02709,
        "3_14": 0.16865,
        "10_14": 0.21581,
        "14_14": 0.24252,
        "20_14": 0.20176,
        "22_14": 0.36168,
        "24_14": 0.67387,
        "26_14": 0.16498,
        "2_15": 0.82684,
        "6_15": 0.6502,
        "15_15": 0.06828,
        "21_15": 0.11369,
        "24_15": 1.21287,
        "28_15": 0.61714,
        "29_15": 0.92652,
        "0_16": 0.01424,
        "4_16": 0.34365,
        "18_16": 0.67322,
        "22_16": 0.45562,
        "2_17": 0.17885,
        "4_17": 0.31121,
        "17_17": 0.30839,
        "19_17": 0.35589,
        "21_17": 0.08939,
        "25_17": 0.54353,
        "26_17": 0.07361,
        "0_18": 0.63046,
        "4_18": 0.92649,
        "5_18": 0.43035,
        "10_19": 0.29387,
        "16_19": 1.98243,
        "18_19": 0.36468,
        "22_19": 0.04997,
        "25_19": 0.08962,
        "27_19": 0.12498,
        "29_19": 0.65944
    },
    "best": {
        "0": 13.124979925587974,
        "1": 5.771123208752833,
        "2": 9.583840901716616,
        "3": 7.03051144299908,
        "4": 15.598034603635716,
        "5": 6.759097059578471,
        "6": 2.670991373073897,
        "7": 11.396045754688972,
        "8": 5.523796588176742,
        "9": 13.840853133784096,
        "10": 4.0378299378658795,
        "11": 1.9944394597508028,
        "12": 12.46385369843945,
        "13": 10.214112715930264,
        "14": 10.42539167279,
        "15": 14.35618469538803,
        "16": 3.8807827412222258,
        "17": 3.789461087776647,
        "18": 6.438073639850361,
        "19": 11.048367787463851
    },
    "best_mrt": [
        141.8318419980128,
        80.94002519311461,
        252.166622818507,
        133.37236672240454,
        499.9999999979492,
        210.47573587788892,
        149.7381027728302,
        65.43247159307323,
        499.9999999999582,
        189.21938047497824,
        161.68945341441164,
        30.10046443162315,
        500.0000000000035,
        194.82383986769187,
        393.2626084417726,
        499.999999999979,
        500.00000000001444,
        316.1963275493339,
        432.3138926630279,
        307.9605449537116,
        43.71120559424223,
        222.3423919220312,
        368.59351889908345,
        173.0101732691025,
        499.99999999999704,
        183.17695464504632,
        202.10982772079646,
        66.39763084481334,
        194.45439460623228,
        500.00000000001654
    ],
    "SLA": 500
}