{
    "throughput": 8.0,
    "class_probs": {
        "0": 0.04956498018022418,
        "1": 0.034038821521913155,
        "2": 0.00958893492305981,
        "3": 0.04978063850069977,
        "4": 0.04325488841052093,
        "5": 0.04739351831227762,
        "6": 0.057607031855239424,
        "7": 0.020640142897500643,
        "8": 0.011259069279402532,
        "9": 0.041511173289262016,
        "10": 0.05016310230940235,
        "11": 0.05291434980318724,
        "12": 0.040639403384513835,
        "13": 0.033047273044666425,
        "14": 0.008275335669058848,
        "15": 0.009024216296844524,
        "16": 0.0400476794751321,
        "17": 0.01191827781351662,
        "18": 0.006338289707179112,
        "19": 0.012387886493931749,
        "20": 0.06106739269281843,
        "21": 0.05529113039558781,
        "22": 0.059153904940856344,
        "23": 0.03144564383977497,
        "24": 0.00755083920714309,
        "25": 0.03639125415892647,
        "26": 0.036045231296960606,
        "27": 0.029516494313931795,
        "28": 0.010461689600701032,
        "29": 0.04368140638576655
    },
    "best_objective": 242.09822331672856,
    "classes": [
        "0",
        "1",
        "2",
        "3",
        "4",
        "5",
        "6",
        "7",
        "8",
        "9",
        "10",
        "11",
        "12",
        "13",
        "14",
        "15",
        "16",
        "17",
        "18",
        "19",
        "20",
        "21",
        "22",
        "23",
        "24",
        "25",
        "26",
        "27",
        "28",
        "29"
    ],
    "resources": [
        "0",
        "1",
        "2",
        "3",
        "4",
        "5",
        "6",
        "7",
        "8",
        "9",
        "10",
        "11",
        "12",
        "13",
        "14",
        "15",
        "16",
        "17",
        "18",
        "19"
    ],
    "demands": {
        "3_0": 0.33776,
        "6_0": 0.12634,
        "7_0": 0.43181,
        "14_0": 1.23505,
        "20_0": 0.10279,
        "27_0": 0.27551,
        "29_0": 0.42862,
        "0_1": 0.05631,
        "8_1": 0.22121,
        "10_1": 0.2835,
        "14_1": 1.01992,
        "16_1": 0.13939,
        "25_1": 0.04028,
        "28_1": 2.12599,
        "0_2": 0.39472,
        "4_2": 0.25902,
        "5_2": 0.06914,
        "14_2": 2.98496,
        "16_2": 0.43131,
        "18_2": 0.57209,
        "19_2": 1.34924,
        "20_2": 0.00191,
        "9_3": 0.43667,
        "12_3": 0.44807,
        "16_3": 0.36663,
        "21_3": 0.13949,
        "24_3": 3.12922,
        "29_3": 0.06638,
        "3_4": 0.21852,
        "6_4": 0.31502,
        "13_4": 0.58171,
        "16_4": 0.1373,
        "17_4": 0.04429,
        "25_4": 0.57235,
        "26_4": 0.38562,
        "3_5": 0.37445,
        "4_5": 0.12087,
        "6_5": 0.24082,
        "14_5": 1.67667,
        "0_6": 0.18363,
        "4_6": 0.19683,
        "10_6": 0.01892,
        "17_6": 1.12551,
        "27_6": 0.32628,
        "1_7": 0.57669,
        "15_7": 0.6698,
        "19_7": 1.64562,
        "21_7": 0.70253,
        "18_8": 3.21413,
        "19_8": 1.82865,
        "22_8": 0.01368,
        "8_9": 2.39068,
        "9_9": 0.35447,
        "23_9": 1.88741,
        "2_10": 1.53173,
        "7_10": 0.60693,
        "8_10": 0.7412,
        "25_10": 0.4435,
        "2_11": 0.4885,
        "8_11": 1.31132,
        "14_11": 0.46134,
        "15_11": 1.68236,
        "20_11": 0.30862,
        "4_12": 0.13512,
        "8_12": 0.84268,
        "9_12": 0.33328,
        "15_12": 1.13692,
        "20_12": 0.13615,
        "24_12": 1.56999,
        "25_12": 0.45382,
        "26_12": 0.14896,
        "1_13": 0.20044,
        "3_13": 0.05534,
        "6_13": 0.10716,
        "9_13": 0.0379,
        "11_13": 0.08003,
        "16_13": 0.11725,
        "17_13": 0.444,
        "21_13": 0.0709,
        "27_13": 0.21728,
        "28_13": 0.0857,
        "2_14": 1.15108,
        "5_14": 0.16844,
        "11_14": 0.21415,
        "12_14": 0.13205,
        "15_14": 0.78204,
        "16_14": 0.17644,
        "19_14": 1.63359,
        "21_14": 0.33995,
        "10_15": 0.18916,
        "24_15": 1.76356,
        "27_15": 0.34177,
        "29_15": 0.20213,
        "15_16": 0.81996,
        "21_16": 0.41545,
        "23_16": 0.29625,
        "27_16": 0.67576,
        "1_17": 0.14894,
        "3_17": 0.11282,
        "6_17": 0.10957,
        "7_17": 0.04508,
        "8_17": 0.15243,
        "9_17": 0.08268,
        "16_17": 0.11286,
        "19_17": 0.2903,
        "24_17": 0.87552,
        "28_17": 0.0328,
        "1_18": 0.48002,
        "5_18": 0.03894,
        "9_18": 0.20007,
        "11_18": 0.37163,
        "20_18": 0.27598,
        "24_18": 0.44346,
        "28_18": 0.82776,
        "1_19": 0.0491,
        "4_19": 0.42262,
        "7_19": 0.46054,
        "13_19": 0.73456,
        "19_19": 0.99648,
        "28_19": 2.97255
    },
    "best": {
        "0": 11.53258503220229,
        "1": 13.469216413683892,
        "2": 22.110905393523172,
        "3": 20.14247388325897,
        "4": 2.1344598374625194,
        "5": 13.138375641393065,
        "6": 3.989014030550302,
        "7": 15.439730521890795,
        "8": 15.398015310937446,
        "9": 12.60802405333729,
        "10": 7.071750856942205,
        "11": 12.963624547421485,
        "12": 16.906941214398483,
        "13": 3.0995968788338044,
        "14": 15.501121728528283,
        "15": 14.943061024698494,
        "16": 4.633554711263219,
        "17": 12.620721346382473,
        "18": 9.32785217068205,
        "19": 15.067198719338274
    },
    "best_mrt": [
        73.05037393703229,
        182.29092978005863,
        346.94439188612193,
        243.20602623719932,
        113.35946342108588,
        19.090389251638086,
        299.71831069343216,
        166.58166152238587,
        500.00000000002353,
        116.36327581158152,
        39.911449722856524,
        86.08351250043826,
        31.952960607412685,
        460.3603625274786,
        500.0000000000049,
        500.0000000000304,
        209.9058265926303,
        500.00000000006685,
        240.4106879735229,
        500.0000000000542,
        74.17713453771535,
        203.41275393209537,
        0.9091307867697516,
        231.2216702612016,
        500.0000000000232,
        500.00000000000966,
        280.26386228452174,
        379.23993965081814,
        500.00000000001774,
        56.491455254183016
    ],
    "SLA": 500
}