{
    "throughput": 8.0,
    "class_probs": {
        "0": 0.05048683938545108,
        "1": 0.028710528389760518,
        "2": 0.03887404091779544,
        "3": 0.03802188775692413,
        "4": 0.03950003343256665,
        "5": 0.03801722775773824,
        "6": 0.036366852570902976,
        "7": 0.02706761626891763,
        "8": 0.05125257712507544,
        "9": 0.03568047133590821,
        "10": 0.023338306729514726,
        "11": 0.017245954736051883,
        "12": 0.05195055170252142,
        "13": 0.05070042658796591,
        "14": 0.017244211453931103,
        "15": 0.019449366297668094,
        "16": 0.0209901033805767,
        "17": 0.015714724581124467,
        "18": 0.050502137770080974,
        "19": 0.037783014660833725,
        "20": 0.00858067771844905,
        "21": 0.021057799751771314,
        "22": 0.04809876273012644,
        "23": 0.02533343355932801,
        "24": 0.028419943184532868,
        "25": 0.040733310759436765,
        "26": 0.03919049004748561,
        "27": 0.017423855974134803,
        "28": 0.05227209951105658,
        "29": 0.029992753922369185
    },
    "best_objective": 182.12880859653677,
    "classes": [
        "0",
        "1",
        "2",
        "3",
        "4",
        "5",
        "6",
        "7",
        "8",
        "9",
        "10",
        "11",
        "12",
        "13",
        "14",
        "15",
        "16",
        "17",
        "18",
        "19",
        "20",
        "21",
        "22",
        "23",
        "24",
        "25",
        "26",
        "27",
        "28",
        "29"
    ],
    "resources": [
        "0",
        "1",
        "2",
        "3",
        "4",
        "5",
        "6",
        "7",
        "8",
        "9",
        "10",
        "11",
        "12",
        "13",
        "14",
        "15",
        "16",
        "17",
        "18",
        "19"
    ],
    "demands": {
        "3_0": 0.20459,
        "11_0": 0.21219,
        "12_0": 0.02263,
        "13_0": 0.26579,
        "15_0": 1.20335,
        "20_0": 0.3274,
        "21_0": 0.99233,
        "22_0": 0.6019,
        "13_1": 0.32323,
        "14_1": 0.62652,
        "24_1": 0.69432,
        "5_2": 0.25749,
        "13_2": 0.32698,
        "22_2": 1.7296,
        "11_3": 0.27387,
        "12_3": 0.16372,
        "13_3": 0.23746,
        "14_3": 2.58038,
        "26_3": 0.43833,
        "27_3": 0.888,
        "2_4": 0.07291,
        "7_4": 0.88494,
        "9_4": 0.42691,
        "12_4": 0.08493,
        "20_4": 0.18219,
        "25_4": 0.0117,
        "26_4": 0.47798,
        "1_5": 0.59108,
        "2_5": 0.55166,
        "8_5": 0.10738,
        "13_5": 0.42648,
        "16_5": 0.57223,
        "17_5": 0.64655,
        "27_5": 0.04819,
        "28_5": 0.09933,
        "1_6": 0.2878,
        "7_6": 0.30875,
        "11_6": 0.36042,
        "16_6": 0.11373,
        "18_6": 0.05304,
        "28_6": 0.42553,
        "29_6": 0.61521,
        "3_7": 0.29706,
        "5_7": 0.2711,
        "9_7": 0.12806,
        "15_7": 0.49192,
        "17_7": 0.69313,
        "18_7": 0.12264,
        "19_7": 0.23105,
        "25_7": 0.19883,
        "11_8": 0.87501,
        "12_8": 0.06321,
        "16_8": 1.99795,
        "17_8": 1.46086,
        "6_9": 0.07625,
        "7_9": 0.00483,
        "9_9": 0.07013,
        "10_9": 0.9521,
        "14_9": 1.04097,
        "19_9": 0.36932,
        "23_9": 0.01243,
        "27_9": 1.08872,
        "28_9": 0.45575,
        "4_10": 0.70447,
        "7_10": 0.01033,
        "13_10": 0.48955,
        "15_10": 0.51777,
        "22_10": 0.07782,
        "25_10": 0.51502,
        "29_10": 0.55646,
        "9_11": 0.41199,
        "16_11": 0.32331,
        "21_11": 0.57801,
        "24_11": 0.24355,
        "25_11": 0.35365,
        "27_11": 0.65785,
        "3_12": 0.20127,
        "6_12": 0.22512,
        "11_12": 0.06162,
        "17_12": 0.02557,
        "20_12": 1.41112,
        "21_12": 0.27423,
        "23_12": 0.30743,
        "27_12": 0.48728,
        "4_13": 0.7214,
        "9_13": 0.05035,
        "14_13": 2.2045,
        "15_13": 0.79456,
        "21_13": 0.28958,
        "25_13": 0.26549,
        "1_14": 0.23738,
        "3_14": 0.37436,
        "6_14": 0.5232,
        "11_14": 0.32777,
        "13_14": 0.04667,
        "14_14": 1.31032,
        "18_14": 0.06396,
        "19_14": 0.09848,
        "24_14": 0.01011,
        "0_15": 0.50596,
        "6_15": 0.1603,
        "20_15": 2.42836,
        "27_15": 1.42576,
        "5_16": 0.25664,
        "8_16": 0.24518,
        "16_16": 1.00368,
        "28_16": 0.24721,
        "4_17": 0.05269,
        "8_17": 0.21192,
        "14_17": 0.46582,
        "19_17": 0.27095,
        "21_17": 0.30139,
        "0_18": 0.3156,
        "9_18": 0.59957,
        "10_18": 0.68499,
        "12_18": 0.22918,
        "23_18": 0.28548,
        "29_18": 0.49968,
        "1_19": 0.41146,
        "5_19": 0.68605,
        "6_19": 0.22539,
        "8_19": 0.34504,
        "12_19": 0.18074,
        "25_19": 0.03976
    },
    "best": {
        "0": 7.4412467785785825,
        "1": 10.987105631624866,
        "2": 5.3164817512951945,
        "3": 22.355061268319435,
        "4": 3.713969265387048,
        "5": 6.738014324793901,
        "6": 4.209006553549903,
        "7": 3.8628005716263694,
        "8": 11.855183544069673,
        "9": 14.506784365456259,
        "10": 4.808596327173082,
        "11": 5.15970587339568,
        "12": 8.708084986151391,
        "13": 21.069775455607513,
        "14": 15.969836362583125,
        "15": 11.499763221987736,
        "16": 8.483443666311851,
        "17": 9.450599550279218,
        "18": 3.30374433606273,
        "19": 2.6896047622832784
    },
    "best_mrt": [
        167.6764177676613,
        389.55296162012337,
        115.08088274805858,
        169.40624862444295,
        218.65737994518383,
        500.00000000000034,
        189.30170362522895,
        365.909390060311,
        236.60082864275694,
        500.0000000000071,
        332.5978859886143,
        250.2073632329549,
        217.83255773474133,
        352.72691292723005,
        500.0000000000049,
        500.00000000001376,
        500.0000000000048,
        451.3020312174531,
        55.75955238256632,
        132.9116255602026,
        500.00000000001023,
        354.9806230278948,
        500.00000000000335,
        147.5855103812593,
        118.71225071625051,
        301.9788824022906,
        170.8351835697288,
        460.7130891754469,
        196.9214507527517,
        500.00000000002785
    ],
    "SLA": 500
}