{
    "throughput": 6.0,
    "class_probs": {
        "0": 0.03772891878842494,
        "1": 0.015316315357830347,
        "2": 0.047834860649753425,
        "3": 0.055505917115720095,
        "4": 0.027082476209806597,
        "5": 0.05741482672971373,
        "6": 0.04905980163240368,
        "7": 0.05013784924415936,
        "8": 0.04530359499733513,
        "9": 0.011188844380970833,
        "10": 0.037628047912033995,
        "11": 0.05816559978882516,
        "12": 0.02929961727153773,
        "13": 0.00938766686345844,
        "14": 0.04019396244779035,
        "15": 0.01005545270802702,
        "16": 0.04696693506403457,
        "17": 0.012080169035162852,
        "18": 0.04594391240587053,
        "19": 0.05644040053304396,
        "20": 0.048356622275295955,
        "21": 0.0291202367714354,
        "22": 0.033685530482589314,
        "23": 0.02177766364386523,
        "24": 0.022280008486692045,
        "25": 0.008143495239396467,
        "26": 0.04533770649654132,
        "27": 0.019799483452753255,
        "28": 0.008351548788989359,
        "29": 0.02041253522653889
    },
    "best_objective": 247.07682605108963,
    "classes": [
        "0",
        "1",
        "2",
        "3",
        "4",
        "5",
        "6",
        "7",
        "8",
        "9",
        "10",
        "11",
        "12",
        "13",
        "14",
        "15",
        "16",
        "17",
        "18",
        "19",
        "20",
        "21",
        "22",
        "23",
        "24",
        "25",
        "26",
        "27",
        "28",
        "29"
    ],
    "resources": [
        "0",
        "1",
        "2",
        "3",
        "4",
        "5",
        "6",
        "7",
        "8",
        "9",
        "10",
        "11",
        "12",
        "13",
        "14",
        "15",
        "16",
        "17",
        "18",
        "19"
    ],
    "demands": {
        "0_0": 0.4118,
        "1_0": 0.4496,
        "2_0": 0.11767,
        "3_0": 0.00153,
        "6_0": 0.34034,
        "19_0": 0.25851,
        "21_0": 0.47699,
        "27_0": 0.50546,
        "9_1": 2.08936,
        "10_1": 0.43607,
        "15_1": 1.87857,
        "20_1": 0.03313,
        "28_1": 2.07397,
        "29_1": 1.1085,
        "0_2": 1.8099,
        "1_2": 0.57534,
        "3_2": 0.87029,
        "12_2": 0.34875,
        "15_3": 0.11984,
        "26_3": 1.25335,
        "29_3": 1.91146,
        "11_4": 0.08733,
        "16_4": 0.05287,
        "20_4": 0.10576,
        "22_4": 1.04065,
        "25_4": 3.78463,
        "29_4": 1.4387,
        "0_5": 0.42996,
        "7_5": 0.62245,
        "12_5": 1.06733,
        "24_5": 0.47955,
        "29_5": 1.02233,
        "0_6": 0.21691,
        "1_6": 0.59881,
        "8_6": 0.31809,
        "17_6": 0.09379,
        "19_6": 0.27587,
        "26_6": 0.2987,
        "28_6": 0.13353,
        "4_7": 0.51049,
        "5_7": 0.2733,
        "10_7": 0.37921,
        "12_7": 0.35017,
        "24_7": 0.33752,
        "25_7": 0.94257,
        "7_8": 0.05828,
        "12_8": 0.89124,
        "14_8": 0.4258,
        "17_8": 2.23903,
        "27_8": 1.67503,
        "7_9": 0.32367,
        "9_9": 0.75948,
        "13_9": 0.51773,
        "15_9": 1.27545,
        "17_9": 1.49318,
        "18_9": 0.25671,
        "25_9": 1.66151,
        "26_9": 0.27566,
        "6_10": 0.19776,
        "14_10": 0.48282,
        "19_10": 0.45206,
        "4_11": 0.57459,
        "10_11": 0.03997,
        "11_11": 0.11056,
        "13_11": 1.02588,
        "21_11": 1.48699,
        "7_12": 0.34271,
        "11_12": 0.32131,
        "19_12": 0.30527,
        "21_12": 0.32125,
        "2_13": 0.67595,
        "3_13": 0.12157,
        "9_13": 3.72199,
        "14_13": 1.18612,
        "15_13": 1.85153,
        "3_14": 0.57409,
        "11_14": 0.04506,
        "14_14": 0.31777,
        "23_14": 0.61994,
        "24_14": 0.61339,
        "25_14": 1.29043,
        "26_14": 0.49972,
        "9_15": 4.26927,
        "17_15": 2.51451,
        "18_15": 0.19464,
        "19_15": 0.44019,
        "29_15": 1.49177,
        "6_16": 0.39235,
        "11_16": 0.31218,
        "13_16": 2.41641,
        "28_16": 2.45093,
        "4_17": 0.29537,
        "6_17": 0.19258,
        "9_17": 0.56868,
        "12_17": 0.34016,
        "15_17": 0.54079,
        "16_17": 0.10658,
        "17_17": 0.65946,
        "23_17": 0.25671,
        "24_17": 0.14616,
        "25_17": 0.04319,
        "1_18": 1.36984,
        "8_18": 0.56567,
        "16_18": 0.73594,
        "22_18": 0.38187,
        "23_18": 0.04907,
        "26_18": 0.44471,
        "27_18": 0.06738,
        "0_19": 0.44612,
        "5_19": 0.23089,
        "6_19": 0.26303,
        "10_19": 0.64723,
        "12_19": 0.02042,
        "17_19": 2.10322,
        "19_19": 0.15975,
        "23_19": 0.92544,
        "28_19": 1.38781
    },
    "best": {
        "0": 5.592409405558073,
        "1": 20.108042401667124,
        "2": 6.865411377214555,
        "3": 10.672290112288358,
        "4": 20.7659937507383,
        "5": 8.350260646294396,
        "6": 6.293945476150625,
        "7": 9.455371658295254,
        "8": 16.1882052405937,
        "9": 20.829991119629998,
        "10": 2.0822278827925165,
        "11": 5.779623884457561,
        "12": 2.9066503473612553,
        "13": 23.041232269064178,
        "14": 11.22285295173739,
        "15": 31.14014156256546,
        "16": 9.063615256334666,
        "17": 12.615202635704003,
        "18": 7.0588544291706965,
        "19": 17.044503643471508
    },
    "best_mrt": [
        500.0000000000001,
        500.0,
        53.611006943382684,
        203.87198271046418,
        188.57280393223314,
        44.45007115319565,
        257.19691241678726,
        236.0515817179637,
        142.72748936109875,
        500.0,
        111.66941658192366,
        192.66631229738528,
        321.52904178703216,
        499.99999999999994,
        386.1436655423377,
        298.909645074775,
        127.05805963472444,
        499.99999999999994,
        19.109837806503158,
        500.0,
        6.955251121785984,
        499.9999999999999,
        111.77562946055848,
        144.27375643126177,
        169.6326983135239,
        500.0,
        305.5091572869807,
        217.57054539945042,
        500.0,
        499.99999999999994
    ],
    "SLA": 500
}