{
    "throughput": 7.0,
    "class_probs": {
        "0": 0.03508888764515635,
        "1": 0.034085539016680454,
        "2": 0.04444037524374515,
        "3": 0.03546654290525004,
        "4": 0.04457809599309196,
        "5": 0.048615840841080886,
        "6": 0.047491893477776576,
        "7": 0.04172388361873898,
        "8": 0.013530417269238863,
        "9": 0.04242629504422969,
        "10": 0.04451307830745723,
        "11": 0.027601442007119455,
        "12": 0.04287532507087673,
        "13": 0.04734656074649429,
        "14": 0.025541728619199466,
        "15": 0.052490935674246605,
        "16": 0.0464131168631043,
        "17": 0.01661945088547312,
        "18": 0.01658167135664884,
        "19": 0.012064777112011019,
        "20": 0.02825530504922769,
        "21": 0.01274556713106587,
        "22": 0.03546991307147141,
        "23": 0.006043138590274384,
        "24": 0.04629493503005227,
        "25": 0.051873539544743656,
        "26": 0.02095678703651892,
        "27": 0.010121913448870192,
        "28": 0.021453868964497094,
        "29": 0.04728917443565871
    },
    "best_objective": 196.44627050236917,
    "classes": [
        "0",
        "1",
        "2",
        "3",
        "4",
        "5",
        "6",
        "7",
        "8",
        "9",
        "10",
        "11",
        "12",
        "13",
        "14",
        "15",
        "16",
        "17",
        "18",
        "19",
        "20",
        "21",
        "22",
        "23",
        "24",
        "25",
        "26",
        "27",
        "28",
        "29"
    ],
    "resources": [
        "0",
        "1",
        "2",
        "3",
        "4",
        "5",
        "6",
        "7",
        "8",
        "9",
        "10",
        "11",
        "12",
        "13",
        "14",
        "15",
        "16",
        "17",
        "18",
        "19"
    ],
    "demands": {
        "9_0": 2.13126,
        "12_0": 0.12869,
        "13_0": 0.49456,
        "5_1": 0.418,
        "11_1": 0.44318,
        "16_1": 0.13555,
        "23_1": 1.12756,
        "10_2": 0.37435,
        "19_2": 0.53622,
        "20_2": 0.50609,
        "23_2": 1.7805,
        "0_3": 0.28301,
        "1_3": 0.34237,
        "5_3": 0.07148,
        "18_3": 0.62997,
        "21_3": 0.75438,
        "28_3": 0.33963,
        "21_4": 1.20536,
        "25_4": 0.14589,
        "26_4": 0.79173,
        "28_4": 0.25989,
        "1_5": 0.19048,
        "5_5": 0.23023,
        "23_5": 3.6827,
        "28_5": 0.34538,
        "3_6": 1.01566,
        "6_6": 0.61314,
        "12_6": 0.75071,
        "14_6": 1.19183,
        "0_7": 0.02641,
        "5_7": 0.44825,
        "15_7": 0.40099,
        "16_7": 0.00696,
        "19_7": 1.89407,
        "21_7": 2.10021,
        "25_7": 0.23473,
        "29_7": 0.32041,
        "1_8": 0.59277,
        "2_8": 0.53597,
        "6_8": 0.04835,
        "9_8": 0.36591,
        "16_8": 0.06895,
        "17_8": 0.72275,
        "18_8": 1.29855,
        "19_8": 0.38659,
        "22_8": 0.06537,
        "26_8": 0.56435,
        "4_9": 0.233,
        "8_9": 0.89394,
        "9_9": 0.61563,
        "17_9": 0.584,
        "20_9": 0.5963,
        "22_9": 0.09809,
        "29_9": 0.58398,
        "3_10": 0.29142,
        "4_10": 0.27881,
        "8_10": 0.18712,
        "14_10": 0.49133,
        "15_10": 0.16333,
        "16_10": 0.39025,
        "17_10": 0.24482,
        "24_10": 0.3181,
        "26_10": 0.15439,
        "27_10": 1.04968,
        "4_11": 0.1229,
        "11_11": 1.17948,
        "12_11": 0.00286,
        "13_11": 0.31433,
        "24_11": 0.59396,
        "4_12": 0.16428,
        "7_12": 0.2304,
        "13_12": 0.23164,
        "14_12": 0.67581,
        "24_12": 0.01547,
        "29_12": 0.19668,
        "7_13": 0.00306,
        "8_13": 0.47451,
        "13_13": 0.33386,
        "19_13": 2.96475,
        "24_13": 0.28433,
        "27_13": 2.26586,
        "5_14": 1.03441,
        "14_14": 1.42791,
        "3_15": 0.14545,
        "10_15": 0.00354,
        "16_15": 0.66188,
        "19_15": 1.26639,
        "27_15": 3.2333,
        "0_16": 0.48251,
        "8_16": 0.85906,
        "24_16": 0.36088,
        "28_16": 0.37106,
        "29_16": 0.01664,
        "1_17": 1.64566,
        "4_17": 0.3266,
        "24_17": 0.50711,
        "1_18": 0.08465,
        "2_18": 0.11976,
        "4_18": 0.53131,
        "6_18": 0.10229,
        "11_18": 0.17098,
        "13_18": 0.02307,
        "17_18": 1.03917,
        "26_18": 0.64756,
        "6_19": 0.22387,
        "8_19": 2.4655,
        "15_19": 0.13594,
        "16_19": 0.57537,
        "17_19": 0.37036,
        "27_19": 2.09616
    },
    "best": {
        "0": 6.980133437497187,
        "1": 9.427217060869118,
        "2": 12.244218657348148,
        "3": 6.082306055679989,
        "4": 6.8670671440503375,
        "5": 16.57911735528554,
        "6": 8.292627034217338,
        "7": 12.260071709044114,
        "8": 6.977538540267299,
        "9": 7.313278975941361,
        "10": 12.587305627731597,
        "11": 3.440814895912162,
        "12": 5.957281250748011,
        "13": 19.063905573296434,
        "14": 8.705207224575839,
        "15": 20.036992155237193,
        "16": 5.194298249087654,
        "17": 5.940375300156621,
        "18": 4.645829110905765,
        "19": 17.85068514451745
    },
    "best_mrt": [
        152.01563386248145,
        499.9999999978645,
        116.05162162843641,
        169.23732684520076,
        321.5108501166245,
        239.58675188277272,
        128.56732486652064,
        41.523249205387025,
        500.0000000018513,
        500.0000000004763,
        31.62184470737807,
        499.9999999993244,
        123.4089134329469,
        255.0432506644223,
        500.00000000094167,
        56.79533058162656,
        127.12020075999139,
        499.9999999959203,
        321.1732637217989,
        499.999999998299,
        133.27162201342412,
        499.9999999991991,
        25.55039692674249,
        499.999999999353,
        422.3348340230793,
        42.83585125402538,
        382.21218553259007,
        499.9999999981107,
        197.39448772499892,
        155.72607395423285
    ],
    "SLA": 500
}