{
    "throughput": 10.0,
    "class_probs": {
        "0": 0.020412964403440752,
        "1": 0.0175993773329514,
        "2": 0.03795004748410337,
        "3": 0.03434618928397461,
        "4": 0.04997920798229489,
        "5": 0.035641823838737006,
        "6": 0.015801906609811775,
        "7": 0.056780386641969896,
        "8": 0.034555652060435996,
        "9": 0.03529122933089043,
        "10": 0.035117289375665814,
        "11": 0.037126742502812726,
        "12": 0.009346082768738082,
        "13": 0.01980103277353155,
        "14": 0.058020534779367756,
        "15": 0.015462790636368717,
        "16": 0.06142495769835126,
        "17": 0.006387104072193646,
        "18": 0.059482674094232996,
        "19": 0.04544084166865875,
        "20": 0.030735161893983436,
        "21": 0.04332366882131865,
        "22": 0.018450232693113706,
        "23": 0.049785392226290165,
        "24": 0.019578570007460754,
        "25": 0.029370136906178478,
        "26": 0.059224290213158184,
        "27": 0.020792463110446285,
        "28": 0.012527353625575107,
        "29": 0.03024389516394384
    },
    "best_objective": 178.29874439150208,
    "classes": [
        "0",
        "1",
        "2",
        "3",
        "4",
        "5",
        "6",
        "7",
        "8",
        "9",
        "10",
        "11",
        "12",
        "13",
        "14",
        "15",
        "16",
        "17",
        "18",
        "19",
        "20",
        "21",
        "22",
        "23",
        "24",
        "25",
        "26",
        "27",
        "28",
        "29"
    ],
    "resources": [
        "0",
        "1",
        "2",
        "3",
        "4",
        "5",
        "6",
        "7",
        "8",
        "9",
        "10",
        "11",
        "12",
        "13",
        "14",
        "15",
        "16",
        "17",
        "18",
        "19"
    ],
    "demands": {
        "0_0": 0.59701,
        "1_0": 0.3955,
        "5_0": 0.05217,
        "7_0": 0.00147,
        "8_0": 0.15022,
        "12_0": 0.23628,
        "16_0": 0.18693,
        "25_0": 0.33219,
        "27_0": 1.03438,
        "2_1": 0.08468,
        "4_1": 0.52174,
        "5_1": 0.15543,
        "21_1": 0.74592,
        "28_1": 0.36016,
        "5_2": 0.34712,
        "13_2": 0.52401,
        "27_2": 0.68915,
        "28_2": 2.13702,
        "1_3": 0.2629,
        "7_3": 0.15386,
        "8_3": 0.07926,
        "11_3": 0.00166,
        "13_3": 0.73466,
        "25_3": 0.1777,
        "28_3": 0.01208,
        "29_3": 0.2938,
        "1_4": 0.39354,
        "2_4": 0.00848,
        "3_4": 0.06417,
        "5_4": 0.08804,
        "18_4": 0.1207,
        "21_4": 0.10283,
        "22_4": 0.36966,
        "26_4": 0.03354,
        "1_5": 0.32631,
        "4_5": 0.31503,
        "6_5": 0.51475,
        "28_5": 1.59804,
        "29_5": 0.49914,
        "9_6": 0.78193,
        "12_6": 0.25461,
        "18_6": 0.04809,
        "20_6": 0.335,
        "9_7": 0.15551,
        "12_7": 0.93457,
        "21_7": 0.15959,
        "23_7": 0.14831,
        "29_7": 0.20387,
        "2_8": 0.06104,
        "6_8": 0.60038,
        "8_8": 0.25231,
        "12_8": 0.09183,
        "18_8": 0.0246,
        "20_8": 0.05038,
        "21_8": 0.25126,
        "23_8": 0.06657,
        "29_8": 0.33287,
        "2_9": 0.11613,
        "9_9": 0.25464,
        "10_9": 0.19979,
        "17_9": 2.05415,
        "20_9": 0.43483,
        "24_9": 0.2301,
        "6_10": 0.85599,
        "7_10": 0.10554,
        "13_10": 0.99085,
        "19_10": 0.07202,
        "25_10": 0.43118,
        "6_11": 0.72577,
        "17_11": 1.0523,
        "21_11": 0.26704,
        "24_11": 0.11254,
        "29_11": 0.00361,
        "1_12": 2.13893,
        "3_12": 0.27084,
        "17_12": 0.87604,
        "25_12": 0.29946,
        "26_12": 0.13078,
        "6_13": 0.46181,
        "14_13": 0.12775,
        "15_13": 0.97476,
        "21_13": 0.25172,
        "25_13": 0.06582,
        "4_14": 0.28288,
        "7_14": 0.06332,
        "14_14": 0.08569,
        "15_14": 0.68072,
        "18_14": 0.3023,
        "19_14": 0.36097,
        "22_14": 0.43514,
        "24_14": 0.18053,
        "27_14": 0.14283,
        "14_15": 0.03047,
        "17_15": 3.96346,
        "20_15": 0.16181,
        "26_15": 0.33677,
        "28_15": 0.14231,
        "1_16": 1.30183,
        "10_16": 0.43058,
        "11_16": 0.19218,
        "12_16": 0.13531,
        "18_16": 0.0513,
        "19_16": 0.22686,
        "8_17": 0.53321,
        "10_17": 0.68395,
        "18_17": 0.03188,
        "21_17": 0.32999,
        "22_17": 0.10662,
        "27_17": 1.07398,
        "0_18": 0.48873,
        "4_18": 0.08867,
        "13_18": 0.49662,
        "14_18": 0.13342,
        "24_18": 0.12552,
        "11_19": 1.2308,
        "16_19": 0.10081,
        "17_19": 1.47709,
        "18_19": 0.21345
    },
    "best": {
        "0": 7.6394779312523395,
        "1": 4.202366197447259,
        "2": 10.483053711008209,
        "3": 5.95137201034135,
        "4": 5.152777660403778,
        "5": 9.952550223479461,
        "6": 2.2150386954363586,
        "7": 3.6216749558829453,
        "8": 4.568967944249954,
        "9": 18.51813531826424,
        "10": 6.999556089755572,
        "11": 13.918079228629997,
        "12": 16.957428087909825,
        "13": 4.567890288832498,
        "14": 3.3936686210811535,
        "15": 25.639045131004593,
        "16": 9.456603311690902,
        "17": 5.5995110193740505,
        "18": 3.4562541098778854,
        "19": 16.005293855579716
    },
    "best_mrt": [
        243.23881170380952,
        500.0000000005359,
        47.453600866342505,
        29.956526176745612,
        322.0022619526566,
        105.63709952009715,
        499.9999999930995,
        69.1610975611734,
        209.67708341088394,
        500.00000000001455,
        203.0830415696768,
        102.62402147551468,
        499.99999999977297,
        499.99999999344067,
        108.24769774824694,
        500.0000000019873,
        33.58917467026118,
        500.00000000080627,
        201.9985314999747,
        177.1125840372131,
        230.7483707522548,
        495.1860379785092,
        268.1763606479133,
        61.594771685938966,
        131.5785334074184,
        181.417634908071,
        28.41121570879343,
        500.000000000292,
        499.9999999873238,
        251.1004762684317
    ],
    "SLA": 500
}