{
    "throughput": 7.0,
    "class_probs": {
        "0": 0.029414512937373488,
        "1": 0.02111753820411965,
        "2": 0.04248765293754902,
        "3": 0.03427145952573965,
        "4": 0.02035208086113055,
        "5": 0.018466438560324188,
        "6": 0.04969228359783043,
        "7": 0.011711725909178208,
        "8": 0.03373440456398648,
        "9": 0.050979568485729494,
        "10": 0.0489711503783414,
        "11": 0.03274677289762633,
        "12": 0.02042752826767498,
        "13": 0.012740979070293404,
        "14": 0.030805063425680117,
        "15": 0.03933656881710126,
        "16": 0.013373859943890011,
        "17": 0.023624494551710028,
        "18": 0.01936600617860579,
        "19": 0.05448254521299536,
        "20": 0.03756042121242083,
        "21": 0.05070806545236635,
        "22": 0.0526826741514488,
        "23": 0.034048798269041405,
        "24": 0.052530416261464055,
        "25": 0.011483300924767827,
        "26": 0.0404098013369418,
        "27": 0.03360170221311592,
        "28": 0.029531426025834674,
        "29": 0.049340759825718596
    },
    "best_objective": 190.04134487389123,
    "classes": [
        "0",
        "1",
        "2",
        "3",
        "4",
        "5",
        "6",
        "7",
        "8",
        "9",
        "10",
        "11",
        "12",
        "13",
        "14",
        "15",
        "16",
        "17",
        "18",
        "19",
        "20",
        "21",
        "22",
        "23",
        "24",
        "25",
        "26",
        "27",
        "28",
        "29"
    ],
    "resources": [
        "0",
        "1",
        "2",
        "3",
        "4",
        "5",
        "6",
        "7",
        "8",
        "9",
        "10",
        "11",
        "12",
        "13",
        "14",
        "15",
        "16",
        "17",
        "18",
        "19"
    ],
    "demands": {
        "0_0": 1.44232,
        "7_0": 1.19745,
        "17_0": 0.8514,
        "19_0": 0.07107,
        "2_1": 0.06691,
        "3_1": 0.11882,
        "5_1": 0.55982,
        "11_1": 0.12938,
        "14_1": 0.27455,
        "16_1": 0.46034,
        "17_1": 0.34982,
        "18_1": 0.56557,
        "19_1": 0.07848,
        "23_1": 0.19344,
        "28_1": 0.10203,
        "6_2": 0.34958,
        "9_2": 0.37046,
        "11_2": 0.06203,
        "15_2": 0.37544,
        "16_2": 3.11296,
        "0_3": 0.17121,
        "6_3": 0.06691,
        "13_3": 0.36299,
        "14_3": 0.37412,
        "17_3": 0.18643,
        "20_3": 0.11475,
        "24_3": 0.2082,
        "25_3": 0.50614,
        "4_4": 1.89998,
        "11_4": 0.0966,
        "15_4": 0.11363,
        "21_4": 0.29954,
        "23_4": 1.03744,
        "25_4": 2.4908,
        "4_5": 0.58885,
        "7_5": 0.9412,
        "8_5": 1.21138,
        "18_5": 0.36822,
        "29_5": 0.04166,
        "4_6": 1.24324,
        "12_6": 0.2765,
        "14_6": 0.1658,
        "18_6": 1.2914,
        "20_6": 0.02382,
        "25_6": 2.62918,
        "28_6": 0.94256,
        "3_7": 0.95435,
        "7_7": 0.43606,
        "8_7": 0.32737,
        "9_7": 0.32598,
        "21_7": 0.27019,
        "22_7": 0.14566,
        "27_7": 0.67863,
        "0_8": 0.02368,
        "1_8": 0.07136,
        "9_8": 0.3091,
        "10_8": 0.0298,
        "11_8": 0.57736,
        "20_8": 0.30173,
        "21_8": 0.0899,
        "24_8": 0.02701,
        "3_9": 0.03545,
        "5_9": 0.39419,
        "7_9": 0.29617,
        "9_9": 0.16613,
        "12_9": 1.18252,
        "21_9": 0.35989,
        "26_9": 0.50829,
        "28_9": 0.23402,
        "6_10": 0.18259,
        "8_10": 0.1778,
        "10_10": 0.28153,
        "20_10": 0.64136,
        "10_11": 0.01534,
        "13_11": 3.3968,
        "14_11": 0.43621,
        "23_11": 1.46575,
        "27_11": 0.20451,
        "3_12": 0.12409,
        "6_12": 0.81804,
        "13_12": 2.61798,
        "17_12": 0.94285,
        "4_13": 0.34836,
        "6_13": 0.16454,
        "7_13": 0.40672,
        "9_13": 0.18224,
        "15_13": 0.81785,
        "16_13": 1.6416,
        "18_13": 1.5679,
        "26_13": 0.32328,
        "1_14": 4.21537,
        "10_15": 0.35449,
        "12_15": 0.18842,
        "17_15": 0.65722,
        "22_15": 0.60487,
        "28_15": 0.48933,
        "29_15": 0.16544,
        "1_16": 0.21814,
        "11_16": 0.20457,
        "12_16": 0.57971,
        "13_16": 0.22777,
        "14_16": 0.08311,
        "20_16": 0.18234,
        "21_16": 0.11653,
        "28_16": 0.23171,
        "3_17": 0.70164,
        "5_17": 0.03806,
        "12_17": 0.08452,
        "28_17": 0.79977,
        "1_18": 0.04724,
        "6_18": 0.22099,
        "7_18": 0.83462,
        "9_18": 0.62047,
        "20_18": 0.96376,
        "2_19": 0.37301,
        "10_19": 0.44365,
        "13_19": 1.39901,
        "23_19": 0.28879
    },
    "best": {
        "0": 10.141444451603968,
        "1": 5.483067783631903,
        "2": 12.997656269930772,
        "3": 8.737856406504807,
        "4": 11.897474467691293,
        "5": 9.003318134310087,
        "6": 13.147389500448018,
        "7": 6.5477009882481765,
        "8": 2.764164290769923,
        "9": 5.960928861081146,
        "10": 3.292178086136571,
        "11": 21.127363503297378,
        "12": 18.54949491425199,
        "13": 11.442556321933662,
        "14": 10.416693700393642,
        "15": 4.092488087402022,
        "16": 6.720803444674221,
        "17": 4.7663812513255035,
        "18": 9.4502099572925,
        "19": 13.502174452963656
    },
    "best_mrt": [
        180.9635139230736,
        500.0,
        41.97838600487679,
        361.3807485544056,
        375.782558566144,
        194.58439040359804,
        185.29131502645586,
        500.00000000000045,
        260.14658696584416,
        335.35930912944514,
        246.30705169279784,
        314.8551267421731,
        408.8809482517796,
        500.00000000000034,
        147.47624747358097,
        118.23776783768582,
        500.0,
        424.2076018298111,
        409.98659320307553,
        23.11991984236251,
        500.0000000000002,
        197.5754033187262,
        200.32258073547754,
        227.08676347893712,
        36.195131742024834,
        500.00000000000045,
        126.01322430967853,
        127.46816915171466,
        500.0000000000002,
        52.80416717883976
    ],
    "SLA": 500
}