{
    "throughput": 10.0,
    "class_probs": {
        "0": 0.06629164207113385,
        "1": 0.02136435334971184,
        "2": 0.022641143757491017,
        "3": 0.02208513127982206,
        "4": 0.019493072377362818,
        "5": 0.06364531831943249,
        "6": 0.01816825787360809,
        "7": 0.013066484274983971,
        "8": 0.0432677208444642,
        "9": 0.015115633612896579,
        "10": 0.018981531886965268,
        "11": 0.052240221164212425,
        "12": 0.06623897011886222,
        "13": 0.02618737273461026,
        "14": 0.022130889137468055,
        "15": 0.04180686387786571,
        "16": 0.03145030760751734,
        "17": 0.01973662374550795,
        "18": 0.05712727489574371,
        "19": 0.008342997446830286,
        "20": 0.016968768817599695,
        "21": 0.00937318241765259,
        "22": 0.060771805066082145,
        "23": 0.03390070632799906,
        "24": 0.02013051498720168,
        "25": 0.03239331591788278,
        "26": 0.06631180365863022,
        "27": 0.04514557411404698,
        "28": 0.03440402588114112,
        "29": 0.031218492435273575
    },
    "best_objective": 174.17459954344162,
    "classes": [
        "0",
        "1",
        "2",
        "3",
        "4",
        "5",
        "6",
        "7",
        "8",
        "9",
        "10",
        "11",
        "12",
        "13",
        "14",
        "15",
        "16",
        "17",
        "18",
        "19",
        "20",
        "21",
        "22",
        "23",
        "24",
        "25",
        "26",
        "27",
        "28",
        "29"
    ],
    "resources": [
        "0",
        "1",
        "2",
        "3",
        "4",
        "5",
        "6",
        "7",
        "8",
        "9",
        "10",
        "11",
        "12",
        "13",
        "14",
        "15",
        "16",
        "17",
        "18",
        "19"
    ],
    "demands": {
        "3_0": 2.62702,
        "2_1": 0.41535,
        "6_1": 0.56211,
        "10_1": 0.05198,
        "11_1": 0.00843,
        "12_1": 0.29473,
        "17_1": 1.10733,
        "22_1": 0.24808,
        "25_1": 0.23144,
        "27_1": 0.09434,
        "1_2": 0.09247,
        "3_2": 0.63751,
        "20_2": 0.0397,
        "21_2": 1.6359,
        "23_2": 0.54057,
        "28_2": 0.12188,
        "10_3": 0.20969,
        "13_3": 0.89447,
        "16_3": 0.79732,
        "21_3": 3.03502,
        "3_4": 0.74066,
        "5_4": 0.30964,
        "10_4": 1.10165,
        "11_4": 0.24461,
        "21_4": 1.25966,
        "23_4": 0.02009,
        "3_5": 0.15387,
        "7_5": 1.55598,
        "10_5": 0.9587,
        "14_5": 0.48841,
        "25_5": 0.53653,
        "29_5": 0.20507,
        "0_6": 0.21934,
        "6_6": 0.86336,
        "11_6": 0.00933,
        "23_6": 0.04182,
        "27_6": 0.2586,
        "20_7": 1.68039,
        "22_7": 0.26053,
        "27_7": 0.0995,
        "0_8": 0.13683,
        "2_8": 0.36001,
        "6_8": 0.49091,
        "12_8": 0.13727,
        "13_8": 0.19345,
        "23_8": 0.2016,
        "24_8": 0.14962,
        "26_8": 0.0493,
        "28_8": 0.23294,
        "3_9": 0.00269,
        "8_9": 0.16721,
        "9_9": 0.95313,
        "21_9": 0.29811,
        "25_9": 0.0059,
        "28_9": 0.40535,
        "4_10": 0.12807,
        "14_10": 0.24884,
        "15_10": 0.3475,
        "24_10": 1.14378,
        "3_11": 0.15639,
        "4_11": 0.9091,
        "8_11": 0.4209,
        "10_11": 0.90179,
        "11_11": 0.01369,
        "14_11": 0.27491,
        "20_11": 0.22374,
        "26_11": 0.01023,
        "6_12": 1.14138,
        "9_12": 1.22875,
        "12_12": 0.16601,
        "13_12": 0.64767,
        "27_12": 0.04237,
        "28_12": 0.52284,
        "11_13": 0.39551,
        "16_13": 0.00891,
        "18_13": 0.01983,
        "20_13": 0.62679,
        "26_13": 0.06345,
        "9_14": 0.25636,
        "10_14": 1.22909,
        "15_14": 0.31912,
        "17_14": 1.17961,
        "24_14": 0.53623,
        "29_14": 0.12311,
        "4_15": 0.32906,
        "6_15": 0.87443,
        "12_15": 0.09929,
        "16_15": 0.29592,
        "19_15": 0.52798,
        "23_15": 0.46883,
        "24_15": 0.39633,
        "25_15": 0.40781,
        "29_15": 0.05374,
        "5_16": 0.02547,
        "9_16": 0.35855,
        "10_16": 0.16918,
        "11_16": 0.13716,
        "14_16": 0.3313,
        "15_16": 0.19501,
        "16_16": 0.20752,
        "19_16": 0.73057,
        "25_16": 0.16183,
        "26_16": 0.09034,
        "6_17": 1.01358,
        "7_17": 0.49038,
        "14_17": 0.62354,
        "26_17": 0.24379,
        "27_17": 0.39594,
        "1_18": 1.14725,
        "2_18": 1.24045,
        "17_18": 0.70906,
        "23_18": 0.56993,
        "2_19": 0.20446,
        "5_19": 0.0649,
        "9_19": 0.34638,
        "12_19": 0.0778,
        "17_19": 0.33346,
        "24_19": 0.26028,
        "25_19": 0.15561,
        "27_19": 0.14605,
        "28_19": 0.1523
    },
    "best": {
        "0": 8.139466045693865,
        "1": 10.285278448154669,
        "2": 11.838938762395737,
        "3": 15.724009425620894,
        "4": 13.917479494837346,
        "5": 8.697162758863252,
        "6": 10.072508994394692,
        "7": 6.265816616444455,
        "8": 7.99504560740119,
        "9": 5.761840033377611,
        "10": 4.0565584237281245,
        "11": 8.67023375300367,
        "12": 12.420357647080655,
        "13": 3.8976816232620672,
        "14": 11.312522738803532,
        "15": 10.73851884725815,
        "16": 4.258400492410663,
        "17": 11.16565685730533,
        "18": 4.824747890745702,
        "19": 4.1323750826600145
    },
    "best_mrt": [
        41.30496788407301,
        297.48584311801665,
        461.7528041685352,
        500.0000000000001,
        182.46453851487806,
        48.30810738270358,
        500.0000000000002,
        243.14095932751488,
        83.76802073121732,
        500.0000000000001,
        500.0000000000002,
        171.51070705283533,
        95.64776324362039,
        142.264040769335,
        314.5685871224606,
        179.64932013738724,
        142.0250247820915,
        500.0000000000001,
        5.6199480333389715,
        251.13853735779728,
        500.0,
        500.0,
        71.50635344863518,
        272.010543890998,
        500.0000000000002,
        220.90168972456274,
        73.77218131673075,
        135.6755403728751,
        204.7133530042316,
        42.9618872314977
    ],
    "SLA": 500
}