{
    "throughput": 5.0,
    "class_probs": {
        "0": 0.055005275737025565,
        "1": 0.05076233271856064,
        "2": 0.00894800033926941,
        "3": 0.04269585623036632,
        "4": 0.028348247119912726,
        "5": 0.04032216531233228,
        "6": 0.01916001961789428,
        "7": 0.028124704550801207,
        "8": 0.05533216313459661,
        "9": 0.04411356941977992,
        "10": 0.013103747862683496,
        "11": 0.046341882960369556,
        "12": 0.015399239580910351,
        "13": 0.025267410362031697,
        "14": 0.042815073135504624,
        "15": 0.016355517621319596,
        "16": 0.03548711336330039,
        "17": 0.0161453557284413,
        "18": 0.03973980749593182,
        "19": 0.04656792525959778,
        "20": 0.016061923257286323,
        "21": 0.05445633163534336,
        "22": 0.047402225571682305,
        "23": 0.007367244589203868,
        "24": 0.03512992899019874,
        "25": 0.02666689280709349,
        "26": 0.034259342234050146,
        "27": 0.04125203924261859,
        "28": 0.02529646603089494,
        "29": 0.04207219809099865
    },
    "best_objective": 401.0537837680286,
    "classes": [
        "0",
        "1",
        "2",
        "3",
        "4",
        "5",
        "6",
        "7",
        "8",
        "9",
        "10",
        "11",
        "12",
        "13",
        "14",
        "15",
        "16",
        "17",
        "18",
        "19",
        "20",
        "21",
        "22",
        "23",
        "24",
        "25",
        "26",
        "27",
        "28",
        "29"
    ],
    "resources": [
        "0",
        "1",
        "2",
        "3",
        "4",
        "5",
        "6",
        "7",
        "8",
        "9",
        "10",
        "11",
        "12",
        "13",
        "14",
        "15",
        "16",
        "17",
        "18",
        "19"
    ],
    "demands": {
        "4_0": 1.49461,
        "5_0": 0.89845,
        "18_0": 2.37719,
        "1_1": 0.23889,
        "6_1": 1.25033,
        "7_1": 0.47179,
        "9_1": 0.16441,
        "11_1": 0.00919,
        "15_1": 0.86284,
        "16_1": 0.37702,
        "17_1": 1.02837,
        "1_2": 0.4255,
        "2_2": 1.24624,
        "8_2": 0.22108,
        "9_2": 0.04265,
        "10_2": 0.90456,
        "17_2": 1.17325,
        "24_2": 0.60979,
        "0_3": 0.08085,
        "2_3": 1.922,
        "12_3": 1.22221,
        "14_3": 0.01529,
        "15_3": 1.31346,
        "16_3": 0.43398,
        "20_3": 1.36619,
        "21_3": 0.4113,
        "22_3": 0.03445,
        "25_3": 0.04766,
        "8_4": 0.09706,
        "12_4": 0.66551,
        "21_4": 0.26142,
        "23_4": 1.88348,
        "24_4": 0.1635,
        "25_4": 0.71201,
        "26_4": 0.35359,
        "7_5": 4.37987,
        "21_5": 0.35343,
        "29_5": 0.38428,
        "1_6": 0.52376,
        "2_6": 3.75862,
        "3_6": 0.02303,
        "6_6": 1.67098,
        "12_6": 1.76593,
        "19_6": 0.10708,
        "23_6": 1.26077,
        "24_6": 0.35555,
        "3_7": 0.21542,
        "6_7": 2.11773,
        "9_7": 0.36095,
        "19_7": 0.38715,
        "29_7": 0.92881,
        "2_8": 1.32049,
        "12_8": 1.28778,
        "13_8": 1.47371,
        "22_8": 0.51679,
        "26_8": 1.15443,
        "28_8": 0.04678,
        "8_9": 0.11516,
        "16_9": 0.2068,
        "19_9": 0.26255,
        "20_9": 0.52197,
        "23_9": 1.06173,
        "24_9": 0.27276,
        "27_9": 0.05324,
        "28_9": 0.24371,
        "4_10": 0.71922,
        "11_10": 0.11777,
        "12_10": 0.84701,
        "26_10": 0.38784,
        "28_10": 0.378,
        "4_11": 0.2083,
        "6_11": 0.65565,
        "8_11": 0.61374,
        "18_11": 0.83059,
        "2_12": 10.50638,
        "28_12": 3.26957,
        "2_13": 0.51909,
        "5_13": 0.16377,
        "6_13": 0.69682,
        "7_13": 0.43289,
        "14_13": 0.39276,
        "16_13": 0.04608,
        "17_13": 0.09558,
        "19_13": 0.34459,
        "20_13": 1.06604,
        "27_13": 0.33293,
        "10_14": 2.93551,
        "16_14": 0.92263,
        "17_14": 0.73593,
        "18_14": 0.16931,
        "21_14": 0.68602,
        "28_14": 0.37947,
        "6_15": 1.29214,
        "7_15": 2.58039,
        "16_15": 1.74394,
        "29_15": 0.30043,
        "0_16": 0.43394,
        "8_16": 0.55883,
        "15_16": 2.50442,
        "21_16": 0.42632,
        "23_16": 7.20443,
        "0_17": 0.0117,
        "8_17": 0.29521,
        "12_17": 1.41021,
        "17_17": 2.24765,
        "0_18": 0.04724,
        "9_18": 0.005,
        "11_18": 0.1784,
        "12_18": 0.36169,
        "15_18": 0.93647,
        "20_18": 0.593,
        "22_18": 0.21819,
        "25_18": 0.2108,
        "28_18": 0.69596,
        "1_19": 0.23559,
        "8_19": 0.36986,
        "13_19": 1.14356,
        "18_19": 0.36215,
        "20_19": 0.81346,
        "23_19": 3.51527,
        "28_19": 0.82415
    },
    "best": {
        "0": 7.4007895871184495,
        "1": 12.301079275644126,
        "2": 20.5841966059625,
        "3": 26.90094756049892,
        "4": 21.645057486236905,
        "5": 16.75923838451229,
        "6": 42.27864696844021,
        "7": 14.367005067360502,
        "8": 23.163848435184235,
        "9": 15.395730302886527,
        "10": 8.042782868865102,
        "11": 8.999392377057067,
        "12": 58.346191831278475,
        "13": 16.347819291980915,
        "14": 7.135945158455863,
        "15": 17.156331156047184,
        "16": 40.18211796925873,
        "17": 10.354371105531554,
        "18": 5.429309165861345,
        "19": 28.262983169847686
    },
    "best_mrt": [
        24.63219177038166,
        62.58182441775689,
        499.99999999987676,
        16.21786544033271,
        345.9853486883,
        147.81902805396692,
        499.9999999997048,
        499.9999999999902,
        152.0008868775785,
        43.29601013971001,
        499.99999999999665,
        51.30545009669536,
        499.9999999905862,
        106.97309828539429,
        25.39389715257792,
        372.1237079102621,
        315.0979814220216,
        490.9137912835688,
        499.9999999999975,
        69.88955694043811,
        300.7422438406579,
        167.2639288437276,
        67.45840857924512,
        500.0000000000342,
        64.67955376568099,
        77.04233940700964,
        118.11581058895334,
        24.559232408039325,
        350.39362438964963,
        110.0379969955796
    ],
    "SLA": 500
}