{
    "throughput": 8.0,
    "class_probs": {
        "0": 0.03552048848396265,
        "1": 0.029779181650519366,
        "2": 0.02644445699153236,
        "3": 0.05792942378873229,
        "4": 0.007822749830076343,
        "5": 0.04436542897619229,
        "6": 0.039589595584266474,
        "7": 0.011029229193157884,
        "8": 0.06432511006550884,
        "9": 0.06502441043425036,
        "10": 0.03249508333998828,
        "11": 0.028848491965247938,
        "12": 0.01938653508534281,
        "13": 0.012442312831348197,
        "14": 0.0637116222603982,
        "15": 0.018682284591801077,
        "16": 0.026393930561318005,
        "17": 0.015250746649114678,
        "18": 0.04426261161519017,
        "19": 0.020888469630621825,
        "20": 0.012441935090611792,
        "21": 0.032010828421402016,
        "22": 0.03398563373634028,
        "23": 0.056289935084243015,
        "24": 0.025799002004463514,
        "25": 0.048361727300746456,
        "26": 0.030753227202032142,
        "27": 0.010941031738583181,
        "28": 0.06725908647107767,
        "29": 0.017965429421929892
    },
    "best_objective": 193.62046982678606,
    "classes": [
        "0",
        "1",
        "2",
        "3",
        "4",
        "5",
        "6",
        "7",
        "8",
        "9",
        "10",
        "11",
        "12",
        "13",
        "14",
        "15",
        "16",
        "17",
        "18",
        "19",
        "20",
        "21",
        "22",
        "23",
        "24",
        "25",
        "26",
        "27",
        "28",
        "29"
    ],
    "resources": [
        "0",
        "1",
        "2",
        "3",
        "4",
        "5",
        "6",
        "7",
        "8",
        "9",
        "10",
        "11",
        "12",
        "13",
        "14",
        "15",
        "16",
        "17",
        "18",
        "19"
    ],
    "demands": {
        "4_0": 1.69374,
        "7_0": 0.28285,
        "10_0": 0.22358,
        "12_0": 0.68696,
        "15_0": 0.73202,
        "29_0": 0.12434,
        "3_1": 0.45796,
        "6_1": 0.28188,
        "7_1": 0.93169,
        "10_1": 0.32004,
        "11_1": 0.79078,
        "20_1": 0.37687,
        "24_1": 0.91832,
        "6_2": 0.14824,
        "7_2": 0.85162,
        "12_2": 0.26661,
        "18_2": 0.21383,
        "21_2": 0.30295,
        "22_2": 0.29211,
        "26_2": 0.15177,
        "28_2": 0.12493,
        "29_2": 0.52372,
        "5_3": 0.14917,
        "7_3": 1.0108,
        "8_3": 0.03948,
        "10_3": 0.42717,
        "22_3": 0.57958,
        "26_3": 0.588,
        "29_3": 0.66259,
        "1_4": 0.26158,
        "4_4": 2.17214,
        "5_4": 0.21936,
        "12_4": 0.80674,
        "13_4": 0.67878,
        "16_4": 0.55906,
        "17_4": 0.87845,
        "21_4": 0.44185,
        "26_4": 0.11871,
        "10_5": 0.31832,
        "12_5": 0.27585,
        "15_5": 0.11792,
        "16_5": 0.20723,
        "17_5": 0.36251,
        "21_5": 0.17434,
        "23_5": 0.22548,
        "29_5": 0.60657,
        "5_6": 0.47665,
        "8_6": 0.41609,
        "20_6": 0.43671,
        "5_7": 0.41845,
        "6_7": 0.17663,
        "10_7": 0.05101,
        "20_7": 1.71834,
        "23_7": 0.34147,
        "0_8": 0.93006,
        "8_8": 0.15508,
        "16_8": 1.06378,
        "24_8": 1.30551,
        "1_9": 0.07352,
        "2_9": 0.28041,
        "13_9": 0.09736,
        "14_9": 0.1294,
        "22_9": 0.21413,
        "23_9": 0.11175,
        "25_9": 0.0158,
        "28_9": 0.12506,
        "0_10": 0.09951,
        "3_10": 0.02888,
        "10_10": 0.18862,
        "16_10": 0.05675,
        "18_10": 0.1984,
        "20_10": 0.55099,
        "21_10": 0.14465,
        "23_10": 0.18256,
        "25_10": 0.1433,
        "6_11": 0.07366,
        "8_11": 0.22814,
        "9_11": 0.06431,
        "11_11": 0.44575,
        "12_11": 0.5737,
        "15_11": 0.68744,
        "18_11": 0.04045,
        "21_11": 0.05234,
        "22_11": 0.42767,
        "26_11": 0.11212,
        "27_11": 1.29403,
        "0_12": 0.42635,
        "13_12": 0.78032,
        "15_12": 0.52721,
        "18_12": 0.27361,
        "19_12": 0.68296,
        "20_12": 0.82734,
        "22_12": 0.53624,
        "25_12": 0.10925,
        "13_13": 0.89326,
        "18_13": 0.86647,
        "29_13": 1.62313,
        "1_14": 0.44291,
        "7_14": 1.40808,
        "8_14": 0.26953,
        "9_14": 0.05934,
        "14_14": 0.17096,
        "18_14": 0.11166,
        "2_15": 0.83625,
        "12_15": 0.88431,
        "22_15": 0.64016,
        "26_15": 0.45187,
        "1_16": 0.50494,
        "9_16": 0.26775,
        "13_16": 0.66646,
        "0_17": 0.25621,
        "7_17": 1.50527,
        "8_17": 0.17336,
        "11_17": 0.44562,
        "21_17": 0.11017,
        "28_17": 0.06036,
        "0_18": 0.10278,
        "6_18": 0.41846,
        "13_18": 1.06592,
        "19_18": 0.88519,
        "20_18": 0.85608,
        "23_18": 0.10211,
        "29_18": 0.71962,
        "5_19": 0.19386,
        "7_19": 0.53857,
        "8_19": 0.52082,
        "12_19": 0.85134,
        "27_19": 2.00624
    },
    "best": {
        "0": 10.03392997226995,
        "1": 13.876541173324858,
        "2": 12.679292816360064,
        "3": 12.953491593158946,
        "4": 10.745164350098662,
        "5": 5.439961367674266,
        "6": 6.113836078146788,
        "7": 11.823506010320287,
        "8": 3.8787516374403204,
        "9": 2.6922012648261244,
        "10": 6.7904580676417465,
        "11": 7.254438203652591,
        "12": 11.046315139637878,
        "13": 8.558192546575395,
        "14": 14.788008798513047,
        "15": 8.670281188902873,
        "16": 6.494685323446171,
        "17": 15.20436662200096,
        "18": 12.031305706473539,
        "19": 12.545741966321586
    },
    "best_mrt": [
        389.30908431880243,
        170.49022147346517,
        222.5417940631897,
        39.74846742283354,
        395.4421306053427,
        171.54340582906673,
        97.68761384667546,
        500.0000000000213,
        237.06778585584894,
        57.4574290100644,
        180.68695000630396,
        159.6169939556954,
        500.0000000000475,
        500.00000000003587,
        66.86940306295533,
        256.86052929082354,
        456.81438360819874,
        161.5132511628295,
        198.64995241248104,
        144.16725314802292,
        499.99999999981276,
        142.82862829390209,
        359.37076652295724,
        160.53508637803247,
        500.00000000000034,
        39.75389170867992,
        145.62669698490348,
        368.30601277484595,
        67.45688155135447,
        500.0000000000121
    ],
    "SLA": 500
}