{
    "throughput": 7.0,
    "class_probs": {
        "0": 0.02664430754134382,
        "1": 0.030088045638484964,
        "2": 0.03537285831975574,
        "3": 0.05364669638660222,
        "4": 0.020962586726925834,
        "5": 0.05181410034594194,
        "6": 0.048652717478009755,
        "7": 0.006877229398702773,
        "8": 0.014292243587329192,
        "9": 0.0522548867872674,
        "10": 0.0312133789846877,
        "11": 0.009119962146754831,
        "12": 0.009672499678322092,
        "13": 0.03007840793869161,
        "14": 0.039636721181123824,
        "15": 0.05894964242925245,
        "16": 0.054010000046389096,
        "17": 0.016441605648937763,
        "18": 0.03601401881797155,
        "19": 0.018530877416996785,
        "20": 0.0347903078454438,
        "21": 0.022061762710773914,
        "22": 0.054920399343407277,
        "23": 0.015455243208375637,
        "24": 0.03940785547496782,
        "25": 0.021923911760307457,
        "26": 0.059692577712578625,
        "27": 0.038136828065682915,
        "28": 0.04304624506866585,
        "29": 0.026292082310305255
    },
    "best_objective": 165.95153237806025,
    "classes": [
        "0",
        "1",
        "2",
        "3",
        "4",
        "5",
        "6",
        "7",
        "8",
        "9",
        "10",
        "11",
        "12",
        "13",
        "14",
        "15",
        "16",
        "17",
        "18",
        "19",
        "20",
        "21",
        "22",
        "23",
        "24",
        "25",
        "26",
        "27",
        "28",
        "29"
    ],
    "resources": [
        "0",
        "1",
        "2",
        "3",
        "4",
        "5",
        "6",
        "7",
        "8",
        "9",
        "10",
        "11",
        "12",
        "13",
        "14",
        "15",
        "16",
        "17",
        "18",
        "19"
    ],
    "demands": {
        "14_0": 2.59813,
        "4_1": 0.11962,
        "7_1": 1.03993,
        "8_1": 0.76977,
        "16_1": 0.0604,
        "17_1": 1.05947,
        "18_1": 0.07033,
        "19_1": 0.54397,
        "0_2": 0.07889,
        "6_2": 0.3134,
        "9_2": 0.44241,
        "13_2": 0.0781,
        "17_2": 0.00799,
        "20_2": 0.29209,
        "22_2": 0.30824,
        "25_2": 1.13533,
        "26_2": 0.06611,
        "27_2": 0.21082,
        "11_3": 1.22423,
        "15_3": 0.28333,
        "16_3": 0.21699,
        "20_3": 0.1546,
        "27_3": 0.51547,
        "0_4": 0.56608,
        "1_4": 0.49923,
        "2_4": 0.20811,
        "14_4": 0.06193,
        "19_4": 0.45593,
        "26_4": 0.14908,
        "29_4": 0.13837,
        "7_5": 0.33841,
        "13_5": 0.18355,
        "21_5": 0.52111,
        "22_5": 0.40881,
        "25_5": 1.57952,
        "1_6": 0.31653,
        "5_6": 0.24855,
        "8_6": 0.06948,
        "12_6": 0.26319,
        "18_6": 0.0386,
        "20_6": 0.30824,
        "21_6": 0.46316,
        "26_6": 0.18179,
        "28_6": 0.27129,
        "4_7": 1.22777,
        "20_7": 0.23013,
        "28_7": 0.72241,
        "0_8": 0.31915,
        "13_8": 0.39426,
        "16_8": 0.13378,
        "18_8": 0.46296,
        "29_8": 0.12559,
        "11_9": 0.60821,
        "12_9": 1.45869,
        "13_9": 0.19311,
        "16_9": 0.31957,
        "17_9": 0.96447,
        "20_9": 0.24001,
        "21_9": 0.79549,
        "23_9": 0.52313,
        "24_9": 0.40721,
        "17_10": 1.23529,
        "23_10": 0.36632,
        "25_10": 0.76478,
        "26_10": 0.29814,
        "5_11": 0.33556,
        "8_11": 0.40238,
        "9_11": 0.36339,
        "14_11": 0.01457,
        "15_11": 0.23256,
        "17_11": 0.80608,
        "20_11": 0.62624,
        "24_11": 0.28209,
        "0_12": 0.01458,
        "6_12": 0.15073,
        "8_12": 0.30781,
        "10_12": 0.17433,
        "15_12": 0.2301,
        "17_12": 0.35403,
        "19_12": 0.52152,
        "21_12": 0.12999,
        "23_12": 0.60499,
        "1_13": 0.6115,
        "2_13": 0.5407,
        "3_13": 0.1405,
        "9_13": 0.28493,
        "21_13": 0.83191,
        "24_13": 0.60909,
        "4_14": 0.65082,
        "7_14": 0.31306,
        "10_14": 0.64769,
        "13_14": 0.30286,
        "16_14": 0.39503,
        "21_14": 0.46857,
        "28_14": 0.50573,
        "0_15": 0.16008,
        "2_15": 0.40702,
        "5_15": 0.28009,
        "9_15": 0.19088,
        "17_15": 0.1963,
        "19_15": 0.15982,
        "0_16": 0.3066,
        "2_16": 0.12341,
        "5_16": 0.14231,
        "6_16": 0.10828,
        "11_16": 0.92694,
        "16_16": 0.12236,
        "20_16": 0.03341,
        "23_16": 0.42189,
        "27_16": 0.20782,
        "29_16": 0.27808,
        "5_17": 0.26277,
        "11_17": 0.69427,
        "12_17": 1.67684,
        "23_17": 1.62644,
        "24_17": 0.54979,
        "25_17": 0.33533,
        "3_18": 0.34529,
        "14_18": 0.42903,
        "25_18": 1.07726,
        "1_19": 0.86509,
        "6_19": 0.62978,
        "11_19": 2.82675,
        "16_19": 0.1845,
        "18_19": 0.40942,
        "29_19": 0.74797
    },
    "best": {
        "0": 6.857162753736107,
        "1": 9.680768857156316,
        "2": 9.33415486070508,
        "3": 11.360946068487989,
        "4": 2.883026294586545,
        "5": 11.43687525437468,
        "6": 4.516185063268728,
        "7": 3.95215605453728,
        "8": 2.034886422965113,
        "9": 13.589334194604923,
        "10": 12.599936097081136,
        "11": 8.789673059338595,
        "12": 6.172988810131,
        "13": 6.1045560923269075,
        "14": 5.469168113917444,
        "15": 4.500798277164506,
        "16": 10.079678665065329,
        "17": 10.058536402006446,
        "18": 9.066903063419005,
        "19": 17.463797973187123
    },
    "best_mrt": [
        499.99999998277565,
        447.6140714271965,
        295.8108985999026,
        65.9791698672085,
        500.0000000000007,
        213.43801792701822,
        111.89404755243231,
        208.3293214985214,
        203.3038575674491,
        195.36230316129217,
        165.7817091698627,
        500.0000000000064,
        357.0528582819514,
        336.0081612246271,
        499.9999999980693,
        94.72472086093936,
        236.38067454246513,
        499.99999999999756,
        313.87789573060206,
        373.043073262148,
        290.40219127827595,
        499.9999999999999,
        73.4003722222161,
        392.19200774312316,
        238.05177442748027,
        500.0000000000013,
        138.083824894246,
        93.37181614038062,
        379.798997020045,
        204.09312330966807
    ],
    "SLA": 500
}