{
    "throughput": 6.0,
    "class_probs": {
        "0": 0.03809589251110275,
        "1": 0.009888908775311074,
        "2": 0.02092141943788071,
        "3": 0.04462562379753837,
        "4": 0.040174176211393374,
        "5": 0.03169589040329259,
        "6": 0.01908230237090209,
        "7": 0.039151676108187754,
        "8": 0.05926022978946344,
        "9": 0.07378669473942524,
        "10": 0.019882420386567862,
        "11": 0.058137016672648506,
        "12": 0.03793038812676155,
        "13": 0.039012556947269995,
        "14": 0.029931382751519835,
        "15": 0.01920779616635283,
        "16": 0.03150008367672718,
        "17": 0.025591147655399712,
        "18": 0.07538851528854916,
        "19": 0.03313518168934884,
        "20": 0.009421098884188588,
        "21": 0.023178421239746807,
        "22": 0.02869641473889721,
        "23": 0.010934167070956688,
        "24": 0.028812650066359063,
        "25": 0.01636148184250974,
        "26": 0.055229036527376,
        "27": 0.048094611746616875,
        "28": 0.021058900795705732,
        "29": 0.011813913582000292
    },
    "best_objective": 289.66121090629895,
    "classes": [
        "0",
        "1",
        "2",
        "3",
        "4",
        "5",
        "6",
        "7",
        "8",
        "9",
        "10",
        "11",
        "12",
        "13",
        "14",
        "15",
        "16",
        "17",
        "18",
        "19",
        "20",
        "21",
        "22",
        "23",
        "24",
        "25",
        "26",
        "27",
        "28",
        "29"
    ],
    "resources": [
        "0",
        "1",
        "2",
        "3",
        "4",
        "5",
        "6",
        "7",
        "8",
        "9",
        "10",
        "11",
        "12",
        "13",
        "14",
        "15",
        "16",
        "17",
        "18",
        "19"
    ],
    "demands": {
        "1_0": 1.12687,
        "3_0": 0.16842,
        "5_0": 0.22548,
        "6_0": 0.13103,
        "18_0": 0.00071,
        "25_0": 0.6045,
        "26_0": 0.07915,
        "28_0": 0.30067,
        "29_0": 0.71081,
        "4_1": 0.34081,
        "7_1": 0.58563,
        "9_1": 0.40918,
        "10_1": 0.37942,
        "19_1": 0.99711,
        "21_1": 0.33733,
        "27_1": 0.62607,
        "0_2": 0.52751,
        "3_2": 0.12405,
        "9_2": 0.00533,
        "10_2": 1.01863,
        "28_2": 2.30506,
        "2_3": 1.76317,
        "9_3": 1.01501,
        "15_3": 0.44311,
        "21_4": 3.6773,
        "27_4": 1.0871,
        "28_4": 0.13737,
        "10_5": 1.99251,
        "12_5": 0.743,
        "14_5": 0.1004,
        "18_5": 0.04101,
        "3_6": 0.02024,
        "9_6": 0.21763,
        "11_6": 0.13596,
        "13_6": 0.4285,
        "16_6": 0.38097,
        "18_6": 0.23402,
        "19_6": 0.48411,
        "20_6": 0.63752,
        "29_6": 0.03532,
        "2_7": 1.46154,
        "7_7": 0.4951,
        "8_7": 0.62431,
        "15_7": 1.6268,
        "21_7": 0.90936,
        "0_8": 0.02005,
        "3_8": 0.24706,
        "5_8": 0.20977,
        "7_8": 0.13989,
        "11_8": 0.25162,
        "12_8": 0.10908,
        "13_8": 0.09598,
        "16_8": 0.35279,
        "18_8": 0.1401,
        "24_8": 0.4418,
        "5_9": 0.44598,
        "17_9": 0.8518,
        "18_9": 0.31503,
        "24_9": 0.8475,
        "8_10": 0.13837,
        "12_10": 0.32838,
        "16_10": 0.36726,
        "18_10": 0.1516,
        "19_10": 0.17719,
        "20_10": 0.68935,
        "21_10": 0.14576,
        "23_10": 0.64168,
        "28_10": 0.54121,
        "0_11": 0.06497,
        "1_11": 4.11909,
        "5_11": 1.24123,
        "9_11": 0.52909,
        "20_11": 1.17465,
        "18_12": 0.50288,
        "23_12": 3.07824,
        "24_12": 1.27209,
        "29_12": 0.75169,
        "1_13": 2.2859,
        "12_13": 0.47437,
        "22_13": 0.54357,
        "24_13": 0.53359,
        "0_14": 0.25321,
        "12_14": 0.2545,
        "15_14": 1.95857,
        "19_14": 0.92828,
        "20_14": 0.73466,
        "26_14": 0.78982,
        "27_14": 0.12218,
        "1_15": 4.25899,
        "19_15": 0.55034,
        "20_15": 2.42548,
        "23_15": 2.8302,
        "26_15": 0.06074,
        "7_16": 0.64649,
        "8_16": 0.7072,
        "15_16": 0.9371,
        "23_16": 3.09458,
        "24_16": 0.58433,
        "25_16": 0.61892,
        "0_17": 0.14521,
        "6_17": 0.49012,
        "9_17": 0.38541,
        "12_17": 0.24962,
        "17_17": 1.49937,
        "19_17": 0.80251,
        "26_17": 0.43068,
        "4_18": 0.25275,
        "5_18": 0.75437,
        "20_18": 0.38641,
        "22_18": 0.80099,
        "23_18": 0.97996,
        "29_18": 2.41805,
        "0_19": 0.30715,
        "1_19": 2.52093,
        "13_19": 0.62325,
        "14_19": 0.83128,
        "15_19": 0.6799,
        "28_19": 0.61487,
        "29_19": 1.08975
    },
    "best": {
        "0": 17.105589598638755,
        "1": 8.561784974244311,
        "2": 6.444162480014769,
        "3": 5.702038129906081,
        "4": 11.314900974377514,
        "5": 7.629208251083132,
        "6": 4.929431890419167,
        "7": 10.84833528777177,
        "8": 3.1694407845116546,
        "9": 4.222660943352189,
        "10": 10.752660284067382,
        "11": 32.78164450977523,
        "12": 22.26368353934657,
        "13": 24.439162150851807,
        "14": 11.75085333792169,
        "15": 39.27779342249272,
        "16": 23.129725007418195,
        "17": 6.472197490062966,
        "18": 12.490552086161443,
        "19": 26.375385763881596
    },
    "best_mrt": [
        160.35470720711288,
        500.000000000002,
        500.0000000000009,
        127.82976303185504,
        65.57561159399172,
        313.79230293286963,
        94.98130995681456,
        206.76584617228653,
        107.58384680334979,
        392.8389878488053,
        500.00000000000045,
        124.86334141438147,
        263.48561565060254,
        158.18953285656895,
        46.4094180670071,
        500.0000000000014,
        254.35724501362773,
        495.75003482128005,
        234.31559734779935,
        500.0000000000084,
        412.5822679418989,
        500.00000000000165,
        90.00218209344344,
        500.0000000000064,
        500.00000000000864,
        63.87694281780773,
        155.4417821664761,
        196.444384852182,
        500.0000000000027,
        331.2373898018218
    ],
    "SLA": 500
}