{
    "throughput": 9.0,
    "class_probs": {
        "0": 0.02087618513292017,
        "1": 0.021730171095673174,
        "2": 0.042374281901078274,
        "3": 0.006200854996098152,
        "4": 0.03407443440029065,
        "5": 0.042118944814777785,
        "6": 0.04172224802553933,
        "7": 0.05628691158756552,
        "8": 0.013089288492698754,
        "9": 0.030778044281170144,
        "10": 0.04719890627838376,
        "11": 0.028941399884307745,
        "12": 0.03570609593997898,
        "13": 0.05244915981675281,
        "14": 0.05306177995584782,
        "15": 0.034203168127424376,
        "16": 0.04440329056961912,
        "17": 0.03693356381211397,
        "18": 0.036427458077166686,
        "19": 0.05371577350527267,
        "20": 0.042966315831957154,
        "21": 0.04545361870295042,
        "22": 0.014503984475437803,
        "23": 0.010535907815854145,
        "24": 0.006095033122346678,
        "25": 0.05339138198792004,
        "26": 0.025391641658400608,
        "27": 0.012834822064673675,
        "28": 0.01764619494096644,
        "29": 0.038889138704813205
    },
    "best_objective": 187.2277367792074,
    "classes": [
        "0",
        "1",
        "2",
        "3",
        "4",
        "5",
        "6",
        "7",
        "8",
        "9",
        "10",
        "11",
        "12",
        "13",
        "14",
        "15",
        "16",
        "17",
        "18",
        "19",
        "20",
        "21",
        "22",
        "23",
        "24",
        "25",
        "26",
        "27",
        "28",
        "29"
    ],
    "resources": [
        "0",
        "1",
        "2",
        "3",
        "4",
        "5",
        "6",
        "7",
        "8",
        "9",
        "10",
        "11",
        "12",
        "13",
        "14",
        "15",
        "16",
        "17",
        "18",
        "19"
    ],
    "demands": {
        "5_0": 0.14624,
        "14_0": 0.02835,
        "15_0": 0.2171,
        "18_0": 0.2321,
        "22_0": 0.56068,
        "28_0": 0.55538,
        "4_1": 0.3278,
        "6_1": 0.05023,
        "11_1": 0.1283,
        "12_1": 0.48709,
        "19_1": 0.12527,
        "23_1": 0.66091,
        "29_1": 0.01978,
        "10_2": 0.3532,
        "17_2": 0.41796,
        "18_2": 0.29446,
        "23_2": 1.00968,
        "24_2": 2.84588,
        "3_3": 2.78555,
        "9_3": 0.02148,
        "11_3": 0.4294,
        "12_3": 0.22172,
        "15_3": 0.02049,
        "18_3": 0.01064,
        "20_3": 0.38963,
        "25_3": 0.33006,
        "27_3": 0.86382,
        "28_3": 0.61481,
        "7_4": 0.13008,
        "16_4": 0.08497,
        "17_4": 0.24525,
        "19_4": 0.04421,
        "21_4": 0.16419,
        "26_4": 0.36138,
        "27_4": 0.03712,
        "28_4": 0.2998,
        "4_5": 0.24834,
        "5_5": 0.45476,
        "10_5": 0.55803,
        "11_5": 1.26995,
        "21_5": 0.11178,
        "2_6": 0.2758,
        "18_6": 0.11373,
        "19_6": 0.1985,
        "22_6": 0.72468,
        "29_6": 0.1679,
        "6_7": 0.12642,
        "14_7": 0.10356,
        "16_7": 0.17632,
        "22_7": 0.61952,
        "24_7": 1.57967,
        "5_8": 0.24778,
        "15_8": 0.48964,
        "19_8": 0.50671,
        "27_8": 1.00091,
        "29_8": 0.53004,
        "0_9": 0.20714,
        "2_9": 0.01401,
        "6_9": 0.23256,
        "7_9": 0.15843,
        "8_9": 0.64874,
        "12_9": 0.3521,
        "13_9": 0.17903,
        "14_9": 0.02096,
        "15_9": 0.0579,
        "17_9": 0.21078,
        "19_9": 0.05704,
        "20_9": 0.19358,
        "29_9": 0.1789,
        "1_10": 0.20678,
        "6_10": 0.09388,
        "7_10": 0.10995,
        "11_10": 0.04653,
        "15_10": 0.25026,
        "20_10": 0.16705,
        "22_10": 0.21037,
        "7_11": 0.26806,
        "13_11": 0.08838,
        "16_11": 0.22888,
        "18_11": 0.00335,
        "21_11": 0.28768,
        "25_11": 0.2088,
        "27_11": 0.92996,
        "29_11": 0.15039,
        "1_12": 1.03561,
        "2_12": 0.25735,
        "3_12": 1.22456,
        "11_12": 0.15636,
        "15_12": 0.36504,
        "22_12": 0.09756,
        "29_12": 0.22081,
        "3_13": 2.34754,
        "6_13": 0.43425,
        "9_13": 0.3316,
        "11_13": 0.7791,
        "20_13": 0.03141,
        "21_13": 0.13927,
        "1_14": 0.73658,
        "16_14": 0.28061,
        "19_14": 0.01152,
        "20_14": 0.33151,
        "22_14": 1.20471,
        "25_14": 0.24194,
        "1_15": 0.07926,
        "2_15": 0.04629,
        "8_15": 0.61009,
        "12_15": 0.15272,
        "14_15": 0.15101,
        "22_15": 0.17988,
        "23_15": 0.66423,
        "3_16": 3.42199,
        "5_16": 0.87542,
        "26_16": 0.85988,
        "5_17": 0.69117,
        "7_17": 0.43386,
        "8_17": 0.35779,
        "10_17": 0.14743,
        "16_17": 0.12425,
        "24_17": 0.22654,
        "25_17": 0.43607,
        "0_18": 0.2489,
        "1_18": 0.07828,
        "7_18": 0.11016,
        "9_18": 0.09674,
        "10_18": 0.31186,
        "11_18": 0.21528,
        "25_18": 0.21015,
        "27_18": 1.16141,
        "4_19": 0.77965,
        "5_19": 0.38616,
        "8_19": 1.62727,
        "13_19": 0.0458,
        "21_19": 0.2861,
        "24_19": 0.40938
    },
    "best": {
        "0": 6.224891504962208,
        "1": 2.642750236491486,
        "2": 11.947926670690068,
        "3": 22.112761033860323,
        "4": 1.7515120425243083,
        "5": 4.736566940596878,
        "6": 7.044377898135761,
        "7": 10.63122803968084,
        "8": 7.785904933678426,
        "9": 5.543926484691181,
        "10": 3.972866252852973,
        "11": 7.390827686280542,
        "12": 14.23400375547577,
        "13": 19.36526410912576,
        "14": 9.240929865388685,
        "15": 6.309575378951188,
        "16": 23.006384563245913,
        "17": 5.59720825114597,
        "18": 8.2705341808322,
        "19": 9.41829695059691
    },
    "best_mrt": [
        75.51425821525733,
        241.77296950504177,
        70.99074603069218,
        500.0000000000007,
        302.69741407322226,
        407.4010839860151,
        132.4375082798398,
        305.2500052312579,
        500.0000000000069,
        31.296554226523416,
        246.8548450257353,
        500.00000000000364,
        330.406154088899,
        55.72044938126097,
        44.455341992147915,
        215.30734831467834,
        173.07854810259775,
        262.96692786170723,
        83.79151306367243,
        205.18891133507466,
        144.67161673623417,
        233.80446530383816,
        500.0000000000198,
        500.0000000000012,
        500.0000000000048,
        194.0057910350052,
        306.8447290828243,
        500.00000000000955,
        346.3906862735246,
        185.8118158447264
    ],
    "SLA": 500
}