{
    "throughput": 8.0,
    "class_probs": {
        "0": 0.03143835716368271,
        "1": 0.03122292627221102,
        "2": 0.06047002719501583,
        "3": 0.02103930852316261,
        "4": 0.033157434870437034,
        "5": 0.013526250135480773,
        "6": 0.028409622361915923,
        "7": 0.0634651306724452,
        "8": 0.05908055941533257,
        "9": 0.007220992968187788,
        "10": 0.02464712538364885,
        "11": 0.014490298291827108,
        "12": 0.05720513905781113,
        "13": 0.03571425459995889,
        "14": 0.014297658941344741,
        "15": 0.014731657767375471,
        "16": 0.043992546734399715,
        "17": 0.06230373485542131,
        "18": 0.03402009344991672,
        "19": 0.033490997841245276,
        "20": 0.06165008494104702,
        "21": 0.009190417127468768,
        "22": 0.0386003013683421,
        "23": 0.04064376236587551,
        "24": 0.05013736645744497,
        "25": 0.0409374901710256,
        "26": 0.010814528528565171,
        "27": 0.0100395965702985,
        "28": 0.04277143594543092,
        "29": 0.01129090002368081
    },
    "best_objective": 130.7085025464668,
    "classes": [
        "0",
        "1",
        "2",
        "3",
        "4",
        "5",
        "6",
        "7",
        "8",
        "9",
        "10",
        "11",
        "12",
        "13",
        "14",
        "15",
        "16",
        "17",
        "18",
        "19",
        "20",
        "21",
        "22",
        "23",
        "24",
        "25",
        "26",
        "27",
        "28",
        "29"
    ],
    "resources": [
        "0",
        "1",
        "2",
        "3",
        "4",
        "5",
        "6",
        "7",
        "8",
        "9",
        "10",
        "11",
        "12",
        "13",
        "14",
        "15",
        "16",
        "17",
        "18",
        "19"
    ],
    "demands": {
        "1_0": 0.03732,
        "6_0": 0.5409,
        "9_0": 1.58459,
        "13_0": 0.35906,
        "15_0": 0.127,
        "17_0": 0.16117,
        "1_1": 0.54353,
        "2_1": 0.09504,
        "12_1": 0.1793,
        "16_1": 0.1279,
        "22_1": 0.3924,
        "24_1": 0.3823,
        "16_2": 0.16487,
        "20_2": 0.38466,
        "27_2": 1.40973,
        "7_3": 0.04128,
        "12_3": 0.32584,
        "17_3": 0.12976,
        "20_3": 0.41746,
        "0_4": 0.03375,
        "2_4": 0.03144,
        "7_4": 0.20042,
        "11_4": 0.06834,
        "12_4": 0.17893,
        "13_4": 0.27738,
        "14_4": 0.49272,
        "17_4": 0.33815,
        "21_4": 2.34852,
        "1_5": 0.02503,
        "5_5": 1.62011,
        "7_5": 0.20918,
        "8_5": 0.07144,
        "15_5": 1.36673,
        "17_5": 0.15978,
        "22_5": 0.45451,
        "23_5": 0.1525,
        "0_6": 0.38763,
        "3_6": 0.84719,
        "5_6": 0.32035,
        "19_6": 0.41021,
        "24_6": 0.2557,
        "2_7": 0.18394,
        "4_7": 0.16417,
        "8_7": 0.50318,
        "23_7": 0.70178,
        "25_7": 0.68504,
        "28_7": 0.05699,
        "5_8": 1.41181,
        "6_8": 0.59948,
        "12_8": 0.22045,
        "16_8": 0.59167,
        "18_8": 0.38387,
        "22_8": 0.02391,
        "29_8": 1.76629,
        "0_9": 0.19937,
        "6_9": 0.18066,
        "7_9": 0.20948,
        "10_9": 0.09119,
        "18_9": 0.17457,
        "19_9": 0.36688,
        "25_9": 0.2973,
        "1_10": 0.73305,
        "2_10": 0.56248,
        "11_10": 0.50695,
        "17_10": 0.06645,
        "22_10": 0.2656,
        "24_10": 0.37402,
        "4_11": 0.1611,
        "8_11": 0.01587,
        "9_11": 0.08518,
        "10_11": 0.25993,
        "12_11": 0.15229,
        "22_11": 0.20885,
        "23_11": 0.41496,
        "28_11": 0.01265,
        "29_11": 0.30052,
        "4_12": 0.28201,
        "9_12": 0.40765,
        "16_12": 0.26047,
        "20_12": 0.1224,
        "25_12": 0.13926,
        "27_12": 0.76247,
        "2_13": 0.21244,
        "3_13": 0.02654,
        "26_13": 3.15017,
        "3_14": 0.35311,
        "5_14": 0.02095,
        "7_14": 0.18748,
        "8_14": 0.29573,
        "14_14": 0.93899,
        "15_14": 0.07767,
        "17_14": 0.13557,
        "20_14": 0.31129,
        "21_14": 0.90155,
        "24_14": 0.09945,
        "25_14": 0.13762,
        "2_15": 0.06437,
        "10_15": 1.01819,
        "18_15": 0.23447,
        "23_15": 0.82552,
        "24_15": 0.40427,
        "27_15": 0.03042,
        "28_15": 0.01391,
        "29_15": 0.81851,
        "1_16": 0.09927,
        "6_16": 0.29156,
        "8_16": 0.22093,
        "10_16": 0.2548,
        "13_16": 0.05346,
        "28_16": 0.25652,
        "0_17": 0.31699,
        "12_17": 0.58751,
        "10_18": 1.20384,
        "17_18": 0.36481,
        "26_18": 2.03202,
        "29_18": 3.33985,
        "0_19": 0.08497,
        "3_19": 0.19265,
        "20_19": 0.04826,
        "26_19": 1.35218,
        "27_19": 1.57654
    },
    "best": {
        "0": 4.313113495649983,
        "1": 3.6469715624128383,
        "2": 7.135848732842074,
        "3": 2.5122682705689567,
        "4": 8.250971587622509,
        "5": 6.885113265567327,
        "6": 3.19873281676206,
        "7": 3.3563136502355624,
        "8": 13.331366060882685,
        "9": 2.1777561253654913,
        "10": 3.857066772431797,
        "11": 5.22266549017431,
        "12": 5.784459378575949,
        "13": 12.503818125203292,
        "14": 5.548027159905784,
        "15": 8.325253769815058,
        "16": 1.7518272167214728,
        "17": 3.1303327394073173,
        "18": 18.758416816778215,
        "19": 11.018179509544108
    },
    "best_mrt": [
        385.2966937930038,
        500.0000003022376,
        317.1802248142541,
        406.7849053795396,
        150.7197173967864,
        500.00000015084225,
        500.0000000016275,
        241.77341523871925,
        434.66079327476797,
        500.00000000377077,
        491.46081614432666,
        173.7456996457794,
        500.00000007620184,
        167.06782445462446,
        262.34905069127586,
        271.79579864693864,
        161.55495206295421,
        245.3213860231519,
        163.5429947443956,
        364.7057866098592,
        350.7185464006498,
        500.00000001543566,
        333.7715576852186,
        500.00000002069487,
        415.2609323300398,
        500.0000000047604,
        500.00000000057867,
        500.00000000431675,
        209.9763089530009,
        500.00000001390345
    ],
    "SLA": 500
}