{
    "throughput": 6.0,
    "class_probs": {
        "0": 0.006014024574864623,
        "1": 0.04357553716989143,
        "2": 0.033103231189429434,
        "3": 0.028168106070959466,
        "4": 0.0212625313069988,
        "5": 0.008112801955122914,
        "6": 0.038119054541022185,
        "7": 0.0267099550020682,
        "8": 0.02383138782722611,
        "9": 0.053307711562240484,
        "10": 0.047284882010197045,
        "11": 0.04922096039221167,
        "12": 0.04897129108985264,
        "13": 0.03787433503144929,
        "14": 0.0524441800729754,
        "15": 0.049352833020254255,
        "16": 0.04766193558058869,
        "17": 0.0438776458507043,
        "18": 0.04922937218293899,
        "19": 0.01982172092462443,
        "20": 0.035446844777103526,
        "21": 0.01565313278379439,
        "22": 0.04290315850043958,
        "23": 0.04970774517986739,
        "24": 0.02381229070493818,
        "25": 0.016216877652189366,
        "26": 0.03156662278517077,
        "27": 0.038750674007899125,
        "28": 0.011688665815673778,
        "29": 0.0063104904373035365
    },
    "best_objective": 200.13499604910575,
    "classes": [
        "0",
        "1",
        "2",
        "3",
        "4",
        "5",
        "6",
        "7",
        "8",
        "9",
        "10",
        "11",
        "12",
        "13",
        "14",
        "15",
        "16",
        "17",
        "18",
        "19",
        "20",
        "21",
        "22",
        "23",
        "24",
        "25",
        "26",
        "27",
        "28",
        "29"
    ],
    "resources": [
        "0",
        "1",
        "2",
        "3",
        "4",
        "5",
        "6",
        "7",
        "8",
        "9",
        "10",
        "11",
        "12",
        "13",
        "14",
        "15",
        "16",
        "17",
        "18",
        "19"
    ],
    "demands": {
        "1_0": 0.11082,
        "2_0": 0.79784,
        "3_0": 0.12326,
        "12_0": 0.56605,
        "23_0": 0.07258,
        "25_0": 0.71058,
        "7_1": 0.15254,
        "16_1": 0.03985,
        "19_1": 0.52046,
        "23_1": 0.38794,
        "24_1": 0.94722,
        "27_1": 0.42207,
        "28_1": 0.36794,
        "2_2": 0.64834,
        "8_2": 2.09154,
        "16_2": 1.14222,
        "10_3": 1.74294,
        "15_3": 0.6874,
        "16_3": 0.03994,
        "7_4": 0.70402,
        "16_4": 0.36431,
        "23_4": 0.33507,
        "24_4": 0.67046,
        "25_4": 0.41539,
        "29_4": 2.25726,
        "1_5": 0.11762,
        "2_5": 0.22527,
        "5_5": 3.99137,
        "12_5": 0.03155,
        "14_5": 0.42823,
        "15_5": 0.0911,
        "26_5": 0.53941,
        "29_5": 1.03901,
        "2_6": 0.7986,
        "6_6": 0.42105,
        "8_6": 1.0712,
        "9_6": 0.14529,
        "12_6": 0.15639,
        "13_6": 0.06545,
        "15_6": 0.28922,
        "17_6": 0.29666,
        "26_6": 0.44303,
        "9_7": 0.47667,
        "11_7": 0.43369,
        "13_7": 0.0765,
        "27_7": 0.21535,
        "28_7": 1.68892,
        "14_8": 0.69511,
        "21_8": 4.06751,
        "0_9": 3.20247,
        "4_9": 1.34956,
        "5_9": 1.77114,
        "6_9": 0.14835,
        "8_9": 0.03661,
        "9_9": 0.13955,
        "10_9": 0.54647,
        "14_9": 0.00677,
        "17_9": 0.32061,
        "1_10": 0.15502,
        "6_10": 1.21815,
        "7_10": 0.09561,
        "12_10": 0.94243,
        "17_10": 0.23089,
        "1_11": 0.44611,
        "7_11": 0.09244,
        "12_11": 0.0672,
        "16_11": 0.42094,
        "20_11": 0.43162,
        "27_11": 0.36332,
        "2_12": 0.51425,
        "9_12": 0.03072,
        "13_12": 0.16133,
        "16_12": 0.16666,
        "18_12": 0.21339,
        "23_12": 0.03687,
        "24_12": 0.77557,
        "27_12": 0.22967,
        "28_12": 0.89947,
        "29_12": 2.52032,
        "4_13": 1.09861,
        "12_13": 1.457,
        "4_14": 0.81082,
        "6_14": 0.29676,
        "17_14": 0.64488,
        "21_14": 0.49294,
        "22_14": 0.02777,
        "26_14": 0.94763,
        "2_15": 0.22729,
        "3_15": 2.66454,
        "15_15": 0.98749,
        "21_15": 0.04125,
        "2_16": 0.05178,
        "8_16": 2.50077,
        "9_16": 0.41847,
        "18_16": 0.58076,
        "4_17": 1.31127,
        "10_17": 0.20347,
        "22_17": 1.05592,
        "25_17": 1.55264,
        "27_17": 0.16077,
        "28_17": 1.88318,
        "7_18": 0.22824,
        "11_18": 0.215,
        "12_18": 0.10491,
        "14_18": 0.23997,
        "15_18": 0.33951,
        "16_18": 0.51193,
        "26_18": 0.40726,
        "28_18": 2.48775,
        "0_19": 1.64589,
        "1_19": 0.00248,
        "6_19": 0.07362,
        "17_19": 0.3964,
        "19_19": 0.40405,
        "20_19": 0.29804,
        "23_19": 0.42195
    },
    "best": {
        "0": 5.496795838715479,
        "1": 7.120763028675285,
        "2": 12.443144026363653,
        "3": 4.6508986187945265,
        "4": 10.172517763658323,
        "5": 11.81899134953017,
        "6": 9.514081070940884,
        "7": 14.709733577872653,
        "8": 11.144624789411003,
        "9": 12.931628463879143,
        "10": 6.982164084521278,
        "11": 2.1328050184371956,
        "12": 15.141972501306366,
        "13": 9.061084865901197,
        "14": 5.186575781145826,
        "15": 6.395397869244631,
        "16": 13.454365576473666,
        "17": 16.32985382487784,
        "18": 18.11925848804464,
        "19": 7.328339511312013
    },
    "best_mrt": [
        500.0000000000008,
        322.1791983232081,
        405.30313273991504,
        500.00000000000045,
        500.00000000000244,
        500.0000000000002,
        328.2842772667708,
        179.14282894532107,
        500.0000000000009,
        96.3299558937845,
        500.0000000000001,
        42.79488757250736,
        500.00000000071645,
        23.93883435061029,
        118.36884061333998,
        411.27957299084215,
        442.3373928850238,
        293.8783035168543,
        60.10597357665421,
        136.76238115370919,
        299.29308970383613,
        500.00000000000057,
        74.08947746632366,
        171.15911176463467,
        265.382347508052,
        284.4357789770863,
        327.4622319818553,
        320.3822988725858,
        500.0000000000008,
        500.0000000000001
    ],
    "SLA": 500
}