{
    "throughput": 6.0,
    "class_probs": {
        "0": 0.028539617948354214,
        "1": 0.008795174231960988,
        "2": 0.021563830579876243,
        "3": 0.011395723603853597,
        "4": 0.030670552880731165,
        "5": 0.03337948228398151,
        "6": 0.04616025387789457,
        "7": 0.05310975986091989,
        "8": 0.03889613504622004,
        "9": 0.035854948899570395,
        "10": 0.022935545968811945,
        "11": 0.047788468726637154,
        "12": 0.007263779789577903,
        "13": 0.012862133233947338,
        "14": 0.008017081789441112,
        "15": 0.057756543161720894,
        "16": 0.012802922424889495,
        "17": 0.056849506405035166,
        "18": 0.05223268995501016,
        "19": 0.019718964922472087,
        "20": 0.04208333647035679,
        "21": 0.022337663294231792,
        "22": 0.049682568896407917,
        "23": 0.03684046751676508,
        "24": 0.0509215132855929,
        "25": 0.044452343770580695,
        "26": 0.03422041609039463,
        "27": 0.04819786191593872,
        "28": 0.04395922304078266,
        "29": 0.02071149012804286
    },
    "best_objective": 204.0927587030543,
    "classes": [
        "0",
        "1",
        "2",
        "3",
        "4",
        "5",
        "6",
        "7",
        "8",
        "9",
        "10",
        "11",
        "12",
        "13",
        "14",
        "15",
        "16",
        "17",
        "18",
        "19",
        "20",
        "21",
        "22",
        "23",
        "24",
        "25",
        "26",
        "27",
        "28",
        "29"
    ],
    "resources": [
        "0",
        "1",
        "2",
        "3",
        "4",
        "5",
        "6",
        "7",
        "8",
        "9",
        "10",
        "11",
        "12",
        "13",
        "14",
        "15",
        "16",
        "17",
        "18",
        "19"
    ],
    "demands": {
        "6_0": 1.02226,
        "26_0": 0.39793,
        "16_1": 0.04231,
        "17_1": 0.81287,
        "18_1": 0.6786,
        "20_1": 0.54589,
        "27_1": 0.70858,
        "9_2": 0.15469,
        "16_2": 2.19762,
        "23_2": 0.03682,
        "26_2": 0.44945,
        "5_3": 0.20207,
        "15_3": 0.31972,
        "17_3": 0.04706,
        "20_3": 0.05473,
        "21_3": 0.85414,
        "26_3": 0.04547,
        "1_4": 0.13514,
        "6_4": 0.18607,
        "20_4": 1.65987,
        "26_4": 1.75335,
        "7_5": 0.38442,
        "11_5": 0.22586,
        "12_5": 3.09921,
        "13_5": 1.18111,
        "19_5": 0.90994,
        "23_5": 0.91379,
        "5_6": 0.05856,
        "9_6": 0.904,
        "14_6": 4.26728,
        "19_6": 0.94452,
        "27_6": 0.33498,
        "1_7": 1.85344,
        "4_7": 0.98399,
        "8_7": 0.08419,
        "9_7": 0.46365,
        "13_7": 2.10981,
        "25_7": 0.15947,
        "27_7": 0.69842,
        "1_8": 0.19118,
        "4_8": 0.21056,
        "8_8": 0.45229,
        "19_8": 1.51044,
        "21_8": 1.05995,
        "25_8": 0.29991,
        "27_8": 0.12961,
        "29_8": 1.33728,
        "12_9": 1.99577,
        "16_9": 1.34533,
        "19_9": 0.6013,
        "24_9": 0.42533,
        "27_9": 0.33222,
        "28_9": 0.16234,
        "7_10": 0.33372,
        "11_10": 0.95162,
        "18_10": 0.10959,
        "22_10": 0.04287,
        "26_10": 0.2678,
        "2_11": 1.12356,
        "7_11": 0.42778,
        "9_11": 0.27534,
        "11_11": 0.25676,
        "13_11": 2.79226,
        "24_11": 0.63653,
        "0_12": 0.57318,
        "18_12": 0.89895,
        "23_12": 0.0837,
        "29_12": 3.10422,
        "5_13": 0.24749,
        "7_13": 0.07066,
        "22_13": 0.4431,
        "24_13": 0.42984,
        "25_13": 0.68702,
        "0_14": 0.09071,
        "2_14": 0.39556,
        "6_14": 0.23563,
        "7_14": 0.10581,
        "8_14": 0.22889,
        "18_14": 0.16765,
        "19_14": 0.40306,
        "20_14": 0.11134,
        "28_14": 0.20583,
        "29_14": 0.54884,
        "3_15": 1.2629,
        "4_15": 0.31103,
        "13_15": 0.19744,
        "15_15": 0.05891,
        "16_15": 2.40395,
        "29_15": 1.78048,
        "3_16": 0.73574,
        "6_16": 0.3633,
        "9_16": 0.42067,
        "13_16": 0.04855,
        "15_16": 0.36929,
        "18_16": 0.37768,
        "20_16": 0.32771,
        "21_16": 0.49967,
        "6_17": 0.86692,
        "9_17": 0.73193,
        "10_17": 0.40133,
        "25_17": 0.46884,
        "29_17": 1.62502,
        "1_18": 0.35704,
        "5_18": 1.04657,
        "7_18": 0.49204,
        "10_18": 0.16159,
        "14_18": 0.86422,
        "23_18": 0.53121,
        "26_18": 0.07575,
        "1_19": 1.82963,
        "12_19": 0.99139,
        "17_19": 0.40683,
        "20_19": 0.439
    },
    "best": {
        "0": 3.72771717177653,
        "1": 4.639579850486846,
        "2": 9.196502700825718,
        "3": 3.1816988735972926,
        "4": 9.8443380301154,
        "5": 15.827845208038125,
        "6": 12.889046466449312,
        "7": 12.198894243644476,
        "8": 15.028565560833718,
        "9": 12.46185095072865,
        "10": 2.9767576769452733,
        "11": 13.90227224251959,
        "12": 22.071420470594454,
        "13": 2.098947970796282,
        "14": 9.595388706100033,
        "15": 19.215835052057603,
        "16": 4.5203789196305335,
        "17": 16.293157322736526,
        "18": 6.260626488009362,
        "19": 8.161934797168596
    },
    "best_mrt": [
        36.86626892285508,
        489.35105276719224,
        129.26066435600424,
        257.45107091151397,
        117.81594956172837,
        415.93416504573776,
        500.00000001432466,
        334.8509500327166,
        64.16775449722206,
        308.4479077986788,
        54.32584815010702,
        415.92886128889864,
        500.000000001369,
        500.00000000767466,
        500.00000000037693,
        209.49989427359304,
        500.0000000003233,
        282.40890509911236,
        380.2864890444831,
        337.64035788535534,
        500.0000000185676,
        500.00000001757974,
        297.5846278532206,
        162.1146147091963,
        356.3342760440495,
        500.0000000005583,
        500.00000004157283,
        311.8206317119516,
        36.161561276534826,
        500.00000000343226
    ],
    "SLA": 500
}