{
    "throughput": 9.0,
    "class_probs": {
        "0": 0.029082413539166733,
        "1": 0.04985205372962436,
        "2": 0.06092089786376454,
        "3": 0.028596003521915044,
        "4": 0.03693745101023181,
        "5": 0.042845912444877426,
        "6": 0.022771563588912965,
        "7": 0.02773925950052998,
        "8": 0.01915876268805021,
        "9": 0.009999507451426056,
        "10": 0.041017783952171365,
        "11": 0.04262944217872546,
        "12": 0.04911591562544206,
        "13": 0.05337077964523048,
        "14": 0.05909363165406847,
        "15": 0.01101686771045476,
        "16": 0.02082863968423412,
        "17": 0.05446092444539482,
        "18": 0.012027824114638456,
        "19": 0.03881313764435199,
        "20": 0.009114478050405836,
        "21": 0.011267920143744191,
        "22": 0.02698334700684588,
        "23": 0.03109322328030733,
        "24": 0.028065517291890742,
        "25": 0.016610083090554312,
        "26": 0.020892366486031988,
        "27": 0.03265677621049787,
        "28": 0.05365934103610976,
        "29": 0.05937817541040081
    },
    "best_objective": 139.56974443386392,
    "classes": [
        "0",
        "1",
        "2",
        "3",
        "4",
        "5",
        "6",
        "7",
        "8",
        "9",
        "10",
        "11",
        "12",
        "13",
        "14",
        "15",
        "16",
        "17",
        "18",
        "19",
        "20",
        "21",
        "22",
        "23",
        "24",
        "25",
        "26",
        "27",
        "28",
        "29"
    ],
    "resources": [
        "0",
        "1",
        "2",
        "3",
        "4",
        "5",
        "6",
        "7",
        "8",
        "9",
        "10",
        "11",
        "12",
        "13",
        "14",
        "15",
        "16",
        "17",
        "18",
        "19"
    ],
    "demands": {
        "10_0": 0.39939,
        "14_0": 0.06534,
        "17_0": 0.24846,
        "18_0": 0.86133,
        "20_0": 2.1357,
        "21_0": 0.93281,
        "24_0": 0.13911,
        "26_0": 0.31651,
        "8_1": 0.41484,
        "11_1": 0.29399,
        "24_1": 0.16702,
        "29_1": 0.3201,
        "6_2": 0.51277,
        "12_2": 0.01319,
        "13_2": 0.06474,
        "15_2": 0.38408,
        "18_2": 0.36696,
        "24_2": 0.49388,
        "29_2": 0.08939,
        "2_3": 0.39138,
        "8_3": 1.17816,
        "11_3": 0.14911,
        "13_3": 0.38182,
        "23_3": 0.25898,
        "0_4": 0.25247,
        "2_4": 0.08098,
        "10_4": 0.38906,
        "17_4": 0.14274,
        "24_4": 0.43928,
        "28_4": 0.25063,
        "9_5": 0.25148,
        "13_5": 0.40057,
        "14_5": 0.61226,
        "29_5": 0.29236,
        "7_6": 0.12453,
        "8_6": 0.63818,
        "18_6": 0.84314,
        "21_6": 0.50768,
        "22_6": 0.15988,
        "26_6": 0.35879,
        "29_6": 0.05982,
        "2_7": 0.03522,
        "3_7": 0.31843,
        "9_7": 0.62082,
        "12_7": 0.16819,
        "13_7": 0.01017,
        "17_7": 0.02826,
        "18_7": 0.35849,
        "19_7": 0.29466,
        "25_7": 0.30755,
        "26_7": 0.16823,
        "28_7": 0.12423,
        "29_7": 0.05235,
        "0_8": 0.23298,
        "5_8": 0.21315,
        "6_8": 0.38458,
        "7_8": 0.21015,
        "11_8": 0.03857,
        "13_8": 0.15265,
        "24_8": 0.04262,
        "0_9": 0.02866,
        "2_9": 0.21284,
        "10_9": 0.36694,
        "13_9": 0.38302,
        "17_9": 0.13468,
        "25_9": 1.10272,
        "7_10": 0.96475,
        "14_10": 0.33248,
        "20_10": 2.04527,
        "22_10": 0.32425,
        "25_10": 0.96446,
        "1_11": 0.14353,
        "9_11": 0.39788,
        "13_11": 0.41597,
        "22_11": 0.54627,
        "23_11": 0.7664,
        "28_11": 0.03226,
        "29_11": 0.19562,
        "0_12": 0.3026,
        "3_12": 0.34037,
        "5_12": 0.34405,
        "8_12": 0.12049,
        "10_12": 0.42256,
        "14_12": 0.01197,
        "16_12": 0.76292,
        "20_12": 0.68112,
        "25_12": 1.10856,
        "27_12": 0.13454,
        "10_13": 0.43918,
        "12_13": 0.11621,
        "15_13": 0.20279,
        "16_13": 0.48453,
        "18_13": 1.12178,
        "19_13": 0.36364,
        "20_13": 0.58937,
        "26_13": 1.0539,
        "28_13": 0.11851,
        "1_14": 0.67605,
        "7_14": 1.17902,
        "10_14": 0.08514,
        "28_15": 1.79746,
        "2_16": 0.05634,
        "3_16": 0.78742,
        "9_16": 1.3789,
        "16_16": 1.0044,
        "1_17": 0.23863,
        "6_17": 0.40391,
        "9_17": 0.04657,
        "19_17": 0.19039,
        "24_17": 0.24368,
        "25_17": 0.69114,
        "26_17": 0.76504,
        "27_17": 0.23372,
        "28_17": 0.08314,
        "4_18": 0.09359,
        "11_18": 0.07446,
        "16_18": 0.11743,
        "21_18": 0.68017,
        "23_18": 0.35601,
        "25_18": 0.95337,
        "27_18": 0.00652,
        "4_19": 0.47114,
        "19_19": 1.63274
    },
    "best": {
        "0": 10.853215212002405,
        "1": 3.2348642227567557,
        "2": 3.962371165444199,
        "3": 5.512336476326506,
        "4": 2.600818405099528,
        "5": 3.4502520266766106,
        "6": 7.01401974290043,
        "7": 8.638144124193738,
        "8": 2.1089167684648817,
        "9": 10.868482885269318,
        "10": 13.9839346025264,
        "11": 4.307365207129085,
        "12": 12.277281152896283,
        "13": 8.912927535649256,
        "14": 4.740018679679699,
        "15": 6.343931145353277,
        "16": 6.993188037978177,
        "17": 9.039276852893916,
        "18": 9.873287509174848,
        "19": 4.855112681448623
    },
    "best_mrt": [
        287.08763156607074,
        233.5365140457389,
        155.43269052048376,
        191.42091428932844,
        124.00268198938412,
        153.01733190482332,
        413.5263585068995,
        500.0,
        500.0,
        499.99999999999994,
        378.30265243230144,
        164.87997522517242,
        38.9693233381297,
        487.75988434596326,
        255.12954050472274,
        132.81883209756924,
        295.44719881487856,
        111.13753007828193,
        500.0,
        500.0,
        500.0000000000001,
        241.20947425308032,
        203.17305114893216,
        308.21303517891033,
        479.52532604841394,
        499.9999999999999,
        329.2536865000504,
        40.452470322009134,
        500.0,
        314.8529474390815
    ],
    "SLA": 500
}