{
    "throughput": 8.0,
    "class_probs": {
        "0": 0.033225040669607096,
        "1": 0.03204871163889093,
        "2": 0.05356507878994997,
        "3": 0.0401475407067602,
        "4": 0.03414933751251402,
        "5": 0.03688222979760975,
        "6": 0.007592696994232142,
        "7": 0.04748804009444396,
        "8": 0.028546375241423203,
        "9": 0.031462444474220974,
        "10": 0.03317779159523091,
        "11": 0.0127320378191949,
        "12": 0.021252017111102892,
        "13": 0.015353581904028711,
        "14": 0.04562313588462805,
        "15": 0.015395822711978513,
        "16": 0.01779469798557671,
        "17": 0.0451524767328221,
        "18": 0.04530580921573175,
        "19": 0.03808209629047397,
        "20": 0.048922907295555804,
        "21": 0.04908588175986397,
        "22": 0.029377834307867143,
        "23": 0.005572606239781368,
        "24": 0.03918788525593169,
        "25": 0.02059077440332636,
        "26": 0.03915592531991225,
        "27": 0.05192456247784284,
        "28": 0.029361413051375816,
        "29": 0.051843246718122044
    },
    "best_objective": 198.00112573118415,
    "classes": [
        "0",
        "1",
        "2",
        "3",
        "4",
        "5",
        "6",
        "7",
        "8",
        "9",
        "10",
        "11",
        "12",
        "13",
        "14",
        "15",
        "16",
        "17",
        "18",
        "19",
        "20",
        "21",
        "22",
        "23",
        "24",
        "25",
        "26",
        "27",
        "28",
        "29"
    ],
    "resources": [
        "0",
        "1",
        "2",
        "3",
        "4",
        "5",
        "6",
        "7",
        "8",
        "9",
        "10",
        "11",
        "12",
        "13",
        "14",
        "15",
        "16",
        "17",
        "18",
        "19"
    ],
    "demands": {
        "2_0": 0.47738,
        "5_0": 0.08511,
        "13_0": 0.79054,
        "16_0": 1.48262,
        "29_0": 0.36275,
        "5_1": 0.43623,
        "6_1": 2.09969,
        "9_1": 0.43824,
        "11_1": 1.58076,
        "22_1": 0.401,
        "25_1": 0.88943,
        "29_1": 0.14451,
        "8_2": 0.18058,
        "16_2": 1.35561,
        "18_2": 0.54893,
        "20_2": 0.24674,
        "25_2": 0.87219,
        "28_2": 0.94655,
        "0_3": 0.39453,
        "14_3": 0.33529,
        "15_3": 0.77224,
        "0_4": 0.43973,
        "2_4": 0.21896,
        "6_4": 0.41201,
        "17_4": 0.23016,
        "19_4": 0.26399,
        "25_4": 0.15032,
        "3_5": 0.06546,
        "10_5": 0.76709,
        "16_5": 1.92455,
        "18_5": 0.19142,
        "24_5": 0.02131,
        "27_5": 0.4275,
        "4_6": 0.02603,
        "8_6": 0.19034,
        "12_6": 0.3904,
        "14_6": 0.10429,
        "18_6": 0.03352,
        "19_6": 0.08197,
        "21_6": 0.20709,
        "29_6": 0.20025,
        "1_7": 0.76012,
        "4_7": 0.19323,
        "15_7": 1.10233,
        "21_7": 0.34142,
        "26_7": 0.48698,
        "1_8": 0.97834,
        "3_8": 0.89774,
        "4_8": 1.05402,
        "1_9": 0.53852,
        "5_9": 0.85809,
        "9_9": 0.55882,
        "10_9": 0.24719,
        "11_9": 1.69864,
        "20_9": 0.29002,
        "1_10": 0.6112,
        "6_10": 0.5095,
        "7_10": 0.4591,
        "12_10": 0.57809,
        "13_10": 0.3365,
        "18_10": 0.005,
        "19_10": 0.1431,
        "21_10": 0.09649,
        "23_10": 3.14051,
        "7_11": 0.30814,
        "10_11": 0.34267,
        "13_11": 1.07863,
        "20_11": 0.28063,
        "21_11": 0.15773,
        "22_11": 0.01654,
        "23_11": 0.52926,
        "24_11": 0.3299,
        "25_11": 0.35638,
        "0_12": 0.36547,
        "2_12": 0.20003,
        "10_12": 0.51547,
        "12_12": 0.36456,
        "23_12": 3.11105,
        "29_12": 0.00609,
        "6_13": 1.17695,
        "10_13": 0.47213,
        "18_13": 0.29231,
        "19_13": 0.27599,
        "0_14": 0.06417,
        "5_14": 0.20967,
        "6_14": 0.86319,
        "8_14": 0.35687,
        "15_14": 0.34216,
        "21_14": 0.24931,
        "1_15": 0.40173,
        "5_15": 0.36419,
        "12_15": 0.76052,
        "13_15": 1.07629,
        "14_15": 0.30186,
        "17_15": 0.2789,
        "26_15": 0.44695,
        "4_16": 0.5314,
        "5_16": 0.23795,
        "7_16": 0.40308,
        "9_16": 0.41436,
        "15_16": 0.39536,
        "2_17": 0.10063,
        "4_17": 0.4726,
        "12_17": 0.99623,
        "14_17": 0.61991,
        "16_17": 0.57371,
        "21_17": 0.24017,
        "22_17": 0.11377,
        "6_18": 1.68481,
        "9_18": 0.21038,
        "13_18": 0.60374,
        "19_18": 0.2953,
        "26_18": 0.59412,
        "28_18": 0.45932,
        "0_19": 0.08461,
        "8_19": 0.20437,
        "13_19": 0.0786,
        "15_19": 0.33746,
        "16_19": 0.37871,
        "24_19": 0.14841,
        "26_19": 0.16488,
        "27_19": 0.04103,
        "28_19": 0.20914
    },
    "best": {
        "0": 13.062889248445783,
        "1": 17.336724942770967,
        "2": 12.486368556330866,
        "3": 5.106537624298678,
        "4": 7.736850476621992,
        "5": 14.56255814224479,
        "6": 2.4964627090226608,
        "7": 8.35172040999696,
        "8": 6.6492067350767625,
        "9": 5.203555810266812,
        "10": 17.465458124770706,
        "11": 6.977941811796585,
        "12": 14.163640498968181,
        "13": 12.746539039910019,
        "14": 11.406360462171131,
        "15": 6.415988752529493,
        "16": 3.944671063327926,
        "17": 9.049536170587649,
        "18": 15.560524585210377,
        "19": 7.277590566835805
    },
    "best_mrt": [
        187.38854705657786,
        500.0,
        95.33854396182727,
        158.93565144019246,
        430.6779231489599,
        385.5514617430056,
        500.0,
        194.27295516262026,
        166.2642885881517,
        291.0384177202402,
        243.35879490681447,
        489.00299181612326,
        500.0,
        500.0,
        247.66574037557643,
        499.9999999999999,
        499.99999999999994,
        81.33857213785727,
        100.83338275994146,
        125.03872014647033,
        133.14422124829682,
        223.68005278238908,
        40.66806514362463,
        500.0000000000001,
        75.49586689041782,
        206.46674918636327,
        206.81566588440492,
        36.86811906696485,
        142.5348966284759,
        132.09125549090086
    ],
    "SLA": 500
}