{
    "throughput": 10.0,
    "class_probs": {
        "0": 0.018976378425483723,
        "1": 0.05029891711089614,
        "2": 0.06322713133686261,
        "3": 0.05357702108757325,
        "4": 0.06529025022201236,
        "5": 0.01635438414334032,
        "6": 0.028709495500605656,
        "7": 0.03415067297254582,
        "8": 0.007002161544382865,
        "9": 0.029914073987327757,
        "10": 0.0535487004016204,
        "11": 0.030110183490601856,
        "12": 0.014190071212856153,
        "13": 0.013934439484914525,
        "14": 0.01498958679235265,
        "15": 0.03996768749900624,
        "16": 0.04649323300667961,
        "17": 0.007771946854499828,
        "18": 0.014571182272080041,
        "19": 0.024564996166555022,
        "20": 0.019056641129827852,
        "21": 0.039532344506886107,
        "22": 0.05336491133900632,
        "23": 0.053473947376499784,
        "24": 0.01899468470572796,
        "25": 0.05346434737788057,
        "26": 0.047683472315402535,
        "27": 0.016737082352111857,
        "28": 0.02945747408404319,
        "29": 0.04059258130041704
    },
    "best_objective": 149.89698829959863,
    "classes": [
        "0",
        "1",
        "2",
        "3",
        "4",
        "5",
        "6",
        "7",
        "8",
        "9",
        "10",
        "11",
        "12",
        "13",
        "14",
        "15",
        "16",
        "17",
        "18",
        "19",
        "20",
        "21",
        "22",
        "23",
        "24",
        "25",
        "26",
        "27",
        "28",
        "29"
    ],
    "resources": [
        "0",
        "1",
        "2",
        "3",
        "4",
        "5",
        "6",
        "7",
        "8",
        "9",
        "10",
        "11",
        "12",
        "13",
        "14",
        "15",
        "16",
        "17",
        "18",
        "19"
    ],
    "demands": {
        "2_0": 0.06475,
        "15_0": 0.16752,
        "23_0": 0.18601,
        "25_0": 0.30947,
        "26_0": 0.22325,
        "5_1": 0.76579,
        "8_1": 0.22641,
        "9_1": 0.27038,
        "16_1": 0.00301,
        "19_1": 0.50552,
        "23_1": 0.08778,
        "0_2": 0.32751,
        "5_2": 1.9377,
        "6_2": 0.88527,
        "28_2": 0.15967,
        "7_3": 0.75077,
        "8_3": 0.95117,
        "20_3": 1.35548,
        "26_3": 0.14528,
        "28_3": 0.70447,
        "4_4": 0.02137,
        "13_4": 1.77901,
        "15_4": 0.55113,
        "18_4": 1.20405,
        "9_5": 1.84941,
        "19_5": 0.32207,
        "22_5": 0.0434,
        "26_5": 0.03604,
        "12_6": 0.76222,
        "15_6": 0.70088,
        "22_6": 0.15419,
        "28_6": 0.737,
        "29_6": 0.39076,
        "1_7": 0.32958,
        "7_7": 0.19894,
        "10_7": 0.07685,
        "12_7": 0.77964,
        "23_7": 0.45281,
        "27_7": 1.4281,
        "14_8": 0.6371,
        "17_8": 0.11444,
        "18_8": 0.77844,
        "20_8": 0.85833,
        "22_8": 0.11447,
        "28_8": 0.20294,
        "29_8": 0.25189,
        "3_9": 0.18522,
        "12_9": 0.24758,
        "20_9": 0.3299,
        "24_9": 0.877,
        "29_9": 0.43675,
        "7_10": 0.1049,
        "14_10": 0.50302,
        "15_10": 0.16161,
        "16_10": 0.15196,
        "17_10": 0.85384,
        "22_10": 0.08019,
        "25_10": 0.09478,
        "29_10": 0.03202,
        "13_11": 1.66406,
        "16_11": 0.17899,
        "20_11": 0.97778,
        "21_11": 0.29482,
        "23_11": 0.05178,
        "24_11": 0.32531,
        "13_12": 2.69811,
        "14_12": 1.82644,
        "7_13": 0.14416,
        "8_13": 1.56535,
        "11_13": 0.55245,
        "13_13": 0.51194,
        "17_13": 2.2426,
        "22_13": 0.0043,
        "23_13": 0.02833,
        "0_14": 1.14462,
        "1_14": 0.48582,
        "6_14": 0.30999,
        "10_14": 0.05598,
        "12_14": 0.16406,
        "20_14": 0.2327,
        "4_15": 0.14817,
        "15_15": 0.03728,
        "16_15": 0.27148,
        "20_15": 0.62126,
        "24_15": 0.54723,
        "29_15": 0.01877,
        "1_16": 0.323,
        "11_16": 0.45933,
        "17_16": 0.10631,
        "19_16": 0.85212,
        "25_16": 0.30714,
        "2_17": 0.02271,
        "4_17": 0.2275,
        "5_17": 0.0822,
        "7_17": 0.44383,
        "12_17": 1.31707,
        "15_17": 0.57024,
        "18_17": 0.35186,
        "0_18": 0.55816,
        "6_18": 0.40257,
        "10_18": 0.39976,
        "16_18": 0.28602,
        "27_18": 0.69627,
        "0_19": 0.53346,
        "2_19": 0.15709,
        "4_19": 0.07213,
        "7_19": 0.1155,
        "10_19": 0.07225,
        "21_19": 0.17501
    },
    "best": {
        "0": 1.3213076041327432,
        "1": 4.603119580885653,
        "2": 6.9840208203692855,
        "3": 10.571630423996828,
        "4": 12.739073180400336,
        "5": 4.91683972027631,
        "6": 6.64894522266903,
        "7": 6.735244655670394,
        "8": 8.479377784084221,
        "9": 6.363524736433537,
        "10": 4.557999407089703,
        "11": 15.011063004679972,
        "12": 15.52833154568797,
        "13": 9.884586694220346,
        "14": 7.927669173732047,
        "15": 7.043899174080745,
        "16": 3.4856021614860415,
        "17": 8.508140770903426,
        "18": 4.480828704722423,
        "19": 4.105783934077626
    },
    "best_mrt": [
        500.0000000011124,
        238.1303126394216,
        122.17372192003428,
        31.811524323442267,
        73.2294681161392,
        499.99999999859733,
        289.0767356309857,
        240.70323616855165,
        320.1024909923466,
        500.0000000000744,
        145.57304742353134,
        223.295454041417,
        499.99999997341394,
        500.00000000003075,
        325.1995347812548,
        483.9883469592877,
        166.58117568578012,
        499.9999999999426,
        244.12395327811802,
        500.0000000001532,
        499.9999999972301,
        67.77371128942603,
        71.17244463141975,
        325.5874899234964,
        256.58309770403616,
        500.0000000000199,
        288.57876718558265,
        426.7803733789233,
        250.63522763883256,
        184.93091845562273
    ],
    "SLA": 500
}