{
    "throughput": 5.0,
    "class_probs": {
        "0": 0.041041974205795605,
        "1": 0.040282309651679206,
        "2": 0.05154376503278265,
        "3": 0.005825046929093543,
        "4": 0.046271515712036575,
        "5": 0.050017434027070554,
        "6": 0.04298055508679991,
        "7": 0.024304932480775664,
        "8": 0.05544660218512948,
        "9": 0.013013670261583518,
        "10": 0.012683522624755764,
        "11": 0.025262650252031008,
        "12": 0.011234552399248721,
        "13": 0.02941759482516472,
        "14": 0.02966199361634152,
        "15": 0.014016558993363694,
        "16": 0.032588714627826344,
        "17": 0.02287131018156456,
        "18": 0.036979574983586956,
        "19": 0.023512021125055748,
        "20": 0.009069113170001992,
        "21": 0.04164904174087963,
        "22": 0.044938034879280206,
        "23": 0.05225431762273434,
        "24": 0.05038076783175834,
        "25": 0.05141949312541453,
        "26": 0.04954917377529915,
        "27": 0.05526998010273385,
        "28": 0.026854948557735087,
        "29": 0.009658829992477148
    },
    "best_objective": 325.10884669600244,
    "classes": [
        "0",
        "1",
        "2",
        "3",
        "4",
        "5",
        "6",
        "7",
        "8",
        "9",
        "10",
        "11",
        "12",
        "13",
        "14",
        "15",
        "16",
        "17",
        "18",
        "19",
        "20",
        "21",
        "22",
        "23",
        "24",
        "25",
        "26",
        "27",
        "28",
        "29"
    ],
    "resources": [
        "0",
        "1",
        "2",
        "3",
        "4",
        "5",
        "6",
        "7",
        "8",
        "9",
        "10",
        "11",
        "12",
        "13",
        "14",
        "15",
        "16",
        "17",
        "18",
        "19"
    ],
    "demands": {
        "0_0": 0.41164,
        "3_0": 4.17335,
        "6_0": 0.05767,
        "8_0": 0.09464,
        "15_0": 1.44683,
        "19_0": 1.38996,
        "21_0": 0.58784,
        "24_0": 0.51035,
        "4_1": 0.09768,
        "9_1": 2.61666,
        "13_1": 2.00655,
        "26_1": 0.35581,
        "2_2": 0.07855,
        "3_2": 1.73869,
        "5_2": 0.39031,
        "6_2": 0.22927,
        "8_2": 0.31722,
        "10_2": 0.26015,
        "11_2": 0.56305,
        "19_2": 1.27402,
        "22_2": 0.01932,
        "28_2": 0.13847,
        "14_3": 1.56886,
        "22_3": 1.51247,
        "5_4": 0.80208,
        "9_4": 1.79242,
        "17_4": 0.97731,
        "28_4": 2.09664,
        "0_5": 0.79175,
        "10_5": 1.27676,
        "22_5": 0.23772,
        "26_5": 1.61615,
        "6_6": 1.58836,
        "12_6": 3.00524,
        "24_6": 0.64127,
        "4_7": 1.07664,
        "5_7": 0.74748,
        "10_7": 1.71654,
        "20_7": 1.81899,
        "22_7": 0.23456,
        "24_7": 0.12585,
        "29_7": 3.83007,
        "0_8": 0.08577,
        "5_8": 0.10315,
        "6_8": 0.14117,
        "7_8": 0.35917,
        "8_8": 0.01441,
        "9_8": 0.70107,
        "11_8": 0.1438,
        "14_8": 0.05674,
        "16_8": 0.44725,
        "17_8": 0.43528,
        "28_8": 0.39656,
        "29_8": 0.6231,
        "8_9": 0.60074,
        "20_9": 4.49208,
        "23_9": 0.55106,
        "4_10": 0.18803,
        "9_10": 1.45369,
        "11_10": 0.53476,
        "12_10": 1.3296,
        "15_10": 0.70562,
        "17_10": 0.44425,
        "28_10": 0.4664,
        "2_11": 0.74092,
        "5_11": 1.08861,
        "7_11": 2.17319,
        "21_11": 0.39195,
        "0_12": 0.21807,
        "2_12": 0.2219,
        "11_12": 0.54783,
        "13_12": 0.53779,
        "16_12": 0.45962,
        "17_12": 0.11521,
        "20_12": 0.2909,
        "23_12": 0.12809,
        "24_12": 0.21691,
        "26_12": 0.20789,
        "29_12": 1.73539,
        "1_13": 0.51024,
        "9_13": 6.52365,
        "10_13": 2.50981,
        "12_13": 0.9315,
        "13_13": 0.158,
        "23_13": 0.32829,
        "26_13": 0.02744,
        "4_14": 0.31474,
        "5_14": 0.25022,
        "8_14": 0.34371,
        "9_14": 0.15152,
        "10_14": 1.27896,
        "11_14": 0.3873,
        "23_14": 0.38559,
        "24_14": 0.02692,
        "25_14": 0.31962,
        "27_14": 0.37391,
        "1_15": 0.18494,
        "6_15": 0.563,
        "7_15": 0.76255,
        "14_15": 0.89515,
        "15_15": 2.08396,
        "16_15": 0.15346,
        "17_15": 1.32691,
        "21_15": 0.11096,
        "25_15": 0.51972,
        "1_16": 0.5925,
        "7_16": 0.23827,
        "9_16": 2.93946,
        "11_16": 0.80709,
        "24_16": 0.30771,
        "28_16": 1.05039,
        "29_16": 0.57221,
        "0_17": 0.08644,
        "4_17": 0.50124,
        "5_17": 0.4375,
        "11_17": 0.96194,
        "14_17": 0.36232,
        "16_17": 0.33459,
        "21_17": 0.29768,
        "22_17": 0.38964,
        "24_17": 0.25098,
        "14_18": 1.36338,
        "18_18": 0.8423,
        "26_18": 0.67462,
        "27_18": 0.12041,
        "14_19": 0.63369,
        "18_19": 0.41217,
        "23_19": 0.05376,
        "26_19": 0.50087
    },
    "best": {
        "0": 14.181592365543231,
        "1": 30.994052206142964,
        "2": 9.763163514561487,
        "3": 12.443022234205186,
        "4": 25.88585597348982,
        "5": 7.5408075253545075,
        "6": 7.765744754520399,
        "7": 17.01603762711949,
        "8": 17.11515299853754,
        "9": 13.26270967334601,
        "10": 23.60111947696971,
        "11": 6.361812573416188,
        "12": 8.935831999950025,
        "13": 49.991311856469416,
        "14": 10.688184037869256,
        "15": 10.414026177285997,
        "16": 33.28141397512679,
        "17": 6.390215092522739,
        "18": 11.624224163214178,
        "19": 7.852568470357468
    },
    "best_mrt": [
        192.72970481569345,
        47.92617482560762,
        168.51028757128663,
        500.0,
        197.3858549581449,
        424.53765557475845,
        320.51879266699274,
        499.99999999999994,
        123.8139664629645,
        500.0,
        500.0000000000001,
        390.4607617242509,
        499.99999999999994,
        133.50350793735444,
        500.0,
        356.4686413331882,
        156.44953455877663,
        236.75486420042824,
        130.75062829984668,
        242.08848386942105,
        500.0,
        178.18474466216617,
        247.10565022281065,
        110.81714533879276,
        218.29440515070226,
        86.29978796431666,
        400.63185196632867,
        48.1805037168528,
        174.42796783910683,
        500.0000000000001
    ],
    "SLA": 500
}