{
    "throughput": 8.0,
    "class_probs": {
        "0": 0.009537590456171897,
        "1": 0.029455518597756532,
        "2": 0.010326108316288577,
        "3": 0.019395679802981677,
        "4": 0.029983329292110485,
        "5": 0.015614724137594075,
        "6": 0.03768390382478875,
        "7": 0.032236082702896504,
        "8": 0.023156829966636212,
        "9": 0.029157404575148753,
        "10": 0.03765024012207524,
        "11": 0.036522903808835785,
        "12": 0.045391539699029766,
        "13": 0.05175776453158722,
        "14": 0.030208380924996534,
        "15": 0.02606383546887221,
        "16": 0.03546485935317756,
        "17": 0.03644785958187111,
        "18": 0.05659391748672001,
        "19": 0.02018804908379047,
        "20": 0.05790111777093746,
        "21": 0.011593745974985773,
        "22": 0.05047560899008806,
        "23": 0.034258830725008446,
        "24": 0.030138804626552884,
        "25": 0.04745318321437241,
        "26": 0.044904314413211764,
        "27": 0.029052966002065257,
        "28": 0.04916614451018911,
        "29": 0.03221876203925961
    },
    "best_objective": 189.776547496191,
    "classes": [
        "0",
        "1",
        "2",
        "3",
        "4",
        "5",
        "6",
        "7",
        "8",
        "9",
        "10",
        "11",
        "12",
        "13",
        "14",
        "15",
        "16",
        "17",
        "18",
        "19",
        "20",
        "21",
        "22",
        "23",
        "24",
        "25",
        "26",
        "27",
        "28",
        "29"
    ],
    "resources": [
        "0",
        "1",
        "2",
        "3",
        "4",
        "5",
        "6",
        "7",
        "8",
        "9",
        "10",
        "11",
        "12",
        "13",
        "14",
        "15",
        "16",
        "17",
        "18",
        "19"
    ],
    "demands": {
        "7_0": 0.74966,
        "14_0": 0.35568,
        "15_0": 0.16916,
        "17_0": 0.04224,
        "18_0": 0.37463,
        "23_0": 0.67968,
        "25_0": 0.39562,
        "0_1": 3.44823,
        "3_1": 1.96077,
        "4_2": 0.58687,
        "5_2": 1.13755,
        "11_2": 0.30131,
        "16_2": 0.21022,
        "19_2": 0.98093,
        "22_2": 0.36783,
        "26_2": 0.15741,
        "0_3": 1.32544,
        "2_3": 0.12548,
        "8_3": 0.40267,
        "10_3": 0.39417,
        "14_3": 0.17271,
        "17_3": 0.27613,
        "23_3": 0.00712,
        "25_3": 0.05693,
        "26_3": 0.14454,
        "6_4": 0.22511,
        "9_4": 0.37664,
        "12_4": 0.30965,
        "24_4": 0.39226,
        "25_4": 0.26706,
        "10_5": 0.85743,
        "19_5": 1.9162,
        "20_5": 0.45565,
        "28_5": 0.28075,
        "8_6": 1.82475,
        "17_6": 1.21466,
        "27_6": 0.378,
        "28_6": 0.03667,
        "0_7": 4.6729,
        "2_7": 0.18368,
        "13_7": 0.14141,
        "14_7": 0.72853,
        "15_7": 0.72198,
        "27_7": 0.38286,
        "1_8": 0.00957,
        "6_8": 0.16489,
        "10_8": 0.34034,
        "13_8": 0.04792,
        "16_8": 0.12001,
        "19_8": 1.02173,
        "24_8": 0.43036,
        "3_9": 1.18079,
        "5_9": 0.75633,
        "18_9": 0.46247,
        "24_9": 0.7992,
        "3_10": 1.0487,
        "7_10": 0.22402,
        "9_10": 0.25973,
        "10_10": 0.30164,
        "13_10": 0.16302,
        "15_10": 0.67695,
        "17_10": 0.41202,
        "20_10": 0.18333,
        "28_10": 0.12622,
        "9_11": 0.73191,
        "10_11": 0.90143,
        "4_12": 0.39403,
        "5_12": 1.11189,
        "13_12": 0.34721,
        "14_12": 0.58831,
        "21_12": 1.31078,
        "22_12": 0.11301,
        "24_12": 0.05646,
        "0_13": 3.11572,
        "10_13": 1.15705,
        "24_13": 0.19907,
        "10_14": 0.24386,
        "21_14": 0.0419,
        "22_14": 0.23543,
        "29_14": 0.61098,
        "6_15": 0.11568,
        "12_15": 0.41396,
        "22_15": 0.67599,
        "23_15": 0.25676,
        "1_16": 0.08759,
        "2_16": 0.97174,
        "6_16": 0.25391,
        "7_16": 0.23197,
        "23_16": 0.15459,
        "25_16": 0.07683,
        "29_16": 0.15881,
        "1_17": 1.1491,
        "21_17": 1.38698,
        "26_17": 0.13413,
        "29_17": 0.43103,
        "6_18": 0.36923,
        "8_18": 0.31738,
        "14_18": 0.20422,
        "15_18": 0.49605,
        "29_18": 1.24395,
        "0_19": 0.08589,
        "6_19": 0.05304,
        "9_19": 0.5967,
        "14_19": 0.67236,
        "16_19": 0.39755,
        "27_19": 0.39298,
        "28_19": 0.29023
    },
    "best": {
        "0": 3.1911324052122096,
        "1": 27.470800017693094,
        "2": 7.865365455349989,
        "3": 17.191249668827485,
        "4": 2.4982212079678434,
        "5": 10.17252287827909,
        "6": 5.129872376372586,
        "7": 31.47660357719733,
        "8": 7.074627428005856,
        "9": 6.018323070155613,
        "10": 5.927638703212634,
        "11": 5.613938008186307,
        "12": 6.331185581264435,
        "13": 26.12142169878724,
        "14": 4.887992829089548,
        "15": 2.3251252522203814,
        "16": 2.608663780192277,
        "17": 5.933993594389131,
        "18": 6.416809521564674,
        "19": 5.521060442223267
    },
    "best_mrt": [
        499.99999999999983,
        254.00035620502464,
        443.6960244057177,
        500.0000000000134,
        152.96808547398678,
        500.0000000000111,
        387.28037361854996,
        464.58057602892484,
        500.0000000000002,
        500.00000000001387,
        500.00000000008015,
        42.61020688034309,
        382.64390542270877,
        105.55302039717849,
        462.6309995870096,
        314.16008238173055,
        129.40809826028234,
        395.5418038825537,
        245.49266222477544,
        500.0000000002043,
        85.0838223513443,
        500.0000000000022,
        499.99999999998363,
        499.99999999995447,
        425.61408198934924,
        336.48004082416617,
        55.874397602963285,
        180.2413855968021,
        122.97794342263913,
        499.9999999999659
    ],
    "SLA": 500
}