{
    "throughput": 9.0,
    "class_probs": {
        "0": 0.051804518210616,
        "1": 0.014766886394500644,
        "2": 0.03086329472480305,
        "3": 0.04413218655411416,
        "4": 0.05001570623360715,
        "5": 0.019476864533699408,
        "6": 0.04866841709387994,
        "7": 0.038996437283047115,
        "8": 0.00891229891765095,
        "9": 0.061273369507570674,
        "10": 0.05745610807619913,
        "11": 0.045598505182095975,
        "12": 0.010157176484864451,
        "13": 0.012907327946055171,
        "14": 0.03584909280566382,
        "15": 0.019680244515770152,
        "16": 0.04226803817102033,
        "17": 0.03176454119324918,
        "18": 0.022361919997652933,
        "19": 0.03700580356398113,
        "20": 0.02216119647809336,
        "21": 0.028151870806710326,
        "22": 0.025604149760705203,
        "23": 0.029934155835926318,
        "24": 0.008755301579346581,
        "25": 0.035881711467097795,
        "26": 0.017204773353463057,
        "27": 0.05893226488741076,
        "28": 0.03999600201335047,
        "29": 0.049419836427854615
    },
    "best_objective": 239.36935111185744,
    "classes": [
        "0",
        "1",
        "2",
        "3",
        "4",
        "5",
        "6",
        "7",
        "8",
        "9",
        "10",
        "11",
        "12",
        "13",
        "14",
        "15",
        "16",
        "17",
        "18",
        "19",
        "20",
        "21",
        "22",
        "23",
        "24",
        "25",
        "26",
        "27",
        "28",
        "29"
    ],
    "resources": [
        "0",
        "1",
        "2",
        "3",
        "4",
        "5",
        "6",
        "7",
        "8",
        "9",
        "10",
        "11",
        "12",
        "13",
        "14",
        "15",
        "16",
        "17",
        "18",
        "19"
    ],
    "demands": {
        "1_0": 0.70454,
        "3_0": 0.01015,
        "6_0": 0.20445,
        "7_0": 0.02538,
        "8_0": 0.66058,
        "12_0": 0.90404,
        "14_0": 0.22086,
        "16_0": 0.22766,
        "23_0": 0.21126,
        "27_0": 0.12993,
        "3_1": 0.36115,
        "8_1": 0.34087,
        "18_1": 0.84825,
        "22_1": 0.1755,
        "5_2": 0.6469,
        "12_2": 0.32737,
        "14_2": 0.23277,
        "15_2": 0.15697,
        "27_2": 0.08722,
        "28_2": 0.28532,
        "29_2": 0.19815,
        "6_3": 0.11076,
        "8_3": 1.99644,
        "17_3": 0.65691,
        "24_3": 2.35288,
        "8_4": 1.61758,
        "13_4": 2.12151,
        "14_4": 0.26566,
        "28_4": 0.23349,
        "4_5": 0.11847,
        "10_5": 0.15358,
        "11_5": 0.36989,
        "12_5": 2.11139,
        "23_5": 0.63634,
        "24_5": 1.66314,
        "29_5": 0.1308,
        "1_6": 0.01013,
        "3_6": 0.36268,
        "23_6": 0.43632,
        "24_6": 1.8758,
        "27_6": 0.08941,
        "28_6": 0.24429,
        "11_7": 0.24989,
        "20_7": 0.22633,
        "23_7": 0.72408,
        "24_7": 2.98174,
        "3_8": 0.21134,
        "4_8": 0.08191,
        "6_8": 0.20371,
        "11_8": 0.18074,
        "19_8": 0.25739,
        "24_8": 0.38925,
        "25_8": 0.20334,
        "29_8": 0.19309,
        "9_9": 0.32052,
        "14_9": 0.57407,
        "28_9": 1.44429,
        "12_10": 3.50337,
        "15_10": 0.63617,
        "27_10": 0.04958,
        "2_11": 0.68787,
        "4_11": 0.36515,
        "19_11": 0.92083,
        "1_12": 1.31534,
        "3_12": 0.23296,
        "4_12": 0.47932,
        "9_12": 0.14762,
        "21_12": 0.08056,
        "28_12": 0.56416,
        "19_13": 0.14002,
        "23_13": 0.73074,
        "25_13": 0.33843,
        "26_13": 1.08236,
        "0_14": 0.017,
        "1_14": 0.21302,
        "2_14": 0.36751,
        "4_14": 0.05263,
        "6_14": 0.11572,
        "18_14": 0.72243,
        "20_14": 0.16372,
        "25_14": 0.23928,
        "10_15": 0.15879,
        "12_15": 0.47455,
        "17_15": 0.4122,
        "18_15": 0.53362,
        "20_15": 0.30593,
        "8_16": 1.83482,
        "11_16": 0.57388,
        "16_16": 1.24787,
        "0_17": 0.4144,
        "2_17": 0.1588,
        "3_17": 0.24773,
        "5_17": 0.81074,
        "21_17": 0.10816,
        "29_17": 0.18263,
        "15_18": 0.13515,
        "18_18": 0.91169,
        "22_18": 0.4323,
        "26_18": 0.69102,
        "29_18": 0.09354,
        "5_19": 1.00369,
        "8_19": 3.54015
    },
    "best": {
        "0": 14.413337200241571,
        "1": 9.493603164991042,
        "2": 6.548751988573782,
        "3": 26.280382156246503,
        "4": 17.62576405187441,
        "5": 20.530255819293718,
        "6": 16.34263505496686,
        "7": 20.285691656636118,
        "8": 7.768278520330647,
        "9": 6.419440083988669,
        "10": 17.31029495969099,
        "11": 2.874650282586063,
        "12": 4.2489331672527255,
        "13": 3.4288651908412877,
        "14": 4.854598771394862,
        "15": 7.6696185167894955,
        "16": 18.8927578561885,
        "17": 2.8800089138756397,
        "18": 5.860137077182547,
        "19": 25.641346678912072
    },
    "best_mrt": [
        184.5566084717443,
        480.3177422414833,
        463.91624283533383,
        267.9415482571664,
        332.89692164106646,
        499.9999999999999,
        73.73776775497585,
        1.8394115347048843,
        500.0000000000001,
        100.53414080260262,
        29.67740006439164,
        88.32977754015009,
        500.0,
        124.21157937284238,
        173.60548723581522,
        88.63896152327978,
        85.68978346825834,
        82.35565391186593,
        500.0,
        500.0000000000001,
        90.95857274946077,
        70.43542039238541,
        99.25004672095723,
        363.2321970122751,
        499.99999999999994,
        199.08661011416277,
        500.0,
        32.39887378930172,
        499.99999999999994,
        163.00490815210622
    ],
    "SLA": 500
}