{
    "throughput": 9.0,
    "class_probs": {
        "0": 0.006279979146118109,
        "1": 0.012752859894158823,
        "2": 0.02272690022737605,
        "3": 0.031519092848237555,
        "4": 0.04480348731056255,
        "5": 0.022721605043590696,
        "6": 0.05243210321842639,
        "7": 0.02668600474673881,
        "8": 0.04007126888818231,
        "9": 0.04771039191738261,
        "10": 0.040828775978946436,
        "11": 0.04382273180327012,
        "12": 0.012405805788092677,
        "13": 0.03366996236859815,
        "14": 0.056731132745971385,
        "15": 0.032760507345083005,
        "16": 0.05297542768894499,
        "17": 0.02455448875065329,
        "18": 0.02391260299899726,
        "19": 0.05359182394098343,
        "20": 0.0538399983410632,
        "21": 0.006570734170210895,
        "22": 0.03253957423545006,
        "23": 0.03368388680456107,
        "24": 0.04305641948401051,
        "25": 0.022501076124071713,
        "26": 0.013355606011438575,
        "27": 0.040994724186745164,
        "28": 0.02194647210693606,
        "29": 0.048554555885198004
    },
    "best_objective": 198.61063321353143,
    "classes": [
        "0",
        "1",
        "2",
        "3",
        "4",
        "5",
        "6",
        "7",
        "8",
        "9",
        "10",
        "11",
        "12",
        "13",
        "14",
        "15",
        "16",
        "17",
        "18",
        "19",
        "20",
        "21",
        "22",
        "23",
        "24",
        "25",
        "26",
        "27",
        "28",
        "29"
    ],
    "resources": [
        "0",
        "1",
        "2",
        "3",
        "4",
        "5",
        "6",
        "7",
        "8",
        "9",
        "10",
        "11",
        "12",
        "13",
        "14",
        "15",
        "16",
        "17",
        "18",
        "19"
    ],
    "demands": {
        "2_0": 0.29184,
        "8_0": 0.15758,
        "10_0": 0.15962,
        "11_0": 0.01372,
        "13_0": 0.02948,
        "19_0": 0.11092,
        "21_0": 0.67848,
        "22_0": 0.05561,
        "25_0": 0.09336,
        "26_0": 0.52574,
        "5_1": 0.82118,
        "21_1": 0.77922,
        "23_1": 0.31783,
        "28_1": 0.64019,
        "3_2": 0.22346,
        "16_2": 0.35095,
        "17_2": 1.69498,
        "25_2": 0.18115,
        "1_3": 0.44074,
        "6_3": 0.00667,
        "13_3": 0.87442,
        "22_3": 1.78435,
        "1_4": 1.01771,
        "8_4": 0.14269,
        "9_4": 0.26011,
        "14_4": 0.31004,
        "20_4": 0.1211,
        "24_4": 0.36744,
        "25_4": 0.21802,
        "5_5": 0.3178,
        "10_5": 0.2624,
        "11_5": 0.02361,
        "13_5": 0.17987,
        "14_5": 0.04711,
        "16_5": 0.18494,
        "18_5": 0.29189,
        "21_5": 0.63554,
        "23_5": 0.02468,
        "28_5": 0.35518,
        "1_6": 0.25978,
        "2_6": 0.19312,
        "3_6": 0.06437,
        "7_6": 0.2181,
        "10_6": 0.1776,
        "11_6": 0.1901,
        "17_6": 0.30039,
        "21_6": 1.49427,
        "23_6": 0.15959,
        "25_6": 0.3306,
        "27_6": 0.24123,
        "2_7": 0.38352,
        "9_7": 0.16893,
        "14_7": 0.11592,
        "15_7": 0.22999,
        "22_7": 0.13655,
        "25_7": 0.12264,
        "29_7": 0.12856,
        "11_8": 0.41109,
        "12_8": 4.07047,
        "2_9": 0.30146,
        "3_9": 0.40834,
        "4_9": 0.28764,
        "6_9": 0.15884,
        "16_9": 0.02944,
        "18_9": 0.27286,
        "26_9": 0.25905,
        "1_10": 0.23228,
        "7_10": 0.47753,
        "10_10": 0.03329,
        "17_10": 0.48029,
        "27_10": 0.00285,
        "29_10": 0.26081,
        "0_11": 1.33352,
        "2_11": 0.09426,
        "3_11": 0.67721,
        "19_11": 0.13716,
        "22_11": 0.09995,
        "24_11": 0.43836,
        "27_11": 0.82237,
        "4_12": 0.12609,
        "7_12": 0.09139,
        "12_12": 0.08039,
        "18_12": 0.62595,
        "20_12": 0.43247,
        "21_12": 3.74777,
        "26_12": 0.84018,
        "27_12": 0.36611,
        "0_13": 2.08305,
        "4_13": 0.12255,
        "8_13": 0.38611,
        "13_13": 0.36673,
        "16_13": 0.04976,
        "19_13": 0.254,
        "24_13": 0.47402,
        "5_14": 0.2883,
        "9_14": 0.05846,
        "10_14": 0.15473,
        "11_14": 0.13505,
        "15_14": 0.0428,
        "18_14": 0.0157,
        "21_14": 0.46436,
        "25_14": 0.19973,
        "28_14": 0.16838,
        "1_15": 0.37134,
        "2_15": 0.48445,
        "12_15": 1.75714,
        "17_15": 0.03556,
        "22_15": 0.42089,
        "27_15": 0.22377,
        "28_15": 0.93119,
        "7_16": 0.54083,
        "15_16": 0.24257,
        "16_16": 0.03267,
        "20_16": 0.39779,
        "21_16": 1.49554,
        "26_16": 0.80081,
        "27_16": 0.07782,
        "28_16": 1.153,
        "10_17": 0.03974,
        "15_17": 0.03214,
        "16_17": 0.14271,
        "22_17": 0.42361,
        "24_17": 0.26904,
        "26_17": 1.0192,
        "9_18": 0.58766,
        "11_18": 0.24789,
        "19_18": 0.04136,
        "2_19": 0.84348,
        "10_19": 0.13353,
        "16_19": 0.18919,
        "19_19": 0.53613,
        "22_19": 0.32897,
        "24_19": 0.47477
    },
    "best": {
        "0": 13.063358734830933,
        "1": 13.72122756116785,
        "2": 5.838193764590136,
        "3": 8.869096058180142,
        "4": 3.873886971316467,
        "5": 12.512807745657204,
        "6": 19.320914799842313,
        "7": 3.9089827383588447,
        "8": 13.376329409385432,
        "9": 2.808096066817149,
        "10": 3.4911096749660193,
        "11": 7.09785854770702,
        "12": 30.072793373143426,
        "13": 8.02125788849934,
        "14": 10.57903362718301,
        "15": 10.593983572794514,
        "16": 19.254863995072732,
        "17": 4.233899924218402,
        "18": 1.9816303479202948,
        "19": 5.991308411880198
    },
    "best_mrt": [
        500.000000002513,
        500.0000000007412,
        500.000000004824,
        329.7564732073015,
        144.31397021904098,
        116.3829074385366,
        68.83434891251815,
        197.42519230641824,
        110.2325196469388,
        500.00000000028024,
        106.17503876954532,
        212.41475404934025,
        500.0000000005413,
        176.65857834378278,
        134.13106981805547,
        91.35106619642335,
        178.62264760697335,
        499.99999999999676,
        164.12174786307253,
        195.59602976126357,
        74.38801099877273,
        500.00000000012244,
        499.99999999131705,
        34.52476090324664,
        413.8868999168609,
        182.64861476137992,
        493.5092443819506,
        185.0361428338688,
        251.30030147876536,
        120.31729744307393
    ],
    "SLA": 500
}