{
    "throughput": 6.0,
    "class_probs": {
        "0": 0.028198846406814637,
        "1": 0.029657865954785336,
        "2": 0.01442972533617403,
        "3": 0.043147338847966496,
        "4": 0.03928861221556726,
        "5": 0.020218438834768003,
        "6": 0.03132555967956414,
        "7": 0.03370263666778599,
        "8": 0.029422712975667568,
        "9": 0.053264486628448494,
        "10": 0.05268115087979089,
        "11": 0.01982827085713136,
        "12": 0.0062720387850375954,
        "13": 0.007213647028682069,
        "14": 0.027735753805912002,
        "15": 0.0567397845806072,
        "16": 0.04992129345485451,
        "17": 0.01615279856464312,
        "18": 0.05218470598376353,
        "19": 0.056901056321883886,
        "20": 0.04639498555876093,
        "21": 0.03667849923993623,
        "22": 0.053533564114050414,
        "23": 0.02734679628136591,
        "24": 0.03152587139078777,
        "25": 0.016203351124247835,
        "26": 0.00809033092627055,
        "27": 0.034673868007207426,
        "28": 0.04958343530849279,
        "29": 0.02768257423903201
    },
    "best_objective": 258.2024450447945,
    "classes": [
        "0",
        "1",
        "2",
        "3",
        "4",
        "5",
        "6",
        "7",
        "8",
        "9",
        "10",
        "11",
        "12",
        "13",
        "14",
        "15",
        "16",
        "17",
        "18",
        "19",
        "20",
        "21",
        "22",
        "23",
        "24",
        "25",
        "26",
        "27",
        "28",
        "29"
    ],
    "resources": [
        "0",
        "1",
        "2",
        "3",
        "4",
        "5",
        "6",
        "7",
        "8",
        "9",
        "10",
        "11",
        "12",
        "13",
        "14",
        "15",
        "16",
        "17",
        "18",
        "19"
    ],
    "demands": {
        "2_0": 1.50897,
        "12_0": 0.53557,
        "13_0": 4.24052,
        "17_0": 1.05906,
        "20_0": 0.13997,
        "22_0": 0.00059,
        "28_0": 0.58656,
        "29_0": 0.89574,
        "3_1": 0.59216,
        "5_1": 1.31226,
        "8_1": 0.09462,
        "12_1": 4.42675,
        "27_1": 0.15798,
        "1_2": 0.40881,
        "6_2": 0.44073,
        "8_2": 0.31314,
        "10_2": 0.04422,
        "27_2": 0.31288,
        "28_2": 0.06914,
        "29_2": 0.33923,
        "5_3": 1.79974,
        "9_3": 0.35549,
        "10_3": 0.70627,
        "22_3": 0.68306,
        "24_3": 0.2018,
        "5_4": 1.80441,
        "9_4": 0.36354,
        "13_4": 1.80462,
        "14_4": 0.46187,
        "15_4": 0.33931,
        "26_4": 2.41878,
        "27_4": 0.31773,
        "0_5": 1.15955,
        "1_5": 0.65447,
        "11_5": 0.9427,
        "19_5": 0.20974,
        "24_5": 0.08995,
        "29_5": 0.75655,
        "4_6": 0.03943,
        "6_6": 0.33581,
        "8_6": 0.23215,
        "9_6": 0.23121,
        "16_6": 0.16794,
        "21_6": 0.27835,
        "22_6": 0.24426,
        "29_6": 0.16636,
        "1_7": 0.64258,
        "4_7": 0.66557,
        "6_7": 0.13527,
        "7_7": 0.20758,
        "9_7": 0.02673,
        "14_7": 0.5547,
        "16_7": 0.245,
        "23_7": 0.96925,
        "25_7": 1.7904,
        "4_8": 0.06683,
        "5_8": 0.5215,
        "11_8": 0.21339,
        "13_8": 1.59622,
        "15_8": 0.16304,
        "20_8": 0.20595,
        "21_8": 0.29904,
        "9_9": 0.47155,
        "12_9": 1.25241,
        "23_9": 0.57387,
        "24_9": 0.35235,
        "27_9": 0.98152,
        "5_10": 0.60425,
        "6_10": 0.31052,
        "7_10": 0.28418,
        "13_10": 0.75571,
        "14_10": 0.31162,
        "15_10": 0.20439,
        "18_10": 0.13805,
        "1_11": 0.27872,
        "3_11": 0.82809,
        "6_11": 0.11935,
        "22_11": 0.76131,
        "2_12": 0.85436,
        "6_12": 0.47683,
        "7_12": 0.12162,
        "18_12": 0.18635,
        "21_12": 0.02296,
        "24_12": 1.08912,
        "26_12": 3.97108,
        "3_13": 0.23298,
        "6_13": 0.2092,
        "7_13": 0.65054,
        "14_13": 0.30535,
        "21_13": 0.52667,
        "25_13": 1.22715,
        "27_13": 0.02429,
        "4_14": 0.14393,
        "15_14": 1.12596,
        "16_14": 0.28671,
        "25_14": 0.4264,
        "27_14": 0.29788,
        "29_14": 0.85498,
        "2_15": 1.90768,
        "4_15": 0.36519,
        "19_15": 0.03927,
        "24_15": 1.1973,
        "26_15": 3.54774,
        "1_16": 0.14559,
        "4_16": 0.2925,
        "5_16": 1.35983,
        "8_16": 0.86866,
        "10_16": 0.13491,
        "12_16": 1.47569,
        "13_16": 2.34583,
        "23_16": 0.44951,
        "0_17": 1.58859,
        "9_17": 1.35138,
        "7_18": 0.45239,
        "10_18": 0.4113,
        "12_18": 0.02828,
        "16_18": 0.24667,
        "24_18": 0.47719,
        "27_18": 0.58671,
        "29_18": 0.08211,
        "3_19": 0.0002,
        "5_19": 0.12288,
        "11_19": 0.24413,
        "12_19": 2.50742,
        "14_19": 0.23658,
        "16_19": 0.34436,
        "17_19": 1.40319,
        "20_19": 0.5981
    },
    "best": {
        "0": 27.499144115555392,
        "1": 25.80353441083229,
        "2": 3.465546889585636,
        "3": 8.904839594511664,
        "4": 24.30403457854074,
        "5": 6.950183898177574,
        "6": 2.9594253360530334,
        "7": 8.443040740565534,
        "8": 16.138561919427776,
        "9": 13.534882889135739,
        "10": 11.78734362299791,
        "11": 2.9104288333927357,
        "12": 20.10081278643744,
        "13": 6.811810589180093,
        "14": 6.908572431311682,
        "15": 19.04782332396551,
        "16": 24.861719989239617,
        "17": 5.723582030036805,
        "18": 2.9970359608010453,
        "19": 19.05012110504634
    },
    "best_mrt": [
        500.0000000014284,
        443.37046325225504,
        204.20704854854566,
        408.4941445846733,
        162.6062819120478,
        500.00000000033685,
        426.665969328523,
        344.7452102589928,
        231.61011882544878,
        458.8140897496914,
        273.3362414481791,
        176.10898277609442,
        500.00000000112885,
        500.00000000046475,
        181.34957573940207,
        225.47042126624825,
        262.8628587237491,
        115.65020906656673,
        21.68951244764754,
        35.369541537051646,
        50.67632117742046,
        212.82553928878178,
        500.0000000054049,
        190.41510640533832,
        380.30528410903156,
        500.00000000127585,
        500.0000000000142,
        485.7061844611409,
        44.2813456953061,
        500.0000000039948
    ],
    "SLA": 500
}