{
    "throughput": 7.0,
    "class_probs": {
        "0": 0.005849759370831336,
        "1": 0.009403174542828666,
        "2": 0.0216285434227086,
        "3": 0.03520492570582328,
        "4": 0.052416504330954655,
        "5": 0.035103457383696975,
        "6": 0.036430376999886084,
        "7": 0.05331256285457726,
        "8": 0.05258402181441019,
        "9": 0.030839764833287316,
        "10": 0.02517293056100893,
        "11": 0.03173217759707556,
        "12": 0.025396979510915685,
        "13": 0.039950607719944776,
        "14": 0.005703721939820491,
        "15": 0.01332138912883699,
        "16": 0.019265892759454797,
        "17": 0.031378373240676646,
        "18": 0.04402485982243748,
        "19": 0.04458098732181281,
        "20": 0.03254856798975592,
        "21": 0.042243393533985464,
        "22": 0.05285792467012599,
        "23": 0.05198947621015178,
        "24": 0.016126018689186627,
        "25": 0.05082892540450935,
        "26": 0.03616968949705563,
        "27": 0.053477331105210225,
        "28": 0.033972503474321486,
        "29": 0.016485158564709057
    },
    "best_objective": 243.75210883678886,
    "classes": [
        "0",
        "1",
        "2",
        "3",
        "4",
        "5",
        "6",
        "7",
        "8",
        "9",
        "10",
        "11",
        "12",
        "13",
        "14",
        "15",
        "16",
        "17",
        "18",
        "19",
        "20",
        "21",
        "22",
        "23",
        "24",
        "25",
        "26",
        "27",
        "28",
        "29"
    ],
    "resources": [
        "0",
        "1",
        "2",
        "3",
        "4",
        "5",
        "6",
        "7",
        "8",
        "9",
        "10",
        "11",
        "12",
        "13",
        "14",
        "15",
        "16",
        "17",
        "18",
        "19"
    ],
    "demands": {
        "7_0": 0.03706,
        "25_0": 0.22625,
        "27_0": 0.73156,
        "0_1": 0.82774,
        "12_1": 1.63145,
        "17_1": 1.01987,
        "20_1": 0.00678,
        "22_1": 0.14495,
        "26_1": 0.56545,
        "29_1": 0.32486,
        "1_2": 0.17285,
        "8_2": 0.21069,
        "15_2": 0.67652,
        "16_2": 0.40523,
        "25_2": 0.2088,
        "26_2": 0.19399,
        "27_2": 0.31731,
        "0_3": 2.00732,
        "1_3": 0.22401,
        "3_3": 0.29777,
        "6_3": 0.18424,
        "7_3": 0.25502,
        "11_3": 0.20579,
        "19_3": 0.29754,
        "22_3": 0.25444,
        "0_4": 1.70532,
        "3_4": 0.36474,
        "6_4": 0.03649,
        "11_4": 0.37674,
        "14_4": 0.52932,
        "18_4": 0.44126,
        "21_4": 0.08656,
        "24_4": 1.26755,
        "1_5": 2.27178,
        "7_5": 0.294,
        "20_5": 0.83112,
        "21_5": 0.97112,
        "11_6": 0.00915,
        "18_6": 0.36525,
        "19_6": 0.96814,
        "25_6": 0.79921,
        "28_6": 0.28201,
        "4_7": 0.09747,
        "12_7": 0.15409,
        "16_7": 0.18249,
        "17_7": 0.25506,
        "23_7": 0.21845,
        "27_7": 0.23833,
        "28_7": 0.17205,
        "0_8": 3.65967,
        "6_8": 0.14487,
        "9_8": 0.70091,
        "11_8": 0.30068,
        "12_8": 0.73266,
        "15_8": 1.56573,
        "20_8": 0.11036,
        "24_8": 1.03633,
        "6_9": 0.36731,
        "9_9": 0.80786,
        "16_9": 0.19658,
        "17_9": 1.50457,
        "25_9": 0.06696,
        "1_10": 1.00795,
        "3_10": 0.31213,
        "7_10": 0.40411,
        "15_10": 1.361,
        "20_10": 0.30599,
        "21_10": 0.31707,
        "23_10": 0.02783,
        "26_10": 0.53033,
        "28_10": 0.40436,
        "29_10": 0.1878,
        "2_11": 1.45539,
        "20_11": 2.71729,
        "23_11": 0.0295,
        "4_12": 0.0802,
        "6_12": 0.26736,
        "8_12": 0.15801,
        "10_12": 0.08644,
        "11_12": 0.06852,
        "17_12": 0.42545,
        "22_12": 0.17362,
        "28_12": 0.29993,
        "29_12": 0.15362,
        "1_13": 2.507,
        "8_13": 0.56089,
        "17_13": 0.70799,
        "0_14": 4.62491,
        "3_14": 0.2346,
        "4_14": 0.09223,
        "5_14": 0.26961,
        "11_14": 0.36523,
        "15_14": 0.99343,
        "7_15": 0.2553,
        "10_15": 0.35224,
        "17_15": 0.01877,
        "27_15": 0.35994,
        "28_15": 0.38123,
        "2_16": 0.62502,
        "5_16": 0.20131,
        "6_16": 0.38378,
        "8_16": 0.0872,
        "10_16": 0.56474,
        "12_16": 0.07958,
        "13_16": 0.12235,
        "15_16": 1.03684,
        "18_16": 0.23295,
        "23_16": 0.0415,
        "24_16": 0.04822,
        "1_17": 0.26499,
        "4_17": 0.0555,
        "8_17": 0.1846,
        "11_17": 0.20971,
        "13_17": 0.34848,
        "14_17": 0.27523,
        "15_17": 0.41275,
        "18_17": 0.04623,
        "25_17": 0.27183,
        "16_18": 2.61465,
        "20_18": 0.0827,
        "22_18": 0.35994,
        "26_18": 0.32469,
        "29_18": 0.15092,
        "3_19": 1.06065,
        "10_19": 0.30607,
        "17_19": 1.12301
    },
    "best": {
        "0": 3.3091170180557907,
        "1": 16.911654446416005,
        "2": 7.925983976306384,
        "3": 21.83210447056972,
        "4": 19.86146934690295,
        "5": 13.821374222169789,
        "6": 3.0771036072395055,
        "7": 5.375441030514531,
        "8": 30.417711714525925,
        "9": 11.648116307759937,
        "10": 12.716047869142388,
        "11": 7.743877737317561,
        "12": 6.192066721253614,
        "13": 15.630469088397883,
        "14": 33.0265602581212,
        "15": 2.6176048442559803,
        "16": 7.702144415412335,
        "17": 6.743383461717931,
        "18": 7.28120225639239,
        "19": 9.91867604431697
    },
    "best_mrt": [
        500.00000000032816,
        500.00000017467363,
        299.2595808851905,
        179.775249205977,
        44.93508557835766,
        36.68304534431271,
        149.38132722995536,
        195.54190373650192,
        134.19610907301364,
        97.13077066390576,
        285.26314563300537,
        99.57441753263399,
        167.81907952494373,
        72.27855999095576,
        70.90875674354402,
        500.00000027244454,
        500.00000000007674,
        500.0000000003956,
        221.22175140326772,
        433.2743888884635,
        500.00000001270286,
        105.41516173295344,
        104.99538372834705,
        55.97475387763666,
        107.5519073250604,
        500.00000015392976,
        154.314018663877,
        500.0000000013109,
        413.44168807247746,
        85.24246988302659
    ],
    "SLA": 500
}