{
    "throughput": 5.0,
    "class_probs": {
        "0": 0.05045980027833435,
        "1": 0.02906676773006989,
        "2": 0.0474667720586774,
        "3": 0.045838188669801,
        "4": 0.009841226601566642,
        "5": 0.05264256555606261,
        "6": 0.027688411316599267,
        "7": 0.014551768383712178,
        "8": 0.05294061830579492,
        "9": 0.04353047326957232,
        "10": 0.0163475743874989,
        "11": 0.031770641031019085,
        "12": 0.010943262084156061,
        "13": 0.05251717229699093,
        "14": 0.007488292222300597,
        "15": 0.021537903050480443,
        "16": 0.050706804449663356,
        "17": 0.028469239026062274,
        "18": 0.024709205612495042,
        "19": 0.0501868610408156,
        "20": 0.05155896966966924,
        "21": 0.04858750121968399,
        "22": 0.024206194360213675,
        "23": 0.020387034426744232,
        "24": 0.038112595425412156,
        "25": 0.024107679509701985,
        "26": 0.02182922376007773,
        "27": 0.041786325421991205,
        "28": 0.010438113550943361,
        "29": 0.05028281528388957
    },
    "best_objective": 219.67392855795117,
    "classes": [
        "0",
        "1",
        "2",
        "3",
        "4",
        "5",
        "6",
        "7",
        "8",
        "9",
        "10",
        "11",
        "12",
        "13",
        "14",
        "15",
        "16",
        "17",
        "18",
        "19",
        "20",
        "21",
        "22",
        "23",
        "24",
        "25",
        "26",
        "27",
        "28",
        "29"
    ],
    "resources": [
        "0",
        "1",
        "2",
        "3",
        "4",
        "5",
        "6",
        "7",
        "8",
        "9",
        "10",
        "11",
        "12",
        "13",
        "14",
        "15",
        "16",
        "17",
        "18",
        "19"
    ],
    "demands": {
        "4_0": 0.81469,
        "11_0": 0.09952,
        "12_0": 1.3825,
        "16_0": 0.24381,
        "18_0": 0.97932,
        "22_0": 1.34426,
        "27_0": 0.36248,
        "3_1": 1.01657,
        "22_1": 0.97876,
        "27_1": 1.61031,
        "1_2": 1.41458,
        "9_2": 0.97558,
        "17_2": 1.06804,
        "23_2": 0.38434,
        "25_2": 0.08264,
        "29_2": 0.87477,
        "6_3": 0.41857,
        "7_3": 2.05697,
        "10_3": 2.1345,
        "15_3": 1.37814,
        "16_3": 0.15944,
        "22_3": 0.63948,
        "24_3": 0.45138,
        "27_3": 0.35745,
        "3_4": 0.20367,
        "7_4": 0.73213,
        "12_4": 0.81507,
        "18_4": 0.64762,
        "23_4": 0.78138,
        "25_4": 0.59453,
        "8_5": 0.70135,
        "11_5": 0.90359,
        "16_5": 0.78163,
        "18_5": 1.35782,
        "0_6": 0.38023,
        "1_6": 0.05217,
        "2_6": 0.12217,
        "3_6": 0.04005,
        "6_6": 0.94724,
        "12_6": 1.19721,
        "15_6": 1.26848,
        "19_6": 0.44793,
        "23_6": 1.42802,
        "25_6": 0.27834,
        "26_6": 0.55383,
        "29_6": 0.0183,
        "1_7": 0.15061,
        "3_7": 0.62919,
        "9_7": 1.03804,
        "11_7": 1.23903,
        "24_7": 0.89941,
        "4_8": 1.96716,
        "6_8": 0.74516,
        "21_8": 0.58662,
        "24_8": 1.08015,
        "27_8": 0.9537,
        "0_9": 0.46182,
        "2_9": 0.41701,
        "6_9": 0.3184,
        "7_9": 1.75805,
        "12_9": 1.38791,
        "20_9": 0.42058,
        "22_9": 0.11119,
        "23_9": 0.01607,
        "1_10": 0.49,
        "13_10": 0.48726,
        "18_10": 0.33115,
        "20_10": 0.58114,
        "23_10": 0.31106,
        "24_10": 0.14346,
        "0_11": 0.92494,
        "4_11": 1.31673,
        "5_11": 1.22558,
        "10_11": 0.44614,
        "16_11": 0.75862,
        "29_11": 0.12539,
        "1_12": 0.16158,
        "2_12": 0.10863,
        "3_12": 0.24567,
        "6_12": 0.64033,
        "12_12": 0.346,
        "18_12": 0.56506,
        "19_12": 0.46132,
        "20_12": 0.35528,
        "23_12": 0.73715,
        "24_12": 0.30767,
        "28_12": 0.87005,
        "29_12": 0.3008,
        "0_13": 0.36361,
        "2_13": 0.91411,
        "13_13": 0.91649,
        "16_13": 0.54746,
        "17_13": 1.12002,
        "0_14": 0.09739,
        "2_14": 0.06558,
        "4_14": 0.78799,
        "7_14": 0.24503,
        "8_14": 0.24013,
        "14_14": 1.51615,
        "19_14": 0.19453,
        "26_14": 0.1789,
        "28_14": 1.12676,
        "5_15": 0.99705,
        "11_15": 0.44017,
        "26_15": 1.26704,
        "3_16": 0.19605,
        "7_16": 1.41763,
        "9_16": 1.01204,
        "10_16": 2.50769,
        "11_16": 0.40274,
        "12_16": 1.95495,
        "10_17": 1.14547,
        "14_17": 3.63804,
        "25_17": 1.05828,
        "28_17": 1.73859,
        "29_17": 0.40874,
        "4_18": 2.8206,
        "6_18": 0.41053,
        "7_18": 1.8,
        "15_18": 0.50397,
        "16_18": 0.46988,
        "21_18": 0.09661,
        "28_18": 1.87211,
        "0_19": 0.60949,
        "2_19": 0.00942,
        "6_19": 0.72685,
        "13_19": 0.30233,
        "17_19": 0.70169,
        "21_19": 0.5054,
        "23_19": 0.18298,
        "25_19": 0.59465,
        "27_19": 0.69175
    },
    "best": {
        "0": 16.25072953112338,
        "1": 6.620546944480878,
        "2": 6.585537425402158,
        "3": 14.332601158240045,
        "4": 12.991007456900705,
        "5": 7.7905452116807155,
        "6": 12.04024685257692,
        "7": 6.511240820854495,
        "8": 15.56901326300386,
        "9": 17.464402089226777,
        "10": 3.3429480605411346,
        "11": 12.417458635968192,
        "12": 7.765640442622754,
        "13": 6.51015708537402,
        "14": 12.191358365189407,
        "15": 3.8984276577797394,
        "16": 18.680945338115123,
        "17": 10.329952521121726,
        "18": 21.55666799058965,
        "19": 6.824501707159453
    },
    "best_mrt": [
        314.9551685241059,
        469.33647123253064,
        219.60818305454438,
        346.39826031463343,
        500.00000000000153,
        397.1097027013961,
        415.9387428512216,
        500.000000000002,
        119.11427134098594,
        406.6893390953272,
        453.45080030673444,
        500.0000000000048,
        500.00000000000387,
        380.3481480672055,
        500.0000000000002,
        239.1476510147506,
        322.3639922383421,
        500.00000000009226,
        500.0000000000031,
        122.0927401625248,
        276.3331669744101,
        127.9947549865342,
        304.48562107819555,
        500.0000000000302,
        356.04238733507685,
        293.1603594928619,
        434.15025690780163,
        500.0000000000537,
        486.2477078679528,
        249.37128766075236
    ],
    "SLA": 500
}