{
    "throughput": 8.0,
    "class_probs": {
        "0": 0.04658987528371252,
        "1": 0.017292396930528264,
        "2": 0.0452679409956331,
        "3": 0.025644371005775157,
        "4": 0.038150950477687816,
        "5": 0.030515472817024887,
        "6": 0.05175905520140542,
        "7": 0.016081951321054156,
        "8": 0.050361876397325145,
        "9": 0.04718873744525032,
        "10": 0.03725787463938307,
        "11": 0.011129666329224606,
        "12": 0.04752465182978689,
        "13": 0.05620278302194931,
        "14": 0.05629393089109953,
        "15": 0.013639763277124106,
        "16": 0.02208782332784786,
        "17": 0.03416861092410183,
        "18": 0.009838009743936189,
        "19": 0.034248337255026934,
        "20": 0.06148637438327372,
        "21": 0.016024371546460178,
        "22": 0.03154476956634751,
        "23": 0.010137345505085646,
        "24": 0.026518545088302512,
        "25": 0.05082779671632334,
        "26": 0.012544686170482329,
        "27": 0.018664397461551036,
        "28": 0.04352929255415736,
        "29": 0.03747834189313913
    },
    "best_objective": 219.252121269911,
    "classes": [
        "0",
        "1",
        "2",
        "3",
        "4",
        "5",
        "6",
        "7",
        "8",
        "9",
        "10",
        "11",
        "12",
        "13",
        "14",
        "15",
        "16",
        "17",
        "18",
        "19",
        "20",
        "21",
        "22",
        "23",
        "24",
        "25",
        "26",
        "27",
        "28",
        "29"
    ],
    "resources": [
        "0",
        "1",
        "2",
        "3",
        "4",
        "5",
        "6",
        "7",
        "8",
        "9",
        "10",
        "11",
        "12",
        "13",
        "14",
        "15",
        "16",
        "17",
        "18",
        "19"
    ],
    "demands": {
        "14_0": 0.15612,
        "22_0": 0.26803,
        "24_0": 0.95679,
        "25_0": 0.64499,
        "0_1": 0.21699,
        "3_1": 0.45122,
        "5_1": 0.90911,
        "10_1": 1.48526,
        "0_2": 0.4664,
        "1_2": 0.01245,
        "15_2": 1.54906,
        "21_2": 1.31786,
        "25_2": 0.56086,
        "27_2": 0.54937,
        "3_3": 0.10351,
        "8_3": 0.16957,
        "9_3": 0.00482,
        "13_3": 0.14475,
        "16_3": 0.02487,
        "19_3": 0.16253,
        "21_3": 0.02234,
        "26_3": 0.818,
        "29_3": 0.28388,
        "1_4": 0.07286,
        "5_4": 0.24062,
        "8_4": 0.1261,
        "12_4": 0.07099,
        "18_4": 3.12431,
        "26_4": 2.68187,
        "29_4": 0.13472,
        "5_5": 0.00297,
        "12_5": 0.42161,
        "19_5": 0.84831,
        "20_5": 0.29771,
        "22_5": 0.28192,
        "24_5": 0.4183,
        "26_5": 0.46219,
        "20_6": 1.66925,
        "4_7": 0.62486,
        "6_7": 0.58833,
        "7_7": 1.09906,
        "16_7": 1.06185,
        "3_8": 0.09171,
        "10_8": 0.05711,
        "11_8": 1.1835,
        "23_8": 0.10368,
        "24_8": 0.44024,
        "25_8": 0.27629,
        "26_8": 1.60625,
        "5_9": 0.25003,
        "7_9": 0.92786,
        "8_9": 0.20651,
        "13_9": 0.12361,
        "15_9": 1.08838,
        "16_9": 0.63224,
        "23_9": 0.41947,
        "29_9": 0.26157,
        "9_10": 0.21971,
        "22_10": 1.28102,
        "23_10": 1.93235,
        "0_11": 0.25195,
        "3_11": 0.13448,
        "4_11": 0.28631,
        "6_11": 0.09212,
        "8_11": 0.14496,
        "17_11": 0.43418,
        "29_11": 0.25104,
        "2_12": 0.28666,
        "13_12": 0.40765,
        "21_12": 1.21727,
        "26_12": 2.10894,
        "6_13": 0.45309,
        "7_13": 2.31024,
        "13_13": 0.05646,
        "28_13": 0.56347,
        "11_14": 5.81735,
        "15_14": 1.81369,
        "2_15": 0.19426,
        "15_15": 1.22332,
        "17_15": 0.50247,
        "18_15": 1.59709,
        "20_15": 0.13288,
        "21_15": 0.67831,
        "22_15": 0.524,
        "27_15": 0.45124,
        "29_15": 0.01576,
        "11_16": 0.98232,
        "16_16": 0.31536,
        "18_16": 0.97165,
        "19_16": 0.13598,
        "25_16": 0.106,
        "0_17": 0.3161,
        "4_17": 0.53412,
        "8_17": 0.32303,
        "16_17": 0.56714,
        "19_17": 0.49114,
        "25_17": 0.10327,
        "27_17": 0.11136,
        "29_17": 0.06949,
        "1_18": 1.63068,
        "12_18": 0.70334,
        "14_18": 0.14559,
        "16_18": 0.22386,
        "22_18": 0.58392,
        "23_18": 0.06919,
        "3_19": 0.40327,
        "5_19": 0.51538,
        "6_19": 0.41688,
        "17_19": 0.36218,
        "20_19": 0.05535,
        "21_19": 0.79266,
        "26_19": 2.1382
    },
    "best": {
        "0": 3.5506754433530183,
        "1": 3.8257574374882215,
        "2": 10.147187204334434,
        "3": 13.539956814869608,
        "4": 24.521933379207805,
        "5": 11.201999662792515,
        "6": 4.492550103289666,
        "7": 8.018848331700854,
        "8": 20.409201251312577,
        "9": 10.665630700570023,
        "10": 7.0066526548968415,
        "11": 1.7424715270748554,
        "12": 21.777664180975638,
        "13": 9.739042928547786,
        "14": 20.076275160089107,
        "15": 10.13518272244113,
        "16": 7.315137866303857,
        "17": 3.635049520647495,
        "18": 5.347909311110027,
        "19": 22.102995068905596
    },
    "best_mrt": [
        433.96381934334994,
        359.13477183080744,
        34.43312820206579,
        290.633206280104,
        500.0000000012458,
        363.8863907526945,
        224.94544088664244,
        500.0000000002586,
        266.44413264859605,
        34.462884682279935,
        500.000000000109,
        500.0000000028977,
        196.30886859597436,
        48.90181688877675,
        84.63918690413352,
        500.00000000064546,
        500.00000000289214,
        420.25575147604945,
        441.1873329561665,
        281.6488863376594,
        500.0000000000493,
        310.7677047429614,
        500.0000000084679,
        362.07693298678345,
        386.7502256622625,
        343.4721154671678,
        500.00000000903657,
        145.65272462342446,
        62.38181537609797,
        280.8891895426931
    ],
    "SLA": 500
}