{
    "throughput": 7.0,
    "class_probs": {
        "0": 0.02362576254420289,
        "1": 0.051853074023771185,
        "2": 0.04986351185708611,
        "3": 0.00676981328535148,
        "4": 0.05991783455669631,
        "5": 0.04745837498549168,
        "6": 0.008809284020346024,
        "7": 0.03731252715776304,
        "8": 0.054287588649196854,
        "9": 0.05261904185365525,
        "10": 0.022870629304178564,
        "11": 0.030471856256892513,
        "12": 0.04239890237062752,
        "13": 0.04141792261756922,
        "14": 0.024836625129009592,
        "15": 0.05589437069668962,
        "16": 0.04448966379013569,
        "17": 0.018199879773943023,
        "18": 0.017326731944263925,
        "19": 0.01636793079263942,
        "20": 0.05732732809307559,
        "21": 0.02178893571304189,
        "22": 0.01216033487950203,
        "23": 0.033665337521345616,
        "24": 0.016491351772750157,
        "25": 0.009537265994215314,
        "26": 0.028010290670264424,
        "27": 0.025092095033874315,
        "28": 0.048058056920024336,
        "29": 0.04107767779239643
    },
    "best_objective": 220.3934130140773,
    "classes": [
        "0",
        "1",
        "2",
        "3",
        "4",
        "5",
        "6",
        "7",
        "8",
        "9",
        "10",
        "11",
        "12",
        "13",
        "14",
        "15",
        "16",
        "17",
        "18",
        "19",
        "20",
        "21",
        "22",
        "23",
        "24",
        "25",
        "26",
        "27",
        "28",
        "29"
    ],
    "resources": [
        "0",
        "1",
        "2",
        "3",
        "4",
        "5",
        "6",
        "7",
        "8",
        "9",
        "10",
        "11",
        "12",
        "13",
        "14",
        "15",
        "16",
        "17",
        "18",
        "19"
    ],
    "demands": {
        "6_0": 0.42959,
        "13_0": 0.34785,
        "15_0": 0.24458,
        "16_0": 0.25681,
        "19_0": 0.79226,
        "21_0": 0.53528,
        "22_0": 0.79573,
        "0_1": 1.01086,
        "5_1": 0.05378,
        "7_1": 0.62622,
        "23_1": 0.66505,
        "3_2": 1.64344,
        "4_2": 0.35573,
        "8_2": 0.30185,
        "17_2": 0.042,
        "20_2": 0.01984,
        "3_3": 3.79381,
        "7_3": 0.84881,
        "12_3": 0.49247,
        "15_3": 0.2737,
        "29_3": 0.05658,
        "1_4": 0.06685,
        "12_4": 0.24525,
        "15_4": 0.13373,
        "20_4": 0.10653,
        "22_4": 0.4596,
        "25_4": 0.40962,
        "28_4": 0.00932,
        "29_4": 0.28203,
        "11_5": 0.29047,
        "16_5": 0.24307,
        "20_5": 0.13638,
        "21_5": 0.4527,
        "22_5": 0.21765,
        "24_5": 1.14385,
        "26_5": 0.69139,
        "27_5": 0.37229,
        "2_6": 0.24472,
        "14_6": 0.55577,
        "16_6": 0.25101,
        "23_6": 0.02159,
        "26_6": 0.46079,
        "0_7": 0.16024,
        "5_7": 0.15914,
        "9_7": 0.33084,
        "11_7": 0.51456,
        "12_7": 0.33651,
        "29_7": 0.36432,
        "0_8": 0.46759,
        "3_8": 1.95572,
        "6_8": 0.1274,
        "10_8": 0.88059,
        "12_8": 0.16776,
        "13_8": 0.43877,
        "14_8": 0.36628,
        "21_8": 0.02875,
        "28_8": 0.13919,
        "1_9": 0.16314,
        "2_9": 0.17532,
        "11_9": 0.19638,
        "13_9": 0.19823,
        "14_9": 0.34744,
        "15_9": 0.13668,
        "18_9": 0.62991,
        "20_9": 0.12191,
        "22_9": 0.05014,
        "27_9": 0.31106,
        "1_10": 0.13112,
        "3_10": 1.69022,
        "6_10": 0.34489,
        "10_10": 0.63649,
        "14_10": 0.37918,
        "16_10": 0.33173,
        "17_10": 0.49829,
        "18_10": 0.53323,
        "22_10": 0.83502,
        "29_10": 0.22139,
        "0_11": 0.89379,
        "8_11": 0.39015,
        "20_11": 0.13418,
        "21_11": 0.58034,
        "29_11": 0.08873,
        "1_12": 0.32362,
        "5_12": 0.2656,
        "7_12": 0.18171,
        "10_12": 0.04496,
        "13_12": 0.07632,
        "19_12": 0.94856,
        "20_12": 0.01933,
        "22_12": 2.59963,
        "6_13": 2.44526,
        "12_13": 0.56698,
        "13_13": 0.45481,
        "23_13": 0.2594,
        "24_13": 1.16754,
        "27_13": 1.32789,
        "7_14": 0.65947,
        "23_14": 3.0866,
        "2_15": 0.21214,
        "4_15": 0.16839,
        "5_15": 0.20672,
        "7_15": 0.55754,
        "17_15": 0.93746,
        "24_15": 2.02866,
        "8_16": 0.73892,
        "14_16": 2.75764,
        "25_16": 1.49432,
        "1_17": 0.19018,
        "4_17": 0.23955,
        "9_17": 0.56937,
        "10_17": 0.43848,
        "22_17": 2.2562,
        "27_17": 0.79381,
        "6_18": 2.5805,
        "9_18": 0.1549,
        "19_18": 0.45846,
        "20_18": 0.32552,
        "21_18": 0.81091,
        "1_19": 0.5006,
        "10_19": 0.94355,
        "12_19": 0.04836,
        "21_19": 1.07163,
        "29_19": 0.14715
    },
    "best": {
        "0": 11.769368096126989,
        "1": 5.967256365664848,
        "2": 14.662975667855738,
        "3": 22.409820874272366,
        "4": 7.7608966689548256,
        "5": 8.983326294517592,
        "6": 5.124791381972629,
        "7": 1.9651462093908645,
        "8": 17.052942728346075,
        "9": 4.977213701921463,
        "10": 19.120163626684572,
        "11": 5.543988930004462,
        "12": 18.262572287117656,
        "13": 12.765657887734575,
        "14": 9.67118594680677,
        "15": 8.364624870075206,
        "16": 11.356908445837357,
        "17": 17.216659634117953,
        "18": 11.76479917801099,
        "19": 5.653114218664388
    },
    "best_mrt": [
        499.99999992855913,
        180.77410122271698,
        118.35182735607569,
        500.0000000003745,
        61.44337038410287,
        161.70336345214113,
        500.00000000006463,
        312.0416633218419,
        168.29141265245744,
        276.6606221527862,
        302.3066502062184,
        433.72417593016837,
        355.25429265995194,
        144.71555312258857,
        499.99999999889576,
        83.0548075080073,
        122.5398418293849,
        152.47300105500938,
        170.17790438491124,
        165.1202275254235,
        115.84398408519286,
        500.00000000183564,
        500.0000000001761,
        499.9999999977517,
        500.0000000001079,
        197.57724226773877,
        179.21876534120912,
        274.25234917584186,
        9.721798452350729,
        350.2844813264277
    ],
    "SLA": 500
}