{
    "throughput": 9.0,
    "class_probs": {
        "0": 0.007972447838775716,
        "1": 0.017898055120507864,
        "2": 0.04948785286452022,
        "3": 0.04507155474915243,
        "4": 0.008539554800311268,
        "5": 0.046355261315238636,
        "6": 0.04189257911850473,
        "7": 0.01702526581949074,
        "8": 0.052431584250437015,
        "9": 0.025130456290206805,
        "10": 0.03289234926147473,
        "11": 0.029882747134416777,
        "12": 0.03071529952587715,
        "13": 0.05105707558145034,
        "14": 0.029198792389715445,
        "15": 0.04194164233548614,
        "16": 0.053700363413615816,
        "17": 0.011127273077371009,
        "18": 0.019120755758508277,
        "19": 0.021999623733146245,
        "20": 0.04673529759362417,
        "21": 0.021299270695661395,
        "22": 0.055029597696726454,
        "23": 0.048158699795179456,
        "24": 0.027845275608600416,
        "25": 0.008044873623085043,
        "26": 0.04703719325510292,
        "27": 0.05198756503461877,
        "28": 0.02212855110690297,
        "29": 0.0382931412122911
    },
    "best_objective": 271.05324704331787,
    "classes": [
        "0",
        "1",
        "2",
        "3",
        "4",
        "5",
        "6",
        "7",
        "8",
        "9",
        "10",
        "11",
        "12",
        "13",
        "14",
        "15",
        "16",
        "17",
        "18",
        "19",
        "20",
        "21",
        "22",
        "23",
        "24",
        "25",
        "26",
        "27",
        "28",
        "29"
    ],
    "resources": [
        "0",
        "1",
        "2",
        "3",
        "4",
        "5",
        "6",
        "7",
        "8",
        "9",
        "10",
        "11",
        "12",
        "13",
        "14",
        "15",
        "16",
        "17",
        "18",
        "19"
    ],
    "demands": {
        "6_0": 0.29622,
        "9_0": 0.07178,
        "12_0": 0.4338,
        "23_0": 0.48338,
        "26_0": 0.5132,
        "28_0": 1.00871,
        "13_1": 0.21492,
        "23_1": 0.55315,
        "28_1": 1.25392,
        "0_2": 1.54432,
        "2_2": 0.11547,
        "3_2": 0.16309,
        "12_2": 0.09015,
        "16_2": 0.21388,
        "20_2": 0.2752,
        "27_2": 0.07428,
        "28_2": 0.09898,
        "12_3": 0.60334,
        "13_3": 0.43633,
        "24_3": 0.518,
        "25_3": 1.51668,
        "0_4": 2.31275,
        "2_4": 0.23709,
        "3_4": 0.11909,
        "6_4": 0.13345,
        "7_4": 0.9682,
        "12_4": 0.06847,
        "18_4": 1.10217,
        "19_4": 0.15773,
        "22_4": 0.20961,
        "0_5": 4.94722,
        "5_5": 0.06972,
        "15_5": 0.00425,
        "16_5": 0.29879,
        "27_5": 0.77045,
        "1_6": 0.79927,
        "7_6": 0.74521,
        "15_6": 0.29231,
        "16_6": 0.15682,
        "20_6": 0.17881,
        "21_6": 0.00484,
        "22_6": 0.22428,
        "26_6": 0.29252,
        "1_7": 0.77309,
        "8_7": 0.00584,
        "9_7": 0.36685,
        "11_7": 0.40953,
        "20_7": 0.40158,
        "21_7": 0.20651,
        "22_7": 0.15135,
        "7_8": 0.89717,
        "13_8": 0.14704,
        "14_8": 0.31973,
        "16_8": 0.3543,
        "19_8": 0.31096,
        "29_8": 0.14514,
        "0_9": 4.05418,
        "4_9": 1.42936,
        "13_9": 0.29087,
        "19_9": 1.55272,
        "5_10": 0.44457,
        "8_10": 0.5421,
        "9_10": 0.00043,
        "11_10": 0.42705,
        "26_10": 0.2906,
        "28_10": 0.51679,
        "4_11": 2.79686,
        "10_11": 0.67926,
        "18_11": 0.77164,
        "21_11": 1.07401,
        "27_11": 0.28848,
        "1_12": 0.71,
        "2_12": 0.19195,
        "7_12": 0.55799,
        "8_12": 0.14891,
        "11_12": 0.28276,
        "12_12": 0.37257,
        "23_12": 0.02582,
        "26_12": 0.15963,
        "4_13": 2.72384,
        "13_13": 0.30331,
        "18_13": 1.34418,
        "25_13": 0.764,
        "27_13": 0.14722,
        "29_13": 0.17558,
        "1_14": 0.57089,
        "4_14": 0.67756,
        "6_14": 0.1786,
        "10_14": 0.11097,
        "11_14": 0.0071,
        "15_14": 0.23215,
        "18_14": 0.3971,
        "20_14": 0.16224,
        "22_14": 0.19542,
        "29_14": 0.27194,
        "1_15": 0.36481,
        "2_15": 0.19426,
        "4_15": 1.06692,
        "5_15": 0.16902,
        "7_15": 0.19585,
        "14_15": 0.30053,
        "16_15": 0.09583,
        "19_15": 0.09533,
        "22_15": 0.13641,
        "25_15": 0.82457,
        "26_15": 0.19796,
        "29_15": 0.22257,
        "5_16": 1.26569,
        "23_16": 0.16843,
        "26_16": 0.42709,
        "4_17": 2.69362,
        "14_17": 0.32504,
        "20_17": 0.24623,
        "24_17": 0.59958,
        "25_17": 2.86874,
        "9_18": 1.39137,
        "14_18": 0.29872,
        "29_18": 0.16027,
        "5_19": 0.20287,
        "9_19": 0.07105,
        "17_19": 1.19825,
        "18_19": 0.32721,
        "19_19": 0.58645,
        "20_19": 0.18031,
        "22_19": 0.22963,
        "23_19": 0.08915,
        "28_19": 0.32132
    },
    "best": {
        "0": 7.619934047923827,
        "1": 8.054600469244766,
        "2": 17.130085599163124,
        "3": 5.630058437922008,
        "4": 21.498870912955436,
        "5": 30.381305294244545,
        "6": 6.634595410793792,
        "7": 5.323473746738945,
        "8": 4.836983407308805,
        "9": 32.723894558158975,
        "10": 6.025616433721715,
        "11": 25.292508483682298,
        "12": 5.975877400855109,
        "13": 25.10937138144555,
        "14": 13.242114327576989,
        "15": 16.7451189948061,
        "16": 4.366904223310875,
        "17": 25.67869319289912,
        "18": 3.97709497116394,
        "19": 4.80614574940201
    },
    "best_mrt": [
        500.0000000000827,
        500.00000000001177,
        66.39106474492309,
        15.593600462569734,
        500.0000000000684,
        499.9999999819026,
        64.5829722259527,
        500.0000000000262,
        132.3927634036059,
        499.9999999982225,
        36.65555779366064,
        221.5105270368439,
        262.656912237429,
        171.7064945458999,
        191.4606139495142,
        68.18662548523389,
        138.68250426334072,
        290.7799649980567,
        251.21081841890236,
        277.5309203468596,
        198.52795292501193,
        88.58848502956377,
        160.0650662232293,
        219.18666471418786,
        127.17828714831137,
        500.0000000000565,
        342.4226219900883,
        48.46789474364314,
        499.99999989724165,
        122.19939197818722
    ],
    "SLA": 500
}