{
    "throughput": 9.0,
    "class_probs": {
        "0": 0.05371222508176265,
        "1": 0.005600470794989215,
        "2": 0.044984918428992604,
        "3": 0.007883802607766914,
        "4": 0.050916283191296305,
        "5": 0.03278586807710156,
        "6": 0.019344576188332494,
        "7": 0.02300192659725057,
        "8": 0.029535983720273305,
        "9": 0.03926233878574773,
        "10": 0.05292417814000001,
        "11": 0.04769105673023738,
        "12": 0.04283028876914135,
        "13": 0.01549323064833776,
        "14": 0.04894417859332529,
        "15": 0.03528851843440291,
        "16": 0.04238299879344931,
        "17": 0.050715795023240785,
        "18": 0.04691460023669078,
        "19": 0.023880646150539836,
        "20": 0.007247856636160506,
        "21": 0.041111136762719554,
        "22": 0.05381161281131128,
        "23": 0.03586753738901925,
        "24": 0.020046675993639147,
        "25": 0.03665308916831295,
        "26": 0.02089343993064128,
        "27": 0.02775842765872351,
        "28": 0.030703802986274526,
        "29": 0.011812535670319304
    },
    "best_objective": 172.25832328658157,
    "classes": [
        "0",
        "1",
        "2",
        "3",
        "4",
        "5",
        "6",
        "7",
        "8",
        "9",
        "10",
        "11",
        "12",
        "13",
        "14",
        "15",
        "16",
        "17",
        "18",
        "19",
        "20",
        "21",
        "22",
        "23",
        "24",
        "25",
        "26",
        "27",
        "28",
        "29"
    ],
    "resources": [
        "0",
        "1",
        "2",
        "3",
        "4",
        "5",
        "6",
        "7",
        "8",
        "9",
        "10",
        "11",
        "12",
        "13",
        "14",
        "15",
        "16",
        "17",
        "18",
        "19"
    ],
    "demands": {
        "2_0": 0.1957,
        "4_0": 0.30982,
        "10_0": 0.16063,
        "17_0": 0.28167,
        "23_0": 0.17611,
        "29_0": 0.0966,
        "25_1": 0.35144,
        "29_1": 2.3687,
        "8_2": 0.13311,
        "10_2": 0.20895,
        "13_2": 0.81071,
        "14_2": 0.23167,
        "16_2": 0.06981,
        "21_2": 0.27786,
        "29_2": 0.38932,
        "1_3": 4.16591,
        "7_3": 1.4234,
        "11_3": 0.15712,
        "13_3": 0.26656,
        "15_3": 0.34065,
        "28_3": 0.57354,
        "0_4": 0.06768,
        "4_4": 0.11313,
        "7_4": 0.56823,
        "8_4": 0.26629,
        "9_4": 0.00779,
        "11_4": 0.15044,
        "15_4": 0.01869,
        "18_4": 0.12882,
        "19_4": 0.56448,
        "25_4": 0.35234,
        "8_5": 0.48715,
        "14_5": 0.00016,
        "24_5": 2.15971,
        "14_6": 0.24912,
        "15_6": 1.54818,
        "22_6": 0.51762,
        "0_7": 0.19387,
        "3_7": 0.76188,
        "6_7": 0.55809,
        "23_7": 0.16627,
        "27_7": 0.19887,
        "25_8": 2.2154,
        "3_9": 1.73617,
        "7_9": 0.61737,
        "18_9": 0.24282,
        "20_9": 2.885,
        "26_9": 0.90769,
        "1_10": 3.14618,
        "3_10": 2.28964,
        "6_10": 0.45758,
        "8_10": 0.05661,
        "12_10": 0.36658,
        "16_10": 0.01038,
        "20_10": 1.56631,
        "22_10": 0.35289,
        "24_10": 0.16711,
        "4_11": 0.05809,
        "11_11": 0.28558,
        "19_11": 0.03408,
        "21_11": 0.43477,
        "22_11": 0.3952,
        "2_12": 0.09283,
        "7_12": 0.10776,
        "15_12": 0.72237,
        "17_12": 0.14257,
        "18_12": 0.14831,
        "2_13": 0.29614,
        "3_13": 1.66261,
        "4_13": 0.18929,
        "8_13": 0.25236,
        "13_13": 1.17784,
        "19_13": 0.5577,
        "25_13": 0.14819,
        "6_14": 0.17285,
        "7_14": 0.3692,
        "15_14": 0.21964,
        "16_14": 0.16001,
        "19_14": 0.35467,
        "26_14": 0.3899,
        "27_14": 0.28211,
        "2_15": 0.05922,
        "10_15": 0.00146,
        "12_15": 0.39571,
        "20_15": 1.75098,
        "24_15": 0.21429,
        "25_15": 0.01097,
        "26_15": 0.03636,
        "27_15": 0.54426,
        "0_16": 0.16325,
        "5_16": 0.37417,
        "6_16": 0.16287,
        "9_16": 0.3627,
        "11_16": 0.15329,
        "14_16": 0.35229,
        "18_16": 0.0237,
        "0_17": 0.01198,
        "5_17": 0.62862,
        "22_17": 0.46214,
        "29_17": 2.29621,
        "0_18": 0.15574,
        "4_18": 0.04449,
        "5_18": 0.35511,
        "6_18": 0.48763,
        "9_18": 0.03827,
        "11_18": 0.03615,
        "16_18": 0.22933,
        "17_18": 0.01092,
        "20_18": 1.33377,
        "21_18": 0.23818,
        "22_18": 0.23779,
        "24_18": 0.26202,
        "26_18": 0.24345,
        "4_19": 0.23977,
        "16_19": 0.7534,
        "25_19": 0.5588,
        "28_19": 0.24793
    },
    "best": {
        "0": 2.9220324237507302,
        "1": 12.939316347288575,
        "2": 5.396410504459237,
        "3": 13.248903283874938,
        "4": 4.380009535616997,
        "5": 5.317634037642918,
        "6": 7.7384888750465395,
        "7": 6.795725947653744,
        "8": 9.926761141326645,
        "9": 19.256537269911167,
        "10": 20.129850073199,
        "11": 1.6505357511921965,
        "12": 5.035467504728529,
        "13": 10.541559105800625,
        "14": 3.004010517270346,
        "15": 12.88308851706192,
        "16": 1.478509102040538,
        "17": 12.621373917944865,
        "18": 11.723529952062954,
        "19": 5.268579478709121
    },
    "best_mrt": [
        244.45364777536182,
        500.00000000016786,
        135.61986534594814,
        500.0000000021736,
        283.9483380722968,
        500.000000000212,
        403.41391373970157,
        468.49797552171924,
        228.63540925789272,
        407.83119308043393,
        109.11429889522307,
        476.3390012545582,
        50.92287760482369,
        307.80454629234487,
        474.42947129334067,
        500.00000000810985,
        261.7908391087259,
        147.8473595026598,
        105.917895621255,
        376.78395836008826,
        500.00000000163016,
        459.56660131315215,
        500.0000000004291,
        98.30270768503033,
        500.00000000025204,
        500.0000000001689,
        227.2468557859178,
        185.48952720443424,
        100.03647993743557,
        500.00000000014467
    ],
    "SLA": 500
}