{
    "throughput": 8.0,
    "class_probs": {
        "0": 0.15895745602340278,
        "1": 0.05571001619064693,
        "2": 0.02993284346446613,
        "3": 0.020035194299661073,
        "4": 0.11733676395288406,
        "5": 0.09876817081878062,
        "6": 0.13909642788469934,
        "7": 0.12276572161546119,
        "8": 0.12434595795755951,
        "9": 0.03911024139381552,
        "10": 0.04664601711719386,
        "11": 0.047295189281428986
    },
    "best_objective": 62.40885141077051,
    "classes": [
        "0",
        "1",
        "2",
        "3",
        "4",
        "5",
        "6",
        "7",
        "8",
        "9",
        "10",
        "11"
    ],
    "resources": [
        "0",
        "1",
        "2",
        "3",
        "4",
        "5",
        "6",
        "7",
        "8",
        "9"
    ],
    "demands": {
        "1_0": 0.01073,
        "2_0": 0.20379,
        "3_0": 0.18254,
        "4_0": 0.09439,
        "5_0": 0.0686,
        "8_0": 0.02013,
        "11_0": 0.27415,
        "0_1": 0.04176,
        "7_1": 0.12884,
        "9_1": 0.20815,
        "11_1": 0.84503,
        "0_2": 0.11997,
        "1_2": 0.22667,
        "3_2": 1.79115,
        "0_3": 0.07268,
        "2_3": 0.22975,
        "3_3": 0.46075,
        "5_3": 0.11008,
        "8_3": 0.04978,
        "9_3": 0.21096,
        "11_3": 0.14998,
        "0_4": 0.05486,
        "5_4": 0.14034,
        "8_4": 0.15525,
        "9_4": 0.09009,
        "6_5": 0.0466,
        "7_5": 0.25976,
        "8_5": 0.27794,
        "9_5": 0.11647,
        "10_5": 0.66711,
        "2_6": 0.57475,
        "3_6": 0.679,
        "4_6": 0.08384,
        "5_6": 0.18101,
        "7_6": 0.08198,
        "11_6": 0.05411,
        "2_7": 1.01538,
        "4_7": 0.06885,
        "6_7": 0.38291,
        "1_8": 0.01337,
        "3_8": 0.03567,
        "6_8": 0.14911,
        "7_8": 0.15661,
        "10_8": 0.10245,
        "4_9": 0.27198,
        "8_9": 0.30979
    },
    "best": {
        "0": 6.06353012429046,
        "1": 4.2729553775547,
        "2": 14.932621876835944,
        "3": 8.505914095615013,
        "4": 2.369247886088638,
        "5": 3.5528541480524614,
        "6": 10.463526274700722,
        "7": 6.450480092674072,
        "8": 2.400621153831097,
        "9": 3.3971003811274025
    },
    "best_mrt": [
        56.00128372690805,
        24.210612868670367,
        300.000000012935,
        300.00000003063263,
        133.01911432849087,
        113.9772506048277,
        157.76186490584405,
        216.918883303306,
        300.00000011561445,
        170.719986667065,
        298.9933541690261,
        300.0000000040517
    ],
    "SLA": 300
}