{
    "throughput": 10.0,
    "class_probs": {
        "0": 0.04798465201374459,
        "1": 0.012878290863882617,
        "2": 0.017848031353746536,
        "3": 0.011348852930775814,
        "4": 0.06298243960628741,
        "5": 0.01023821360036838,
        "6": 0.05027192180031002,
        "7": 0.05628390695495497,
        "8": 0.012583947274188921,
        "9": 0.03508860913348523,
        "10": 0.03541508328639153,
        "11": 0.051003385938899026,
        "12": 0.04098839136377812,
        "13": 0.03538734778008771,
        "14": 0.033934466941005006,
        "15": 0.043697479875031274,
        "16": 0.017033132365909608,
        "17": 0.04538095296298391,
        "18": 0.0547716705690391,
        "19": 0.007668213408390598,
        "20": 0.0411719262347615,
        "21": 0.04378747012509016,
        "22": 0.02709923277565508,
        "23": 0.0385177014641058,
        "24": 0.03614460249988225,
        "25": 0.04360653557494152,
        "26": 0.04213014620761855,
        "27": 0.014221125687399564,
        "28": 0.016340854663080107,
        "29": 0.014191414744205232
    },
    "best_objective": 122.63449328845881,
    "classes": [
        "0",
        "1",
        "2",
        "3",
        "4",
        "5",
        "6",
        "7",
        "8",
        "9",
        "10",
        "11",
        "12",
        "13",
        "14",
        "15",
        "16",
        "17",
        "18",
        "19",
        "20",
        "21",
        "22",
        "23",
        "24",
        "25",
        "26",
        "27",
        "28",
        "29"
    ],
    "resources": [
        "0",
        "1",
        "2",
        "3",
        "4",
        "5",
        "6",
        "7",
        "8",
        "9",
        "10",
        "11",
        "12",
        "13",
        "14",
        "15",
        "16",
        "17",
        "18",
        "19"
    ],
    "demands": {
        "3_0": 0.62913,
        "10_0": 0.47584,
        "14_0": 0.1897,
        "20_0": 0.96733,
        "28_0": 0.26602,
        "0_1": 0.35931,
        "4_1": 0.1593,
        "8_1": 1.06485,
        "24_1": 0.42464,
        "25_1": 0.23184,
        "27_1": 1.41406,
        "2_2": 0.61256,
        "5_2": 0.14343,
        "11_2": 0.00063,
        "13_2": 0.15849,
        "23_2": 0.13669,
        "25_2": 0.23356,
        "29_2": 0.62131,
        "10_3": 0.29563,
        "11_3": 0.16945,
        "13_3": 0.15234,
        "19_3": 2.08729,
        "23_3": 0.0539,
        "3_4": 0.71642,
        "11_4": 0.04463,
        "14_4": 0.30366,
        "16_4": 0.00455,
        "19_4": 0.24877,
        "21_4": 0.2045,
        "23_4": 0.09955,
        "27_4": 0.66425,
        "28_4": 0.43838,
        "6_5": 0.01309,
        "7_5": 0.49569,
        "24_5": 1.16743,
        "0_6": 0.09154,
        "2_6": 0.00263,
        "3_6": 0.15616,
        "4_6": 0.09217,
        "5_6": 0.76276,
        "9_6": 0.05677,
        "14_6": 0.20828,
        "18_6": 0.11298,
        "21_6": 0.17464,
        "22_6": 0.06832,
        "1_7": 1.13263,
        "4_7": 0.20548,
        "5_7": 0.10618,
        "8_7": 0.93015,
        "14_7": 0.20395,
        "20_7": 0.0896,
        "24_7": 0.11298,
        "1_8": 0.10725,
        "2_8": 0.49347,
        "3_8": 0.73811,
        "17_8": 0.04699,
        "22_8": 0.37925,
        "26_8": 0.1585,
        "28_8": 0.17465,
        "29_8": 0.30358,
        "3_9": 0.30208,
        "7_9": 0.29226,
        "12_9": 0.01159,
        "14_9": 0.22532,
        "18_9": 0.14148,
        "24_9": 0.36275,
        "29_9": 0.14267,
        "0_10": 0.15392,
        "3_10": 0.31947,
        "4_10": 0.062,
        "5_10": 0.29881,
        "19_10": 0.67437,
        "21_10": 0.11356,
        "22_10": 0.24381,
        "24_10": 0.07168,
        "27_10": 0.42844,
        "1_11": 0.4723,
        "5_11": 0.96736,
        "17_11": 0.04952,
        "19_11": 1.51293,
        "20_11": 0.35023,
        "0_12": 0.3012,
        "1_12": 0.24655,
        "4_12": 0.0103,
        "6_12": 0.12926,
        "7_12": 0.25725,
        "8_12": 0.76697,
        "21_12": 0.27095,
        "27_12": 0.29488,
        "28_12": 0.42008,
        "1_13": 1.38512,
        "9_13": 0.64244,
        "14_13": 0.06473,
        "23_13": 0.36414,
        "25_13": 0.04313,
        "27_13": 0.34818,
        "4_14": 0.06985,
        "6_14": 0.07874,
        "9_14": 0.20575,
        "11_14": 0.11815,
        "15_14": 0.02162,
        "16_14": 0.40075,
        "22_14": 0.10766,
        "24_14": 0.17054,
        "25_14": 0.11214,
        "29_14": 0.11176,
        "9_15": 0.57489,
        "12_15": 0.12816,
        "13_15": 0.62581,
        "15_15": 0.45595,
        "23_15": 0.35427,
        "28_15": 0.29524,
        "5_16": 0.86174,
        "7_16": 0.25364,
        "13_16": 0.22659,
        "21_16": 0.03214,
        "22_16": 0.19221,
        "29_16": 1.06898,
        "4_17": 0.21678,
        "6_17": 0.11906,
        "18_17": 0.23554,
        "22_17": 0.28068,
        "27_17": 0.41415,
        "10_18": 0.09518,
        "21_18": 0.65528,
        "25_18": 0.84495,
        "26_18": 0.12579,
        "0_19": 0.39851,
        "7_19": 0.36771,
        "9_19": 0.0508,
        "14_19": 0.29568,
        "20_19": 0.50085,
        "24_19": 0.28206
    },
    "best": {
        "0": 5.248988671342539,
        "1": 9.840730307987043,
        "2": 3.7480723103759024,
        "3": 9.434368465904747,
        "4": 8.505971305268746,
        "5": 6.709027939542882,
        "6": 5.462277490832727,
        "7": 6.475682173203029,
        "8": 5.866398799620438,
        "9": 5.2268690217870795,
        "10": 8.58753187757326,
        "11": 10.239185450615405,
        "12": 5.195496351934564,
        "13": 8.089883951281955,
        "14": 3.3199214266380195,
        "15": 2.691066447289779,
        "16": 6.216982015584438,
        "17": 4.856610030814403,
        "18": 3.0951591454298035,
        "19": 3.824270105432064
    },
    "best_mrt": [
        277.2663707841628,
        500.0000000000114,
        275.829435408822,
        499.999999999999,
        154.34061474163423,
        499.9999999998963,
        85.56363174229516,
        369.1696027746346,
        446.88038766755085,
        499.99999999984016,
        178.93872646211372,
        65.74724830296579,
        72.43512901043103,
        446.12200845856734,
        311.1010640816887,
        256.4917193622033,
        140.1745656759261,
        13.727339415078182,
        106.08597606539885,
        500.0000000000001,
        432.6551487217915,
        418.99768018740264,
        248.65865446391734,
        301.84226264324957,
        499.9999999999211,
        499.99999999996146,
        82.71078031011989,
        499.99999999999096,
        401.2452841324561,
        499.99999999992264
    ],
    "SLA": 500
}