{
    "throughput": 7.0,
    "class_probs": {
        "0": 0.034157500944802174,
        "1": 0.02358355504298794,
        "2": 0.057303660261574116,
        "3": 0.03853463130825925,
        "4": 0.034139766567728276,
        "5": 0.01567679845097669,
        "6": 0.03273170834114781,
        "7": 0.01069071289547084,
        "8": 0.038328471211855716,
        "9": 0.028154068638722125,
        "10": 0.05477369546772273,
        "11": 0.02241170870107869,
        "12": 0.02017630234536363,
        "13": 0.0302796818323786,
        "14": 0.018674899857144496,
        "15": 0.05668344906236455,
        "16": 0.019720810414680174,
        "17": 0.014151646168125927,
        "18": 0.03240888925701629,
        "19": 0.04248708101417712,
        "20": 0.047032719887948764,
        "21": 0.024171516078725242,
        "22": 0.039603838521350104,
        "23": 0.0453683923283144,
        "24": 0.03744526478372161,
        "25": 0.04328541334736815,
        "26": 0.027319933696050833,
        "27": 0.03601539717860806,
        "28": 0.030605156111759943,
        "29": 0.04408333028257576
    },
    "best_objective": 228.25782541707528,
    "classes": [
        "0",
        "1",
        "2",
        "3",
        "4",
        "5",
        "6",
        "7",
        "8",
        "9",
        "10",
        "11",
        "12",
        "13",
        "14",
        "15",
        "16",
        "17",
        "18",
        "19",
        "20",
        "21",
        "22",
        "23",
        "24",
        "25",
        "26",
        "27",
        "28",
        "29"
    ],
    "resources": [
        "0",
        "1",
        "2",
        "3",
        "4",
        "5",
        "6",
        "7",
        "8",
        "9",
        "10",
        "11",
        "12",
        "13",
        "14",
        "15",
        "16",
        "17",
        "18",
        "19"
    ],
    "demands": {
        "2_0": 0.37328,
        "3_0": 0.59088,
        "7_0": 1.01368,
        "14_0": 0.69449,
        "21_0": 0.05272,
        "3_1": 0.09991,
        "4_1": 0.26997,
        "6_1": 0.26341,
        "7_1": 1.01754,
        "13_1": 0.11085,
        "15_1": 0.29646,
        "17_1": 0.6569,
        "19_1": 0.07614,
        "22_1": 0.43075,
        "25_1": 0.25754,
        "29_1": 0.01519,
        "4_2": 0.07373,
        "5_2": 0.67049,
        "9_2": 1.08347,
        "17_2": 0.48149,
        "20_2": 0.42398,
        "21_2": 0.95336,
        "1_3": 1.0793,
        "13_3": 0.10914,
        "21_3": 0.71719,
        "27_3": 0.50165,
        "16_4": 1.21,
        "18_4": 1.14288,
        "23_4": 0.06207,
        "25_4": 0.58712,
        "28_4": 1.0321,
        "5_5": 2.97945,
        "8_5": 0.49718,
        "10_5": 0.59395,
        "11_5": 0.29561,
        "26_5": 0.70747,
        "6_6": 0.26599,
        "9_6": 0.13231,
        "10_6": 0.18482,
        "11_6": 0.53236,
        "13_6": 0.52022,
        "20_6": 0.00354,
        "21_6": 0.72868,
        "26_6": 0.08778,
        "3_7": 0.9862,
        "7_7": 1.49345,
        "10_7": 0.4859,
        "17_7": 2.29891,
        "24_7": 0.00194,
        "27_7": 0.1955,
        "1_8": 2.21899,
        "12_8": 0.3133,
        "17_8": 3.07647,
        "0_9": 0.49288,
        "3_9": 0.10729,
        "6_9": 0.38355,
        "10_9": 0.21007,
        "20_9": 0.48114,
        "28_9": 0.77047,
        "2_10": 0.35041,
        "3_10": 0.58616,
        "24_10": 0.97444,
        "28_10": 1.18843,
        "3_11": 0.24715,
        "7_11": 0.90185,
        "9_11": 0.93758,
        "10_11": 0.32337,
        "11_11": 0.82968,
        "16_11": 0.225,
        "25_11": 0.23688,
        "2_12": 0.12878,
        "5_12": 0.94505,
        "11_12": 0.26059,
        "12_12": 0.47511,
        "15_12": 0.01787,
        "18_12": 0.38199,
        "21_12": 0.78236,
        "22_12": 0.29838,
        "9_13": 0.51865,
        "12_13": 0.18886,
        "18_13": 0.66192,
        "20_13": 0.21721,
        "21_13": 0.83906,
        "25_13": 0.22416,
        "14_14": 0.89848,
        "19_14": 0.57374,
        "27_14": 0.95179,
        "1_15": 1.68465,
        "11_15": 1.52001,
        "17_15": 0.56552,
        "23_15": 0.13067,
        "28_15": 1.26798,
        "2_16": 0.23814,
        "4_16": 0.36237,
        "5_16": 1.04856,
        "12_16": 0.54976,
        "16_16": 0.47626,
        "25_16": 0.00429,
        "26_16": 0.45445,
        "28_16": 0.01662,
        "10_17": 0.17461,
        "11_17": 0.6661,
        "13_17": 0.56143,
        "28_17": 0.24382,
        "0_18": 0.00898,
        "1_18": 0.08445,
        "2_18": 0.14839,
        "7_18": 1.89079,
        "16_18": 0.54663,
        "21_18": 0.2924,
        "25_18": 0.31041,
        "0_19": 0.57686,
        "2_19": 0.14373,
        "7_19": 1.5264,
        "9_19": 0.57574,
        "16_19": 0.42193,
        "17_19": 0.05865,
        "18_19": 0.50187,
        "26_19": 0.54549,
        "29_19": 0.3031
    },
    "best": {
        "0": 13.548337022041109,
        "1": 14.91157701737983,
        "2": 12.013804512468923,
        "3": 7.486565523720822,
        "4": 9.956845090585517,
        "5": 14.365683615207375,
        "6": 7.388561538239348,
        "7": 20.1003345227569,
        "8": 13.569746766705904,
        "9": 8.511345573629185,
        "10": 10.586256576643997,
        "11": 12.87309060263391,
        "12": 11.004153901338764,
        "13": 7.95997100001775,
        "14": 2.801974709435085,
        "15": 12.391122605117813,
        "16": 8.621704645654878,
        "17": 4.771405001703365,
        "18": 18.629207722158835,
        "19": 16.766137469635986
    },
    "best_mrt": [
        99.2281380323194,
        477.05482003641254,
        123.35356346403213,
        197.28928951347748,
        70.22771279827879,
        500.0,
        105.77430232387592,
        500.0000000000001,
        36.839251924088494,
        297.57818791319704,
        188.66414757188684,
        474.6256444995825,
        163.4008347459725,
        225.49792305793093,
        448.28373743151593,
        22.513379158796962,
        266.5874022286091,
        500.0,
        282.93166918003584,
        257.65401474644415,
        128.30384369837023,
        500.0000000000002,
        58.824979320425506,
        18.16932845358453,
        99.76154701224667,
        149.81173026845804,
        155.49288600016015,
        499.99999999999994,
        500.0,
        20.048552715791274
    ],
    "SLA": 500
}