{
    "throughput": 6.0,
    "class_probs": {
        "0": 0.01193620279245763,
        "1": 0.016123997962222372,
        "2": 0.03903253822096731,
        "3": 0.02146327965077053,
        "4": 0.015090571846272681,
        "5": 0.0325038824886248,
        "6": 0.04606887550040008,
        "7": 0.02492579975922776,
        "8": 0.026578212568905336,
        "9": 0.039399870702851454,
        "10": 0.023242730542185973,
        "11": 0.04407098031127133,
        "12": 0.039419938973116,
        "13": 0.04136792929480849,
        "14": 0.04917402787589547,
        "15": 0.030489185148453914,
        "16": 0.03393523791993413,
        "17": 0.05516068564202826,
        "18": 0.04009560534954333,
        "19": 0.039612460101918386,
        "20": 0.06361310523908877,
        "21": 0.010402427597010542,
        "22": 0.04416973942469568,
        "23": 0.009240955760480686,
        "24": 0.0420107684479636,
        "25": 0.02755214990267004,
        "26": 0.03394791166194598,
        "27": 0.010274468596820692,
        "28": 0.025354817631331066,
        "29": 0.06374164308613751
    },
    "best_objective": 277.3694372260197,
    "classes": [
        "0",
        "1",
        "2",
        "3",
        "4",
        "5",
        "6",
        "7",
        "8",
        "9",
        "10",
        "11",
        "12",
        "13",
        "14",
        "15",
        "16",
        "17",
        "18",
        "19",
        "20",
        "21",
        "22",
        "23",
        "24",
        "25",
        "26",
        "27",
        "28",
        "29"
    ],
    "resources": [
        "0",
        "1",
        "2",
        "3",
        "4",
        "5",
        "6",
        "7",
        "8",
        "9",
        "10",
        "11",
        "12",
        "13",
        "14",
        "15",
        "16",
        "17",
        "18",
        "19"
    ],
    "demands": {
        "9_0": 0.49194,
        "20_0": 0.82492,
        "1_1": 1.11085,
        "4_1": 0.56662,
        "11_1": 0.13598,
        "14_1": 0.06412,
        "20_1": 0.07589,
        "26_1": 0.17674,
        "27_1": 0.91303,
        "10_2": 3.40979,
        "21_2": 5.02695,
        "6_3": 0.22894,
        "8_3": 0.51752,
        "10_3": 0.2671,
        "12_3": 0.26845,
        "13_3": 0.33454,
        "15_3": 0.66386,
        "16_3": 0.2456,
        "25_3": 0.27968,
        "26_3": 0.66816,
        "2_4": 0.05453,
        "3_4": 0.97544,
        "4_4": 1.45831,
        "7_4": 0.13111,
        "14_4": 0.24103,
        "15_4": 0.64359,
        "16_4": 0.78539,
        "17_4": 0.26716,
        "23_4": 1.58037,
        "0_5": 1.16879,
        "1_5": 0.3673,
        "4_5": 0.67247,
        "14_5": 0.2091,
        "16_5": 0.14796,
        "17_5": 0.09496,
        "19_5": 0.29807,
        "23_5": 1.55957,
        "25_5": 0.54213,
        "28_5": 0.59478,
        "2_6": 0.13204,
        "6_6": 0.02517,
        "8_6": 0.96701,
        "11_6": 0.23907,
        "19_6": 0.70412,
        "26_6": 0.45471,
        "28_6": 1.08469,
        "4_7": 0.80238,
        "7_7": 0.91663,
        "13_7": 0.22626,
        "15_7": 0.08263,
        "24_7": 0.18163,
        "26_7": 0.07713,
        "5_8": 0.43347,
        "6_8": 0.03974,
        "15_8": 0.91831,
        "19_8": 0.176,
        "20_8": 0.83225,
        "26_8": 0.01664,
        "27_8": 1.47062,
        "0_9": 2.56394,
        "9_9": 0.00594,
        "10_9": 1.05615,
        "15_9": 0.90069,
        "16_9": 0.47945,
        "17_9": 0.47624,
        "29_9": 0.32455,
        "2_10": 0.34815,
        "3_10": 1.39931,
        "7_10": 1.02257,
        "12_10": 0.20479,
        "13_10": 0.06011,
        "17_10": 0.51353,
        "19_10": 0.81959,
        "11_11": 0.51715,
        "22_11": 1.36794,
        "28_11": 1.61537,
        "7_12": 0.02474,
        "18_12": 1.17672,
        "27_12": 7.59365,
        "6_13": 0.17181,
        "8_13": 1.06353,
        "16_13": 0.37694,
        "17_13": 0.12098,
        "23_13": 1.38611,
        "28_13": 0.17836,
        "29_13": 0.54174,
        "2_14": 1.2127,
        "11_14": 0.44557,
        "26_14": 0.1058,
        "27_14": 1.79841,
        "0_15": 1.40967,
        "4_15": 1.25756,
        "6_15": 0.0797,
        "13_15": 0.02707,
        "17_15": 0.31505,
        "18_15": 0.37176,
        "19_15": 0.48791,
        "24_15": 0.46006,
        "27_15": 0.92676,
        "2_16": 0.13433,
        "5_16": 0.52689,
        "12_16": 0.46417,
        "21_16": 0.50158,
        "23_16": 2.04668,
        "24_16": 0.33224,
        "1_17": 0.26524,
        "3_17": 0.4598,
        "4_17": 0.36248,
        "16_17": 0.4463,
        "19_17": 0.41689,
        "22_17": 0.33513,
        "24_17": 0.16229,
        "0_18": 1.47976,
        "1_18": 1.90794,
        "9_18": 0.08522,
        "13_18": 0.23838,
        "18_18": 0.22015,
        "21_18": 0.8243,
        "24_18": 0.59741,
        "8_19": 0.80268,
        "12_19": 0.62558,
        "16_19": 0.19173,
        "24_19": 0.40756,
        "26_19": 0.8042,
        "27_19": 1.66723,
        "28_19": 0.03543,
        "29_19": 0.20826
    },
    "best": {
        "0": 2.247386350422361,
        "1": 16.74580200442653,
        "2": 13.849561731296854,
        "3": 3.169482099049083,
        "4": 14.287489844743842,
        "5": 15.59402361247017,
        "6": 6.742456987911275,
        "7": 5.327307694989128,
        "8": 20.925132094111742,
        "9": 13.06494294144874,
        "10": 5.243616815570853,
        "11": 6.871217558997798,
        "12": 46.48724645803104,
        "13": 11.807270882138182,
        "14": 22.79000550669716,
        "15": 20.11375257860129,
        "16": 13.74348293399847,
        "17": 4.631330404617472,
        "18": 11.288341830448433,
        "19": 22.439586896049306
    },
    "best_mrt": [
        500.0000000000128,
        334.4193056940391,
        169.54977952025092,
        500.000000000013,
        500.0000000000446,
        61.152827533136985,
        117.70907268634278,
        426.5155609028345,
        499.999999999985,
        279.33571769263114,
        455.16889270601723,
        152.1589401897644,
        218.3587205452918,
        217.36329251386638,
        35.78108630019991,
        450.71322772042345,
        355.3469431643412,
        209.0309488474953,
        65.55115809304047,
        455.5966282458077,
        500.0000000000001,
        500.00000000000523,
        303.20135925319113,
        500.0000000000059,
        198.7291777005878,
        148.75195175807517,
        412.6954935577237,
        500.00000000000165,
        499.999999999997,
        84.77136314146007
    ],
    "SLA": 500
}