{
    "throughput": 9.0,
    "class_probs": {
        "0": 0.012410522452776344,
        "1": 0.04401665632624924,
        "2": 0.02320790273315203,
        "3": 0.058217227595850095,
        "4": 0.024108858964147772,
        "5": 0.008967804262814997,
        "6": 0.02650806802064569,
        "7": 0.05553079066412575,
        "8": 0.038089935531348866,
        "9": 0.03069882823880723,
        "10": 0.023114332249072708,
        "11": 0.04363266408367235,
        "12": 0.04040723342993981,
        "13": 0.007536922218918638,
        "14": 0.04372699418066659,
        "15": 0.017729645894779492,
        "16": 0.03238548492964765,
        "17": 0.02086138949466286,
        "18": 0.037638825424557,
        "19": 0.05113000560287394,
        "20": 0.050608094242722425,
        "21": 0.02309284348102297,
        "22": 0.038075501280631814,
        "23": 0.025839077699106334,
        "24": 0.034453466745243334,
        "25": 0.03217463143655826,
        "26": 0.034603781855249524,
        "27": 0.039598230241119206,
        "28": 0.055112131515974876,
        "29": 0.02652214920366228
    },
    "best_objective": 143.3959620175098,
    "classes": [
        "0",
        "1",
        "2",
        "3",
        "4",
        "5",
        "6",
        "7",
        "8",
        "9",
        "10",
        "11",
        "12",
        "13",
        "14",
        "15",
        "16",
        "17",
        "18",
        "19",
        "20",
        "21",
        "22",
        "23",
        "24",
        "25",
        "26",
        "27",
        "28",
        "29"
    ],
    "resources": [
        "0",
        "1",
        "2",
        "3",
        "4",
        "5",
        "6",
        "7",
        "8",
        "9",
        "10",
        "11",
        "12",
        "13",
        "14",
        "15",
        "16",
        "17",
        "18",
        "19"
    ],
    "demands": {
        "2_0": 0.60875,
        "5_0": 0.55297,
        "12_0": 0.0965,
        "17_0": 0.78708,
        "18_0": 0.11925,
        "20_0": 0.05258,
        "24_0": 0.41598,
        "26_0": 0.33494,
        "6_1": 0.14113,
        "10_1": 0.73466,
        "19_1": 0.13559,
        "25_1": 0.86265,
        "5_2": 1.16023,
        "8_2": 0.03166,
        "13_2": 0.47152,
        "16_2": 0.34318,
        "17_2": 0.56315,
        "24_2": 0.27133,
        "25_2": 0.17795,
        "27_2": 0.27297,
        "28_2": 0.12257,
        "1_3": 0.1185,
        "4_3": 0.31838,
        "7_3": 0.14537,
        "9_3": 0.17812,
        "12_3": 0.16282,
        "20_3": 0.18317,
        "29_3": 0.19778,
        "0_4": 0.16913,
        "2_4": 0.04631,
        "4_4": 0.10008,
        "9_4": 0.08229,
        "12_4": 0.16998,
        "14_4": 0.17942,
        "15_4": 0.24189,
        "16_4": 0.02937,
        "18_4": 0.20864,
        "20_4": 0.10736,
        "24_4": 0.2121,
        "28_4": 0.08904,
        "18_5": 0.01616,
        "21_5": 0.7505,
        "24_5": 0.59876,
        "3_6": 0.05047,
        "4_6": 0.39119,
        "7_6": 0.13954,
        "9_6": 0.3106,
        "11_6": 0.13596,
        "18_6": 0.05315,
        "23_6": 0.01196,
        "26_6": 0.2176,
        "29_6": 0.13328,
        "1_7": 0.01606,
        "4_7": 0.83831,
        "6_7": 0.11618,
        "8_7": 0.35572,
        "9_7": 0.47085,
        "10_7": 0.38011,
        "22_7": 0.43849,
        "29_7": 0.20074,
        "2_8": 0.22192,
        "11_8": 0.23894,
        "14_8": 0.1394,
        "16_8": 0.33316,
        "22_8": 0.26248,
        "0_9": 0.37942,
        "3_9": 0.1083,
        "12_9": 0.18942,
        "13_9": 0.11595,
        "14_9": 0.09434,
        "17_9": 0.05639,
        "18_9": 0.14948,
        "19_9": 0.09261,
        "20_9": 0.09235,
        "27_9": 0.07905,
        "28_9": 0.11295,
        "6_10": 0.8469,
        "20_10": 0.27601,
        "21_10": 1.79111,
        "26_10": 0.01302,
        "29_10": 0.12444,
        "0_11": 2.58463,
        "8_11": 0.625,
        "10_11": 0.33457,
        "24_11": 0.98209,
        "2_12": 1.21501,
        "10_12": 0.18575,
        "15_12": 1.32287,
        "6_13": 0.70249,
        "11_13": 0.10307,
        "14_13": 0.33049,
        "15_13": 0.00679,
        "25_13": 0.78242,
        "2_14": 0.13712,
        "4_14": 0.04062,
        "5_14": 0.29912,
        "7_14": 0.08736,
        "9_14": 0.04324,
        "11_14": 0.11468,
        "12_14": 0.07947,
        "13_14": 0.77704,
        "17_14": 0.20063,
        "23_14": 0.19835,
        "25_14": 0.18193,
        "4_15": 1.15798,
        "5_15": 5.37209,
        "7_15": 0.08059,
        "18_15": 0.34137,
        "20_15": 0.02066,
        "0_16": 0.53388,
        "6_16": 0.19753,
        "7_16": 0.06844,
        "17_16": 0.31584,
        "23_16": 0.25249,
        "25_16": 0.04033,
        "26_16": 0.07638,
        "28_16": 0.04528,
        "0_17": 0.88689,
        "1_17": 0.3489,
        "7_17": 0.32766,
        "12_17": 0.251,
        "17_17": 0.82063,
        "26_17": 0.75853,
        "8_18": 0.37154,
        "9_18": 0.35155,
        "10_18": 0.48254,
        "15_18": 1.65152,
        "23_18": 1.25096,
        "29_18": 0.08367,
        "2_19": 0.20956,
        "6_19": 0.50439,
        "10_19": 1.08872,
        "17_19": 0.64707,
        "23_19": 0.26254,
        "26_19": 0.05665
    },
    "best": {
        "0": 7.823153902112487,
        "1": 5.556839213896273,
        "2": 10.475202967853953,
        "3": 2.9629612206301514,
        "4": 4.816518048294584,
        "5": 3.7592069899531024,
        "6": 3.250832537873957,
        "7": 6.297706463505427,
        "8": 1.7696174340689086,
        "9": 5.549084803586292,
        "10": 7.129531880247904,
        "11": 14.597621081839097,
        "12": 7.014925886362099,
        "13": 3.884887508316905,
        "14": 5.5734275719674224,
        "15": 22.567148509352425,
        "16": 6.621244129009971,
        "17": 8.689084159090445,
        "18": 7.809828493960023,
        "19": 7.247139215588364
    },
    "best_mrt": [
        499.9999998601338,
        94.32767951994822,
        500.0000000127137,
        39.17001021869615,
        499.9999999208278,
        500.0000000038571,
        499.99999998734023,
        180.35727753548295,
        166.59961350946918,
        343.76814340361216,
        499.99999992787855,
        273.72392071430534,
        201.45036864863576,
        220.2603384788965,
        259.90955722808263,
        500.0000000135066,
        281.76626962096293,
        469.10538507486535,
        133.40939590424858,
        44.94380794016158,
        166.5449787968633,
        500.0000000201165,
        268.14419521587354,
        302.96507819150906,
        381.58017861754155,
        465.7948416076508,
        243.9696000333355,
        43.22488019724857,
        62.30332489428571,
        193.1579874253192
    ],
    "SLA": 500
}