{
    "throughput": 9.0,
    "class_probs": {
        "0": 0.05306908396715162,
        "1": 0.055044453817458025,
        "2": 0.05118211161847676,
        "3": 0.0349011588016146,
        "4": 0.013523731404229715,
        "5": 0.007970217273937524,
        "6": 0.01532970259262121,
        "7": 0.05122443738926315,
        "8": 0.02487460944296827,
        "9": 0.022711411012403697,
        "10": 0.03281286532426783,
        "11": 0.01194703334479394,
        "12": 0.021354918743107465,
        "13": 0.05975943316206102,
        "14": 0.05863618687399553,
        "15": 0.028860884904296388,
        "16": 0.06663497541398082,
        "17": 0.018984344987557366,
        "18": 0.025690788545542367,
        "19": 0.027760476216868616,
        "20": 0.008045073072696703,
        "21": 0.025966596682231367,
        "22": 0.06921434167910125,
        "23": 0.06584953026279813,
        "24": 0.024151183246186196,
        "25": 0.0687648116678501,
        "26": 0.013511852934826263,
        "27": 0.007166240402403498,
        "28": 0.013894965093371096,
        "29": 0.021162580121939563
    },
    "best_objective": 236.68780636093393,
    "classes": [
        "0",
        "1",
        "2",
        "3",
        "4",
        "5",
        "6",
        "7",
        "8",
        "9",
        "10",
        "11",
        "12",
        "13",
        "14",
        "15",
        "16",
        "17",
        "18",
        "19",
        "20",
        "21",
        "22",
        "23",
        "24",
        "25",
        "26",
        "27",
        "28",
        "29"
    ],
    "resources": [
        "0",
        "1",
        "2",
        "3",
        "4",
        "5",
        "6",
        "7",
        "8",
        "9",
        "10",
        "11",
        "12",
        "13",
        "14",
        "15",
        "16",
        "17",
        "18",
        "19"
    ],
    "demands": {
        "1_0": 0.21159,
        "7_0": 0.13842,
        "12_0": 0.75184,
        "15_0": 0.09976,
        "22_0": 0.11091,
        "24_0": 0.85357,
        "14_1": 1.20522,
        "17_1": 0.93339,
        "0_2": 0.13666,
        "3_2": 0.53807,
        "27_2": 2.69989,
        "28_2": 0.70736,
        "9_3": 0.44035,
        "19_3": 0.14245,
        "20_3": 1.47295,
        "24_3": 0.36162,
        "27_3": 0.17039,
        "2_4": 0.1711,
        "6_4": 0.45308,
        "10_4": 0.21561,
        "17_4": 0.14694,
        "20_4": 0.3546,
        "21_4": 0.01353,
        "29_4": 0.22688,
        "11_5": 1.27767,
        "12_5": 0.5203,
        "13_5": 0.17365,
        "18_5": 0.50552,
        "19_5": 0.32809,
        "20_5": 1.56137,
        "1_6": 0.08657,
        "2_6": 0.03515,
        "13_6": 0.15732,
        "15_6": 0.28558,
        "18_6": 0.05193,
        "20_6": 1.2223,
        "23_6": 0.02726,
        "25_6": 0.08939,
        "1_7": 0.23263,
        "9_7": 0.6621,
        "13_7": 0.10828,
        "17_7": 0.2621,
        "19_7": 0.02,
        "23_7": 0.08172,
        "27_7": 1.53599,
        "28_7": 0.043,
        "6_8": 0.71491,
        "18_8": 1.29478,
        "29_8": 0.30234,
        "1_9": 0.2292,
        "2_9": 0.1137,
        "4_9": 0.79227,
        "6_9": 0.40079,
        "9_9": 0.51371,
        "11_9": 0.89861,
        "18_9": 0.36595,
        "23_9": 0.2055,
        "25_9": 0.01088,
        "28_9": 1.22869,
        "1_10": 0.24449,
        "2_10": 0.08137,
        "13_10": 0.0675,
        "18_10": 0.70901,
        "20_10": 2.20342,
        "25_10": 0.26361,
        "1_11": 0.05256,
        "2_11": 0.20421,
        "5_11": 1.11544,
        "15_11": 0.43716,
        "23_11": 0.25355,
        "27_11": 1.55268,
        "28_11": 0.19064,
        "10_12": 0.99586,
        "11_12": 1.32494,
        "12_12": 0.22641,
        "13_12": 0.00515,
        "21_12": 0.86541,
        "0_13": 0.03829,
        "3_13": 0.18805,
        "4_13": 0.20456,
        "5_13": 0.72862,
        "9_13": 0.66469,
        "13_13": 0.19465,
        "16_13": 0.15857,
        "17_13": 0.59892,
        "26_13": 1.31349,
        "4_14": 0.27963,
        "5_14": 0.35723,
        "7_14": 0.07167,
        "8_14": 0.20578,
        "14_14": 0.03839,
        "24_14": 0.2625,
        "26_14": 0.47375,
        "27_14": 1.16837,
        "3_15": 0.51709,
        "9_15": 0.17489,
        "10_15": 0.27227,
        "16_15": 0.21092,
        "17_15": 0.03281,
        "23_15": 0.36062,
        "24_15": 0.14193,
        "3_16": 0.56881,
        "6_16": 0.02726,
        "11_16": 1.0035,
        "16_16": 0.26352,
        "20_16": 0.95227,
        "25_16": 0.15079,
        "0_17": 0.24309,
        "11_17": 1.08737,
        "12_17": 0.86371,
        "22_17": 0.07616,
        "4_18": 0.49051,
        "18_18": 1.04337,
        "25_18": 0.3674,
        "26_18": 2.79124,
        "2_19": 0.02811,
        "3_19": 0.21258,
        "4_19": 0.35626,
        "5_19": 0.30172,
        "6_19": 0.42559,
        "8_19": 0.06882,
        "9_19": 0.06674,
        "10_19": 0.17126,
        "14_19": 0.1187,
        "16_19": 0.05339,
        "27_19": 1.23106
    },
    "best": {
        "0": 3.0247788107395217,
        "1": 3.4599060039301164,
        "2": 21.561382785980953,
        "3": 16.180441251532383,
        "4": 7.672806874483557,
        "5": 18.975602177564348,
        "6": 13.96331981212601,
        "7": 16.45296274796897,
        "8": 5.000930834434209,
        "9": 9.35771598871257,
        "10": 19.17325431060414,
        "11": 16.552799820925426,
        "12": 10.544541490836036,
        "13": 7.5305912344443335,
        "14": 14.787646535189884,
        "15": 1.9704622236176912,
        "16": 15.343728273895739,
        "17": 9.378358320169868,
        "18": 11.07668478169616,
        "19": 14.679892082082022
    },
    "best_mrt": [
        39.352503504688784,
        151.57370163332396,
        58.39247510039036,
        499.9999999996928,
        216.16107038661167,
        223.31562192875393,
        297.83802731506825,
        61.90074983815157,
        19.090801579854492,
        365.66632650354836,
        349.3145017030716,
        499.9999999986073,
        457.301918681183,
        60.74363446335206,
        463.34622541861916,
        89.45694553510083,
        205.4025706863908,
        500.00000000024426,
        499.9999999996467,
        28.13331587226723,
        499.99999999880384,
        89.61027732001558,
        54.147896118759256,
        321.4640394834631,
        499.99999999999454,
        68.34838462165293,
        500.00000000054223,
        499.9999999979501,
        193.2546466831705,
        97.29805807653374
    ],
    "SLA": 500
}