{
    "throughput": 7.0,
    "class_probs": {
        "0": 0.06482319263707975,
        "1": 0.009966416075223512,
        "2": 0.011212610854707823,
        "3": 0.05156535638901415,
        "4": 0.058095951830094014,
        "5": 0.010474982330792847,
        "6": 0.007994892676214616,
        "7": 0.042986159661162836,
        "8": 0.018374380902814014,
        "9": 0.04053653397187503,
        "10": 0.036208332714467245,
        "11": 0.0390662195851519,
        "12": 0.010820463342223979,
        "13": 0.018263159937821988,
        "14": 0.055225017327845745,
        "15": 0.047937302561255946,
        "16": 0.008123342667464775,
        "17": 0.02501553250102213,
        "18": 0.024348648315844656,
        "19": 0.045377633383795885,
        "20": 0.025978251331475508,
        "21": 0.052985666801817426,
        "22": 0.03168574512286715,
        "23": 0.0425224275430657,
        "24": 0.05714573068904097,
        "25": 0.05415885360588512,
        "26": 0.03026786624739235,
        "27": 0.04820953159373404,
        "28": 0.018219846902360858,
        "29": 0.012409950496488017
    },
    "best_objective": 224.0496943176543,
    "classes": [
        "0",
        "1",
        "2",
        "3",
        "4",
        "5",
        "6",
        "7",
        "8",
        "9",
        "10",
        "11",
        "12",
        "13",
        "14",
        "15",
        "16",
        "17",
        "18",
        "19",
        "20",
        "21",
        "22",
        "23",
        "24",
        "25",
        "26",
        "27",
        "28",
        "29"
    ],
    "resources": [
        "0",
        "1",
        "2",
        "3",
        "4",
        "5",
        "6",
        "7",
        "8",
        "9",
        "10",
        "11",
        "12",
        "13",
        "14",
        "15",
        "16",
        "17",
        "18",
        "19"
    ],
    "demands": {
        "0_0": 0.31579,
        "4_0": 0.40336,
        "14_0": 0.12629,
        "18_0": 1.762,
        "19_0": 0.557,
        "28_0": 0.17252,
        "0_1": 0.07572,
        "9_1": 0.17063,
        "12_1": 0.16874,
        "13_1": 0.44163,
        "14_1": 0.00474,
        "15_1": 0.14615,
        "23_1": 0.06626,
        "25_1": 0.12182,
        "27_1": 0.11315,
        "16_2": 3.30416,
        "17_2": 0.87096,
        "21_2": 0.5618,
        "1_3": 0.03715,
        "3_3": 0.18918,
        "8_3": 0.52838,
        "17_3": 0.75248,
        "18_3": 0.11949,
        "21_3": 0.19722,
        "3_4": 0.14418,
        "5_4": 0.56475,
        "9_4": 0.2497,
        "12_4": 0.32172,
        "14_4": 0.06069,
        "19_4": 0.19533,
        "25_4": 0.13614,
        "26_4": 0.31521,
        "28_4": 0.29024,
        "15_5": 0.09815,
        "28_5": 3.27717,
        "29_5": 1.11452,
        "0_6": 0.24251,
        "13_6": 1.09425,
        "27_6": 0.65401,
        "0_7": 0.03454,
        "6_7": 0.90929,
        "8_7": 0.41026,
        "12_7": 0.45242,
        "16_7": 1.02679,
        "20_7": 0.31561,
        "26_7": 0.19744,
        "27_7": 0.10782,
        "4_8": 0.56603,
        "5_8": 2.89269,
        "7_8": 0.49245,
        "23_8": 0.50124,
        "0_9": 0.10125,
        "2_9": 0.57404,
        "4_9": 0.09652,
        "8_9": 0.15258,
        "11_9": 0.12549,
        "12_9": 0.34989,
        "13_9": 0.18406,
        "19_9": 0.02639,
        "21_9": 0.04617,
        "23_9": 0.17915,
        "25_9": 0.1704,
        "26_9": 0.22044,
        "27_9": 0.13612,
        "0_10": 0.20838,
        "22_10": 0.84983,
        "23_10": 0.08444,
        "26_10": 0.05471,
        "1_11": 0.06583,
        "6_11": 4.7691,
        "9_11": 0.46998,
        "10_11": 0.18738,
        "15_11": 0.89129,
        "1_12": 1.58046,
        "5_12": 0.35564,
        "13_12": 1.49012,
        "14_12": 0.03179,
        "17_12": 0.59419,
        "25_12": 0.2244,
        "26_12": 0.45185,
        "12_13": 10.46194,
        "19_13": 0.18296,
        "1_14": 1.16909,
        "5_14": 0.40072,
        "6_14": 3.27689,
        "7_14": 0.14052,
        "9_14": 0.5638,
        "21_14": 0.5894,
        "23_14": 0.05422,
        "24_14": 0.23151,
        "25_14": 0.18973,
        "2_15": 1.22934,
        "4_15": 0.10244,
        "7_15": 0.32662,
        "9_15": 0.03344,
        "10_15": 0.01794,
        "16_15": 1.54669,
        "17_15": 0.28915,
        "22_15": 0.52922,
        "24_15": 0.21808,
        "27_15": 0.24092,
        "28_15": 1.09649,
        "1_16": 0.28927,
        "2_16": 0.57985,
        "7_16": 0.32689,
        "16_16": 1.25567,
        "18_16": 0.51165,
        "19_16": 0.02473,
        "20_16": 0.23938,
        "25_16": 0.24926,
        "28_16": 0.54446,
        "4_17": 0.9396,
        "21_17": 0.47246,
        "5_18": 1.39492,
        "9_18": 0.0185,
        "11_18": 0.51883,
        "21_18": 0.41756,
        "23_18": 0.16533,
        "28_18": 0.94514,
        "29_18": 1.69272,
        "7_19": 0.51166,
        "9_19": 0.12224,
        "11_19": 0.58057,
        "17_19": 0.78717,
        "24_19": 0.34029
    },
    "best": {
        "0": 4.979862611169996,
        "1": 5.473820623128932,
        "2": 16.656583274176235,
        "3": 4.668320153085356,
        "4": 9.112272879983214,
        "5": 15.706079866957399,
        "6": 5.7933770468159205,
        "7": 14.12026723820754,
        "8": 12.47541447902614,
        "9": 6.572763267885939,
        "10": 2.157524949022885,
        "11": 20.553831955582044,
        "12": 8.958725388588697,
        "13": 31.611568669913314,
        "14": 17.86190137495911,
        "15": 14.900748507142143,
        "16": 11.899904312201793,
        "17": 3.3970204661507295,
        "18": 12.137762298954586,
        "19": 5.011944954702395
    },
    "best_mrt": [
        269.2692663631091,
        295.94594089792673,
        232.37573052705147,
        60.5578833497771,
        500.00000000000364,
        499.99999999997794,
        500.0000000000048,
        218.73843274875384,
        177.5501189407649,
        150.5829981356701,
        10.736097626014754,
        198.23985264723856,
        500.00000000002495,
        500.00000000004184,
        42.34103994231814,
        79.77030392420941,
        500.00000000001353,
        500.0000000000375,
        500.00000000000546,
        169.99311745182084,
        43.98429238138994,
        325.9563297954442,
        500.0000000000022,
        148.5163279250626,
        106.63235205111386,
        127.22450792511822,
        170.74498049841586,
        192.00813427640406,
        499.9999999999914,
        221.7924193623407
    ],
    "SLA": 500
}