{
    "throughput": 7.0,
    "class_probs": {
        "0": 0.03707773286919547,
        "1": 0.05174720667050685,
        "2": 0.024281097487119853,
        "3": 0.04553571476569555,
        "4": 0.026095826311378755,
        "5": 0.03931058073346735,
        "6": 0.006557476341990435,
        "7": 0.017665117924589017,
        "8": 0.034510126927281,
        "9": 0.05273019250794182,
        "10": 0.04600844148004459,
        "11": 0.012548946410124214,
        "12": 0.03819426896193727,
        "13": 0.03537883738097088,
        "14": 0.02823496970852177,
        "15": 0.013332056800401384,
        "16": 0.0325395866324204,
        "17": 0.03816358377249034,
        "18": 0.006701028817361953,
        "19": 0.015552350608266746,
        "20": 0.04632759856105497,
        "21": 0.02432158261992419,
        "22": 0.04726185831364615,
        "23": 0.048848195452762616,
        "24": 0.05062838276492566,
        "25": 0.02846136636976725,
        "26": 0.037791696181062116,
        "27": 0.042094816574050384,
        "28": 0.04587042734761685,
        "29": 0.02622893270348429
    },
    "best_objective": 261.8767602200671,
    "classes": [
        "0",
        "1",
        "2",
        "3",
        "4",
        "5",
        "6",
        "7",
        "8",
        "9",
        "10",
        "11",
        "12",
        "13",
        "14",
        "15",
        "16",
        "17",
        "18",
        "19",
        "20",
        "21",
        "22",
        "23",
        "24",
        "25",
        "26",
        "27",
        "28",
        "29"
    ],
    "resources": [
        "0",
        "1",
        "2",
        "3",
        "4",
        "5",
        "6",
        "7",
        "8",
        "9",
        "10",
        "11",
        "12",
        "13",
        "14",
        "15",
        "16",
        "17",
        "18",
        "19"
    ],
    "demands": {
        "9_0": 0.28936,
        "10_0": 0.47115,
        "12_0": 0.41135,
        "19_0": 1.57748,
        "27_0": 0.62452,
        "1_1": 0.1095,
        "2_1": 0.12531,
        "5_1": 0.18232,
        "7_1": 0.42009,
        "10_1": 0.22175,
        "13_1": 0.04719,
        "19_1": 0.29563,
        "28_1": 0.0682,
        "1_2": 0.34988,
        "20_2": 0.33349,
        "21_2": 0.75528,
        "22_2": 0.25068,
        "23_2": 0.31407,
        "1_3": 0.50266,
        "2_3": 0.02452,
        "15_3": 0.93512,
        "24_3": 0.32523,
        "28_3": 0.13695,
        "7_4": 1.37766,
        "13_4": 0.32573,
        "17_4": 0.5635,
        "18_4": 0.54637,
        "27_4": 0.04175,
        "28_4": 0.21659,
        "1_5": 0.04549,
        "7_5": 0.3832,
        "9_5": 0.05747,
        "10_5": 0.2061,
        "11_5": 0.94243,
        "15_5": 0.6944,
        "20_5": 0.08154,
        "24_5": 0.18359,
        "28_5": 0.02155,
        "5_6": 0.45311,
        "8_6": 0.85754,
        "12_6": 0.79618,
        "14_6": 0.50152,
        "15_6": 0.35446,
        "16_6": 0.32124,
        "19_6": 1.16703,
        "0_7": 0.76262,
        "18_7": 0.12936,
        "20_7": 0.20305,
        "23_7": 0.18616,
        "5_8": 0.26656,
        "10_8": 0.55981,
        "11_8": 0.85248,
        "13_8": 0.34795,
        "14_8": 1.06763,
        "16_8": 0.57693,
        "20_8": 0.36482,
        "14_9": 0.47838,
        "16_9": 1.59051,
        "21_9": 0.8342,
        "28_9": 0.83167,
        "2_10": 0.34681,
        "6_10": 2.11398,
        "7_10": 0.9475,
        "8_10": 0.56416,
        "18_10": 4.46149,
        "23_10": 0.42977,
        "5_11": 0.25491,
        "8_11": 0.47076,
        "9_11": 0.2611,
        "12_11": 0.18325,
        "13_11": 0.48542,
        "19_11": 0.51174,
        "2_12": 1.25962,
        "7_12": 1.38604,
        "15_12": 0.18479,
        "21_12": 0.65925,
        "24_12": 0.53773,
        "26_12": 0.53656,
        "12_13": 0.145,
        "13_13": 0.8079,
        "14_13": 0.17556,
        "17_13": 0.62522,
        "29_13": 0.02812,
        "4_14": 0.36015,
        "5_14": 0.21746,
        "6_14": 0.06328,
        "9_14": 0.28072,
        "10_14": 0.33275,
        "11_14": 0.63165,
        "14_14": 0.40908,
        "15_14": 0.3387,
        "16_14": 0.36018,
        "22_14": 0.03333,
        "24_14": 0.28521,
        "25_14": 0.1429,
        "11_15": 0.7237,
        "12_15": 0.01614,
        "18_15": 1.32578,
        "23_15": 0.40847,
        "24_15": 0.15815,
        "25_15": 0.54961,
        "29_15": 0.24384,
        "1_16": 0.46285,
        "9_16": 0.38744,
        "17_16": 0.28204,
        "23_16": 0.50987,
        "25_16": 0.62647,
        "26_16": 0.31672,
        "28_16": 0.26965,
        "0_17": 0.3015,
        "1_17": 0.15431,
        "3_17": 0.24469,
        "8_17": 0.11442,
        "12_17": 0.00088,
        "17_17": 0.29376,
        "5_18": 0.02207,
        "19_18": 0.9325,
        "25_18": 0.34941,
        "26_18": 1.52559,
        "4_19": 0.07582,
        "9_19": 0.29943,
        "10_19": 0.18357,
        "11_19": 1.53097,
        "14_19": 0.06671,
        "19_19": 0.84192,
        "20_19": 0.21313,
        "24_19": 0.35252,
        "28_19": 0.02968
    },
    "best": {
        "0": 21.963967390164512,
        "1": 11.763905669477857,
        "2": 5.9784876257093025,
        "3": 5.461166202802339,
        "4": 15.929233115401734,
        "5": 14.630027549891238,
        "6": 19.42339479390481,
        "7": 4.740904946870121,
        "8": 13.582038510625807,
        "9": 8.654342823288575,
        "10": 28.416669359404455,
        "11": 12.602528717018245,
        "12": 13.132595628369094,
        "13": 4.933813436952099,
        "14": 11.624285978944632,
        "15": 18.428202659481137,
        "16": 6.321386691672089,
        "17": 4.367569516205699,
        "18": 16.910952128605455,
        "19": 23.0112874752779
    },
    "best_mrt": [
        247.4931637246362,
        300.00000000000654,
        130.8820044795294,
        60.43110276680445,
        36.445349797592975,
        103.69730419581413,
        82.2606720766101,
        299.99999999998454,
        133.81332560592205,
        149.27221753054303,
        138.80759019188523,
        300.000000000053,
        110.8687489203137,
        272.7596229736256,
        252.1315519330846,
        300.0000000000301,
        300.0000000000214,
        300.0000000000002,
        299.99999999984453,
        300.00000000001205,
        151.50788486188188,
        299.9999999999984,
        49.27031017845933,
        231.71827585861132,
        172.08769517657802,
        179.75080965503497,
        195.04244815473493,
        32.110935036397784,
        206.18648771001205,
        19.85129123106319
    ],
    "SLA": 300
}