{
    "throughput": 9.0,
    "class_probs": {
        "0": 0.06341689342355823,
        "1": 0.0077146932896227345,
        "2": 0.05435570652857334,
        "3": 0.04791160181461641,
        "4": 0.00988189398236964,
        "5": 0.019000541840337563,
        "6": 0.043052782877330165,
        "7": 0.021098134074101545,
        "8": 0.010255091033737597,
        "9": 0.0364721034683088,
        "10": 0.0357284272913644,
        "11": 0.05025248275051704,
        "12": 0.06875225935292356,
        "13": 0.02306730920757436,
        "14": 0.05437216558946499,
        "15": 0.04005380590736598,
        "16": 0.04062154583018,
        "17": 0.01119684083575267,
        "18": 0.019831916926207466,
        "19": 0.027440382659764454,
        "20": 0.055537501658681064,
        "21": 0.022292678719271777,
        "22": 0.016114959757906975,
        "23": 0.020587507809862703,
        "24": 0.04697283822665216,
        "25": 0.008640952507591547,
        "26": 0.057192662207583865,
        "27": 0.053825664642363706,
        "28": 0.009469917686770912,
        "29": 0.024888738099644474
    },
    "best_objective": 270.8702755097601,
    "classes": [
        "0",
        "1",
        "2",
        "3",
        "4",
        "5",
        "6",
        "7",
        "8",
        "9",
        "10",
        "11",
        "12",
        "13",
        "14",
        "15",
        "16",
        "17",
        "18",
        "19",
        "20",
        "21",
        "22",
        "23",
        "24",
        "25",
        "26",
        "27",
        "28",
        "29"
    ],
    "resources": [
        "0",
        "1",
        "2",
        "3",
        "4",
        "5",
        "6",
        "7",
        "8",
        "9",
        "10",
        "11",
        "12",
        "13",
        "14",
        "15",
        "16",
        "17",
        "18",
        "19"
    ],
    "demands": {
        "3_0": 0.23279,
        "7_0": 0.48856,
        "10_0": 0.59792,
        "12_0": 0.06314,
        "19_0": 0.02286,
        "21_0": 0.55021,
        "24_0": 0.40317,
        "10_1": 0.78068,
        "17_1": 1.55,
        "23_1": 0.23351,
        "29_1": 0.10755,
        "0_2": 0.12054,
        "1_2": 1.43844,
        "4_2": 0.0413,
        "8_2": 1.0073,
        "14_2": 0.14089,
        "15_2": 0.0113,
        "18_2": 0.47566,
        "6_3": 0.25536,
        "13_3": 0.42818,
        "14_3": 0.15262,
        "15_3": 0.29234,
        "16_3": 0.27376,
        "25_3": 1.82972,
        "28_3": 1.71412,
        "29_3": 0.54317,
        "0_4": 0.05818,
        "11_4": 0.32841,
        "16_4": 1.94704,
        "7_5": 0.15671,
        "17_5": 0.71584,
        "20_5": 0.03404,
        "24_5": 0.15027,
        "25_5": 0.92813,
        "27_5": 0.10044,
        "28_5": 0.72568,
        "2_6": 0.38808,
        "5_6": 1.11934,
        "10_6": 0.46363,
        "11_6": 0.04749,
        "24_6": 0.17201,
        "29_6": 1.13238,
        "1_7": 0.62512,
        "14_7": 0.18423,
        "17_7": 0.0595,
        "23_7": 0.33913,
        "26_7": 0.16377,
        "28_7": 0.60389,
        "29_7": 0.26981,
        "1_8": 1.37993,
        "5_8": 0.86319,
        "17_8": 0.39947,
        "20_8": 0.2397,
        "21_8": 0.33836,
        "0_9": 0.20022,
        "8_9": 1.62867,
        "12_9": 0.44045,
        "2_10": 0.21941,
        "5_10": 0.30571,
        "14_10": 0.15576,
        "20_10": 0.14903,
        "27_10": 0.11686,
        "5_11": 0.49893,
        "10_11": 0.08273,
        "11_11": 0.24087,
        "16_11": 0.13778,
        "20_11": 0.21502,
        "23_11": 0.25704,
        "24_11": 0.15633,
        "1_12": 1.34043,
        "5_12": 0.0414,
        "10_12": 0.22315,
        "17_12": 0.85697,
        "18_12": 0.27677,
        "29_12": 0.5875,
        "4_13": 0.85966,
        "11_13": 0.1717,
        "12_13": 0.00226,
        "16_13": 0.29163,
        "21_13": 0.29662,
        "23_13": 0.48186,
        "26_13": 0.01933,
        "28_13": 0.57543,
        "7_14": 1.12815,
        "19_14": 0.00488,
        "22_14": 1.00244,
        "24_14": 0.51403,
        "1_15": 2.0144,
        "5_15": 1.02528,
        "6_15": 0.09912,
        "16_15": 0.53985,
        "23_15": 0.47899,
        "0_16": 0.0545,
        "2_16": 0.35061,
        "7_16": 0.70923,
        "9_16": 0.73191,
        "10_16": 0.66632,
        "3_17": 0.12364,
        "21_17": 0.75408,
        "24_17": 0.79851,
        "29_17": 1.19306,
        "11_18": 0.12336,
        "20_18": 0.31825,
        "25_18": 1.77676,
        "26_18": 0.05971,
        "0_19": 0.09755,
        "5_19": 0.00815,
        "13_19": 0.22884,
        "14_19": 0.12805,
        "17_19": 0.6748,
        "22_19": 0.36198,
        "29_19": 0.27734
    },
    "best": {
        "0": 7.011050096810832,
        "1": 13.19919794371801,
        "2": 21.970864105022663,
        "3": 18.228721393594387,
        "4": 11.287538528851616,
        "5": 14.386060860160446,
        "6": 14.855725431087729,
        "7": 15.748909754364478,
        "8": 23.30657493301905,
        "9": 6.968147786184711,
        "10": 5.04024518888998,
        "11": 7.071810418009937,
        "12": 24.000277101936515,
        "13": 5.695877751114993,
        "14": 10.151627104699092,
        "15": 27.42755125447415,
        "16": 8.382492759183434,
        "17": 11.836227050230761,
        "18": 14.226997978959682,
        "19": 10.074378069447672
    },
    "best_mrt": [
        59.536289336239456,
        300.0000000000009,
        120.90363963931209,
        48.16295880022457,
        166.4146158706789,
        300.00000000000233,
        18.417772164102466,
        300.0000000000088,
        300.0,
        96.42207390398383,
        299.2547355048333,
        113.36998709240837,
        78.9429498095947,
        48.210288173722645,
        73.83390042510865,
        17.37333431167349,
        300.00000000000045,
        300.0000000000005,
        33.82176254389386,
        4.138260755301408,
        100.48480194628031,
        227.29620990730322,
        141.93324784888065,
        189.59712439508704,
        236.88698145211168,
        300.00000000000045,
        18.680977822033302,
        32.16940594903139,
        300.0000000000005,
        300.000000000001
    ],
    "SLA": 300
}