{
    "throughput": 8.0,
    "class_probs": {
        "0": 0.023922307095007547,
        "1": 0.04026739670490378,
        "2": 0.046127776049250536,
        "3": 0.02128480951619353,
        "4": 0.020994899094399243,
        "5": 0.05669917432963786,
        "6": 0.03060464212380442,
        "7": 0.06281081993820807,
        "8": 0.05552821796499566,
        "9": 0.019067514241421564,
        "10": 0.031073403430324772,
        "11": 0.04458079934969653,
        "12": 0.048345059521263084,
        "13": 0.02130971427592662,
        "14": 0.017023881679144096,
        "15": 0.05847621782279048,
        "16": 0.020834538250921485,
        "17": 0.0389824705138602,
        "18": 0.008143486971798595,
        "19": 0.029005882760150203,
        "20": 0.06679025020242538,
        "21": 0.028406960690375634,
        "22": 0.034655330971572654,
        "23": 0.007848457457966503,
        "24": 0.011305819655945421,
        "25": 0.0188043655706694,
        "26": 0.03325958119356666,
        "27": 0.034423089996384576,
        "28": 0.04722774826735723,
        "29": 0.02219538436003811
    },
    "best_objective": 371.35818479673065,
    "classes": [
        "0",
        "1",
        "2",
        "3",
        "4",
        "5",
        "6",
        "7",
        "8",
        "9",
        "10",
        "11",
        "12",
        "13",
        "14",
        "15",
        "16",
        "17",
        "18",
        "19",
        "20",
        "21",
        "22",
        "23",
        "24",
        "25",
        "26",
        "27",
        "28",
        "29"
    ],
    "resources": [
        "0",
        "1",
        "2",
        "3",
        "4",
        "5",
        "6",
        "7",
        "8",
        "9",
        "10",
        "11",
        "12",
        "13",
        "14",
        "15",
        "16",
        "17",
        "18",
        "19"
    ],
    "demands": {
        "0_0": 1.11592,
        "4_0": 0.41433,
        "8_0": 0.04336,
        "23_0": 2.2377,
        "0_1": 0.47745,
        "4_1": 0.36165,
        "11_1": 0.1215,
        "13_1": 0.58908,
        "16_1": 0.45504,
        "17_1": 0.31855,
        "23_1": 1.55646,
        "25_1": 0.29857,
        "1_2": 1.08525,
        "21_2": 1.39304,
        "24_2": 1.70478,
        "1_3": 0.28621,
        "2_3": 0.23317,
        "8_3": 0.17384,
        "11_3": 0.14948,
        "12_3": 0.23373,
        "17_3": 0.16908,
        "19_3": 0.39317,
        "25_3": 0.43109,
        "26_3": 0.11009,
        "4_4": 1.60242,
        "14_4": 2.98665,
        "22_4": 0.75754,
        "0_5": 0.28665,
        "1_5": 0.14692,
        "2_5": 0.06291,
        "3_5": 0.58209,
        "16_5": 0.36855,
        "17_5": 0.26539,
        "18_5": 1.39553,
        "19_5": 0.24705,
        "22_5": 0.30491,
        "27_5": 0.34129,
        "3_6": 1.70505,
        "11_6": 0.23639,
        "15_6": 0.3103,
        "23_6": 2.44482,
        "25_6": 1.16874,
        "8_7": 0.10712,
        "14_7": 0.49283,
        "20_7": 0.07273,
        "22_7": 0.24949,
        "25_7": 0.25354,
        "27_7": 0.26419,
        "29_7": 0.00371,
        "2_8": 0.54495,
        "16_8": 1.97802,
        "1_9": 0.28252,
        "3_9": 0.72124,
        "5_9": 0.03577,
        "6_9": 1.03538,
        "24_9": 2.38322,
        "3_10": 1.52353,
        "16_10": 1.71641,
        "4_11": 1.22198,
        "5_11": 0.51849,
        "13_11": 0.39208,
        "14_11": 0.11092,
        "16_11": 0.58247,
        "20_11": 0.27368,
        "1_12": 0.51825,
        "6_12": 0.22293,
        "7_12": 0.13068,
        "9_12": 0.86452,
        "11_12": 0.01954,
        "15_12": 0.02284,
        "16_12": 0.1491,
        "24_12": 0.80957,
        "28_12": 0.19806,
        "29_12": 0.88665,
        "4_13": 0.53406,
        "5_13": 0.04539,
        "7_13": 0.05541,
        "8_13": 0.0047,
        "11_13": 0.23245,
        "17_13": 0.0523,
        "20_13": 0.00629,
        "22_13": 0.14348,
        "24_13": 0.11816,
        "28_13": 0.19305,
        "29_13": 0.49245,
        "5_14": 0.42419,
        "6_14": 0.37167,
        "7_14": 0.09311,
        "10_14": 0.44417,
        "12_14": 0.17471,
        "14_14": 0.02498,
        "18_14": 2.86337,
        "21_14": 0.60406,
        "25_14": 0.39023,
        "4_15": 0.70417,
        "9_15": 0.61246,
        "12_15": 0.02285,
        "14_15": 0.83694,
        "26_15": 0.30676,
        "27_15": 0.01279,
        "29_15": 0.58093,
        "0_16": 0.3028,
        "3_16": 0.28341,
        "5_16": 0.06848,
        "6_16": 0.20078,
        "7_16": 0.08547,
        "10_16": 0.05236,
        "11_16": 0.0554,
        "15_16": 0.16283,
        "16_16": 0.21968,
        "17_16": 0.19495,
        "22_16": 0.29906,
        "23_16": 0.69107,
        "25_16": 0.28988,
        "29_16": 0.5416,
        "1_17": 0.66564,
        "9_17": 1.14441,
        "22_17": 0.57491,
        "26_17": 0.41959,
        "7_18": 0.07833,
        "14_18": 0.85751,
        "15_18": 0.12918,
        "18_18": 0.17465,
        "23_18": 0.37521,
        "24_18": 1.02981,
        "0_19": 0.51337,
        "19_19": 0.33863,
        "21_19": 0.236,
        "23_19": 1.0628,
        "28_19": 0.09353
    },
    "best": {
        "0": 32.58084573871895,
        "1": 29.09630820446035,
        "2": 21.346686070715247,
        "3": 4.399844800375767,
        "4": 23.958488291413623,
        "5": 14.366579629473009,
        "6": 33.961109410783024,
        "7": 8.648487482763597,
        "8": 20.050178271120032,
        "9": 23.67594184581829,
        "10": 18.72833732743045,
        "11": 15.402996128643892,
        "12": 15.929527481301207,
        "13": 8.408846498102543,
        "14": 15.941252384595469,
        "15": 13.48095270886949,
        "16": 19.46965761283776,
        "17": 6.5072579951092475,
        "18": 23.24066177500348,
        "19": 22.164225139195267
    },
    "best_mrt": [
        112.10214993291775,
        300.0,
        94.49116312265265,
        224.35176469021613,
        300.0,
        74.52450602229528,
        95.16310249589769,
        29.746972386588943,
        61.026553923065435,
        300.00000000000006,
        32.30843173895842,
        84.59355071366753,
        75.49413858894177,
        47.46844787507065,
        300.0,
        25.195624070897683,
        300.0,
        92.49573727582458,
        299.99999999999994,
        138.0772207965622,
        28.23579379553309,
        118.82050584635398,
        217.43636424986244,
        299.99999999999994,
        300.0,
        232.22690453214346,
        124.69126764211319,
        57.7271214580345,
        41.61378115591069,
        194.51487158476417
    ],
    "SLA": 300
}