{
    "throughput": 8.0,
    "class_probs": {
        "0": 0.012656316043636278,
        "1": 0.058453109532186104,
        "2": 0.022736609051412157,
        "3": 0.030123177099382174,
        "4": 0.047012584542099035,
        "5": 0.038894839491081926,
        "6": 0.0560346563434969,
        "7": 0.034863553908984574,
        "8": 0.045434424204571514,
        "9": 0.035131950271330356,
        "10": 0.03822700393731918,
        "11": 0.05406026353016809,
        "12": 0.05311119749397941,
        "13": 0.0555160514682656,
        "14": 0.0249209189699093,
        "15": 0.014003303483668317,
        "16": 0.011416535557284935,
        "17": 0.03904096190902214,
        "18": 0.0219456065371415,
        "19": 0.054951672896813054,
        "20": 0.018022203586936687,
        "21": 0.023759723684696053,
        "22": 0.02916703641456113,
        "23": 0.02585184061738827,
        "24": 0.02353301260784526,
        "25": 0.02146468282241613,
        "26": 0.018627980679239608,
        "27": 0.019258420535894938,
        "28": 0.058028076070592,
        "29": 0.013752286708677307
    },
    "best_objective": 250.59635448165093,
    "classes": [
        "0",
        "1",
        "2",
        "3",
        "4",
        "5",
        "6",
        "7",
        "8",
        "9",
        "10",
        "11",
        "12",
        "13",
        "14",
        "15",
        "16",
        "17",
        "18",
        "19",
        "20",
        "21",
        "22",
        "23",
        "24",
        "25",
        "26",
        "27",
        "28",
        "29"
    ],
    "resources": [
        "0",
        "1",
        "2",
        "3",
        "4",
        "5",
        "6",
        "7",
        "8",
        "9",
        "10",
        "11",
        "12",
        "13",
        "14",
        "15",
        "16",
        "17",
        "18",
        "19"
    ],
    "demands": {
        "12_0": 0.13946,
        "15_0": 1.26676,
        "17_0": 0.26907,
        "18_0": 0.37056,
        "21_0": 0.46007,
        "24_0": 0.42413,
        "6_1": 0.14059,
        "16_1": 0.72157,
        "20_1": 0.57656,
        "27_1": 0.49573,
        "28_1": 0.14973,
        "17_2": 0.14464,
        "26_2": 2.92587,
        "27_2": 2.34726,
        "1_3": 0.14281,
        "4_3": 0.09635,
        "12_3": 0.22615,
        "13_3": 0.05414,
        "16_3": 1.24869,
        "28_3": 0.05956,
        "2_4": 0.34218,
        "3_4": 0.27056,
        "8_4": 0.10398,
        "10_4": 0.13833,
        "19_4": 0.10802,
        "21_4": 0.2554,
        "1_5": 0.17607,
        "7_5": 0.25232,
        "11_5": 0.49052,
        "12_5": 0.5636,
        "18_5": 0.68321,
        "22_5": 0.33551,
        "0_6": 0.44937,
        "8_6": 0.06807,
        "9_6": 0.13193,
        "19_6": 0.99838,
        "24_6": 0.23203,
        "1_7": 0.10355,
        "3_7": 0.29988,
        "4_7": 0.01666,
        "5_7": 0.04384,
        "6_7": 0.20081,
        "10_7": 0.16181,
        "15_7": 1.15618,
        "17_7": 0.2199,
        "18_7": 0.60915,
        "24_7": 0.01741,
        "25_7": 0.21079,
        "29_7": 0.69754,
        "13_8": 0.43659,
        "15_8": 0.02338,
        "22_8": 0.8597,
        "28_8": 0.38565,
        "29_8": 1.97646,
        "3_9": 0.67345,
        "11_9": 0.62895,
        "14_9": 0.93389,
        "16_9": 0.703,
        "23_9": 0.09631,
        "26_9": 0.502,
        "7_10": 0.05096,
        "8_10": 0.19028,
        "9_10": 0.46748,
        "10_10": 0.3118,
        "11_10": 0.19392,
        "17_10": 0.06752,
        "20_10": 0.98812,
        "25_10": 0.28827,
        "8_11": 0.0227,
        "10_11": 0.18801,
        "11_11": 0.06134,
        "14_11": 0.224,
        "16_11": 0.47028,
        "25_11": 0.21212,
        "26_11": 0.36918,
        "28_11": 0.06427,
        "0_12": 0.74138,
        "3_12": 0.56866,
        "13_12": 0.26711,
        "16_12": 2.26868,
        "22_12": 1.21937,
        "3_13": 0.51496,
        "10_13": 0.00637,
        "14_13": 0.59085,
        "18_13": 0.0881,
        "24_13": 0.17801,
        "27_13": 0.10406,
        "28_13": 0.12674,
        "1_14": 0.03154,
        "3_14": 0.00877,
        "6_14": 0.1222,
        "10_14": 0.15279,
        "18_14": 0.51378,
        "19_14": 0.21727,
        "27_14": 0.63656,
        "29_14": 0.8827,
        "1_15": 0.11494,
        "5_15": 0.2616,
        "6_15": 0.08647,
        "16_15": 0.22407,
        "19_15": 0.1543,
        "22_15": 0.18792,
        "23_15": 0.40675,
        "0_16": 0.60997,
        "2_16": 1.26399,
        "11_16": 0.14674,
        "18_16": 0.11704,
        "27_16": 0.2196,
        "2_17": 0.16664,
        "4_17": 0.14328,
        "11_17": 0.088,
        "14_17": 0.33223,
        "19_17": 0.05004,
        "24_17": 0.26859,
        "27_17": 0.45071,
        "2_18": 1.2444,
        "5_18": 0.14552,
        "8_18": 0.0885,
        "9_18": 0.25711,
        "16_18": 0.01858,
        "17_18": 0.11505,
        "21_18": 0.90033,
        "27_18": 0.30707,
        "5_19": 0.13373,
        "8_19": 0.46362,
        "9_19": 0.32345,
        "13_19": 0.50739,
        "19_19": 0.40843,
        "21_19": 0.14164,
        "29_19": 0.78192
    },
    "best": {
        "0": 6.7504551238886785,
        "1": 18.30004367519493,
        "2": 20.792939931717385,
        "3": 20.311886711545757,
        "4": 5.407025676663838,
        "5": 6.0953068968098245,
        "6": 5.452265480545425,
        "7": 12.823675417949293,
        "8": 17.671506094641554,
        "9": 15.746217425837726,
        "10": 4.2959034341816595,
        "11": 12.542514622019763,
        "12": 27.70917698350382,
        "13": 4.978217253174289,
        "14": 16.66017970518468,
        "15": 9.053430977861405,
        "16": 11.758304615915335,
        "17": 9.766944693851723,
        "18": 12.607246660964213,
        "19": 11.873113100199639
    },
    "best_mrt": [
        173.7398580595117,
        64.18701620280234,
        300.00000011948856,
        256.13452545180894,
        21.388306314299676,
        58.06250274576442,
        41.94391195307942,
        61.48726113786366,
        137.14124467687043,
        204.59084470430759,
        151.1725368481853,
        214.53610674606432,
        140.19754210443259,
        84.416430421979,
        244.05557962382125,
        300.00000001412985,
        300.0000000342474,
        96.47082787835484,
        300.00000001807626,
        300.000000034313,
        300.00000000066996,
        211.85432047436956,
        181.3705877793935,
        53.38609796998217,
        184.27534627621094,
        112.8628650035868,
        210.35873490833333,
        300.0000000251386,
        66.91997587059839,
        300.0000000125282
    ],
    "SLA": 300
}