{
    "throughput": 5.0,
    "class_probs": {
        "0": 0.04741992810144842,
        "1": 0.044403353381440316,
        "2": 0.00816779300901836,
        "3": 0.045208459290916686,
        "4": 0.03976003863031935,
        "5": 0.04186646124381828,
        "6": 0.021397755874261022,
        "7": 0.027568818533861464,
        "8": 0.02078203050972485,
        "9": 0.05246665799871863,
        "10": 0.05198554555366986,
        "11": 0.047206448765786085,
        "12": 0.02361931744432944,
        "13": 0.01195891907600429,
        "14": 0.04992474026382395,
        "15": 0.045065202733458244,
        "16": 0.029903254462630008,
        "17": 0.0324358202886786,
        "18": 0.05445351295323847,
        "19": 0.015114977674731906,
        "20": 0.04254592761269941,
        "21": 0.03208986924839938,
        "22": 0.01811423296849684,
        "23": 0.014403014024765402,
        "24": 0.01751522788809884,
        "25": 0.0285997581046391,
        "26": 0.05043490064963189,
        "27": 0.03717978681640043,
        "28": 0.01769685314415105,
        "29": 0.03071139375283948
    },
    "best_objective": 407.89178400385555,
    "classes": [
        "0",
        "1",
        "2",
        "3",
        "4",
        "5",
        "6",
        "7",
        "8",
        "9",
        "10",
        "11",
        "12",
        "13",
        "14",
        "15",
        "16",
        "17",
        "18",
        "19",
        "20",
        "21",
        "22",
        "23",
        "24",
        "25",
        "26",
        "27",
        "28",
        "29"
    ],
    "resources": [
        "0",
        "1",
        "2",
        "3",
        "4",
        "5",
        "6",
        "7",
        "8",
        "9",
        "10",
        "11",
        "12",
        "13",
        "14",
        "15",
        "16",
        "17",
        "18",
        "19"
    ],
    "demands": {
        "1_0": 0.22194,
        "3_0": 0.04375,
        "4_0": 0.61091,
        "8_0": 0.5855,
        "9_0": 0.67462,
        "15_0": 0.52688,
        "21_0": 1.11094,
        "2_1": 2.65787,
        "4_1": 0.25655,
        "9_1": 0.23293,
        "15_1": 0.83332,
        "18_1": 0.4523,
        "23_1": 1.56619,
        "25_1": 0.18023,
        "26_1": 0.57082,
        "1_2": 0.28763,
        "4_2": 0.84454,
        "6_2": 1.17157,
        "10_2": 0.30524,
        "12_2": 0.21853,
        "17_2": 0.78505,
        "21_2": 0.18513,
        "27_2": 0.84632,
        "4_3": 0.52348,
        "10_3": 0.07535,
        "16_3": 0.4242,
        "24_3": 0.32239,
        "27_3": 0.36966,
        "29_3": 0.53449,
        "0_4": 0.06134,
        "4_4": 0.76374,
        "5_4": 0.74187,
        "8_4": 1.3111,
        "10_4": 0.30253,
        "17_4": 0.33182,
        "25_4": 0.95104,
        "26_4": 0.07941,
        "1_5": 0.4063,
        "16_5": 0.52274,
        "21_5": 0.30186,
        "22_5": 0.359,
        "27_5": 0.47093,
        "28_5": 0.96941,
        "1_6": 1.01355,
        "22_6": 2.20926,
        "0_7": 0.00436,
        "2_7": 1.89616,
        "4_7": 0.86765,
        "6_7": 1.42519,
        "14_7": 0.36031,
        "19_7": 0.64983,
        "21_7": 0.15579,
        "23_7": 0.50156,
        "5_8": 0.80535,
        "10_8": 0.74755,
        "19_8": 3.66007,
        "20_8": 1.16538,
        "7_9": 1.12392,
        "8_9": 0.92255,
        "14_9": 0.31458,
        "21_9": 0.51634,
        "26_9": 0.07439,
        "3_10": 0.13863,
        "6_10": 2.04937,
        "13_10": 1.05564,
        "16_10": 1.18273,
        "17_10": 0.26367,
        "18_10": 0.55933,
        "20_10": 0.17653,
        "24_10": 0.89689,
        "28_10": 0.65303,
        "2_11": 1.76892,
        "6_11": 0.73895,
        "11_11": 0.44111,
        "13_11": 0.64019,
        "16_11": 0.37495,
        "17_11": 0.62556,
        "1_12": 0.85018,
        "9_12": 0.17656,
        "10_12": 0.28118,
        "14_12": 0.10264,
        "15_12": 0.51753,
        "25_12": 1.04571,
        "3_13": 0.12523,
        "6_13": 1.15915,
        "9_13": 0.54889,
        "10_13": 0.27117,
        "13_13": 1.82601,
        "18_13": 0.31381,
        "24_13": 0.12334,
        "26_13": 0.51576,
        "27_13": 0.61679,
        "8_14": 0.15448,
        "12_14": 0.8626,
        "13_14": 1.40022,
        "14_14": 0.09105,
        "15_14": 0.35403,
        "20_14": 0.15826,
        "24_14": 0.95415,
        "25_14": 0.33992,
        "26_14": 0.01709,
        "0_15": 0.83586,
        "1_15": 0.68123,
        "5_15": 0.71248,
        "11_15": 0.97693,
        "17_15": 0.53442,
        "24_15": 0.07728,
        "6_16": 1.08159,
        "8_16": 2.32037,
        "28_16": 0.83038,
        "0_17": 0.31904,
        "2_17": 0.3669,
        "5_17": 0.36917,
        "7_17": 0.71519,
        "8_17": 0.24707,
        "14_17": 0.29624,
        "15_17": 0.20127,
        "25_17": 0.38288,
        "29_17": 0.91301,
        "8_18": 1.80445,
        "18_18": 0.90394,
        "24_18": 2.0562,
        "27_18": 1.06985,
        "6_19": 1.22598,
        "16_19": 0.65475,
        "20_19": 0.41623,
        "22_19": 0.87809,
        "24_19": 0.84684,
        "25_19": 0.69981
    },
    "best": {
        "0": 16.89873386724019,
        "1": 19.727036371368165,
        "2": 26.597421459008306,
        "3": 4.88826474827552,
        "4": 23.369450645427026,
        "5": 8.23553026435828,
        "6": 12.765007661505653,
        "7": 32.91500525549278,
        "8": 13.964300013664657,
        "9": 19.40796397458976,
        "10": 34.73504599434257,
        "11": 25.577459674334982,
        "12": 11.901634956495728,
        "13": 25.81127027664612,
        "14": 11.466424434508315,
        "15": 11.17866256878534,
        "16": 38.91924955088636,
        "17": 12.682201536420589,
        "18": 29.7057814387341,
        "19": 27.145339311771135
    },
    "best_mrt": [
        109.97827005126393,
        299.99999999639164,
        299.99999999967065,
        11.80606704966572,
        260.3927787704448,
        193.74783295637587,
        300.0000000001984,
        118.45037165111438,
        299.9999999991294,
        91.58498777596053,
        134.75094302949176,
        111.88984352633966,
        86.93764323161771,
        257.08206981500206,
        69.62479271413426,
        171.28475501235934,
        235.18746629370656,
        129.35579237327602,
        84.26693539876841,
        300.0000000000024,
        124.38932989964883,
        146.4832533427455,
        258.0269630053533,
        98.33310453460447,
        299.999999999491,
        233.05946266641575,
        59.80138906740525,
        236.50171906303072,
        164.93002438809452,
        193.80022324747762
    ],
    "SLA": 300
}