{
    "throughput": 5.0,
    "class_probs": {
        "0": 0.05123906495991712,
        "1": 0.024448378957581663,
        "2": 0.009253911017989398,
        "3": 0.029730696035683506,
        "4": 0.03302588771467211,
        "5": 0.03917554537466661,
        "6": 0.05418320666785259,
        "7": 0.02703962852062432,
        "8": 0.05229683468894757,
        "9": 0.05536612462654605,
        "10": 0.038234262198046896,
        "11": 0.03234422854572602,
        "12": 0.011951481218567718,
        "13": 0.008539647643387625,
        "14": 0.011797588670143985,
        "15": 0.027907901521942786,
        "16": 0.050351251838076844,
        "17": 0.03843627117046381,
        "18": 0.048197181420885166,
        "19": 0.049181088685143835,
        "20": 0.011536070839878185,
        "21": 0.009566310895690384,
        "22": 0.018623173801685114,
        "23": 0.04102863459945124,
        "24": 0.03222014170271568,
        "25": 0.054529943378075006,
        "26": 0.013942979179367102,
        "27": 0.04063991854086755,
        "28": 0.03199636701361443,
        "29": 0.05321627857178972
    },
    "best_objective": 519.574389412914,
    "classes": [
        "0",
        "1",
        "2",
        "3",
        "4",
        "5",
        "6",
        "7",
        "8",
        "9",
        "10",
        "11",
        "12",
        "13",
        "14",
        "15",
        "16",
        "17",
        "18",
        "19",
        "20",
        "21",
        "22",
        "23",
        "24",
        "25",
        "26",
        "27",
        "28",
        "29"
    ],
    "resources": [
        "0",
        "1",
        "2",
        "3",
        "4",
        "5",
        "6",
        "7",
        "8",
        "9",
        "10",
        "11",
        "12",
        "13",
        "14",
        "15",
        "16",
        "17",
        "18",
        "19"
    ],
    "demands": {
        "3_0": 0.35776,
        "14_0": 0.94351,
        "16_0": 0.10951,
        "18_0": 0.21183,
        "22_0": 0.51795,
        "23_0": 0.16783,
        "27_0": 0.2421,
        "10_1": 1.31624,
        "15_1": 0.51202,
        "24_1": 1.03176,
        "29_1": 1.05477,
        "1_2": 0.6892,
        "3_2": 0.76246,
        "6_2": 0.03504,
        "10_2": 0.79496,
        "19_2": 0.42515,
        "23_2": 0.78035,
        "25_2": 0.53541,
        "27_2": 0.27312,
        "6_3": 1.09238,
        "13_3": 1.75634,
        "25_3": 0.32773,
        "1_4": 1.02655,
        "3_4": 1.33045,
        "10_4": 0.99387,
        "12_4": 1.19688,
        "26_4": 2.29511,
        "15_5": 5.405,
        "2_6": 0.74113,
        "8_6": 0.18385,
        "21_6": 0.94567,
        "22_6": 2.66439,
        "23_6": 0.04622,
        "28_6": 1.0653,
        "29_6": 0.04504,
        "3_7": 1.08435,
        "18_7": 0.84208,
        "19_7": 0.29298,
        "21_7": 0.69905,
        "2_8": 1.79413,
        "5_8": 0.41063,
        "13_8": 2.49053,
        "17_8": 0.63223,
        "20_8": 0.06201,
        "2_9": 0.78434,
        "3_9": 0.45583,
        "9_9": 0.22516,
        "17_9": 0.50306,
        "22_9": 0.49614,
        "29_9": 0.01436,
        "2_10": 2.69557,
        "4_10": 0.45346,
        "5_10": 0.21525,
        "12_10": 3.26344,
        "15_10": 0.15311,
        "22_10": 1.02573,
        "24_10": 1.05891,
        "29_10": 0.65841,
        "2_11": 1.36813,
        "14_11": 1.09827,
        "16_11": 0.23862,
        "19_11": 0.38716,
        "26_11": 0.29684,
        "0_12": 0.7771,
        "11_12": 0.01163,
        "15_12": 0.82894,
        "16_12": 0.61398,
        "20_12": 3.24052,
        "24_12": 0.28131,
        "27_12": 0.53938,
        "4_13": 0.06522,
        "12_13": 2.51806,
        "16_13": 0.32112,
        "21_13": 1.50679,
        "22_13": 1.53803,
        "26_13": 2.00038,
        "28_13": 0.67646,
        "1_14": 1.06281,
        "6_14": 0.49033,
        "8_14": 0.06897,
        "11_14": 0.718,
        "16_14": 0.08197,
        "20_14": 1.42285,
        "24_14": 0.00463,
        "26_14": 1.90356,
        "27_14": 0.70187,
        "5_15": 1.45038,
        "12_15": 0.14883,
        "15_15": 1.05618,
        "19_15": 0.83052,
        "24_15": 0.07984,
        "25_15": 0.57376,
        "6_16": 0.32057,
        "10_16": 0.42128,
        "14_16": 2.73333,
        "23_16": 0.02856,
        "25_16": 0.25756,
        "27_16": 1.49775,
        "0_17": 0.03656,
        "2_17": 0.71252,
        "3_17": 0.11412,
        "7_17": 0.60954,
        "11_17": 0.0812,
        "13_17": 0.49221,
        "19_17": 0.1035,
        "21_17": 1.80176,
        "26_17": 0.50602,
        "0_18": 0.38603,
        "4_18": 0.17605,
        "7_18": 0.105,
        "19_18": 0.41482,
        "21_18": 3.69002,
        "29_18": 0.58668,
        "2_19": 3.38953,
        "6_19": 0.28406,
        "9_19": 0.71584,
        "21_19": 2.46745,
        "27_19": 0.59449
    },
    "best": {
        "0": 10.239849086398703,
        "1": 13.660170092770821,
        "2": 7.188700386788226,
        "3": 8.639808015989827,
        "4": 22.00175673689722,
        "5": 39.38332319465085,
        "6": 30.232851676377532,
        "7": 19.161889676359138,
        "8": 35.03372038198629,
        "9": 22.636121633317536,
        "10": 42.159976655450855,
        "11": 31.823821740289347,
        "12": 15.94094113015349,
        "13": 32.54234744704008,
        "14": 18.72870419053836,
        "15": 17.889885080462133,
        "16": 16.78278079349842,
        "17": 37.12097660846521,
        "18": 41.231463845807774,
        "19": 57.17530103967229
    },
    "best_mrt": [
        61.85755372919165,
        215.7965027334497,
        300.000000000028,
        300.00000000003837,
        17.36907672220576,
        102.00826828314193,
        191.33981629359076,
        19.147119994280946,
        10.039178754937732,
        22.755159727458786,
        300.000000000033,
        42.96868638616375,
        223.20605458766417,
        300.0000000000076,
        300.0000000000924,
        300.0000000000388,
        73.84725019820368,
        40.78750857429825,
        66.402268157262,
        156.42013337960591,
        295.25256952559226,
        300.00000000000347,
        237.41937432272925,
        142.88066899325892,
        129.23496255397558,
        173.82840680202628,
        300.00000000000836,
        245.77399167517194,
        57.15809689170479,
        114.37687029752512
    ],
    "SLA": 300
}