{
    "throughput": 10.0,
    "class_probs": {
        "0": 0.013332140020978068,
        "1": 0.01084265582874324,
        "2": 0.061107096306740334,
        "3": 0.015445079999348956,
        "4": 0.03738028678660892,
        "5": 0.05273707160902377,
        "6": 0.011617913799790687,
        "7": 0.05622501683738583,
        "8": 0.027388804464485526,
        "9": 0.016777699548417076,
        "10": 0.05412322669247939,
        "11": 0.027928251235745404,
        "12": 0.048735380702956965,
        "13": 0.05250547400752271,
        "14": 0.026972372830008567,
        "15": 0.05593890988528537,
        "16": 0.05582431262078736,
        "17": 0.05889147425510933,
        "18": 0.03718230942450309,
        "19": 0.01761396913953728,
        "20": 0.015631332659229936,
        "21": 0.02405972349873868,
        "22": 0.016837201203310823,
        "23": 0.02004758487898518,
        "24": 0.055332306443535505,
        "25": 0.02988937836134961,
        "26": 0.007410551521457036,
        "27": 0.024597273876757326,
        "28": 0.041431762732144585,
        "29": 0.026193438829033307
    },
    "best_objective": 236.61990024936603,
    "classes": [
        "0",
        "1",
        "2",
        "3",
        "4",
        "5",
        "6",
        "7",
        "8",
        "9",
        "10",
        "11",
        "12",
        "13",
        "14",
        "15",
        "16",
        "17",
        "18",
        "19",
        "20",
        "21",
        "22",
        "23",
        "24",
        "25",
        "26",
        "27",
        "28",
        "29"
    ],
    "resources": [
        "0",
        "1",
        "2",
        "3",
        "4",
        "5",
        "6",
        "7",
        "8",
        "9",
        "10",
        "11",
        "12",
        "13",
        "14",
        "15",
        "16",
        "17",
        "18",
        "19"
    ],
    "demands": {
        "2_0": 0.25176,
        "6_0": 0.49994,
        "7_0": 0.20654,
        "19_0": 0.97256,
        "21_0": 0.73454,
        "24_0": 0.09696,
        "25_0": 0.18716,
        "27_0": 0.39369,
        "3_1": 0.5738,
        "4_1": 0.127,
        "8_1": 0.1646,
        "12_1": 0.19791,
        "13_1": 0.0838,
        "14_1": 0.25087,
        "15_1": 0.18087,
        "16_1": 0.1298,
        "19_1": 0.55071,
        "21_1": 0.00321,
        "24_1": 0.09933,
        "28_1": 0.26178,
        "14_2": 1.1663,
        "15_2": 0.21544,
        "17_2": 0.49558,
        "28_2": 0.15056,
        "0_3": 1.47812,
        "4_3": 0.54234,
        "5_3": 0.152,
        "10_3": 0.21053,
        "12_3": 0.39048,
        "13_3": 0.09878,
        "20_3": 0.28084,
        "1_4": 0.59012,
        "8_4": 0.48578,
        "12_4": 0.13745,
        "13_4": 0.275,
        "14_4": 0.34316,
        "16_4": 0.2097,
        "17_4": 0.09224,
        "22_4": 0.26934,
        "23_4": 0.32687,
        "26_4": 0.4072,
        "2_5": 0.23153,
        "11_5": 0.44894,
        "12_5": 0.33124,
        "17_5": 0.13758,
        "20_5": 0.57333,
        "2_6": 0.03067,
        "3_6": 1.24354,
        "7_6": 0.09504,
        "8_6": 0.11627,
        "18_6": 0.73468,
        "1_7": 2.41117,
        "6_7": 0.15833,
        "10_7": 0.20817,
        "14_7": 0.04741,
        "17_7": 0.09264,
        "20_7": 0.2779,
        "26_7": 3.01469,
        "28_7": 0.36542,
        "0_8": 2.04523,
        "5_8": 0.23585,
        "13_8": 0.36242,
        "18_8": 0.24676,
        "23_8": 1.08082,
        "6_9": 0.1405,
        "8_9": 0.38553,
        "9_9": 0.54702,
        "12_9": 0.19553,
        "14_9": 0.4665,
        "29_9": 0.0809,
        "1_10": 0.32632,
        "8_10": 0.29119,
        "9_10": 0.44265,
        "11_10": 0.26073,
        "15_10": 0.04527,
        "21_10": 0.25502,
        "22_10": 0.19402,
        "25_10": 0.14668,
        "29_10": 0.00781,
        "2_11": 0.26507,
        "4_11": 0.30012,
        "7_11": 0.19483,
        "25_11": 0.04826,
        "1_12": 0.39518,
        "6_12": 2.64774,
        "8_12": 1.10019,
        "28_12": 0.13842,
        "1_13": 2.64789,
        "4_13": 0.78738,
        "5_13": 0.06774,
        "12_13": 0.18185,
        "2_14": 0.10599,
        "4_14": 0.08566,
        "5_14": 0.15348,
        "9_14": 0.0479,
        "16_14": 0.03988,
        "19_14": 0.42279,
        "22_14": 0.26604,
        "25_14": 0.55862,
        "6_15": 0.79611,
        "19_15": 0.79303,
        "21_15": 1.3388,
        "26_15": 2.29388,
        "27_15": 0.56632,
        "9_16": 0.79485,
        "17_16": 0.21971,
        "18_16": 0.37504,
        "21_16": 0.65472,
        "1_17": 0.39144,
        "8_17": 0.14799,
        "11_17": 0.61986,
        "17_17": 0.04655,
        "28_17": 0.21481,
        "17_18": 0.55584,
        "20_18": 0.89965,
        "2_19": 0.24689,
        "5_19": 0.17823,
        "7_19": 0.03604,
        "12_19": 0.35102,
        "26_19": 0.6457
    },
    "best": {
        "0": 10.180322216580928,
        "1": 8.39950441504813,
        "2": 7.822220746289854,
        "3": 12.018196854526519,
        "4": 16.313584448176716,
        "5": 5.445333413941073,
        "6": 6.114475073782164,
        "7": 34.378901506864246,
        "8": 13.121201170105145,
        "9": 6.475808900668875,
        "10": 10.789144665619158,
        "11": 1.9826720199012673,
        "12": 15.540124083590785,
        "13": 28.55003342415405,
        "14": 5.574772147293909,
        "15": 20.94861229084616,
        "16": 5.623041779673458,
        "17": 11.032707425379844,
        "18": 6.538876046524087,
        "19": 9.770367620399664
    },
    "best_mrt": [
        300.00000000283706,
        300.00000024968443,
        295.1152940965047,
        300.0000000061855,
        300.00000000543105,
        84.77355713117169,
        300.0000000156229,
        166.19058975560526,
        254.24667697399772,
        300.00000025336334,
        25.1154427663662,
        175.94374214488087,
        215.21012824998058,
        67.31721486363622,
        300.00000003768685,
        58.878218725746194,
        38.5129440077432,
        246.88748796233187,
        226.74310535140907,
        300.0000000275437,
        300.00000007817295,
        300.00000017899555,
        88.46611457693308,
        109.49568604063907,
        23.540487144178073,
        174.6956901224816,
        300.000000166432,
        70.5383601337565,
        96.35628296523753,
        14.192706210759594
    ],
    "SLA": 300
}