{
    "throughput": 6.0,
    "class_probs": {
        "0": 0.02057149051293841,
        "1": 0.016820771273573662,
        "2": 0.06267427864423086,
        "3": 0.008009538870586521,
        "4": 0.027163015502478523,
        "5": 0.034556553947799946,
        "6": 0.04924208476158362,
        "7": 0.036202105105170565,
        "8": 0.05553239370990913,
        "9": 0.017845299910900086,
        "10": 0.008094116499428077,
        "11": 0.061649939045604785,
        "12": 0.06251203521699789,
        "13": 0.03297975151339521,
        "14": 0.012278209007365308,
        "15": 0.06568220229196015,
        "16": 0.006859991066204694,
        "17": 0.035647053571660293,
        "18": 0.036225471159141695,
        "19": 0.018817238219675958,
        "20": 0.00947581263622975,
        "21": 0.04044693324610878,
        "22": 0.03773050911553068,
        "23": 0.014078814041858033,
        "24": 0.050005852902005675,
        "25": 0.055000899586254356,
        "26": 0.038378462043528155,
        "27": 0.008828430293328741,
        "28": 0.022562163558849224,
        "29": 0.054128582745701294
    },
    "best_objective": 558.2572819642899,
    "classes": [
        "0",
        "1",
        "2",
        "3",
        "4",
        "5",
        "6",
        "7",
        "8",
        "9",
        "10",
        "11",
        "12",
        "13",
        "14",
        "15",
        "16",
        "17",
        "18",
        "19",
        "20",
        "21",
        "22",
        "23",
        "24",
        "25",
        "26",
        "27",
        "28",
        "29"
    ],
    "resources": [
        "0",
        "1",
        "2",
        "3",
        "4",
        "5",
        "6",
        "7",
        "8",
        "9",
        "10",
        "11",
        "12",
        "13",
        "14",
        "15",
        "16",
        "17",
        "18",
        "19"
    ],
    "demands": {
        "4_0": 0.80922,
        "5_0": 0.4082,
        "6_0": 0.59923,
        "22_0": 0.31942,
        "23_0": 1.44387,
        "24_0": 0.41691,
        "27_0": 0.26032,
        "29_0": 0.23914,
        "4_1": 1.11532,
        "6_1": 0.1432,
        "7_1": 0.56178,
        "9_1": 0.03629,
        "11_1": 0.49799,
        "26_1": 0.00698,
        "8_2": 0.74604,
        "10_2": 0.55485,
        "14_2": 0.30205,
        "20_2": 5.17115,
        "9_3": 0.18056,
        "14_3": 3.0346,
        "19_3": 1.3808,
        "25_3": 0.6814,
        "27_3": 0.65161,
        "0_4": 0.41742,
        "5_4": 0.49583,
        "7_4": 0.34639,
        "8_4": 0.15684,
        "14_4": 2.77158,
        "24_4": 0.32992,
        "26_4": 0.43935,
        "1_5": 0.27389,
        "2_5": 0.0231,
        "3_5": 0.92013,
        "7_5": 0.3986,
        "9_5": 0.17269,
        "17_5": 0.23995,
        "21_5": 0.19647,
        "28_5": 0.59882,
        "19_6": 2.17599,
        "29_6": 0.94311,
        "2_7": 0.32898,
        "5_7": 0.24081,
        "8_7": 0.26607,
        "14_7": 1.83741,
        "25_7": 0.16732,
        "26_7": 0.54711,
        "5_8": 0.18315,
        "8_8": 0.02266,
        "10_8": 0.00902,
        "12_8": 0.13641,
        "13_8": 0.08909,
        "16_8": 0.01884,
        "17_8": 0.2505,
        "22_8": 0.23721,
        "23_8": 0.55132,
        "24_8": 0.07638,
        "27_8": 0.91572,
        "0_9": 0.50026,
        "1_9": 1.52175,
        "9_9": 0.55582,
        "16_9": 2.50051,
        "20_9": 5.44571,
        "1_10": 0.42353,
        "2_10": 0.0349,
        "5_10": 0.58235,
        "8_10": 0.00056,
        "13_10": 0.42582,
        "17_10": 0.46381,
        "18_10": 0.3221,
        "20_10": 2.39144,
        "21_10": 0.01486,
        "27_10": 1.58865,
        "28_10": 0.04987,
        "1_11": 1.362,
        "3_11": 0.21817,
        "4_11": 0.17582,
        "10_11": 0.94594,
        "11_11": 0.38616,
        "14_11": 1.49013,
        "16_11": 1.19119,
        "17_11": 0.66853,
        "22_11": 0.34195,
        "24_11": 0.3789,
        "27_11": 0.26943,
        "1_12": 0.89877,
        "2_12": 0.28527,
        "9_12": 1.4337,
        "20_12": 1.47113,
        "4_13": 0.50386,
        "9_13": 0.15773,
        "13_13": 0.54924,
        "21_13": 0.13735,
        "23_13": 0.67993,
        "26_13": 0.24765,
        "27_13": 1.1609,
        "1_14": 0.73443,
        "5_14": 0.40635,
        "8_14": 0.14854,
        "16_14": 2.61489,
        "18_14": 0.08525,
        "20_14": 2.23238,
        "2_15": 0.08516,
        "4_15": 0.35761,
        "7_15": 0.21691,
        "10_15": 1.1718,
        "17_15": 0.18259,
        "19_15": 0.10371,
        "25_15": 0.35983,
        "4_16": 0.06607,
        "13_16": 0.22171,
        "14_16": 1.22222,
        "15_16": 0.29558,
        "19_16": 0.90805,
        "21_16": 0.03543,
        "24_16": 0.12636,
        "28_16": 0.39548,
        "9_17": 0.87033,
        "10_17": 2.15548,
        "11_17": 0.2124,
        "12_17": 0.30739,
        "18_17": 0.35679,
        "23_17": 1.50956,
        "25_17": 0.38231,
        "8_18": 0.00035,
        "10_18": 0.67744,
        "11_18": 0.44038,
        "13_18": 0.38067,
        "16_18": 0.26341,
        "21_18": 0.71591,
        "15_19": 0.24462,
        "16_19": 2.48664,
        "17_19": 0.78469,
        "24_19": 0.58443
    },
    "best": {
        "0": 15.55455885812128,
        "1": 7.506219020619854,
        "2": 67.60828662996553,
        "3": 41.85115842973197,
        "4": 39.351820841507894,
        "5": 3.502652479475673,
        "6": 10.271959991981726,
        "7": 32.061030095092015,
        "8": 8.880186082997998,
        "9": 69.91042454628766,
        "10": 45.06911520665721,
        "11": 33.52388771258077,
        "12": 35.265705866372905,
        "13": 10.799823597813182,
        "14": 46.89072039142096,
        "15": 12.814031563136984,
        "16": 26.951255875591265,
        "17": 21.670533590252774,
        "18": 10.930235892104701,
        "19": 17.84367529257749
    },
    "best_mrt": [
        18.022410208862595,
        202.1664263953839,
        33.6296797889077,
        300.0,
        299.9999999993348,
        91.45999859303238,
        61.16926707314513,
        234.04109854295845,
        29.538796928442125,
        170.5704508998049,
        299.9999999999192,
        135.45316412375058,
        30.648473911828603,
        117.63355287397617,
        300.0000000000033,
        25.29767875023301,
        299.9999999998388,
        196.7635915757608,
        26.12176388758932,
        300.0000000000014,
        300.0000000000172,
        145.87974451973645,
        59.906461340356714,
        299.9999999949418,
        95.89548169305041,
        69.00876202135862,
        53.59441824942659,
        296.53679294059157,
        206.94507925176174,
        113.24058988004188
    ],
    "SLA": 300
}