{
    "throughput": 10.0,
    "class_probs": {
        "0": 0.00727162631829494,
        "1": 0.020098987575661212,
        "2": 0.04422349192904528,
        "3": 0.04898814739903663,
        "4": 0.009214627500309696,
        "5": 0.012051527856832101,
        "6": 0.04991540016317437,
        "7": 0.015268520032822856,
        "8": 0.03036029913388848,
        "9": 0.023822996615698304,
        "10": 0.025698785338698602,
        "11": 0.05044226580495924,
        "12": 0.05194020994370519,
        "13": 0.046958906661884695,
        "14": 0.051346679740586286,
        "15": 0.0379708129680831,
        "16": 0.04418923519678072,
        "17": 0.05278566633920215,
        "18": 0.04170150843315562,
        "19": 0.0240473230604031,
        "20": 0.006752468685067064,
        "21": 0.03105749311310046,
        "22": 0.04945174343370363,
        "23": 0.0253932480394875,
        "24": 0.044771541123563165,
        "25": 0.02078035124298076,
        "26": 0.033881246317965186,
        "27": 0.0382646119072035,
        "28": 0.011782966364369839,
        "29": 0.049567311760336207
    },
    "best_objective": 284.93552071154727,
    "classes": [
        "0",
        "1",
        "2",
        "3",
        "4",
        "5",
        "6",
        "7",
        "8",
        "9",
        "10",
        "11",
        "12",
        "13",
        "14",
        "15",
        "16",
        "17",
        "18",
        "19",
        "20",
        "21",
        "22",
        "23",
        "24",
        "25",
        "26",
        "27",
        "28",
        "29"
    ],
    "resources": [
        "0",
        "1",
        "2",
        "3",
        "4",
        "5",
        "6",
        "7",
        "8",
        "9",
        "10",
        "11",
        "12",
        "13",
        "14",
        "15",
        "16",
        "17",
        "18",
        "19"
    ],
    "demands": {
        "3_0": 0.15883,
        "4_0": 1.70483,
        "6_0": 0.43346,
        "7_0": 0.68375,
        "12_0": 0.06299,
        "14_0": 0.03297,
        "17_0": 0.13328,
        "25_0": 0.58969,
        "0_1": 0.34161,
        "4_1": 0.90579,
        "5_1": 0.54061,
        "13_1": 0.00868,
        "22_1": 0.13874,
        "24_1": 0.16507,
        "7_2": 0.35319,
        "11_2": 0.1195,
        "15_2": 0.048,
        "20_2": 1.08154,
        "24_2": 0.15749,
        "29_2": 0.10131,
        "2_3": 0.01151,
        "4_3": 0.07346,
        "6_3": 0.06049,
        "9_3": 0.18392,
        "12_3": 0.1432,
        "15_3": 0.30583,
        "16_3": 0.23417,
        "20_3": 1.29579,
        "21_3": 0.06729,
        "23_3": 0.07657,
        "24_3": 0.08107,
        "26_3": 0.13197,
        "29_3": 0.16975,
        "4_4": 0.69247,
        "13_4": 0.11824,
        "18_4": 0.49694,
        "24_4": 0.25659,
        "25_4": 0.57546,
        "28_4": 1.94349,
        "3_5": 0.30494,
        "10_5": 0.58104,
        "14_5": 0.23286,
        "19_5": 0.08791,
        "3_6": 0.10618,
        "5_6": 0.70629,
        "6_6": 0.15416,
        "8_6": 0.03694,
        "10_6": 0.091,
        "13_6": 0.05763,
        "26_6": 0.19736,
        "6_7": 0.72223,
        "11_7": 0.07759,
        "12_7": 0.14341,
        "16_7": 0.09819,
        "20_7": 2.5174,
        "21_7": 0.208,
        "28_7": 1.06154,
        "4_8": 0.01649,
        "6_8": 0.25748,
        "7_8": 0.20165,
        "14_8": 0.14958,
        "23_8": 0.52066,
        "25_8": 0.10222,
        "28_8": 0.09034,
        "0_9": 0.75997,
        "1_9": 0.50458,
        "17_9": 0.13323,
        "19_9": 0.25272,
        "22_9": 0.09239,
        "24_9": 0.2175,
        "26_9": 0.06213,
        "28_9": 0.78014,
        "12_10": 0.50132,
        "21_10": 0.42331,
        "22_10": 0.54887,
        "27_10": 0.10366,
        "3_11": 0.33933,
        "25_11": 0.52291,
        "26_11": 0.21751,
        "28_11": 0.54469,
        "29_11": 0.53108,
        "0_12": 1.69943,
        "6_12": 0.28883,
        "9_12": 0.03722,
        "16_12": 0.10445,
        "17_12": 0.24214,
        "20_12": 1.396,
        "25_12": 0.52111,
        "27_12": 0.32631,
        "5_13": 0.42085,
        "8_13": 0.42527,
        "9_13": 0.41115,
        "14_13": 0.03162,
        "16_13": 0.04828,
        "18_13": 0.1939,
        "24_13": 0.28452,
        "27_13": 0.32658,
        "3_14": 0.23912,
        "7_14": 0.4933,
        "11_14": 0.16524,
        "12_14": 0.12992,
        "14_14": 0.23808,
        "15_14": 0.10943,
        "27_14": 0.30245,
        "4_15": 0.35856,
        "11_15": 0.03234,
        "21_15": 0.36153,
        "25_15": 0.59523,
        "26_15": 0.36248,
        "28_15": 0.59781,
        "29_15": 0.19513,
        "12_16": 0.57337,
        "13_16": 0.57307,
        "17_16": 0.28259,
        "28_16": 0.60273,
        "0_17": 0.16505,
        "1_17": 0.30846,
        "4_17": 0.17518,
        "5_17": 0.10761,
        "12_17": 0.0492,
        "14_17": 0.07526,
        "16_17": 0.06397,
        "21_17": 0.1395,
        "22_17": 0.09915,
        "29_17": 0.11498,
        "1_18": 0.13719,
        "2_18": 0.17201,
        "5_18": 0.93713,
        "11_18": 0.59071,
        "17_18": 0.11739,
        "20_18": 1.87727,
        "1_19": 0.55851,
        "10_19": 0.14531,
        "18_19": 0.09803,
        "27_19": 0.29616
    },
    "best": {
        "0": 14.37791865070845,
        "1": 11.438206523206496,
        "2": 21.32491730552916,
        "3": 23.851975350614293,
        "4": 26.430526044354316,
        "5": 2.865273188997537,
        "6": 6.236185963227593,
        "7": 37.560753927387566,
        "8": 5.774442719231272,
        "9": 15.83794861250399,
        "10": 3.3108870673256705,
        "11": 13.455493846786931,
        "12": 24.840400737653653,
        "13": 6.125980904471838,
        "14": 3.797482267473888,
        "15": 15.337751106367882,
        "16": 14.385585125409992,
        "17": 5.285945085393685,
        "18": 29.16783825527628,
        "19": 3.530008029626762
    },
    "best_mrt": [
        184.44569473796253,
        273.35648931048536,
        6.5395198216260955,
        257.2902313138946,
        299.9999999981069,
        299.9999999988534,
        140.30182136420697,
        260.0893316002809,
        83.90838135269962,
        84.54421319013889,
        299.9999999998798,
        82.79874065749868,
        299.9999999998245,
        57.312816841236206,
        222.25746441205908,
        49.94986099167745,
        38.88117699590759,
        53.4938960190996,
        85.16645884050212,
        52.762640365275836,
        300.0000000000036,
        223.61187413175725,
        249.04739625000067,
        100.2116872999748,
        102.0168996116311,
        187.7885874248733,
        84.8176030162071,
        299.9999999997447,
        300.0000000000926,
        90.19370718569475
    ],
    "SLA": 300
}