{
    "throughput": 9.0,
    "class_probs": {
        "0": 0.018648498775899566,
        "1": 0.018215878846916514,
        "2": 0.03521183458893848,
        "3": 0.022019281718382407,
        "4": 0.034844397327645896,
        "5": 0.0438804285165849,
        "6": 0.04387306349641598,
        "7": 0.03690775859656644,
        "8": 0.01689703498638163,
        "9": 0.035011276416921304,
        "10": 0.042377656264866836,
        "11": 0.036288737083911254,
        "12": 0.03160965825902661,
        "13": 0.02282388786123697,
        "14": 0.006099666768273376,
        "15": 0.04998772181094935,
        "16": 0.032311886568497754,
        "17": 0.044577423844644866,
        "18": 0.010181087408899446,
        "19": 0.041859501243949826,
        "20": 0.04443437758941892,
        "21": 0.027577342443098594,
        "22": 0.04757985719215722,
        "23": 0.02437017322171352,
        "24": 0.02836546090423699,
        "25": 0.05143002091302895,
        "26": 0.041249769533989455,
        "27": 0.01932522984401771,
        "28": 0.04588377516198533,
        "29": 0.04615731281144377
    },
    "best_objective": 302.37505288032344,
    "classes": [
        "0",
        "1",
        "2",
        "3",
        "4",
        "5",
        "6",
        "7",
        "8",
        "9",
        "10",
        "11",
        "12",
        "13",
        "14",
        "15",
        "16",
        "17",
        "18",
        "19",
        "20",
        "21",
        "22",
        "23",
        "24",
        "25",
        "26",
        "27",
        "28",
        "29"
    ],
    "resources": [
        "0",
        "1",
        "2",
        "3",
        "4",
        "5",
        "6",
        "7",
        "8",
        "9",
        "10",
        "11",
        "12",
        "13",
        "14",
        "15",
        "16",
        "17",
        "18",
        "19"
    ],
    "demands": {
        "3_0": 0.23699,
        "4_0": 0.20998,
        "5_0": 0.40848,
        "18_0": 0.40844,
        "20_0": 0.21994,
        "23_0": 0.03383,
        "25_0": 0.34873,
        "29_0": 0.26199,
        "6_1": 0.29723,
        "8_1": 0.86532,
        "9_1": 0.23258,
        "14_1": 0.22352,
        "15_1": 0.31193,
        "26_1": 0.20137,
        "27_1": 0.42189,
        "12_2": 0.73216,
        "17_2": 0.06626,
        "19_2": 0.10637,
        "21_2": 1.65089,
        "28_2": 0.1454,
        "10_3": 0.74666,
        "15_3": 0.96032,
        "0_4": 0.60184,
        "5_4": 0.2478,
        "6_4": 0.36691,
        "26_4": 0.05937,
        "27_4": 0.41299,
        "1_5": 0.03424,
        "3_5": 0.25036,
        "7_5": 0.10289,
        "20_5": 0.34922,
        "26_5": 0.42218,
        "1_6": 0.53018,
        "3_6": 0.3352,
        "6_6": 0.18412,
        "13_6": 0.00588,
        "14_6": 0.30141,
        "16_6": 0.23821,
        "17_6": 0.10597,
        "24_6": 0.1278,
        "28_6": 0.15529,
        "2_7": 0.03749,
        "9_7": 0.40846,
        "14_7": 2.01276,
        "15_7": 0.26477,
        "23_7": 0.31419,
        "24_7": 0.22637,
        "2_8": 0.40411,
        "3_8": 0.631,
        "4_8": 0.15498,
        "12_8": 0.42487,
        "15_8": 0.10074,
        "23_8": 0.10557,
        "25_8": 0.06911,
        "27_8": 0.47916,
        "28_8": 0.26742,
        "4_9": 0.46394,
        "10_9": 0.62822,
        "27_9": 0.0533,
        "29_9": 0.63887,
        "8_10": 0.08285,
        "10_10": 0.54309,
        "13_10": 0.52313,
        "16_10": 0.29767,
        "21_10": 0.54843,
        "22_10": 0.14845,
        "28_10": 0.33398,
        "3_11": 0.31982,
        "4_11": 0.23916,
        "7_11": 0.45637,
        "15_11": 0.2501,
        "21_11": 0.62928,
        "25_11": 0.34752,
        "0_12": 1.30875,
        "6_12": 0.32699,
        "7_12": 0.13535,
        "16_12": 0.25016,
        "17_12": 0.27631,
        "21_12": 0.53492,
        "29_12": 0.01084,
        "2_13": 0.13372,
        "5_13": 0.16373,
        "8_13": 0.53413,
        "12_13": 0.17593,
        "15_13": 0.09279,
        "17_13": 0.06013,
        "18_13": 0.4998,
        "19_13": 0.14553,
        "23_13": 0.0393,
        "0_14": 0.32501,
        "6_14": 0.17762,
        "8_14": 0.60731,
        "10_14": 0.23537,
        "13_14": 0.43628,
        "16_14": 0.2844,
        "18_14": 0.65244,
        "21_14": 0.27343,
        "22_14": 0.11352,
        "23_14": 0.32885,
        "25_14": 0.16196,
        "1_15": 1.17587,
        "6_15": 0.69272,
        "11_15": 0.22665,
        "0_16": 0.54695,
        "5_16": 0.3571,
        "8_16": 0.933,
        "10_16": 0.05617,
        "14_16": 2.86495,
        "17_16": 0.21917,
        "21_16": 0.23325,
        "26_16": 0.35933,
        "0_17": 0.78732,
        "4_17": 0.31317,
        "11_17": 0.08697,
        "12_17": 0.45217,
        "14_17": 4.33861,
        "26_17": 0.24178,
        "28_17": 0.30702,
        "3_18": 1.09857,
        "10_18": 0.54106,
        "13_18": 1.04877,
        "19_18": 0.15884,
        "22_18": 0.18598,
        "1_19": 0.28921,
        "3_19": 0.32063,
        "5_19": 0.02659,
        "6_19": 0.10971,
        "7_19": 0.03993,
        "9_19": 0.15079,
        "13_19": 0.0921,
        "14_19": 0.76105,
        "16_19": 0.01916,
        "21_19": 0.13206
    },
    "best": {
        "0": 6.296318369343525,
        "1": 12.963400604164544,
        "2": 16.21028273440191,
        "3": 8.418120445863913,
        "4": 5.640469949671256,
        "5": 6.161256676896183,
        "6": 14.873855255521315,
        "7": 32.84603214424343,
        "8": 9.885756522498102,
        "9": 7.723894142036075,
        "10": 11.932994064660397,
        "11": 12.28591347680084,
        "12": 11.644060327473662,
        "13": 4.372968116957343,
        "14": 10.290295908573633,
        "15": 5.528230969846127,
        "16": 40.42808347001267,
        "17": 48.52739968370115,
        "18": 14.539183683457232,
        "19": 21.80653633420016
    },
    "best_mrt": [
        300.0000000000936,
        291.8988199040845,
        79.00431936723568,
        299.99999999652937,
        147.1915162003535,
        171.92949140967994,
        300.000000000144,
        71.51434838316428,
        299.999999999993,
        38.49301155223102,
        299.999999998214,
        47.26374215633508,
        147.59362639685264,
        173.68064659831956,
        299.9999999994623,
        214.2022168754845,
        96.89483538966275,
        57.63495787320859,
        267.6802258236521,
        55.175553938873215,
        99.60743555815968,
        300.00000000105945,
        38.756851749133915,
        71.83250135256932,
        15.859476899884186,
        116.71461036581081,
        114.97325659041546,
        173.36954918692533,
        85.64244751037842,
        138.05500522208007
    ],
    "SLA": 300
}