{
    "throughput": 8.0,
    "class_probs": {
        "0": 0.028745095407756115,
        "1": 0.014110408516793347,
        "2": 0.036911527015300524,
        "3": 0.02763958884622145,
        "4": 0.01926323150564031,
        "5": 0.04750505461372821,
        "6": 0.009436859623092327,
        "7": 0.0266631699821296,
        "8": 0.0329615380155949,
        "9": 0.04912069970205621,
        "10": 0.017950210646911807,
        "11": 0.01121719661850084,
        "12": 0.03343563283412504,
        "13": 0.03300577136196794,
        "14": 0.01968199664419358,
        "15": 0.03887497012778568,
        "16": 0.034781879907231715,
        "17": 0.04177622353027591,
        "18": 0.04805037826723808,
        "19": 0.0407500249755521,
        "20": 0.03444210110295153,
        "21": 0.026483936024510588,
        "22": 0.051321020974846164,
        "23": 0.03894755639171862,
        "24": 0.053199283612906136,
        "25": 0.023067352066133768,
        "26": 0.041845838597819804,
        "27": 0.05131912965632626,
        "28": 0.015473062950844734,
        "29": 0.052019260479846806
    },
    "best_objective": 274.33521026788065,
    "classes": [
        "0",
        "1",
        "2",
        "3",
        "4",
        "5",
        "6",
        "7",
        "8",
        "9",
        "10",
        "11",
        "12",
        "13",
        "14",
        "15",
        "16",
        "17",
        "18",
        "19",
        "20",
        "21",
        "22",
        "23",
        "24",
        "25",
        "26",
        "27",
        "28",
        "29"
    ],
    "resources": [
        "0",
        "1",
        "2",
        "3",
        "4",
        "5",
        "6",
        "7",
        "8",
        "9",
        "10",
        "11",
        "12",
        "13",
        "14",
        "15",
        "16",
        "17",
        "18",
        "19"
    ],
    "demands": {
        "3_0": 0.49224,
        "9_0": 1.19046,
        "13_0": 0.02984,
        "22_0": 0.46723,
        "7_1": 0.52887,
        "9_1": 0.02427,
        "12_1": 1.21836,
        "13_1": 0.66846,
        "10_2": 1.09536,
        "11_2": 0.35995,
        "18_2": 0.31644,
        "21_2": 0.6988,
        "23_2": 0.01929,
        "24_2": 0.09983,
        "27_2": 0.11785,
        "28_2": 0.62926,
        "0_3": 0.42278,
        "2_3": 0.13791,
        "6_3": 1.24697,
        "7_3": 0.08709,
        "12_3": 0.38848,
        "15_3": 0.29806,
        "26_3": 0.01441,
        "27_3": 0.19673,
        "29_3": 0.26544,
        "3_4": 0.45294,
        "9_4": 0.00258,
        "11_4": 0.4204,
        "16_4": 0.33812,
        "19_4": 0.05245,
        "20_4": 0.22137,
        "23_4": 0.30851,
        "24_4": 0.16258,
        "27_4": 0.19601,
        "28_4": 0.55429,
        "2_5": 0.18572,
        "4_5": 0.59298,
        "7_5": 0.11956,
        "9_5": 0.38572,
        "17_5": 0.35063,
        "22_5": 0.21343,
        "25_5": 0.72619,
        "28_5": 0.27259,
        "0_6": 0.00589,
        "16_6": 0.61254,
        "18_6": 0.37057,
        "20_6": 0.20426,
        "25_6": 0.9218,
        "27_6": 0.4151,
        "28_6": 1.24469,
        "0_7": 0.23275,
        "5_7": 0.01196,
        "12_7": 0.46168,
        "15_7": 0.2502,
        "16_7": 0.24796,
        "17_7": 0.08176,
        "21_7": 0.42629,
        "23_7": 0.14747,
        "24_7": 0.05767,
        "26_7": 0.13068,
        "29_7": 0.00497,
        "3_8": 0.71788,
        "7_8": 0.62095,
        "11_8": 1.23429,
        "16_8": 0.02504,
        "21_8": 0.03046,
        "24_8": 0.1238,
        "26_8": 0.0545,
        "29_8": 0.03755,
        "18_9": 0.3339,
        "20_9": 1.77042,
        "0_10": 0.20651,
        "7_10": 0.16025,
        "10_10": 0.94437,
        "11_10": 2.45952,
        "17_10": 0.24712,
        "19_10": 0.53473,
        "20_10": 0.71568,
        "6_11": 0.75866,
        "7_11": 0.06326,
        "8_11": 0.11013,
        "12_11": 0.12121,
        "14_11": 0.47495,
        "16_11": 0.18626,
        "18_11": 0.17313,
        "22_11": 0.02134,
        "27_11": 0.15861,
        "28_11": 0.01166,
        "29_11": 0.16995,
        "2_12": 0.5034,
        "3_12": 0.68357,
        "12_12": 0.33567,
        "21_12": 0.47403,
        "25_12": 0.40727,
        "27_12": 0.07541,
        "2_13": 1.00757,
        "11_13": 1.94163,
        "14_13": 1.36418,
        "16_13": 0.0745,
        "4_14": 1.09562,
        "7_14": 1.09442,
        "9_14": 0.32277,
        "14_14": 0.94153,
        "18_14": 0.11713,
        "2_15": 0.1491,
        "5_15": 0.2168,
        "10_15": 0.03073,
        "14_15": 0.63582,
        "15_15": 0.31238,
        "17_15": 0.03777,
        "20_15": 0.07067,
        "24_15": 0.11532,
        "26_15": 0.08483,
        "3_16": 0.11902,
        "11_16": 1.14468,
        "12_16": 0.28434,
        "13_16": 0.40426,
        "19_16": 0.05429,
        "0_17": 0.26456,
        "1_17": 0.51805,
        "5_17": 0.25189,
        "13_17": 0.01469,
        "14_17": 0.50388,
        "16_17": 0.49338,
        "24_17": 0.1858,
        "26_17": 0.23524,
        "4_18": 0.65252,
        "8_18": 1.05896,
        "9_18": 0.09977,
        "20_18": 0.78816,
        "27_18": 0.14724,
        "2_19": 0.90426,
        "9_19": 0.65646,
        "15_19": 0.03102,
        "17_19": 0.15422,
        "18_19": 0.21254,
        "21_19": 0.72619
    },
    "best": {
        "0": 11.038770657130417,
        "1": 12.692914453888994,
        "2": 13.459255231014302,
        "3": 7.40747130492697,
        "4": 15.0361671833167,
        "5": 7.272478831592906,
        "6": 8.19941822827887,
        "7": 7.9362508622474115,
        "8": 23.023026851943886,
        "9": 13.29131223907172,
        "10": 33.68878055154012,
        "11": 9.33752006008279,
        "12": 6.970052035466418,
        "13": 32.04031598624684,
        "14": 13.191383901422958,
        "15": 10.035763586166714,
        "16": 22.7764805218982,
        "17": 8.835004456891614,
        "18": 9.660386061088227,
        "19": 8.44245726366459
    },
    "best_mrt": [
        133.26721921278133,
        62.85771663405694,
        293.95518901650513,
        223.8192424262157,
        250.827855886832,
        54.772882058402,
        269.9188774838352,
        202.2428960886333,
        130.5593439657826,
        300.00000009038945,
        117.40329487613914,
        299.99999999980014,
        299.99999994823725,
        78.0900338588711,
        299.99999998992524,
        114.61158929204774,
        224.96906011288226,
        96.10937878938691,
        158.35259027786134,
        22.362646342132475,
        299.99999999933226,
        283.31126303268655,
        80.38809248169059,
        42.911314696177676,
        66.94263815737652,
        300.0000000228419,
        59.653312983339866,
        154.61875650967818,
        300.0000000312123,
        60.75211013431939
    ],
    "SLA": 300
}