{
    "throughput": 8.0,
    "class_probs": {
        "0": 0.042880929133939164,
        "1": 0.008759994092953355,
        "2": 0.013450782533642743,
        "3": 0.032811509554843125,
        "4": 0.033907791801416454,
        "5": 0.03162428816191336,
        "6": 0.05336063285424161,
        "7": 0.04893217457567249,
        "8": 0.03098081810410633,
        "9": 0.06419359411972533,
        "10": 0.00905283046209023,
        "11": 0.014050922056909743,
        "12": 0.060811134079087635,
        "13": 0.031756255743619996,
        "14": 0.018505550812893214,
        "15": 0.017518244540897836,
        "16": 0.05428314847866325,
        "17": 0.052856332083499095,
        "18": 0.062229723654111155,
        "19": 0.03749620691754122,
        "20": 0.0253731956805063,
        "21": 0.03692329384775506,
        "22": 0.031637132820383544,
        "23": 0.020176970073998372,
        "24": 0.0264203631924982,
        "25": 0.028717638526039306,
        "26": 0.026690930821310493,
        "27": 0.028977819833583406,
        "28": 0.042333883112561595,
        "29": 0.013285908329596393
    },
    "best_objective": 308.0571670911822,
    "classes": [
        "0",
        "1",
        "2",
        "3",
        "4",
        "5",
        "6",
        "7",
        "8",
        "9",
        "10",
        "11",
        "12",
        "13",
        "14",
        "15",
        "16",
        "17",
        "18",
        "19",
        "20",
        "21",
        "22",
        "23",
        "24",
        "25",
        "26",
        "27",
        "28",
        "29"
    ],
    "resources": [
        "0",
        "1",
        "2",
        "3",
        "4",
        "5",
        "6",
        "7",
        "8",
        "9",
        "10",
        "11",
        "12",
        "13",
        "14",
        "15",
        "16",
        "17",
        "18",
        "19"
    ],
    "demands": {
        "0_0": 0.03083,
        "10_0": 1.30931,
        "11_0": 1.1957,
        "15_0": 0.07253,
        "18_0": 0.34229,
        "22_0": 0.3914,
        "25_0": 0.32688,
        "2_1": 1.2111,
        "3_1": 0.95689,
        "11_1": 0.43424,
        "20_1": 0.03595,
        "23_1": 0.65392,
        "28_1": 0.92258,
        "0_2": 0.13722,
        "9_2": 0.22866,
        "14_2": 0.40295,
        "21_2": 0.55809,
        "23_2": 0.23322,
        "24_2": 0.59578,
        "3_3": 1.41939,
        "5_3": 0.91259,
        "9_3": 0.55077,
        "5_4": 1.28383,
        "24_4": 1.15983,
        "26_4": 1.39925,
        "9_5": 0.29457,
        "11_5": 0.4887,
        "13_5": 0.29551,
        "17_5": 0.52617,
        "24_5": 0.29387,
        "25_5": 0.01044,
        "3_6": 0.09929,
        "6_6": 0.12239,
        "12_6": 0.22936,
        "17_6": 0.21945,
        "18_6": 0.13675,
        "7_7": 0.6696,
        "8_7": 0.7146,
        "10_7": 1.30949,
        "15_7": 1.91886,
        "20_7": 0.09214,
        "13_8": 0.12283,
        "16_8": 0.21431,
        "17_8": 0.13274,
        "26_8": 0.46384,
        "29_8": 0.7261,
        "6_9": 0.03941,
        "7_9": 0.47369,
        "10_9": 0.46809,
        "12_9": 0.32791,
        "13_9": 0.32365,
        "18_9": 0.23404,
        "1_10": 0.60112,
        "3_10": 0.13591,
        "8_10": 0.38332,
        "15_10": 0.03786,
        "18_10": 0.01835,
        "21_10": 0.32588,
        "22_10": 0.22148,
        "26_10": 0.40322,
        "28_10": 0.02619,
        "2_11": 0.30565,
        "8_11": 0.82848,
        "15_11": 0.01318,
        "17_11": 0.1341,
        "18_11": 0.20398,
        "23_11": 0.63333,
        "26_11": 0.33686,
        "0_12": 0.3126,
        "10_12": 0.48356,
        "13_12": 0.40864,
        "14_12": 0.23605,
        "17_12": 0.32852,
        "19_12": 0.26418,
        "20_12": 0.36126,
        "23_12": 0.55711,
        "26_12": 0.20679,
        "27_12": 0.62815,
        "0_13": 0.47531,
        "5_13": 0.24153,
        "10_13": 2.53887,
        "22_13": 0.34152,
        "26_13": 0.08083,
        "29_13": 0.96884,
        "0_14": 0.26719,
        "5_14": 0.88364,
        "17_14": 0.11108,
        "23_14": 1.0896,
        "27_14": 0.85524,
        "3_15": 0.76639,
        "8_15": 0.3378,
        "10_15": 2.99929,
        "19_15": 0.50354,
        "1_16": 0.45654,
        "6_16": 0.21111,
        "9_16": 0.09943,
        "10_16": 0.43593,
        "11_16": 0.26556,
        "14_16": 0.97262,
        "16_16": 0.12471,
        "18_16": 0.15272,
        "26_16": 0.58116,
        "2_17": 0.72405,
        "4_17": 0.71583,
        "9_17": 0.17794,
        "19_17": 0.14863,
        "27_17": 0.46013,
        "28_17": 0.56104,
        "4_18": 0.31237,
        "5_18": 0.30661,
        "6_18": 0.10409,
        "7_18": 0.03596,
        "15_18": 0.7006,
        "27_18": 0.2574,
        "28_18": 0.33351,
        "13_19": 1.12868,
        "19_19": 0.3644,
        "29_19": 1.29109
    },
    "best": {
        "0": 29.177420779369744,
        "1": 11.44274567193742,
        "2": 4.814751899369802,
        "3": 11.967342266191944,
        "4": 16.137624695635154,
        "5": 4.056086690887303,
        "6": 2.7461269512116875,
        "7": 29.406541768332144,
        "8": 8.10242234338611,
        "9": 17.827480932257124,
        "10": 6.4857787866140555,
        "11": 9.784341078695718,
        "12": 20.08086356665962,
        "13": 41.081806780008804,
        "14": 13.436904292944309,
        "15": 44.16074958568269,
        "16": 18.502213489233917,
        "17": 5.4548940769773315,
        "18": 5.776247190286945,
        "19": 7.614824245500429
    },
    "best_mrt": [
        82.31366872918385,
        124.88699519306763,
        300.0,
        300.00000000000006,
        209.8051324736595,
        300.0,
        84.8922983648368,
        57.7169171620634,
        186.04531188863413,
        230.83383335118808,
        300.0,
        237.82673926799623,
        114.779637008975,
        300.0,
        161.2464585756819,
        209.92672794424558,
        34.64687817538378,
        300.0,
        116.36780907062717,
        108.05962021811864,
        25.406604152653525,
        184.79361688417006,
        58.7336802831173,
        300.0,
        299.99999999999994,
        14.429505139934745,
        300.0,
        245.5795841676765,
        272.6888111097025,
        299.99999999999994
    ],
    "SLA": 300
}