{
    "throughput": 8.0,
    "class_probs": {
        "0": 0.057018210279555025,
        "1": 0.06526255479789542,
        "2": 0.05739431920397755,
        "3": 0.00876909566148786,
        "4": 0.00775573058804347,
        "5": 0.04382182080635411,
        "6": 0.050339592589190685,
        "7": 0.03797023341423454,
        "8": 0.0644155551649868,
        "9": 0.047897609209244144,
        "10": 0.01497167846256621,
        "11": 0.015833056836311275,
        "12": 0.049765895366923246,
        "13": 0.021029888659226927,
        "14": 0.05820930288322856,
        "15": 0.01926194721152887,
        "16": 0.024670066403352134,
        "17": 0.010067414729042354,
        "18": 0.038006249569928534,
        "19": 0.006952692376863565,
        "20": 0.05740818793586614,
        "21": 0.0553267568632019,
        "22": 0.020906686047364134,
        "23": 0.014062966328926393,
        "24": 0.033027237089427494,
        "25": 0.011735842245078495,
        "26": 0.020737221436076144,
        "27": 0.03120230942521621,
        "28": 0.035421267346322435,
        "29": 0.020758611068579437
    },
    "best_objective": 415.13706952320365,
    "classes": [
        "0",
        "1",
        "2",
        "3",
        "4",
        "5",
        "6",
        "7",
        "8",
        "9",
        "10",
        "11",
        "12",
        "13",
        "14",
        "15",
        "16",
        "17",
        "18",
        "19",
        "20",
        "21",
        "22",
        "23",
        "24",
        "25",
        "26",
        "27",
        "28",
        "29"
    ],
    "resources": [
        "0",
        "1",
        "2",
        "3",
        "4",
        "5",
        "6",
        "7",
        "8",
        "9",
        "10",
        "11",
        "12",
        "13",
        "14",
        "15",
        "16",
        "17",
        "18",
        "19"
    ],
    "demands": {
        "18_0": 0.83998,
        "20_0": 0.21256,
        "26_0": 2.38065,
        "0_1": 0.19496,
        "3_1": 1.32131,
        "7_1": 0.05265,
        "11_1": 0.97473,
        "13_1": 0.81098,
        "18_1": 0.37444,
        "25_1": 0.18522,
        "27_1": 0.24539,
        "0_2": 0.33051,
        "11_2": 2.4055,
        "12_2": 0.3145,
        "15_2": 1.30854,
        "27_2": 0.28824,
        "0_3": 0.01577,
        "5_3": 0.22248,
        "9_3": 0.33288,
        "10_3": 1.03621,
        "13_3": 0.47683,
        "16_3": 0.37924,
        "19_3": 2.1054,
        "28_3": 0.3879,
        "2_4": 0.44229,
        "11_4": 1.69206,
        "22_4": 0.0537,
        "24_4": 0.62601,
        "26_4": 0.38655,
        "28_4": 0.83068,
        "3_5": 0.19277,
        "7_5": 0.34086,
        "15_5": 0.65166,
        "16_5": 0.47066,
        "20_5": 0.2106,
        "22_5": 0.09104,
        "25_5": 0.95416,
        "27_5": 0.24263,
        "29_5": 0.61957,
        "1_6": 0.10728,
        "13_6": 0.41747,
        "14_6": 0.17098,
        "18_6": 0.21303,
        "25_6": 1.96452,
        "26_6": 0.64566,
        "7_7": 0.33809,
        "9_7": 0.08929,
        "14_7": 0.00679,
        "17_7": 1.59417,
        "18_7": 0.48547,
        "19_7": 1.12768,
        "20_7": 0.32618,
        "26_7": 0.42619,
        "28_7": 0.39723,
        "1_8": 0.11003,
        "15_8": 1.60907,
        "23_8": 2.27547,
        "24_8": 0.83838,
        "0_9": 0.02716,
        "4_9": 0.83134,
        "7_9": 0.1317,
        "10_9": 0.60187,
        "15_9": 0.32566,
        "23_9": 0.36056,
        "24_9": 0.29034,
        "27_9": 0.02433,
        "9_10": 0.06569,
        "11_10": 0.91798,
        "16_10": 0.60143,
        "21_10": 0.03817,
        "24_10": 0.37019,
        "26_10": 0.23168,
        "3_11": 0.28844,
        "6_11": 0.07446,
        "8_11": 0.07139,
        "9_11": 0.01298,
        "21_11": 0.21632,
        "23_11": 0.03857,
        "24_11": 0.23581,
        "25_11": 0.29459,
        "27_11": 0.29213,
        "29_11": 0.09454,
        "5_12": 0.29782,
        "6_12": 0.30224,
        "14_12": 0.22005,
        "16_12": 0.07121,
        "29_12": 0.44093,
        "13_13": 1.86541,
        "15_13": 1.53256,
        "3_14": 2.54105,
        "9_14": 0.45232,
        "17_14": 2.68035,
        "18_14": 0.71588,
        "6_15": 0.03146,
        "7_15": 0.16908,
        "9_15": 0.17572,
        "11_15": 1.01881,
        "14_15": 0.01705,
        "24_15": 0.55479,
        "29_15": 0.29266,
        "2_16": 0.28266,
        "7_16": 0.92301,
        "9_16": 0.85663,
        "11_16": 0.67248,
        "6_17": 0.81513,
        "7_17": 0.14134,
        "25_17": 4.67601,
        "2_18": 0.1779,
        "3_18": 1.6052,
        "4_18": 0.27013,
        "8_18": 0.08473,
        "14_18": 0.29397,
        "25_18": 0.6481,
        "26_18": 0.75565,
        "27_18": 0.40978,
        "2_19": 0.1369,
        "3_19": 1.46311,
        "12_19": 0.21112,
        "15_19": 0.47019,
        "21_19": 0.27091,
        "23_19": 1.14894,
        "28_19": 0.29335
    },
    "best": {
        "0": 14.185456634238841,
        "1": 29.30204106542597,
        "2": 36.49185503216139,
        "3": 11.96256377301095,
        "4": 27.9037436476077,
        "5": 22.584996594187352,
        "6": 25.826119905560244,
        "7": 10.813722925300691,
        "8": 19.151562083156456,
        "9": 8.613248560708913,
        "10": 20.351423286865188,
        "11": 13.333790504373907,
        "12": 2.1781040619480803,
        "13": 18.47662071352773,
        "14": 27.167746520106235,
        "15": 21.048780011631568,
        "16": 17.507203631536985,
        "17": 38.2622653854695,
        "18": 26.97496102295489,
        "19": 23.00086416343113
    },
    "best_mrt": [
        20.76785362466898,
        10.236467933336716,
        46.20773882191693,
        299.9999999826509,
        110.8751276489396,
        188.78915727396068,
        200.54700850083557,
        134.44696695863857,
        8.729458460279739,
        119.8558641583686,
        164.9932595123988,
        300.0000000000099,
        18.272486512846505,
        191.29582219038033,
        144.32495219063884,
        299.99999999727316,
        125.78509581215653,
        260.9827161904322,
        159.6834028835135,
        299.9999999975931,
        58.04258730264107,
        30.724858166784955,
        6.143222013886814,
        221.89992679941102,
        167.65996296317758,
        299.9999999999516,
        299.99999999953707,
        68.79039586111188,
        118.09426830186538,
        300.0000000000043
    ],
    "SLA": 300
}