{
    "throughput": 8.0,
    "class_probs": {
        "0": 0.059454177534520126,
        "1": 0.014162707450326393,
        "2": 0.05494916532425929,
        "3": 0.04588838997975469,
        "4": 0.015444343720550226,
        "5": 0.025263684546695097,
        "6": 0.039294319841639856,
        "7": 0.009468069649061581,
        "8": 0.008464545834027391,
        "9": 0.04037751446636101,
        "10": 0.03799342083138016,
        "11": 0.007677499993034151,
        "12": 0.04256176315727192,
        "13": 0.02846419247673186,
        "14": 0.014452980313128106,
        "15": 0.03298480233780847,
        "16": 0.0426708210977952,
        "17": 0.03267556290153502,
        "18": 0.05174352849721587,
        "19": 0.02316424080431375,
        "20": 0.052014574630473466,
        "21": 0.03232796804564615,
        "22": 0.05723878769198699,
        "23": 0.034227458771990515,
        "24": 0.054149584910313325,
        "25": 0.03317044881479273,
        "26": 0.024298391695410326,
        "27": 0.0331437419993037,
        "28": 0.03215995976372806,
        "29": 0.02011335291894483
    },
    "best_objective": 341.28317868667443,
    "classes": [
        "0",
        "1",
        "2",
        "3",
        "4",
        "5",
        "6",
        "7",
        "8",
        "9",
        "10",
        "11",
        "12",
        "13",
        "14",
        "15",
        "16",
        "17",
        "18",
        "19",
        "20",
        "21",
        "22",
        "23",
        "24",
        "25",
        "26",
        "27",
        "28",
        "29"
    ],
    "resources": [
        "0",
        "1",
        "2",
        "3",
        "4",
        "5",
        "6",
        "7",
        "8",
        "9",
        "10",
        "11",
        "12",
        "13",
        "14",
        "15",
        "16",
        "17",
        "18",
        "19"
    ],
    "demands": {
        "6_0": 0.40632,
        "15_0": 0.07233,
        "29_0": 1.01018,
        "1_1": 1.32006,
        "4_1": 2.34609,
        "8_1": 0.61044,
        "11_1": 2.68832,
        "22_1": 0.09906,
        "6_2": 0.11847,
        "8_2": 0.78961,
        "14_2": 0.99471,
        "17_2": 0.37874,
        "21_2": 0.46829,
        "23_2": 0.39631,
        "27_2": 0.08512,
        "29_2": 0.7221,
        "1_3": 0.71149,
        "21_3": 0.22027,
        "23_3": 0.29039,
        "25_3": 0.24688,
        "26_3": 0.42232,
        "3_4": 0.26426,
        "15_4": 0.34205,
        "22_4": 0.52611,
        "2_5": 0.13123,
        "15_5": 0.2799,
        "16_5": 0.6718,
        "18_5": 0.14819,
        "19_5": 0.02686,
        "20_5": 0.04064,
        "23_5": 0.30079,
        "25_5": 0.2419,
        "0_6": 0.00874,
        "1_6": 2.69587,
        "4_6": 0.66261,
        "8_6": 2.0459,
        "22_6": 0.43179,
        "1_7": 0.74216,
        "6_7": 0.22081,
        "8_7": 3.93781,
        "24_7": 0.21148,
        "27_7": 0.57644,
        "1_8": 1.14729,
        "6_8": 0.64874,
        "8_8": 0.68976,
        "17_8": 0.501,
        "24_8": 0.20728,
        "1_9": 0.20004,
        "11_9": 0.59741,
        "13_9": 1.0676,
        "14_9": 0.97092,
        "16_9": 0.25485,
        "0_10": 0.15087,
        "10_10": 0.60417,
        "12_10": 0.24724,
        "18_10": 0.30431,
        "19_10": 0.24695,
        "22_10": 0.12946,
        "6_11": 0.63926,
        "16_11": 0.00709,
        "19_11": 0.37211,
        "28_11": 1.48843,
        "6_12": 0.74325,
        "7_12": 0.97306,
        "9_12": 0.4964,
        "11_12": 0.85394,
        "16_12": 0.52206,
        "17_12": 0.71713,
        "10_13": 0.87696,
        "20_13": 0.15959,
        "26_13": 1.25458,
        "27_13": 0.49541,
        "29_13": 0.51052,
        "9_14": 0.31043,
        "14_14": 0.19213,
        "20_14": 0.2143,
        "27_14": 0.06233,
        "28_14": 0.30218,
        "0_15": 0.09873,
        "2_15": 0.00756,
        "3_15": 0.11623,
        "4_15": 0.23432,
        "11_15": 0.87922,
        "14_15": 0.27081,
        "15_15": 0.20917,
        "19_15": 0.11234,
        "22_15": 0.11173,
        "1_16": 1.245,
        "5_16": 0.54793,
        "6_16": 0.45947,
        "10_16": 0.30938,
        "11_16": 0.63779,
        "13_16": 0.1365,
        "16_16": 0.048,
        "17_16": 0.41113,
        "0_17": 0.03924,
        "3_17": 0.0146,
        "5_17": 0.76721,
        "16_17": 0.55114,
        "19_17": 1.14843,
        "22_17": 0.12841,
        "26_17": 0.0257,
        "11_18": 1.54383,
        "12_18": 0.64304,
        "21_18": 0.01667,
        "25_18": 0.44515,
        "5_19": 0.55467,
        "10_19": 0.0379,
        "11_19": 0.90674,
        "12_19": 0.34286,
        "16_19": 0.16728,
        "17_19": 0.13497,
        "26_19": 0.35876
    },
    "best": {
        "0": 6.622967819020973,
        "1": 43.303156834358965,
        "2": 13.658157444336203,
        "3": 14.44023362859044,
        "4": 2.7252568928825114,
        "5": 4.672761428774077,
        "6": 34.16523771064076,
        "7": 30.754976942917654,
        "8": 21.622133443293723,
        "9": 19.45751596507642,
        "10": 4.84570999426599,
        "11": 8.053613054856518,
        "12": 21.808622735184148,
        "13": 6.839908981118728,
        "14": 3.3639532439924067,
        "15": 21.347951475425756,
        "16": 26.593329758572374,
        "17": 7.023544233653205,
        "18": 28.164901813159645,
        "19": 21.819245286553922
    },
    "best_mrt": [
        46.40078329188351,
        300.0000000000291,
        32.50744627587929,
        122.86168568529202,
        86.02441323104435,
        167.37264228684882,
        251.34328629716808,
        46.50715145569314,
        300.0000000000127,
        125.2387755974923,
        300.0000000000484,
        300.0000000000723,
        97.07343290393558,
        61.588966583071574,
        203.54019989725685,
        238.88472835490293,
        300.0000000000521,
        109.4628228263603,
        107.48405486662537,
        300.0000000002439,
        106.41410890184133,
        52.31412976383357,
        300.0000000000137,
        124.83647474494414,
        16.88889836279468,
        92.85215765811847,
        258.21051541226603,
        127.98641112063017,
        300.000000002104,
        300.00000000002154
    ],
    "SLA": 300
}