{
    "throughput": 10.0,
    "class_probs": {
        "0": 0.0236339540470604,
        "1": 0.10791105550619896,
        "2": 0.13239353300145185,
        "3": 0.04194118338618661,
        "4": 0.13719929777604492,
        "5": 0.0667495950599659,
        "6": 0.08316211636313338,
        "7": 0.04680877274675317,
        "8": 0.06837011223367558,
        "9": 0.0774762570447649,
        "10": 0.10328094305306437,
        "11": 0.11107317978170003
    },
    "best_objective": 49.715673009224986,
    "classes": [
        "0",
        "1",
        "2",
        "3",
        "4",
        "5",
        "6",
        "7",
        "8",
        "9",
        "10",
        "11"
    ],
    "resources": [
        "0",
        "1",
        "2",
        "3",
        "4",
        "5",
        "6",
        "7",
        "8",
        "9"
    ],
    "demands": {
        "3_0": 0.4585,
        "7_0": 0.62128,
        "9_0": 0.10681,
        "1_1": 0.03953,
        "2_1": 0.04546,
        "3_1": 0.10115,
        "5_1": 0.15295,
        "6_1": 0.05042,
        "10_1": 0.10097,
        "1_2": 0.11126,
        "3_2": 0.53171,
        "4_2": 0.11333,
        "7_2": 0.09529,
        "8_2": 0.07122,
        "11_2": 0.09248,
        "3_3": 0.00474,
        "6_3": 0.45341,
        "8_3": 0.14514,
        "10_3": 0.23753,
        "2_4": 0.07984,
        "3_4": 0.13497,
        "4_4": 0.04145,
        "5_4": 0.04348,
        "9_4": 0.14289,
        "1_5": 0.05324,
        "4_5": 0.14344,
        "5_5": 0.13369,
        "6_5": 0.03525,
        "9_5": 0.15913,
        "10_5": 0.20399,
        "11_5": 0.01331,
        "1_6": 0.00121,
        "2_6": 0.13958,
        "7_6": 0.43222,
        "10_6": 0.11914,
        "0_7": 0.652,
        "5_7": 0.23725,
        "7_7": 0.23318,
        "10_7": 0.04616,
        "0_8": 0.52097,
        "5_8": 0.16745,
        "7_8": 0.09168,
        "9_8": 0.17075,
        "0_9": 0.81053,
        "1_9": 0.16766,
        "7_9": 0.32012,
        "10_9": 0.13954
    },
    "best": {
        "0": 7.137769319326311,
        "1": 2.664760193825284,
        "2": 5.239963656413624,
        "3": 2.9686011736956117,
        "4": 2.3852449009945915,
        "5": 2.7720423774983947,
        "6": 5.286266421923132,
        "7": 7.10459382772938,
        "8": 5.884118306405034,
        "9": 8.27231283141362
    },
    "best_mrt": [
        300.0,
        90.14405463523423,
        88.64976644567808,
        299.99999999971004,
        115.34276734613803,
        220.3459330935519,
        241.35596857356293,
        299.99999999993963,
        80.31917886011391,
        195.56780523769808,
        299.99999999999784,
        26.837033044565917
    ],
    "SLA": 300
}