{
    "throughput": 8.0,
    "class_probs": {
        "0": 0.0363477932955518,
        "1": 0.03809928805591528,
        "2": 0.022990286798636322,
        "3": 0.0445281425505241,
        "4": 0.043270245960974035,
        "5": 0.013109790384507772,
        "6": 0.03960107864812869,
        "7": 0.038075238194099685,
        "8": 0.03274607478628419,
        "9": 0.04697158418781545,
        "10": 0.04314844953210173,
        "11": 0.0383755616908575,
        "12": 0.01997839325075119,
        "13": 0.02943992831606364,
        "14": 0.05539332709919035,
        "15": 0.025389177612521126,
        "16": 0.033643948305394245,
        "17": 0.01106353073062973,
        "18": 0.019756255977161744,
        "19": 0.04459798944799568,
        "20": 0.02748488429630836,
        "21": 0.023811801889391068,
        "22": 0.01188787335477998,
        "23": 0.009843437746365619,
        "24": 0.04820369840744245,
        "25": 0.05369972412774112,
        "26": 0.0303457109313213,
        "27": 0.02251351336152655,
        "28": 0.05547205787673834,
        "29": 0.04021121318328098
    },
    "best_objective": 289.1480723180106,
    "classes": [
        "0",
        "1",
        "2",
        "3",
        "4",
        "5",
        "6",
        "7",
        "8",
        "9",
        "10",
        "11",
        "12",
        "13",
        "14",
        "15",
        "16",
        "17",
        "18",
        "19",
        "20",
        "21",
        "22",
        "23",
        "24",
        "25",
        "26",
        "27",
        "28",
        "29"
    ],
    "resources": [
        "0",
        "1",
        "2",
        "3",
        "4",
        "5",
        "6",
        "7",
        "8",
        "9",
        "10",
        "11",
        "12",
        "13",
        "14",
        "15",
        "16",
        "17",
        "18",
        "19"
    ],
    "demands": {
        "12_0": 0.51806,
        "17_0": 1.757,
        "18_0": 0.43752,
        "19_0": 0.36114,
        "23_0": 1.61825,
        "0_1": 0.78676,
        "8_1": 0.7852,
        "17_1": 2.5716,
        "20_1": 0.81889,
        "1_2": 0.176,
        "2_2": 0.54364,
        "9_2": 0.16484,
        "10_2": 0.24409,
        "13_2": 0.29202,
        "23_2": 1.56675,
        "25_2": 0.01718,
        "26_2": 0.22003,
        "29_3": 2.25653,
        "5_4": 1.0163,
        "7_4": 1.2001,
        "21_4": 1.92705,
        "2_5": 1.16229,
        "12_5": 0.30688,
        "14_5": 0.30798,
        "19_5": 0.46495,
        "20_5": 0.63204,
        "25_5": 0.16543,
        "10_6": 0.14163,
        "15_6": 0.99375,
        "18_6": 0.90251,
        "27_6": 0.03459,
        "29_6": 0.61183,
        "3_7": 0.51294,
        "11_7": 0.17478,
        "12_7": 0.47279,
        "15_7": 0.36743,
        "23_7": 1.72974,
        "28_7": 0.0695,
        "1_8": 0.29926,
        "8_8": 0.5385,
        "11_8": 0.30564,
        "12_8": 0.66839,
        "24_8": 0.3308,
        "2_9": 0.18035,
        "3_9": 0.39522,
        "8_9": 0.49816,
        "16_9": 0.21508,
        "24_9": 0.17464,
        "0_10": 0.30401,
        "6_10": 0.14203,
        "8_10": 0.0652,
        "9_10": 0.1767,
        "22_10": 0.57598,
        "26_10": 0.12095,
        "1_11": 0.23011,
        "9_11": 0.21212,
        "13_11": 0.7357,
        "17_11": 1.992,
        "22_11": 1.83255,
        "24_11": 0.09038,
        "28_11": 0.19288,
        "1_12": 0.35498,
        "4_12": 0.28918,
        "8_12": 0.50706,
        "12_12": 0.76326,
        "16_12": 0.33059,
        "23_12": 1.60108,
        "29_12": 0.23851,
        "0_13": 0.23301,
        "1_13": 0.18085,
        "3_13": 0.38218,
        "11_13": 0.51653,
        "13_13": 0.20598,
        "15_13": 0.57942,
        "3_14": 0.06991,
        "11_14": 0.82928,
        "15_14": 0.4781,
        "29_14": 0.01221,
        "0_15": 0.26292,
        "6_15": 0.18307,
        "8_15": 0.33421,
        "13_15": 0.29771,
        "19_15": 0.18597,
        "21_15": 0.35564,
        "28_15": 0.15504,
        "4_16": 0.87684,
        "18_16": 0.55711,
        "19_16": 1.02027,
        "24_16": 0.10436,
        "1_17": 0.07116,
        "3_17": 0.20873,
        "5_17": 0.77943,
        "7_17": 0.22578,
        "8_17": 0.27076,
        "11_17": 0.34292,
        "19_17": 0.00087,
        "23_17": 0.57656,
        "24_17": 0.08128,
        "25_17": 0.04507,
        "27_17": 0.29336,
        "0_18": 0.11856,
        "3_18": 0.28578,
        "6_18": 0.55454,
        "13_18": 0.99756,
        "14_18": 0.39173,
        "17_18": 0.02015,
        "22_18": 0.434,
        "23_18": 0.43469,
        "27_18": 0.48403,
        "5_19": 2.33808,
        "7_19": 0.06481,
        "10_19": 0.06326,
        "15_19": 0.94734,
        "19_19": 0.33204,
        "24_19": 0.02627,
        "26_19": 0.03609,
        "29_19": 0.05212
    },
    "best": {
        "0": 31.167819989870942,
        "1": 21.356020464764583,
        "2": 26.1549429699457,
        "3": 10.443062928741053,
        "4": 9.42988542667104,
        "5": 5.614681967693713,
        "6": 11.905912374721943,
        "7": 28.1486530952032,
        "8": 7.364149931736986,
        "9": 6.973539916537249,
        "10": 3.8562986798348446,
        "11": 18.00094843414033,
        "12": 27.65101200270986,
        "13": 8.307081276187834,
        "14": 7.43244950263546,
        "15": 6.667246550926328,
        "16": 7.964713855784991,
        "17": 18.492092697436775,
        "18": 14.666403266877069,
        "19": 17.551156985590712
    },
    "best_mrt": [
        205.23191020569408,
        104.81826181437538,
        288.9639786569167,
        170.76599294580103,
        133.06384365267067,
        300.0000000012816,
        109.8474809669776,
        156.12850608380077,
        299.99999986293466,
        68.46690248251721,
        25.79632510016866,
        254.8688179564439,
        224.0911961517534,
        201.45057550782477,
        92.06385655343648,
        299.99999993922756,
        45.15890079568084,
        300.00000000029934,
        171.80961460651068,
        299.99999999576585,
        170.520291974404,
        281.9388100213812,
        300.00000000254636,
        300.0000000025825,
        101.2071518895662,
        37.369692749235455,
        44.7472512729177,
        54.550848591395265,
        38.847075783075574,
        299.999999998656
    ],
    "SLA": 300
}