{
    "throughput": 7.0,
    "class_probs": {
        "0": 0.03415665198258876,
        "1": 0.04123634044328776,
        "2": 0.03207104527199573,
        "3": 0.009335697139287375,
        "4": 0.04464115132182827,
        "5": 0.03499531524092421,
        "6": 0.03496886288241905,
        "7": 0.03550989700334074,
        "8": 0.007646870101708997,
        "9": 0.06941576416453929,
        "10": 0.021217829238508713,
        "11": 0.026789428934484102,
        "12": 0.01037792133627625,
        "13": 0.035035860748499625,
        "14": 0.02747997346210991,
        "15": 0.05798062337115992,
        "16": 0.00944141265171034,
        "17": 0.02528362848613524,
        "18": 0.0493908886165955,
        "19": 0.03393442468529512,
        "20": 0.057275969536492166,
        "21": 0.013274349389251597,
        "22": 0.012932217155084287,
        "23": 0.051204803813855344,
        "24": 0.05651267499629835,
        "25": 0.017335039660341837,
        "26": 0.03520961416547174,
        "27": 0.05808382339323633,
        "28": 0.017150795877011706,
        "29": 0.040111124930261824
    },
    "best_objective": 239.48066769662452,
    "classes": [
        "0",
        "1",
        "2",
        "3",
        "4",
        "5",
        "6",
        "7",
        "8",
        "9",
        "10",
        "11",
        "12",
        "13",
        "14",
        "15",
        "16",
        "17",
        "18",
        "19",
        "20",
        "21",
        "22",
        "23",
        "24",
        "25",
        "26",
        "27",
        "28",
        "29"
    ],
    "resources": [
        "0",
        "1",
        "2",
        "3",
        "4",
        "5",
        "6",
        "7",
        "8",
        "9",
        "10",
        "11",
        "12",
        "13",
        "14",
        "15",
        "16",
        "17",
        "18",
        "19"
    ],
    "demands": {
        "0_0": 0.39544,
        "11_0": 0.21068,
        "20_0": 0.19711,
        "25_0": 0.73747,
        "26_0": 0.08387,
        "15_1": 0.04094,
        "16_1": 3.42192,
        "22_1": 2.99559,
        "26_1": 0.5835,
        "3_2": 0.48773,
        "7_2": 0.25446,
        "9_2": 0.00517,
        "13_2": 0.19588,
        "19_2": 0.32009,
        "23_2": 0.17167,
        "27_2": 0.17456,
        "28_2": 0.28791,
        "29_2": 0.17138,
        "0_3": 0.25907,
        "1_3": 0.25832,
        "4_3": 0.22717,
        "5_3": 0.10504,
        "17_3": 0.07575,
        "18_3": 0.13678,
        "19_3": 0.06864,
        "23_3": 0.09309,
        "24_3": 0.08902,
        "29_3": 0.04268,
        "5_4": 0.19796,
        "7_4": 0.18054,
        "11_4": 0.81035,
        "15_4": 0.40173,
        "18_4": 0.17933,
        "19_4": 0.30407,
        "23_4": 0.09922,
        "27_4": 0.28117,
        "3_5": 1.35363,
        "10_5": 1.3828,
        "13_5": 1.83982,
        "26_5": 0.39443,
        "17_6": 0.41617,
        "23_6": 0.30003,
        "24_6": 0.2489,
        "25_6": 0.70797,
        "28_6": 0.69089,
        "1_7": 0.70084,
        "5_7": 0.24253,
        "14_7": 0.53399,
        "19_7": 0.76156,
        "23_7": 0.30359,
        "29_7": 0.03223,
        "5_8": 0.18152,
        "6_8": 0.37001,
        "9_8": 0.02628,
        "18_8": 0.18014,
        "26_8": 0.44676,
        "1_9": 0.45608,
        "3_9": 1.76776,
        "11_9": 0.35955,
        "16_9": 1.33029,
        "18_9": 0.42823,
        "21_9": 0.08221,
        "3_10": 0.35149,
        "4_10": 0.22343,
        "12_10": 0.03633,
        "15_10": 0.37343,
        "18_10": 0.1845,
        "0_11": 0.43462,
        "9_11": 0.16932,
        "12_11": 0.70824,
        "23_11": 0.20586,
        "3_12": 0.71531,
        "15_12": 0.8545,
        "17_12": 0.45929,
        "18_12": 0.4333,
        "22_12": 2.2277,
        "1_13": 0.29345,
        "4_13": 0.21751,
        "19_13": 1.07089,
        "26_13": 1.02039,
        "28_13": 0.63,
        "1_14": 0.50385,
        "4_14": 0.21669,
        "6_14": 0.16822,
        "9_14": 0.87847,
        "10_14": 0.14639,
        "0_15": 0.6433,
        "5_15": 0.52416,
        "6_15": 0.32666,
        "8_15": 2.30309,
        "12_15": 0.51745,
        "21_15": 1.42063,
        "29_15": 0.50577,
        "2_16": 0.12466,
        "5_16": 0.45319,
        "7_16": 0.62653,
        "8_16": 1.66133,
        "15_16": 0.17289,
        "17_16": 0.35556,
        "20_16": 0.01061,
        "22_16": 1.53616,
        "4_17": 0.13723,
        "6_17": 0.24194,
        "9_17": 0.06088,
        "15_17": 0.24249,
        "17_17": 0.58301,
        "20_17": 0.22442,
        "26_17": 0.46935,
        "28_17": 0.94383,
        "2_18": 0.81388,
        "5_18": 0.46516,
        "6_18": 0.7849,
        "7_18": 0.89479,
        "10_18": 0.08607,
        "21_18": 1.85343,
        "6_19": 1.89857,
        "10_19": 2.15536
    },
    "best": {
        "0": 4.780428764016365,
        "1": 25.108508649670558,
        "2": 11.847999053349996,
        "3": 4.704712741006908,
        "4": 5.670760974909161,
        "5": 16.626586404682907,
        "6": 6.317563400712322,
        "7": 8.541697652049368,
        "8": 8.46924884862492,
        "9": 18.59616900153097,
        "10": 8.354040924951406,
        "11": 4.984206832774279,
        "12": 24.83144914074591,
        "13": 11.628794540942598,
        "14": 6.1975655494601245,
        "15": 11.8475043386477,
        "16": 18.8000441692251,
        "17": 10.164272870541915,
        "18": 12.765028555806888,
        "19": 19.24408528297517
    },
    "best_mrt": [
        300.0000000000001,
        292.75492406394534,
        75.4451047519579,
        300.0000000000001,
        154.26687846334755,
        228.7808328880084,
        300.00000000000017,
        168.49364375872784,
        300.00000000000006,
        206.19143553556867,
        238.26337677393204,
        229.9779865542882,
        202.9101889011966,
        133.72576184209066,
        67.7781392890137,
        199.41928265512,
        213.70102444043332,
        188.4945670362845,
        154.56414264376116,
        300.00000000000045,
        68.40119505010975,
        289.2758871511805,
        300.00000000000006,
        190.26359549416193,
        63.04443404228774,
        286.0841353252944,
        265.4963441729156,
        71.77688016803906,
        300.0000000000001,
        74.77234383649733
    ],
    "SLA": 300
}