{
    "throughput": 8.0,
    "class_probs": {
        "0": 0.011437094855030529,
        "1": 0.013608471822747867,
        "2": 0.016047078157859985,
        "3": 0.06210659762561982,
        "4": 0.04045813606663135,
        "5": 0.025493348839940217,
        "6": 0.012252798622255028,
        "7": 0.06536889687403111,
        "8": 0.01091991318923941,
        "9": 0.034830154487647945,
        "10": 0.04383856516777864,
        "11": 0.04222806349217021,
        "12": 0.04055315405820398,
        "13": 0.06349875531479625,
        "14": 0.010209560237448017,
        "15": 0.04003706564311203,
        "16": 0.026952921722253775,
        "17": 0.06330106815356924,
        "18": 0.05216578070206505,
        "19": 0.02256313620299148,
        "20": 0.021598729821641013,
        "21": 0.024629091300739658,
        "22": 0.038183696392444705,
        "23": 0.01778116609717845,
        "24": 0.05460856308143414,
        "25": 0.028418226095125114,
        "26": 0.02945190376700242,
        "27": 0.011975095086944844,
        "28": 0.060319349333210315,
        "29": 0.015163617788887364
    },
    "best_objective": 354.91378192204934,
    "classes": [
        "0",
        "1",
        "2",
        "3",
        "4",
        "5",
        "6",
        "7",
        "8",
        "9",
        "10",
        "11",
        "12",
        "13",
        "14",
        "15",
        "16",
        "17",
        "18",
        "19",
        "20",
        "21",
        "22",
        "23",
        "24",
        "25",
        "26",
        "27",
        "28",
        "29"
    ],
    "resources": [
        "0",
        "1",
        "2",
        "3",
        "4",
        "5",
        "6",
        "7",
        "8",
        "9",
        "10",
        "11",
        "12",
        "13",
        "14",
        "15",
        "16",
        "17",
        "18",
        "19"
    ],
    "demands": {
        "8_0": 1.9624,
        "21_0": 0.52279,
        "23_0": 0.70509,
        "24_0": 0.41621,
        "25_0": 0.07994,
        "27_0": 1.30435,
        "3_1": 0.312,
        "4_1": 0.05756,
        "12_1": 0.38067,
        "13_1": 0.23658,
        "16_1": 0.22664,
        "19_1": 0.19704,
        "21_1": 0.21889,
        "22_1": 0.00469,
        "24_1": 0.34552,
        "28_1": 0.14025,
        "2_2": 0.45448,
        "3_2": 0.04692,
        "9_2": 0.1308,
        "10_2": 0.10699,
        "11_2": 0.19275,
        "13_2": 0.22679,
        "17_2": 0.1937,
        "20_2": 0.18098,
        "22_2": 0.00454,
        "23_2": 0.6474,
        "26_2": 0.18875,
        "29_2": 0.23102,
        "0_3": 0.51934,
        "3_3": 0.08473,
        "4_3": 0.00204,
        "8_3": 0.53737,
        "10_3": 0.10425,
        "17_3": 0.10798,
        "19_3": 0.35181,
        "20_3": 0.17179,
        "23_3": 0.42174,
        "26_3": 0.16069,
        "28_3": 0.10878,
        "1_4": 0.55329,
        "8_4": 0.6262,
        "13_4": 0.10866,
        "16_4": 0.52722,
        "18_4": 0.04858,
        "25_4": 0.08213,
        "28_4": 0.03856,
        "0_5": 0.12053,
        "4_5": 0.18609,
        "5_5": 0.31936,
        "6_5": 0.85119,
        "9_5": 0.26339,
        "11_5": 0.03661,
        "17_5": 0.0469,
        "23_5": 0.05402,
        "24_5": 0.13104,
        "26_5": 0.22778,
        "29_5": 0.71127,
        "2_6": 0.15225,
        "11_6": 0.11856,
        "14_6": 1.82638,
        "22_6": 0.39571,
        "5_7": 0.27652,
        "17_7": 0.41933,
        "18_7": 0.58611,
        "21_7": 0.32632,
        "26_7": 0.39479,
        "27_7": 1.23504,
        "1_8": 1.14816,
        "10_8": 0.57497,
        "17_8": 0.20957,
        "18_8": 0.54498,
        "23_8": 0.24207,
        "4_9": 0.40046,
        "5_9": 0.30238,
        "7_9": 0.12084,
        "17_9": 0.14937,
        "18_9": 0.43216,
        "21_9": 0.92838,
        "24_9": 0.30627,
        "6_10": 1.77629,
        "27_10": 2.1492,
        "29_10": 0.35174,
        "5_11": 0.11983,
        "10_11": 0.21046,
        "22_11": 0.71535,
        "25_11": 0.90301,
        "29_11": 1.89849,
        "14_12": 0.41501,
        "15_12": 0.71666,
        "19_12": 2.39478,
        "22_12": 0.40201,
        "0_13": 0.80431,
        "5_13": 0.32764,
        "9_13": 0.39664,
        "15_13": 0.34126,
        "16_13": 0.23274,
        "18_13": 0.00855,
        "21_13": 0.14971,
        "27_13": 0.26579,
        "28_13": 0.02758,
        "11_14": 0.27179,
        "12_14": 0.52854,
        "27_14": 4.0355,
        "14_15": 1.25275,
        "21_15": 2.30904,
        "22_15": 0.59029,
        "23_15": 0.40033,
        "5_16": 1.70892,
        "16_16": 0.97595,
        "20_16": 0.18918,
        "26_16": 0.40521,
        "29_16": 0.02813,
        "6_17": 0.12244,
        "10_17": 0.0651,
        "13_17": 0.22008,
        "15_17": 0.83791,
        "20_17": 1.02448,
        "27_17": 3.06805,
        "4_18": 0.40075,
        "5_18": 0.00768,
        "7_18": 0.03799,
        "15_18": 0.40483,
        "25_18": 0.16068,
        "26_18": 0.45459,
        "11_19": 0.15211,
        "12_19": 0.34918,
        "13_19": 0.19353,
        "18_19": 0.20875,
        "21_19": 0.71896,
        "22_19": 0.16488,
        "25_19": 0.42671
    },
    "best": {
        "0": 32.31608199923287,
        "1": 7.969863744542334,
        "2": 5.5313117183810565,
        "3": 5.574205720614551,
        "4": 5.063494322293485,
        "5": 8.957084307181901,
        "6": 9.089162389109088,
        "7": 31.110713581269874,
        "8": 6.974565613974642,
        "9": 14.591569933431717,
        "10": 38.95400718796882,
        "11": 12.91893520957663,
        "12": 12.574946709951305,
        "13": 15.362412754949851,
        "14": 52.973850654703014,
        "15": 23.086686608154555,
        "16": 9.378139176235543,
        "17": 46.508877419863076,
        "18": 3.597181475425024,
        "19": 12.380691395189976
    },
    "best_mrt": [
        170.1496792765616,
        300.0000000000195,
        110.13165783423632,
        69.48577132983436,
        185.88675339688757,
        299.99999999998226,
        149.84070305197318,
        20.75307815196994,
        300.0000000000172,
        84.62021917788492,
        152.5488827188886,
        75.36724609492907,
        92.67488205273587,
        123.43657329432662,
        299.9999999999817,
        229.85536126569338,
        271.0845201527204,
        124.31467598323637,
        166.14905582176343,
        300.0000000000012,
        114.83548640316027,
        299.9999999999904,
        180.2657554894205,
        299.9999999999861,
        98.9291030048659,
        181.1274804860816,
        299.99999999999744,
        300.00000000000824,
        50.805352772815546,
        300.0000000000125
    ],
    "SLA": 300
}