{
    "throughput": 9.0,
    "class_probs": {
        "0": 0.012157025405930406,
        "1": 0.017143403018541382,
        "2": 0.01132407863322013,
        "3": 0.03670532919067046,
        "4": 0.0375650445229221,
        "5": 0.04113081855285635,
        "6": 0.019785275970413987,
        "7": 0.029933083279640928,
        "8": 0.05844195942324808,
        "9": 0.05120282517120269,
        "10": 0.01511513168365426,
        "11": 0.061123781626999496,
        "12": 0.05266634641269293,
        "13": 0.00717358449918719,
        "14": 0.03953376339801047,
        "15": 0.05605604905672729,
        "16": 0.021583270020121517,
        "17": 0.011187917076119668,
        "18": 0.020935176327851152,
        "19": 0.01447398301860244,
        "20": 0.020091615656766808,
        "21": 0.041122256457395014,
        "22": 0.03613322384551776,
        "23": 0.024844001151011704,
        "24": 0.05923599628498348,
        "25": 0.026356349198377354,
        "26": 0.02930323764077962,
        "27": 0.045951951079869484,
        "28": 0.045655018674296985,
        "29": 0.05606850372238887
    },
    "best_objective": 323.7703838916199,
    "classes": [
        "0",
        "1",
        "2",
        "3",
        "4",
        "5",
        "6",
        "7",
        "8",
        "9",
        "10",
        "11",
        "12",
        "13",
        "14",
        "15",
        "16",
        "17",
        "18",
        "19",
        "20",
        "21",
        "22",
        "23",
        "24",
        "25",
        "26",
        "27",
        "28",
        "29"
    ],
    "resources": [
        "0",
        "1",
        "2",
        "3",
        "4",
        "5",
        "6",
        "7",
        "8",
        "9",
        "10",
        "11",
        "12",
        "13",
        "14",
        "15",
        "16",
        "17",
        "18",
        "19"
    ],
    "demands": {
        "4_0": 0.28639,
        "6_0": 0.03204,
        "12_0": 0.23027,
        "18_0": 0.57533,
        "21_0": 0.30165,
        "22_0": 0.20521,
        "25_0": 0.45615,
        "2_1": 3.44316,
        "13_1": 4.97366,
        "14_1": 0.29341,
        "18_1": 0.04725,
        "4_2": 0.00011,
        "25_2": 0.26153,
        "26_2": 0.70798,
        "28_2": 0.66663,
        "10_3": 1.67608,
        "16_3": 0.1802,
        "19_3": 0.26401,
        "22_3": 0.12077,
        "27_3": 0.41199,
        "2_4": 0.20484,
        "4_4": 0.54873,
        "7_4": 0.3422,
        "17_4": 0.18138,
        "22_4": 0.56091,
        "24_4": 0.11095,
        "26_4": 0.43545,
        "29_4": 0.32147,
        "1_5": 0.31676,
        "2_5": 0.59297,
        "3_5": 0.36044,
        "9_5": 0.18642,
        "19_5": 0.20924,
        "21_5": 0.27298,
        "22_5": 0.21544,
        "23_5": 0.00269,
        "27_5": 0.20021,
        "0_6": 0.3844,
        "2_6": 1.61701,
        "10_6": 0.04399,
        "14_6": 0.46549,
        "17_6": 1.44778,
        "19_6": 1.28603,
        "22_6": 0.00193,
        "1_7": 0.64018,
        "4_7": 0.3038,
        "6_7": 0.972,
        "9_7": 0.38657,
        "11_7": 0.12294,
        "18_7": 0.02811,
        "21_7": 0.26947,
        "25_7": 0.36078,
        "1_8": 0.65943,
        "2_8": 1.69479,
        "4_8": 0.15494,
        "7_8": 0.61617,
        "11_8": 0.22649,
        "18_8": 0.69499,
        "28_8": 0.0845,
        "9_9": 0.30851,
        "12_9": 0.29685,
        "13_9": 1.6154,
        "20_9": 0.91553,
        "21_9": 0.32054,
        "24_9": 0.26656,
        "1_10": 0.07123,
        "5_10": 0.15092,
        "6_10": 0.31404,
        "11_10": 0.10753,
        "17_10": 0.74162,
        "20_10": 0.16456,
        "22_10": 0.08298,
        "27_10": 0.11064,
        "2_11": 0.37573,
        "5_11": 0.13129,
        "6_11": 0.34391,
        "14_11": 0.13644,
        "17_11": 0.58195,
        "24_11": 0.10102,
        "25_11": 0.14443,
        "28_11": 0.15865,
        "4_12": 0.12444,
        "15_12": 0.14253,
        "21_12": 1.5678,
        "7_13": 0.64706,
        "10_13": 1.3104,
        "18_13": 1.09297,
        "1_14": 0.34808,
        "6_14": 0.35938,
        "8_14": 0.1504,
        "10_14": 0.30567,
        "16_14": 0.22854,
        "19_14": 0.07772,
        "20_14": 0.77403,
        "26_14": 0.32835,
        "28_14": 0.34245,
        "2_15": 1.1535,
        "3_15": 0.1476,
        "6_15": 0.12247,
        "7_15": 0.34023,
        "9_15": 0.08728,
        "10_15": 0.51549,
        "11_15": 0.06616,
        "13_15": 0.44728,
        "20_15": 0.87244,
        "25_15": 0.29618,
        "29_15": 0.30465,
        "3_16": 1.15126,
        "7_16": 0.34046,
        "8_16": 0.60822,
        "1_17": 0.26848,
        "3_17": 0.01042,
        "12_17": 0.14719,
        "15_17": 0.10426,
        "16_17": 0.28689,
        "24_17": 0.06155,
        "25_17": 0.84088,
        "28_17": 0.40262,
        "8_18": 0.1526,
        "10_18": 1.55701,
        "15_18": 0.00538,
        "17_18": 1.0306,
        "20_18": 1.12816,
        "0_19": 1.38562,
        "1_19": 1.21639,
        "5_19": 0.27195,
        "16_19": 0.09951,
        "18_19": 0.83897,
        "19_19": 0.94094,
        "23_19": 0.62718
    },
    "best": {
        "0": 6.927180493088573,
        "1": 46.245413053758575,
        "2": 4.276212402132731,
        "3": 19.417806782311743,
        "4": 11.571300029370672,
        "5": 19.773900267822263,
        "6": 31.018591404658956,
        "7": 10.419428972692454,
        "8": 31.975741864237847,
        "9": 10.073168619159539,
        "10": 5.567033014119893,
        "11": 15.445128987908552,
        "12": 9.63373026743453,
        "13": 17.27954818390922,
        "14": 10.528376207962669,
        "15": 28.552982543161267,
        "16": 4.983881084825959,
        "17": 9.003103665586918,
        "18": 19.59613355100083,
        "19": 11.48172249647668
    },
    "best_mrt": [
        143.37517971590714,
        300.0000000741538,
        300.0000000126439,
        300.0000000014304,
        146.9577235204489,
        63.362177413151244,
        230.23853687267348,
        183.81912955715913,
        168.3680560738393,
        86.41930289987651,
        300.00000001799253,
        43.090401285089314,
        86.04969306357555,
        300.0000000037152,
        30.87756132603152,
        28.665002476085288,
        76.29972718227715,
        300.00000000723907,
        261.7726196962488,
        163.90860683498133,
        299.78219793307346,
        300.00000003592237,
        118.33088804941411,
        59.29950006316082,
        53.182667542770936,
        300.0000000763924,
        262.4521605180376,
        53.47019869947036,
        273.5955634824102,
        40.935548616896355
    ],
    "SLA": 300
}