{
    "throughput": 9.0,
    "class_probs": {
        "0": 0.0497876062380946,
        "1": 0.03643613614466179,
        "2": 0.04591961671513967,
        "3": 0.03605446141824234,
        "4": 0.04087232106627652,
        "5": 0.05317824941731237,
        "6": 0.0178169638283048,
        "7": 0.03636597354348747,
        "8": 0.02604537402022888,
        "9": 0.0161490042395998,
        "10": 0.03982370265202614,
        "11": 0.046503001914130725,
        "12": 0.03491466283459764,
        "13": 0.028474661674499486,
        "14": 0.027139460488555,
        "15": 0.04493429161747658,
        "16": 0.020995662374326023,
        "17": 0.01411223801074271,
        "18": 0.031327185354843065,
        "19": 0.02761258626103658,
        "20": 0.03064867025680863,
        "21": 0.026180932939488654,
        "22": 0.04734279204790069,
        "23": 0.03154021160654252,
        "24": 0.03992425123998063,
        "25": 0.05056679790713212,
        "26": 0.014565319116953536,
        "27": 0.028708386861545507,
        "28": 0.04047973670187522,
        "29": 0.015579741508190312
    },
    "best_objective": 202.67097376283442,
    "classes": [
        "0",
        "1",
        "2",
        "3",
        "4",
        "5",
        "6",
        "7",
        "8",
        "9",
        "10",
        "11",
        "12",
        "13",
        "14",
        "15",
        "16",
        "17",
        "18",
        "19",
        "20",
        "21",
        "22",
        "23",
        "24",
        "25",
        "26",
        "27",
        "28",
        "29"
    ],
    "resources": [
        "0",
        "1",
        "2",
        "3",
        "4",
        "5",
        "6",
        "7",
        "8",
        "9",
        "10",
        "11",
        "12",
        "13",
        "14",
        "15",
        "16",
        "17",
        "18",
        "19"
    ],
    "demands": {
        "6_0": 0.9329,
        "13_0": 0.22722,
        "14_0": 0.38925,
        "19_0": 0.16423,
        "24_0": 0.44797,
        "25_0": 0.358,
        "29_0": 0.88936,
        "0_1": 0.04156,
        "2_1": 0.02041,
        "6_1": 0.42944,
        "9_1": 0.44491,
        "12_1": 0.24567,
        "16_1": 0.28122,
        "18_1": 0.21024,
        "19_1": 0.23819,
        "20_1": 0.02456,
        "21_1": 0.11979,
        "24_1": 0.09105,
        "28_1": 0.19413,
        "1_2": 0.38198,
        "5_2": 0.01762,
        "16_2": 0.6069,
        "19_2": 0.28478,
        "6_3": 2.31844,
        "14_3": 0.90352,
        "28_3": 0.69178,
        "0_4": 0.08871,
        "2_4": 0.08804,
        "7_4": 0.05053,
        "8_4": 0.06496,
        "9_4": 0.6188,
        "10_4": 0.20552,
        "18_4": 0.34504,
        "26_4": 0.78422,
        "27_4": 0.36132,
        "7_5": 0.7064,
        "9_5": 0.8834,
        "4_6": 0.40383,
        "6_6": 0.8927,
        "7_6": 0.29665,
        "8_6": 0.56435,
        "18_6": 0.41388,
        "22_6": 0.05468,
        "26_6": 0.77802,
        "1_7": 0.45289,
        "26_7": 1.18751,
        "27_7": 0.84443,
        "3_8": 0.29412,
        "8_8": 0.72056,
        "9_8": 0.28708,
        "11_8": 0.37764,
        "14_8": 0.60467,
        "19_8": 0.1871,
        "23_8": 0.55208,
        "3_9": 0.81389,
        "17_9": 1.20541,
        "24_9": 0.7637,
        "25_9": 0.3025,
        "4_10": 0.11789,
        "5_10": 0.39514,
        "15_10": 0.41898,
        "3_11": 0.30312,
        "4_11": 0.20112,
        "7_11": 0.07285,
        "11_11": 0.09674,
        "15_11": 0.22883,
        "24_11": 0.11254,
        "26_11": 0.69447,
        "27_11": 0.1826,
        "8_12": 0.15849,
        "19_12": 0.43023,
        "20_12": 0.54362,
        "21_12": 0.33228,
        "27_12": 0.07415,
        "1_13": 0.21297,
        "5_13": 0.27128,
        "12_13": 0.43568,
        "14_13": 0.40378,
        "22_13": 0.01061,
        "25_13": 0.32006,
        "1_14": 0.77958,
        "10_14": 0.61964,
        "11_14": 0.30637,
        "13_14": 0.99737,
        "0_15": 0.15185,
        "9_15": 0.25206,
        "14_15": 0.15117,
        "17_15": 0.51204,
        "19_15": 0.22789,
        "26_15": 0.14645,
        "27_15": 0.16285,
        "3_16": 0.51372,
        "21_16": 0.47011,
        "27_16": 1.83504,
        "10_17": 0.00107,
        "12_17": 0.05416,
        "15_17": 0.32244,
        "23_17": 0.59825,
        "29_17": 2.11513,
        "3_18": 0.1239,
        "4_18": 0.03475,
        "7_18": 0.286,
        "12_18": 0.27953,
        "15_18": 0.09266,
        "17_18": 0.36477,
        "25_18": 0.19609,
        "2_19": 0.1379,
        "3_19": 0.35503,
        "7_19": 0.08181,
        "12_19": 0.32535,
        "14_19": 0.44359,
        "18_19": 0.58069,
        "22_19": 0.46908,
        "26_19": 0.93942
    },
    "best": {
        "0": 13.875244588783062,
        "1": 9.420195695764766,
        "2": 4.557618687211427,
        "3": 19.119926501859663,
        "4": 15.339563766039594,
        "5": 6.8465304213153555,
        "6": 17.47075582989194,
        "7": 18.45868235826886,
        "8": 7.239894519855857,
        "9": 8.399895335053833,
        "10": 2.265695741597088,
        "11": 13.181686921418407,
        "12": 3.469341696842624,
        "13": 5.607252877752656,
        "14": 6.34307949944211,
        "15": 9.62298804820386,
        "16": 11.392438415461449,
        "17": 9.730298202285214,
        "18": 4.6633076128058955,
        "19": 15.666577042980789
    },
    "best_mrt": [
        27.019108673139495,
        299.9999999831773,
        17.595579209719567,
        278.6297068885196,
        111.45782996806321,
        270.1874622197325,
        300.0000000019912,
        208.55988404379585,
        201.8197159129058,
        299.99999995387185,
        127.06921999584753,
        122.3022869052049,
        208.09596935508418,
        199.31880830379845,
        299.9999999485002,
        300.0000000001479,
        174.88453964199994,
        299.99999962819766,
        111.13615902872395,
        299.99999985212526,
        179.39039189504163,
        165.63909148842387,
        37.1438597320343,
        151.5542685114832,
        154.25955187474514,
        177.12981690553053,
        299.9999999107107,
        299.999999965402,
        59.73328406911497,
        300.0000000000158
    ],
    "SLA": 300
}