{
    "throughput": 6.0,
    "class_probs": {
        "0": 0.019350423992427035,
        "1": 0.07671636268514262,
        "2": 0.052313974676027636,
        "3": 0.05066308956420021,
        "4": 0.00973884021915116,
        "5": 0.06449572112805933,
        "6": 0.023972825657563868,
        "7": 0.020453927396915903,
        "8": 0.06379510748313125,
        "9": 0.04695792681675324,
        "10": 0.062351772299483486,
        "11": 0.0286053010574354,
        "12": 0.012504923647623846,
        "13": 0.014757475424311177,
        "14": 0.03236367927089008,
        "15": 0.03079815151930256,
        "16": 0.04891192696594436,
        "17": 0.03258701120211346,
        "18": 0.040139629456491153,
        "19": 0.044753190250783004,
        "20": 0.06814842535843513,
        "21": 0.019654888381058364,
        "22": 0.02716878341613473,
        "23": 0.010596926433686787,
        "24": 0.010315081047388104,
        "25": 0.01207363393025311,
        "26": 0.011100602572164903,
        "27": 0.01936366696931382,
        "28": 0.026031195249641738,
        "29": 0.019315535928172704
    },
    "best_objective": 429.8104916478334,
    "classes": [
        "0",
        "1",
        "2",
        "3",
        "4",
        "5",
        "6",
        "7",
        "8",
        "9",
        "10",
        "11",
        "12",
        "13",
        "14",
        "15",
        "16",
        "17",
        "18",
        "19",
        "20",
        "21",
        "22",
        "23",
        "24",
        "25",
        "26",
        "27",
        "28",
        "29"
    ],
    "resources": [
        "0",
        "1",
        "2",
        "3",
        "4",
        "5",
        "6",
        "7",
        "8",
        "9",
        "10",
        "11",
        "12",
        "13",
        "14",
        "15",
        "16",
        "17",
        "18",
        "19"
    ],
    "demands": {
        "4_0": 2.9969,
        "5_0": 0.45976,
        "24_0": 1.80367,
        "25_0": 1.75366,
        "27_0": 0.577,
        "3_1": 0.24168,
        "14_1": 1.02168,
        "15_1": 1.00706,
        "16_1": 0.51914,
        "17_1": 0.77014,
        "29_1": 0.94453,
        "3_2": 0.22199,
        "10_2": 0.1053,
        "15_2": 0.33961,
        "24_2": 1.43765,
        "25_2": 1.04539,
        "15_3": 0.91129,
        "19_3": 1.09733,
        "21_3": 2.69923,
        "5_4": 0.32723,
        "10_4": 0.10713,
        "14_4": 0.66176,
        "17_4": 0.44262,
        "18_4": 0.33197,
        "22_4": 0.24984,
        "23_4": 1.42053,
        "29_4": 0.20287,
        "4_5": 2.20556,
        "5_5": 0.11427,
        "7_5": 1.06134,
        "8_5": 0.55467,
        "14_5": 0.37002,
        "17_5": 1.02126,
        "0_6": 0.45323,
        "1_6": 0.01405,
        "5_6": 0.36105,
        "9_6": 0.14183,
        "11_6": 0.73537,
        "18_6": 1.07698,
        "21_6": 1.55502,
        "29_6": 0.17103,
        "1_7": 0.06154,
        "2_7": 0.1677,
        "4_7": 0.48875,
        "8_7": 0.04901,
        "13_7": 0.46962,
        "23_7": 0.16188,
        "24_7": 0.2146,
        "25_7": 0.84174,
        "26_7": 0.72255,
        "3_8": 0.06105,
        "11_8": 0.87057,
        "22_8": 0.20613,
        "27_8": 1.63577,
        "6_9": 0.33513,
        "7_9": 0.51163,
        "10_9": 0.09722,
        "16_9": 0.0133,
        "18_9": 0.26713,
        "22_9": 0.22431,
        "25_9": 0.85417,
        "28_9": 0.00855,
        "6_10": 0.54751,
        "13_10": 0.4832,
        "17_10": 0.69526,
        "19_10": 0.42814,
        "20_10": 0.00605,
        "22_10": 0.43143,
        "1_11": 0.04216,
        "6_11": 0.68632,
        "12_11": 1.03205,
        "14_11": 0.3745,
        "18_11": 0.00667,
        "23_11": 0.22486,
        "26_11": 0.35746,
        "27_11": 0.74158,
        "28_11": 0.2449,
        "2_12": 0.37899,
        "6_12": 0.84401,
        "10_12": 0.18355,
        "16_12": 0.24352,
        "19_12": 0.25413,
        "20_12": 0.20589,
        "21_12": 0.82496,
        "0_13": 1.26897,
        "3_13": 0.34548,
        "4_13": 2.20541,
        "7_13": 0.2445,
        "13_13": 0.40526,
        "18_13": 0.48597,
        "20_13": 0.11721,
        "25_13": 0.9167,
        "1_14": 0.09127,
        "2_14": 0.25537,
        "13_14": 0.62436,
        "14_14": 0.29814,
        "16_14": 0.19472,
        "24_14": 2.2656,
        "29_14": 1.01167,
        "0_15": 0.78371,
        "3_15": 0.28071,
        "5_15": 0.18208,
        "12_15": 0.01617,
        "15_15": 0.28077,
        "19_15": 0.0435,
        "22_15": 0.60053,
        "26_15": 0.313,
        "27_15": 0.49123,
        "0_16": 0.35625,
        "4_16": 0.98174,
        "5_16": 0.13155,
        "7_16": 0.1798,
        "9_16": 0.03431,
        "19_16": 0.10914,
        "20_16": 0.15903,
        "21_16": 0.06219,
        "22_16": 0.13973,
        "23_16": 0.43395,
        "26_16": 1.35623,
        "4_17": 0.81799,
        "12_17": 7.51966,
        "2_18": 0.06057,
        "17_18": 1.45507,
        "22_18": 0.52973,
        "27_18": 2.41647,
        "12_19": 0.67328,
        "14_19": 0.79761,
        "18_19": 0.69187,
        "24_19": 3.52293,
        "29_19": 1.87362
    },
    "best": {
        "0": 46.17751143504403,
        "1": 10.746847790236268,
        "2": 22.932370965086637,
        "3": 21.790245554376998,
        "4": 8.103707469327881,
        "5": 33.79728340295388,
        "6": 16.773527314047236,
        "7": 18.17127207430699,
        "8": 17.79968918771847,
        "9": 6.454818198357579,
        "10": 9.829325046978026,
        "11": 16.46245816589797,
        "12": 12.244673406058155,
        "13": 32.31234049053378,
        "14": 27.60677402291507,
        "15": 10.124704533020518,
        "16": 21.343215505881997,
        "17": 35.64660658770791,
        "18": 25.80962920548872,
        "19": 35.683491291895265
    },
    "best_mrt": [
        166.88694432187987,
        10.328436401175194,
        53.86365077605282,
        77.8491834009339,
        300.00000000000006,
        105.0896098174636,
        228.41438404642105,
        131.8108990473892,
        19.5458227390837,
        10.53450945757784,
        50.60653725315241,
        96.12594013384646,
        300.0,
        113.65995081829686,
        260.2885363542352,
        189.5035729915911,
        82.89313631844163,
        300.0,
        191.0029722165097,
        129.46710395178846,
        29.678947241057553,
        299.99999999999994,
        217.78381391088342,
        233.55216914437366,
        300.00000000000006,
        299.99999999999994,
        160.04473021091678,
        299.99999999999994,
        16.67018453079655,
        224.5668185679776
    ],
    "SLA": 300
}