{
    "throughput": 8.0,
    "class_probs": {
        "0": 0.05225474209935012,
        "1": 0.021590102770860053,
        "2": 0.05397544550780135,
        "3": 0.022501634682312498,
        "4": 0.02160372022151949,
        "5": 0.05539931037782184,
        "6": 0.03240272420310194,
        "7": 0.0400425740806794,
        "8": 0.06045965621712206,
        "9": 0.027059234880528766,
        "10": 0.05301361220765168,
        "11": 0.007587672329275069,
        "12": 0.03654632767792153,
        "13": 0.051341438871405125,
        "14": 0.016999040152033813,
        "15": 0.058950335102881904,
        "16": 0.009158230674552896,
        "17": 0.023747381617059287,
        "18": 0.03571160750996632,
        "19": 0.01252762358794828,
        "20": 0.04140937700362485,
        "21": 0.00640713848526148,
        "22": 0.03879654290153468,
        "23": 0.0436780514073074,
        "24": 0.03234211632313689,
        "25": 0.044042074920476335,
        "26": 0.030318625603098212,
        "27": 0.012174363732871188,
        "28": 0.029708950958015987,
        "29": 0.028250343892879667
    },
    "best_objective": 276.9686466692296,
    "classes": [
        "0",
        "1",
        "2",
        "3",
        "4",
        "5",
        "6",
        "7",
        "8",
        "9",
        "10",
        "11",
        "12",
        "13",
        "14",
        "15",
        "16",
        "17",
        "18",
        "19",
        "20",
        "21",
        "22",
        "23",
        "24",
        "25",
        "26",
        "27",
        "28",
        "29"
    ],
    "resources": [
        "0",
        "1",
        "2",
        "3",
        "4",
        "5",
        "6",
        "7",
        "8",
        "9",
        "10",
        "11",
        "12",
        "13",
        "14",
        "15",
        "16",
        "17",
        "18",
        "19"
    ],
    "demands": {
        "0_0": 0.55229,
        "1_0": 1.3601,
        "2_0": 0.33559,
        "14_0": 1.49534,
        "5_1": 0.62316,
        "19_1": 0.805,
        "4_2": 0.38352,
        "8_2": 0.29854,
        "10_2": 0.40958,
        "14_2": 1.01338,
        "16_2": 1.13439,
        "25_2": 0.44484,
        "26_2": 0.55079,
        "7_3": 0.0646,
        "9_3": 0.16716,
        "14_3": 0.1198,
        "20_3": 0.21531,
        "21_3": 0.72751,
        "23_3": 0.14299,
        "25_3": 0.14631,
        "28_3": 0.56472,
        "29_3": 0.12561,
        "15_4": 0.28107,
        "18_4": 0.21178,
        "24_4": 0.12974,
        "29_4": 0.68454,
        "1_5": 0.64646,
        "8_5": 0.07791,
        "10_5": 0.09572,
        "16_5": 1.32822,
        "18_5": 0.10771,
        "19_5": 1.28009,
        "23_5": 0.42258,
        "24_5": 0.26925,
        "2_6": 0.11448,
        "4_6": 0.79355,
        "10_6": 0.11567,
        "11_6": 0.05578,
        "18_6": 0.17794,
        "19_6": 0.34314,
        "20_6": 0.19254,
        "22_6": 0.08496,
        "24_6": 0.35786,
        "28_6": 0.00089,
        "3_7": 0.56577,
        "4_7": 0.23442,
        "12_7": 0.07897,
        "13_7": 0.18549,
        "20_7": 0.42057,
        "26_7": 0.39394,
        "6_8": 0.08205,
        "8_8": 0.14555,
        "12_8": 0.20637,
        "13_8": 0.01458,
        "19_8": 0.97608,
        "21_8": 1.22495,
        "23_8": 0.02593,
        "29_8": 0.04837,
        "6_9": 0.27303,
        "7_9": 0.31555,
        "10_9": 0.24088,
        "11_9": 0.78685,
        "17_9": 0.32337,
        "20_9": 0.13309,
        "23_9": 0.07826,
        "27_9": 0.53246,
        "28_9": 0.22071,
        "29_9": 0.23245,
        "8_10": 1.80613,
        "7_11": 0.55228,
        "9_11": 0.16247,
        "12_11": 0.24609,
        "19_11": 1.19,
        "2_12": 0.10719,
        "7_12": 0.08512,
        "19_12": 1.31436,
        "20_12": 0.43106,
        "22_12": 0.06203,
        "23_12": 0.31735,
        "24_12": 0.33776,
        "0_13": 0.3663,
        "6_13": 0.13446,
        "7_13": 0.38517,
        "23_13": 0.01149,
        "26_13": 0.36987,
        "0_14": 0.2307,
        "3_14": 0.50683,
        "4_14": 0.48105,
        "6_14": 0.18433,
        "12_14": 0.2589,
        "15_14": 0.10488,
        "18_14": 0.38675,
        "21_14": 0.5703,
        "25_14": 0.1222,
        "28_14": 0.0477,
        "0_15": 0.11746,
        "2_15": 0.37669,
        "5_15": 0.36477,
        "9_15": 0.97593,
        "29_15": 0.88108,
        "3_16": 0.33707,
        "7_16": 0.44452,
        "8_16": 0.1974,
        "10_16": 0.22323,
        "12_16": 0.20523,
        "14_16": 0.27914,
        "16_16": 0.67461,
        "18_16": 0.03466,
        "21_16": 1.58841,
        "0_17": 0.31022,
        "3_17": 0.66872,
        "7_17": 0.27054,
        "12_17": 0.0675,
        "18_17": 0.30502,
        "24_17": 0.31465,
        "25_17": 0.22478,
        "28_17": 0.32472,
        "10_18": 0.0522,
        "16_18": 1.75558,
        "27_18": 1.96749,
        "28_18": 0.04321,
        "0_19": 0.19533,
        "2_19": 0.09293,
        "8_19": 0.15034,
        "9_19": 0.462,
        "11_19": 0.15992,
        "19_19": 1.01864,
        "20_19": 0.17304,
        "29_19": 0.35304
    },
    "best": {
        "0": 8.570430839309193,
        "1": 20.065547179679744,
        "2": 14.214180496309666,
        "3": 9.216112834472323,
        "4": 7.04771136418062,
        "5": 28.408330720634765,
        "6": 13.3747443861956,
        "7": 5.609842074138423,
        "8": 24.49310985537908,
        "9": 5.356138716012635,
        "10": 8.103875510014616,
        "11": 24.635355829890997,
        "12": 25.788873840847803,
        "13": 3.4147669867798958,
        "14": 9.154887366006754,
        "15": 8.346883426921382,
        "16": 16.6160374326688,
        "17": 6.8058016491383295,
        "18": 14.425637329711089,
        "19": 23.32037883093788
    },
    "best_mrt": [
        294.7587631366771,
        198.65292681590097,
        110.29931058636312,
        299.9999999419197,
        192.61393721649415,
        79.84895263178046,
        127.26034001308886,
        299.9999999970783,
        299.9999999991607,
        175.08725773630545,
        111.6357964299671,
        177.19587046292477,
        88.34214498043289,
        36.738037904297464,
        300.00000000038176,
        54.47650169978442,
        299.9999999857553,
        68.15481529087307,
        146.8606363319565,
        299.99999998626004,
        174.18018277603056,
        299.9999999995999,
        9.061899575902496,
        65.50233080699147,
        121.7446552749594,
        101.13272814143971,
        240.99046611343513,
        252.02969462788738,
        172.66926583614276,
        299.99999991867554
    ],
    "SLA": 300
}