{
    "throughput": 5.0,
    "class_probs": {
        "0": 0.051168371596427446,
        "1": 0.02828112739500228,
        "2": 0.0364247533425892,
        "3": 0.006109312935774663,
        "4": 0.05493921959630135,
        "5": 0.047627363884290445,
        "6": 0.05076107361264378,
        "7": 0.014977773138536803,
        "8": 0.015017777756633752,
        "9": 0.006958588111455755,
        "10": 0.014009081286454329,
        "11": 0.031339736338349446,
        "12": 0.04363540046035103,
        "13": 0.010705727682332696,
        "14": 0.04714957872624772,
        "15": 0.013826567928100634,
        "16": 0.03394857468204338,
        "17": 0.03778086861160473,
        "18": 0.01635646576680941,
        "19": 0.036769855325722904,
        "20": 0.053296084708608166,
        "21": 0.05438251326406018,
        "22": 0.010182415043882518,
        "23": 0.04514498136047723,
        "24": 0.05848626452034157,
        "25": 0.044156823519084065,
        "26": 0.03438673657828044,
        "27": 0.02534394870276039,
        "28": 0.05644347350336273,
        "29": 0.020389540621470987
    },
    "best_objective": 618.2448297917269,
    "classes": [
        "0",
        "1",
        "2",
        "3",
        "4",
        "5",
        "6",
        "7",
        "8",
        "9",
        "10",
        "11",
        "12",
        "13",
        "14",
        "15",
        "16",
        "17",
        "18",
        "19",
        "20",
        "21",
        "22",
        "23",
        "24",
        "25",
        "26",
        "27",
        "28",
        "29"
    ],
    "resources": [
        "0",
        "1",
        "2",
        "3",
        "4",
        "5",
        "6",
        "7",
        "8",
        "9",
        "10",
        "11",
        "12",
        "13",
        "14",
        "15",
        "16",
        "17",
        "18",
        "19"
    ],
    "demands": {
        "4_0": 0.10811,
        "9_0": 7.49681,
        "24_0": 0.52623,
        "26_0": 0.90263,
        "7_1": 1.31911,
        "9_1": 4.17192,
        "23_1": 0.2234,
        "26_1": 0.70974,
        "4_2": 0.04167,
        "5_2": 0.17794,
        "14_2": 0.02711,
        "20_2": 0.20302,
        "22_2": 0.53406,
        "25_2": 0.54591,
        "29_2": 0.93537,
        "2_3": 0.27543,
        "9_3": 1.15464,
        "18_3": 0.91371,
        "22_3": 0.81018,
        "23_3": 0.2712,
        "26_3": 0.11943,
        "29_3": 0.38888,
        "1_4": 0.40759,
        "2_4": 0.76421,
        "8_4": 1.90276,
        "12_4": 0.58704,
        "0_5": 0.07849,
        "8_5": 0.67743,
        "11_5": 0.3853,
        "13_5": 0.51305,
        "24_5": 0.1962,
        "25_5": 0.17043,
        "27_5": 0.31385,
        "28_5": 0.1497,
        "29_5": 0.06159,
        "1_6": 1.34697,
        "11_6": 0.80434,
        "15_6": 0.68335,
        "16_6": 0.46544,
        "19_6": 0.54839,
        "26_6": 0.31773,
        "3_7": 4.22612,
        "6_7": 0.07717,
        "8_7": 1.56756,
        "10_7": 1.78288,
        "11_7": 0.87051,
        "20_7": 0.51988,
        "23_7": 0.37337,
        "24_7": 0.07069,
        "26_7": 0.13227,
        "29_7": 0.44106,
        "0_8": 0.31565,
        "18_8": 3.53241,
        "29_8": 0.02411,
        "0_9": 0.58246,
        "4_9": 0.24848,
        "17_9": 0.09855,
        "18_9": 0.05506,
        "20_9": 0.6383,
        "25_9": 0.42033,
        "26_9": 0.19358,
        "6_10": 0.22014,
        "7_10": 2.87816,
        "10_10": 2.26336,
        "20_10": 0.5666,
        "1_11": 0.40232,
        "6_11": 0.35461,
        "13_11": 0.82475,
        "19_11": 0.63413,
        "0_12": 0.10694,
        "3_12": 0.48987,
        "4_12": 0.2653,
        "10_12": 0.66621,
        "14_12": 0.22963,
        "15_12": 0.20678,
        "16_12": 0.37942,
        "18_12": 0.27025,
        "19_12": 0.21369,
        "21_12": 0.19882,
        "22_12": 0.50881,
        "25_12": 0.25942,
        "6_13": 0.62177,
        "14_13": 0.64864,
        "17_13": 0.96736,
        "27_13": 1.13202,
        "8_14": 1.63431,
        "10_14": 0.13018,
        "11_14": 0.97417,
        "25_14": 0.83721,
        "29_14": 1.06414,
        "0_15": 0.19493,
        "5_15": 0.67652,
        "15_15": 1.8415,
        "17_15": 0.20067,
        "18_15": 0.81148,
        "21_15": 0.33025,
        "9_16": 6.35675,
        "15_16": 2.08021,
        "18_16": 2.35032,
        "1_17": 0.60961,
        "3_17": 0.07866,
        "9_17": 3.98726,
        "22_17": 3.48109,
        "17_18": 1.18681,
        "27_18": 1.70502,
        "28_18": 0.71312,
        "3_19": 1.72218,
        "4_19": 0.22479,
        "6_19": 0.10767,
        "9_19": 0.97996,
        "11_19": 0.44998,
        "12_19": 0.29704,
        "20_19": 0.0293,
        "25_19": 0.23703,
        "27_19": 0.04582
    },
    "best": {
        "0": 103.32438605232298,
        "1": 77.04747196091502,
        "2": 4.797237920767687,
        "3": 42.47575064964896,
        "4": 20.742857999067976,
        "5": 13.33022414687672,
        "6": 8.262953445155146,
        "7": 23.2034779011586,
        "8": 24.435480757792735,
        "9": 5.1749604960704785,
        "10": 15.465323942884101,
        "11": 4.496570364936918,
        "12": 11.319830782555432,
        "13": 9.818434225935189,
        "14": 20.056126966528232,
        "15": 12.06492777025297,
        "16": 97.16394557235003,
        "17": 75.49774517806094,
        "18": 11.909652018397924,
        "19": 37.65747164004902
    },
    "best_mrt": [
        171.51464156796857,
        300.00000000003064,
        44.22689281353197,
        281.45474033159917,
        94.54261369497857,
        98.73961948380038,
        173.5021088173389,
        210.5815429135602,
        300.0000000000014,
        300.0000000000007,
        300.0000000000026,
        235.6124659108878,
        36.92147968583355,
        236.3886694936426,
        97.96229329695532,
        289.46526363602413,
        95.77024424325614,
        249.33067897385885,
        300.0000000000007,
        242.6664630296528,
        245.43761001278622,
        47.00047870380111,
        232.86379739411123,
        26.044410922410894,
        23.389609590487034,
        300.0000000000003,
        109.98424107424489,
        300.0000000000724,
        74.81228034920618,
        300.0000000000004
    ],
    "SLA": 300
}