{
    "throughput": 7.0,
    "class_probs": {
        "0": 0.041689425242658784,
        "1": 0.0519543570801769,
        "2": 0.020386677771121117,
        "3": 0.022722572206609996,
        "4": 0.04586500088211905,
        "5": 0.05497610319272737,
        "6": 0.04203919464677427,
        "7": 0.018106444257344756,
        "8": 0.0118948605938095,
        "9": 0.0462579843332143,
        "10": 0.015392511754923534,
        "11": 0.019672023031263287,
        "12": 0.021124172754579767,
        "13": 0.04845401005044081,
        "14": 0.04753127590649606,
        "15": 0.037901639293824854,
        "16": 0.031794626554155575,
        "17": 0.052057451364031726,
        "18": 0.033972078970547596,
        "19": 0.014021743244708718,
        "20": 0.04647412909236704,
        "21": 0.018403441235656626,
        "22": 0.017752698880081075,
        "23": 0.046597630233752206,
        "24": 0.049751727745718975,
        "25": 0.016345303151612776,
        "26": 0.04057571756092397,
        "27": 0.011593081402919677,
        "28": 0.016662687054221956,
        "29": 0.058029430511217735
    },
    "best_objective": 288.16441334656514,
    "classes": [
        "0",
        "1",
        "2",
        "3",
        "4",
        "5",
        "6",
        "7",
        "8",
        "9",
        "10",
        "11",
        "12",
        "13",
        "14",
        "15",
        "16",
        "17",
        "18",
        "19",
        "20",
        "21",
        "22",
        "23",
        "24",
        "25",
        "26",
        "27",
        "28",
        "29"
    ],
    "resources": [
        "0",
        "1",
        "2",
        "3",
        "4",
        "5",
        "6",
        "7",
        "8",
        "9",
        "10",
        "11",
        "12",
        "13",
        "14",
        "15",
        "16",
        "17",
        "18",
        "19"
    ],
    "demands": {
        "0_0": 0.0114,
        "1_0": 0.00318,
        "3_0": 2.28987,
        "18_0": 0.85683,
        "8_1": 1.58625,
        "11_1": 1.01996,
        "23_1": 0.46349,
        "13_2": 0.1237,
        "20_2": 0.17941,
        "22_2": 0.85044,
        "26_2": 0.38646,
        "0_3": 0.0917,
        "2_3": 0.02973,
        "3_3": 0.3666,
        "5_3": 0.43055,
        "7_3": 1.2976,
        "8_3": 1.93356,
        "13_3": 0.32318,
        "25_3": 0.33096,
        "27_3": 1.29706,
        "4_4": 0.52289,
        "6_4": 0.74029,
        "26_4": 0.69166,
        "29_4": 0.42528,
        "0_5": 0.12318,
        "7_5": 0.64974,
        "8_5": 1.1931,
        "10_5": 0.94085,
        "15_5": 0.09432,
        "17_5": 0.2865,
        "21_5": 0.29573,
        "23_5": 0.09301,
        "25_5": 0.96139,
        "26_5": 0.2323,
        "29_5": 0.07728,
        "3_6": 0.22097,
        "4_6": 0.06701,
        "6_6": 0.24561,
        "9_6": 0.18263,
        "11_6": 0.35961,
        "12_6": 0.2204,
        "15_6": 0.08143,
        "17_6": 0.00559,
        "18_6": 0.1081,
        "20_6": 0.15563,
        "22_6": 0.02231,
        "29_6": 0.17706,
        "15_7": 0.44222,
        "16_7": 0.56005,
        "24_7": 0.27624,
        "25_7": 1.17462,
        "4_8": 1.05744,
        "5_8": 0.45774,
        "16_8": 0.22439,
        "4_9": 0.03613,
        "8_9": 0.77288,
        "11_9": 0.23951,
        "14_9": 0.53759,
        "16_9": 0.0625,
        "29_9": 0.17538,
        "0_10": 0.16793,
        "3_10": 0.33867,
        "5_10": 0.23085,
        "6_10": 0.07178,
        "20_10": 0.14233,
        "21_10": 0.55097,
        "25_10": 0.17503,
        "27_10": 1.02801,
        "0_11": 0.34145,
        "5_11": 0.92768,
        "9_11": 1.14556,
        "18_11": 0.07733,
        "19_12": 2.70094,
        "21_12": 1.17297,
        "28_12": 2.51899,
        "7_13": 0.82917,
        "10_13": 0.99534,
        "15_13": 0.56456,
        "16_13": 0.03383,
        "17_13": 0.1242,
        "21_13": 0.9219,
        "29_13": 0.37866,
        "1_14": 0.45052,
        "5_14": 0.1248,
        "17_14": 0.05041,
        "22_14": 0.35014,
        "24_14": 0.11405,
        "26_14": 0.08708,
        "4_15": 0.1199,
        "10_15": 1.90775,
        "16_15": 0.40124,
        "19_15": 1.24436,
        "20_15": 0.37924,
        "23_15": 0.65113,
        "2_16": 0.10053,
        "4_16": 0.3076,
        "12_16": 0.11864,
        "17_16": 0.23498,
        "20_16": 0.25885,
        "23_16": 0.18651,
        "25_16": 0.76576,
        "29_16": 0.0213,
        "4_17": 0.61015,
        "8_17": 1.856,
        "15_17": 0.47235,
        "16_17": 0.33316,
        "20_17": 0.0757,
        "24_17": 0.2093,
        "28_17": 1.52402,
        "0_18": 0.81366,
        "17_18": 0.87258,
        "20_18": 0.44823,
        "25_18": 1.19798,
        "0_19": 0.079,
        "7_19": 1.47262,
        "11_19": 0.3504,
        "12_19": 0.87601,
        "19_19": 1.92842
    },
    "best": {
        "0": 12.571915686182228,
        "1": 24.206840946617834,
        "2": 4.691779428874397,
        "3": 28.853879668512782,
        "4": 5.949453435882235,
        "5": 25.8887271435879,
        "6": 4.670363225525682,
        "7": 14.80091812403204,
        "8": 8.94880440118646,
        "9": 17.03019933868679,
        "10": 8.167302551284232,
        "11": 6.488625069484379,
        "12": 22.490218079339954,
        "13": 7.174161210746068,
        "14": 3.8263978418695146,
        "15": 18.26658393861249,
        "16": 12.693344307175606,
        "17": 27.15600856706917,
        "18": 15.308424256020066,
        "19": 18.98046612587533
    },
    "best_mrt": [
        151.8668906117284,
        129.42075662637433,
        9.27708534331741,
        300.00000022225174,
        300.0000000571453,
        300.00000000210537,
        209.92050583048916,
        279.9726925621903,
        300.00000000000534,
        246.2389091708103,
        300.0000000000077,
        161.40883950999617,
        109.45527311915295,
        39.801398636934906,
        32.27363834568471,
        158.85537515229882,
        110.43407909433705,
        125.81314007020956,
        110.69304594086948,
        300.000000000039,
        172.9412859279353,
        278.9713507194659,
        300.0000000184655,
        75.68724087990388,
        59.92414722138179,
        300.0000000000055,
        255.66058235065847,
        179.2148252223282,
        173.53473970055384,
        197.48910067875258
    ],
    "SLA": 300
}