{
    "throughput": 6.0,
    "class_probs": {
        "0": 0.04244331789119159,
        "1": 0.011063498061155322,
        "2": 0.05944193709054664,
        "3": 0.05393748484928138,
        "4": 0.05293925251108897,
        "5": 0.060092963432836835,
        "6": 0.006164556057442831,
        "7": 0.05444547423072041,
        "8": 0.01615403435985463,
        "9": 0.017921760687423197,
        "10": 0.02342128542183438,
        "11": 0.0346753809667829,
        "12": 0.02467252077379039,
        "13": 0.00873416847107412,
        "14": 0.048179328905156964,
        "15": 0.015853007184476065,
        "16": 0.03690230909971604,
        "17": 0.054768263415182164,
        "18": 0.0280312990266172,
        "19": 0.013374182912398766,
        "20": 0.05656603322949827,
        "21": 0.024552263010079022,
        "22": 0.0535167043816028,
        "23": 0.016671986598816878,
        "24": 0.03238362658988166,
        "25": 0.012037765514598037,
        "26": 0.035416683390352074,
        "27": 0.0589344790032408,
        "28": 0.03849129453264436,
        "29": 0.00821313840071524
    },
    "best_objective": 714.5823878042718,
    "classes": [
        "0",
        "1",
        "2",
        "3",
        "4",
        "5",
        "6",
        "7",
        "8",
        "9",
        "10",
        "11",
        "12",
        "13",
        "14",
        "15",
        "16",
        "17",
        "18",
        "19",
        "20",
        "21",
        "22",
        "23",
        "24",
        "25",
        "26",
        "27",
        "28",
        "29"
    ],
    "resources": [
        "0",
        "1",
        "2",
        "3",
        "4",
        "5",
        "6",
        "7",
        "8",
        "9",
        "10",
        "11",
        "12",
        "13",
        "14",
        "15",
        "16",
        "17",
        "18",
        "19"
    ],
    "demands": {
        "3_0": 0.84224,
        "12_0": 0.93012,
        "21_0": 1.19203,
        "22_0": 0.11859,
        "2_1": 0.36459,
        "11_1": 0.77696,
        "12_1": 0.31366,
        "13_1": 3.09039,
        "20_1": 0.29152,
        "4_2": 0.15455,
        "6_2": 2.71152,
        "15_2": 0.81675,
        "17_2": 0.25412,
        "23_2": 0.49444,
        "24_2": 0.11643,
        "25_2": 1.2754,
        "8_3": 1.98206,
        "19_3": 0.30362,
        "25_3": 1.74384,
        "26_3": 0.25681,
        "27_3": 0.54587,
        "28_3": 0.42456,
        "3_4": 0.39404,
        "4_4": 0.34683,
        "14_4": 0.32777,
        "15_4": 2.05352,
        "17_4": 1.08128,
        "1_5": 0.89573,
        "3_5": 0.42431,
        "4_5": 0.11493,
        "5_5": 0.46547,
        "22_5": 0.17726,
        "24_5": 0.20972,
        "27_5": 0.33935,
        "3_6": 0.71926,
        "9_6": 2.39207,
        "21_6": 1.23586,
        "29_6": 0.2466,
        "1_7": 4.61403,
        "24_7": 1.88938,
        "1_8": 1.59124,
        "4_8": 0.52064,
        "9_8": 1.42141,
        "17_8": 0.25314,
        "19_8": 1.03785,
        "1_9": 2.26856,
        "9_9": 0.35461,
        "13_9": 1.00151,
        "14_9": 0.23778,
        "1_10": 0.20819,
        "12_10": 0.52742,
        "16_10": 0.24427,
        "17_10": 0.24025,
        "20_10": 0.06181,
        "21_10": 0.13218,
        "26_10": 0.19821,
        "28_10": 0.07596,
        "7_11": 0.01949,
        "11_11": 1.10133,
        "13_11": 4.31025,
        "20_11": 0.96491,
        "26_11": 0.28212,
        "0_12": 0.23509,
        "23_12": 1.86168,
        "24_12": 0.89346,
        "12_13": 1.1384,
        "13_13": 3.55015,
        "27_13": 0.11277,
        "29_13": 0.22237,
        "6_14": 3.25997,
        "11_14": 2.26943,
        "12_14": 0.99152,
        "27_14": 0.15898,
        "6_15": 8.80832,
        "8_15": 1.96574,
        "17_15": 0.52034,
        "26_15": 0.17773,
        "2_16": 0.23079,
        "5_16": 0.11798,
        "13_16": 3.75063,
        "16_16": 0.00868,
        "19_16": 0.32292,
        "25_16": 2.86452,
        "28_16": 0.85363,
        "29_16": 2.4606,
        "4_17": 0.72571,
        "8_17": 1.04523,
        "13_17": 3.52796,
        "19_17": 1.40795,
        "26_17": 0.96388,
        "1_18": 1.10749,
        "14_18": 0.31196,
        "16_18": 0.2887,
        "21_18": 0.00301,
        "22_18": 0.1726,
        "24_18": 0.24878,
        "0_19": 0.57303,
        "8_19": 1.10872,
        "10_19": 0.16578,
        "18_19": 0.67018,
        "19_19": 0.83393,
        "20_19": 0.4046,
        "24_19": 0.94817,
        "29_19": 0.09084
    },
    "best": {
        "0": 8.012470561038041,
        "1": 60.435237488465866,
        "2": 35.69361298859177,
        "3": 14.372300768101486,
        "4": 8.301620167799802,
        "5": 22.414053406836917,
        "6": 10.469905530245873,
        "7": 50.14022211766044,
        "8": 30.03783029499481,
        "9": 48.98432603437109,
        "10": 11.116850280267974,
        "11": 71.51454291845035,
        "12": 6.929956444531622,
        "13": 64.5383130799423,
        "14": 38.892995436168434,
        "15": 64.81368873316019,
        "16": 66.79339324007576,
        "17": 65.53436536068786,
        "18": 24.569707475055456,
        "19": 11.01699547782572
    },
    "best_mrt": [
        92.09992131385061,
        299.99999995669793,
        9.594253281552568,
        260.077597996671,
        85.31007198444411,
        23.146236506581946,
        300.0000000002849,
        0.2758055588007583,
        299.9999999981631,
        300.00000000220285,
        16.197920587209573,
        88.1392142671633,
        223.77792137697222,
        299.99999997859237,
        61.938439805259485,
        299.9999999999685,
        34.67754349941604,
        191.94689580543732,
        65.48149607392997,
        165.57271786186868,
        63.78640991104368,
        300.00000000021544,
        31.30459413993427,
        299.99999999999187,
        291.2690650245876,
        207.10310695275135,
        58.79679209674096,
        61.39171568173555,
        51.013876877280246,
        74.87079950895297
    ],
    "SLA": 300
}