{
    "throughput": 9.0,
    "class_probs": {
        "0": 0.05302059702520129,
        "1": 0.007986386833668757,
        "2": 0.03207436225178814,
        "3": 0.032870852053732594,
        "4": 0.04707236492581369,
        "5": 0.009368931792375476,
        "6": 0.05170849913671603,
        "7": 0.02529611368850927,
        "8": 0.0290871102821499,
        "9": 0.036465462150183925,
        "10": 0.05132046366884212,
        "11": 0.008578832223492388,
        "12": 0.048509144430976585,
        "13": 0.024831297559640832,
        "14": 0.03662147978795665,
        "15": 0.04651478981150537,
        "16": 0.020685374735653666,
        "17": 0.04144823227676626,
        "18": 0.005762637492343906,
        "19": 0.035264506533471414,
        "20": 0.037524747465656955,
        "21": 0.047127911227801335,
        "22": 0.025624436853258818,
        "23": 0.027152836377093682,
        "24": 0.05046932979111138,
        "25": 0.054752282069564416,
        "26": 0.0135843600856312,
        "27": 0.01294225681362085,
        "28": 0.04726038207114597,
        "29": 0.0390740185843272
    },
    "best_objective": 292.0277417131351,
    "classes": [
        "0",
        "1",
        "2",
        "3",
        "4",
        "5",
        "6",
        "7",
        "8",
        "9",
        "10",
        "11",
        "12",
        "13",
        "14",
        "15",
        "16",
        "17",
        "18",
        "19",
        "20",
        "21",
        "22",
        "23",
        "24",
        "25",
        "26",
        "27",
        "28",
        "29"
    ],
    "resources": [
        "0",
        "1",
        "2",
        "3",
        "4",
        "5",
        "6",
        "7",
        "8",
        "9",
        "10",
        "11",
        "12",
        "13",
        "14",
        "15",
        "16",
        "17",
        "18",
        "19"
    ],
    "demands": {
        "9_0": 0.60427,
        "12_0": 0.15633,
        "22_0": 0.53855,
        "27_0": 2.46622,
        "2_1": 0.54398,
        "10_1": 0.16378,
        "11_1": 1.56694,
        "13_1": 0.553,
        "17_1": 0.00758,
        "20_1": 0.07301,
        "24_1": 0.27841,
        "27_1": 0.4535,
        "0_2": 0.26212,
        "12_2": 0.42526,
        "22_2": 0.86973,
        "24_2": 0.3215,
        "29_2": 0.20362,
        "1_3": 0.97665,
        "3_3": 0.01942,
        "9_3": 0.0835,
        "10_3": 0.1031,
        "13_3": 0.36531,
        "18_3": 1.59896,
        "20_3": 0.06961,
        "3_4": 0.19661,
        "4_4": 0.0966,
        "10_4": 0.11215,
        "12_4": 0.2369,
        "14_4": 0.25589,
        "29_4": 0.08317,
        "0_5": 0.10829,
        "1_5": 0.66937,
        "11_5": 1.17368,
        "16_5": 0.31843,
        "18_5": 0.38564,
        "20_5": 0.25534,
        "28_5": 0.06911,
        "6_6": 0.44474,
        "12_6": 0.16119,
        "13_6": 0.81698,
        "17_6": 0.47052,
        "20_6": 0.42777,
        "3_7": 0.31019,
        "8_7": 0.16185,
        "14_7": 0.23205,
        "23_7": 0.09206,
        "25_7": 0.1554,
        "29_7": 0.10993,
        "6_8": 0.28049,
        "7_8": 0.52006,
        "14_8": 0.4418,
        "22_8": 0.5546,
        "5_9": 0.9065,
        "9_9": 0.13368,
        "19_9": 0.12652,
        "23_9": 0.50407,
        "26_9": 1.68629,
        "28_9": 0.40475,
        "14_10": 0.44075,
        "16_10": 0.3417,
        "21_10": 0.15136,
        "23_10": 0.5305,
        "25_10": 0.14458,
        "27_10": 1.41221,
        "0_11": 0.33956,
        "1_11": 0.87715,
        "18_11": 1.97739,
        "19_11": 0.47191,
        "21_11": 0.14253,
        "25_11": 0.14662,
        "13_12": 0.55855,
        "15_12": 0.22152,
        "16_12": 0.23585,
        "22_12": 0.83708,
        "25_12": 0.2243,
        "28_12": 0.44012,
        "3_13": 1.11406,
        "11_13": 1.5382,
        "21_13": 0.29922,
        "26_13": 0.15878,
        "0_14": 0.24598,
        "6_14": 0.29533,
        "10_14": 0.35859,
        "11_14": 1.80504,
        "13_14": 0.51049,
        "15_14": 0.31411,
        "24_14": 0.04601,
        "0_15": 0.41045,
        "2_15": 0.10904,
        "4_15": 0.07688,
        "5_15": 0.29151,
        "7_15": 0.15862,
        "8_15": 0.17158,
        "14_15": 0.28951,
        "17_15": 0.21999,
        "22_15": 0.31012,
        "23_15": 0.66533,
        "28_15": 0.17518,
        "5_16": 1.27437,
        "6_16": 0.07567,
        "9_16": 0.15019,
        "14_16": 0.03325,
        "15_16": 0.44511,
        "22_16": 0.09327,
        "27_16": 2.06724,
        "7_17": 0.90052,
        "11_17": 0.54488,
        "15_17": 0.4983,
        "28_17": 0.02759,
        "29_17": 0.61492,
        "6_18": 0.2423,
        "10_18": 0.08859,
        "13_18": 0.09126,
        "16_18": 0.31398,
        "17_18": 0.08371,
        "23_18": 0.15213,
        "0_19": 0.09702,
        "1_19": 0.28982,
        "3_19": 0.16919,
        "6_19": 0.09247,
        "10_19": 0.00064,
        "11_19": 0.57241,
        "20_19": 0.15877,
        "21_19": 0.04849,
        "24_19": 0.05238
    },
    "best": {
        "0": 24.37345694563552,
        "1": 28.933754867921184,
        "2": 10.582527677091283,
        "3": 12.572737702657202,
        "4": 2.936029270825568,
        "5": 23.73605610784865,
        "6": 6.418002625155876,
        "7": 3.1404054502181777,
        "8": 9.083991073752296,
        "9": 6.399916367194921,
        "10": 18.214073301742857,
        "11": 13.552542073396943,
        "12": 11.484474271731775,
        "13": 26.555272047847552,
        "14": 29.254972397611777,
        "15": 8.281137538168416,
        "16": 21.424460271527316,
        "17": 16.109919318943902,
        "18": 2.8601789232639208,
        "19": 16.113833480599904
    },
    "best_mrt": [
        127.50983442891803,
        194.60203584152862,
        33.93270482607034,
        242.85674178732683,
        47.962900671170345,
        258.56777646993595,
        226.19875884768186,
        140.46954874807756,
        81.06242603130462,
        62.854580910552684,
        105.16488591723575,
        300.00000000073305,
        170.59117068393365,
        300.0000000520568,
        300.00000035610515,
        85.41921764375824,
        177.738872391612,
        146.04120817647632,
        300.0000000000311,
        58.51194250696713,
        105.12253706500121,
        34.217301875061736,
        300.0000000014448,
        300.0000001415223,
        47.41436690538883,
        96.11239717253417,
        300.000000000002,
        300.0000000003593,
        139.87543972553885,
        132.28444291827873
    ],
    "SLA": 300
}