{
    "throughput": 5.0,
    "class_probs": {
        "0": 0.034516727516850455,
        "1": 0.05281761814097524,
        "2": 0.06012006640974683,
        "3": 0.054965998541615976,
        "4": 0.02532433598256166,
        "5": 0.013358823643312309,
        "6": 0.033512042847716125,
        "7": 0.006489475018605727,
        "8": 0.02946896396191291,
        "9": 0.04783807388201194,
        "10": 0.029782310035752955,
        "11": 0.02871596176041816,
        "12": 0.0279564578885932,
        "13": 0.007660287584114894,
        "14": 0.05717183405561554,
        "15": 0.02842937965919941,
        "16": 0.03198486364682261,
        "17": 0.010865025785249078,
        "18": 0.06107289550999809,
        "19": 0.026686009206188847,
        "20": 0.04028177344098168,
        "21": 0.027688508550546814,
        "22": 0.015931921061577772,
        "23": 0.03238246643717339,
        "24": 0.058930626778349274,
        "25": 0.01576929806465461,
        "26": 0.007232585799901593,
        "27": 0.04248276715271784,
        "28": 0.04592469137929633,
        "29": 0.04463821025753886
    },
    "best_objective": 443.4844987649732,
    "classes": [
        "0",
        "1",
        "2",
        "3",
        "4",
        "5",
        "6",
        "7",
        "8",
        "9",
        "10",
        "11",
        "12",
        "13",
        "14",
        "15",
        "16",
        "17",
        "18",
        "19",
        "20",
        "21",
        "22",
        "23",
        "24",
        "25",
        "26",
        "27",
        "28",
        "29"
    ],
    "resources": [
        "0",
        "1",
        "2",
        "3",
        "4",
        "5",
        "6",
        "7",
        "8",
        "9",
        "10",
        "11",
        "12",
        "13",
        "14",
        "15",
        "16",
        "17",
        "18",
        "19"
    ],
    "demands": {
        "5_0": 1.74769,
        "7_0": 2.39402,
        "10_0": 0.9472,
        "16_0": 0.75622,
        "20_0": 0.21212,
        "23_0": 0.73265,
        "28_0": 0.32528,
        "29_0": 0.25995,
        "6_1": 0.29882,
        "13_1": 11.05275,
        "20_1": 1.53078,
        "3_2": 0.13187,
        "17_2": 1.03527,
        "19_2": 0.81579,
        "24_2": 0.88391,
        "0_3": 0.47431,
        "2_3": 0.03401,
        "3_3": 0.64158,
        "16_3": 0.54287,
        "22_3": 1.63536,
        "26_3": 2.54976,
        "12_4": 0.96326,
        "13_4": 0.6937,
        "19_4": 0.57763,
        "20_4": 0.76792,
        "22_4": 1.37675,
        "23_4": 0.28987,
        "28_4": 0.10138,
        "1_5": 0.13702,
        "2_5": 0.15147,
        "5_5": 1.10241,
        "7_5": 2.27884,
        "10_5": 0.34019,
        "12_5": 0.23303,
        "14_5": 0.10334,
        "18_5": 0.11437,
        "26_5": 0.18329,
        "0_6": 0.14293,
        "1_6": 0.73157,
        "2_6": 0.22933,
        "6_6": 0.73476,
        "8_6": 0.79527,
        "9_6": 0.42215,
        "27_6": 0.26761,
        "1_7": 0.36138,
        "3_7": 0.26082,
        "5_7": 1.02263,
        "10_7": 0.3998,
        "20_7": 0.57216,
        "24_7": 0.34276,
        "0_8": 0.26927,
        "10_8": 0.85193,
        "11_8": 0.16128,
        "14_8": 0.09767,
        "16_8": 0.06324,
        "19_8": 0.96511,
        "6_9": 0.46689,
        "7_9": 0.09209,
        "15_9": 0.2195,
        "16_9": 0.39442,
        "17_9": 1.93689,
        "21_9": 0.45564,
        "22_9": 1.34523,
        "25_9": 0.61256,
        "2_10": 0.73519,
        "4_10": 1.79625,
        "15_10": 0.62989,
        "26_10": 2.1527,
        "27_10": 0.95495,
        "5_11": 0.66397,
        "7_11": 2.63206,
        "11_11": 1.09217,
        "13_11": 1.26017,
        "15_11": 0.3511,
        "20_11": 0.44192,
        "24_11": 0.49092,
        "27_11": 0.31626,
        "28_11": 0.09465,
        "29_11": 0.60678,
        "1_12": 0.67878,
        "3_12": 0.59308,
        "6_12": 0.67675,
        "15_12": 1.09936,
        "27_12": 0.75995,
        "4_13": 0.44865,
        "6_13": 0.44719,
        "10_13": 0.38103,
        "14_13": 0.04836,
        "18_13": 0.27793,
        "21_13": 0.0939,
        "22_13": 0.8366,
        "24_13": 0.06137,
        "25_13": 0.51272,
        "27_13": 0.32587,
        "2_14": 0.25729,
        "3_14": 0.20399,
        "9_14": 0.35506,
        "18_14": 0.2669,
        "22_14": 0.50304,
        "24_14": 0.13558,
        "26_14": 0.72645,
        "3_15": 0.82463,
        "24_15": 1.0263,
        "28_15": 0.22934,
        "5_16": 1.54326,
        "18_16": 0.14363,
        "21_16": 0.84574,
        "22_16": 0.53317,
        "8_17": 0.81722,
        "9_17": 0.11736,
        "13_17": 0.78165,
        "18_17": 0.02306,
        "26_17": 4.77013,
        "28_17": 0.40618,
        "2_18": 0.69063,
        "3_18": 0.5953,
        "21_18": 0.36773,
        "6_19": 0.13664,
        "9_19": 0.40433,
        "12_19": 0.30095,
        "13_19": 0.68309,
        "14_19": 0.16984,
        "18_19": 0.15361,
        "20_19": 0.02087,
        "21_19": 0.35174,
        "25_19": 0.27698,
        "26_19": 0.7918,
        "28_19": 0.35166
    },
    "best": {
        "0": 24.238114977417816,
        "1": 61.56337812836814,
        "2": 7.245990100496767,
        "3": 40.3278530921951,
        "4": 23.0987317152125,
        "5": 23.12945850489533,
        "6": 5.553021358484704,
        "7": 14.619723433288076,
        "8": 6.625825733878827,
        "9": 16.984392513830354,
        "10": 32.876987607856954,
        "11": 29.35912776812679,
        "12": 9.702427624367134,
        "13": 13.454696600819146,
        "14": 21.831767721957156,
        "15": 9.554256031525119,
        "16": 19.275304403247027,
        "17": 50.82908845850683,
        "18": 8.04562421866154,
        "19": 25.168728771837873
    },
    "best_mrt": [
        84.28980381715128,
        257.93545143235855,
        180.15711064183182,
        300.0000000001676,
        90.6483554899562,
        300.0000000000041,
        300.00000000018673,
        300.0000000000115,
        179.58518476889617,
        121.98762015390247,
        249.05742782369447,
        64.05291025728448,
        65.19086035569448,
        300.0000000000077,
        30.74637474783747,
        168.39676895146883,
        79.87750391791185,
        270.09308521027947,
        53.178517572926204,
        300.00000000000927,
        125.20270546236453,
        141.94664084675668,
        300.00000000000784,
        44.061285376305115,
        297.2445030046013,
        87.93276474430729,
        300.0000000000061,
        206.10400201796898,
        69.52803679543577,
        32.34580579670452
    ],
    "SLA": 300
}