{
    "throughput": 6.0,
    "class_probs": {
        "0": 0.031226016406304246,
        "1": 0.043214977073642476,
        "2": 0.03974229129982315,
        "3": 0.03934728389730805,
        "4": 0.029349505592586957,
        "5": 0.02236346643945113,
        "6": 0.013038863538632388,
        "7": 0.026797288529438346,
        "8": 0.016017933679043684,
        "9": 0.03400437567476232,
        "10": 0.006435151065350371,
        "11": 0.039338839531414725,
        "12": 0.0531613271536726,
        "13": 0.05558341234160972,
        "14": 0.038642272117058216,
        "15": 0.03476924486216147,
        "16": 0.042097925817671786,
        "17": 0.03233442802248724,
        "18": 0.03405049283720375,
        "19": 0.04582492530732913,
        "20": 0.012217051540058388,
        "21": 0.039334861396935684,
        "22": 0.034648202069554074,
        "23": 0.051610075639963705,
        "24": 0.0397318995659247,
        "25": 0.03719064963622348,
        "26": 0.014986762005503302,
        "27": 0.04146989173346494,
        "28": 0.01456915174639608,
        "29": 0.03690143347902377
    },
    "best_objective": 319.62492188753276,
    "classes": [
        "0",
        "1",
        "2",
        "3",
        "4",
        "5",
        "6",
        "7",
        "8",
        "9",
        "10",
        "11",
        "12",
        "13",
        "14",
        "15",
        "16",
        "17",
        "18",
        "19",
        "20",
        "21",
        "22",
        "23",
        "24",
        "25",
        "26",
        "27",
        "28",
        "29"
    ],
    "resources": [
        "0",
        "1",
        "2",
        "3",
        "4",
        "5",
        "6",
        "7",
        "8",
        "9",
        "10",
        "11",
        "12",
        "13",
        "14",
        "15",
        "16",
        "17",
        "18",
        "19"
    ],
    "demands": {
        "15_0": 1.1933,
        "19_0": 0.12319,
        "25_0": 0.72957,
        "27_0": 0.93572,
        "3_1": 0.99831,
        "5_1": 0.47213,
        "8_1": 1.67137,
        "14_1": 1.04872,
        "19_1": 0.14625,
        "27_1": 0.46872,
        "0_2": 0.06934,
        "5_2": 0.75427,
        "6_2": 0.86846,
        "9_2": 0.51478,
        "10_2": 2.66731,
        "15_2": 0.02348,
        "22_2": 0.38161,
        "26_2": 1.30436,
        "28_2": 1.22107,
        "1_3": 0.09466,
        "5_3": 0.3069,
        "9_3": 0.68512,
        "16_3": 0.65425,
        "22_3": 0.74999,
        "27_3": 0.186,
        "0_4": 0.30357,
        "2_4": 0.09571,
        "11_4": 0.73712,
        "18_4": 0.11731,
        "19_4": 0.07583,
        "20_4": 1.06792,
        "25_4": 0.28095,
        "28_4": 0.33956,
        "0_5": 0.40713,
        "4_5": 0.67715,
        "5_5": 0.43512,
        "7_5": 0.14123,
        "13_5": 0.403,
        "17_5": 0.86364,
        "21_5": 0.27047,
        "27_5": 0.97295,
        "0_6": 1.00215,
        "18_6": 0.06351,
        "19_6": 0.45946,
        "25_6": 0.56381,
        "29_6": 0.79844,
        "0_7": 0.91406,
        "3_7": 0.16564,
        "7_7": 1.01317,
        "9_7": 0.38318,
        "15_7": 0.37794,
        "23_7": 0.60784,
        "6_8": 0.20198,
        "15_8": 0.06258,
        "17_8": 0.92579,
        "18_8": 0.16251,
        "22_8": 0.37035,
        "27_8": 0.1389,
        "28_8": 2.14602,
        "29_8": 0.47379,
        "9_9": 0.20705,
        "18_9": 1.12971,
        "19_9": 0.75895,
        "28_9": 1.8372,
        "2_10": 0.21559,
        "4_10": 0.43114,
        "5_10": 1.96917,
        "9_10": 0.29487,
        "11_10": 0.57647,
        "16_10": 0.42673,
        "21_10": 0.00518,
        "0_11": 0.09908,
        "2_11": 0.31781,
        "6_11": 1.66323,
        "16_11": 0.29881,
        "18_11": 0.17777,
        "26_11": 0.8601,
        "2_12": 0.14523,
        "10_12": 2.34134,
        "11_12": 0.44311,
        "14_12": 0.32431,
        "15_12": 0.56604,
        "24_12": 0.54957,
        "25_12": 0.05076,
        "4_13": 0.00642,
        "6_13": 1.99788,
        "7_13": 0.40718,
        "9_13": 0.30562,
        "10_13": 3.06745,
        "19_13": 0.44688,
        "21_13": 0.23517,
        "27_13": 0.07864,
        "0_14": 0.00919,
        "16_14": 0.63775,
        "19_14": 1.74813,
        "22_14": 0.5031,
        "3_15": 0.45496,
        "6_15": 0.73287,
        "14_15": 0.30888,
        "15_15": 0.6647,
        "17_15": 0.49888,
        "23_15": 0.4117,
        "1_16": 0.04277,
        "3_16": 0.20534,
        "4_16": 0.29119,
        "6_16": 0.19155,
        "8_16": 0.24737,
        "11_16": 0.11959,
        "12_16": 0.13005,
        "14_16": 0.04926,
        "24_16": 0.10225,
        "25_16": 0.09812,
        "28_16": 0.30216,
        "3_17": 0.29886,
        "13_17": 0.30556,
        "17_17": 0.56153,
        "18_17": 0.39518,
        "20_17": 1.32959,
        "28_17": 0.87112,
        "8_18": 2.80207,
        "12_18": 1.6625,
        "9_19": 0.52752,
        "10_19": 0.1889,
        "11_19": 0.436,
        "18_19": 0.48921,
        "21_19": 0.0487,
        "24_19": 0.20298
    },
    "best": {
        "0": 8.11342817143896,
        "1": 15.961393667501813,
        "2": 35.23465898034437,
        "3": 6.321656109304699,
        "4": 11.776577449967668,
        "5": 10.331805126073128,
        "6": 10.03930271206448,
        "7": 8.753697587838989,
        "8": 26.931774946196214,
        "9": 25.351380203769118,
        "10": 14.05133115005505,
        "11": 14.815824396026366,
        "12": 24.4683148383845,
        "13": 32.27631919789275,
        "14": 10.830229555877269,
        "15": 10.712595617138733,
        "16": 12.16811048145112,
        "17": 16.924806534221585,
        "18": 17.431376177613746,
        "19": 7.130338984372193
    },
    "best_mrt": [
        300.00000003303404,
        20.07114902628988,
        52.750444992080936,
        167.24842021104797,
        128.70585034973976,
        300.00000001817324,
        300.00000000394147,
        153.89588636142383,
        300.00000001916584,
        300.0000000768982,
        300.00000002295224,
        201.53987981728145,
        110.92025787505442,
        61.301765528940805,
        117.70514774986805,
        300.00000000518224,
        229.7649363304767,
        210.2278590155682,
        177.92937290264936,
        300.00000000912996,
        175.5708443016378,
        43.65367293643578,
        205.5012472696653,
        116.35602885355534,
        61.66879395295961,
        193.2848259659378,
        97.48780899833446,
        300.00000001158935,
        300.0000000397968,
        102.87771677475985
    ],
    "SLA": 300
}