{
    "throughput": 8.0,
    "class_probs": {
        "0": 0.012505271028962085,
        "1": 0.020391707290317636,
        "2": 0.012548302439118808,
        "3": 0.053573571068023046,
        "4": 0.00903355412462407,
        "5": 0.013829262862577607,
        "6": 0.04026788891565333,
        "7": 0.025169456588860443,
        "8": 0.02284954405841966,
        "9": 0.045079429997777094,
        "10": 0.05787109299992389,
        "11": 0.05920077266597463,
        "12": 0.056944076676515715,
        "13": 0.06034657889397187,
        "14": 0.026112907991282443,
        "15": 0.05401874297819659,
        "16": 0.031692103067047964,
        "17": 0.02424763814066694,
        "18": 0.038201329246178875,
        "19": 0.04620987264884078,
        "20": 0.027661114551687953,
        "21": 0.02030896751397032,
        "22": 0.01495675366544766,
        "23": 0.03605108337638995,
        "24": 0.019121274859952818,
        "25": 0.03447157852424291,
        "26": 0.038446719233416145,
        "27": 0.05926555736943234,
        "28": 0.009092957116445857,
        "29": 0.030530890106080535
    },
    "best_objective": 257.15912674607966,
    "classes": [
        "0",
        "1",
        "2",
        "3",
        "4",
        "5",
        "6",
        "7",
        "8",
        "9",
        "10",
        "11",
        "12",
        "13",
        "14",
        "15",
        "16",
        "17",
        "18",
        "19",
        "20",
        "21",
        "22",
        "23",
        "24",
        "25",
        "26",
        "27",
        "28",
        "29"
    ],
    "resources": [
        "0",
        "1",
        "2",
        "3",
        "4",
        "5",
        "6",
        "7",
        "8",
        "9",
        "10",
        "11",
        "12",
        "13",
        "14",
        "15",
        "16",
        "17",
        "18",
        "19"
    ],
    "demands": {
        "3_0": 0.50217,
        "5_0": 0.99329,
        "12_0": 0.02058,
        "16_0": 0.27359,
        "20_0": 0.2256,
        "21_0": 0.70696,
        "22_0": 1.86417,
        "4_1": 1.41003,
        "6_1": 0.01788,
        "10_1": 0.17334,
        "11_1": 0.13375,
        "14_1": 0.38302,
        "22_1": 0.07473,
        "24_1": 0.50677,
        "26_1": 0.23856,
        "27_1": 0.02321,
        "28_1": 0.84021,
        "2_2": 3.55691,
        "6_2": 0.75055,
        "8_2": 0.38769,
        "29_2": 0.1093,
        "0_3": 0.62439,
        "3_3": 0.07761,
        "4_3": 1.04128,
        "5_3": 0.68827,
        "7_3": 0.06198,
        "13_3": 0.20614,
        "18_3": 0.16496,
        "19_3": 0.12523,
        "20_3": 0.05233,
        "22_3": 0.13949,
        "5_4": 0.65724,
        "12_4": 0.07361,
        "15_4": 0.18911,
        "23_4": 0.84335,
        "24_4": 1.07208,
        "29_4": 0.84171,
        "1_5": 0.45796,
        "15_5": 0.39726,
        "18_5": 0.45829,
        "20_5": 0.83132,
        "1_6": 0.62889,
        "5_6": 1.3366,
        "9_6": 0.34754,
        "10_6": 0.18846,
        "14_6": 0.3513,
        "18_6": 0.28511,
        "21_6": 0.46974,
        "1_7": 0.32515,
        "3_7": 0.0394,
        "5_7": 0.52003,
        "9_7": 0.03334,
        "10_7": 0.06007,
        "11_7": 0.11163,
        "13_7": 0.12169,
        "21_7": 0.06886,
        "23_7": 0.20338,
        "26_7": 0.07452,
        "13_8": 0.10966,
        "14_8": 0.92281,
        "16_8": 0.48913,
        "25_8": 0.00452,
        "27_8": 0.40675,
        "29_8": 0.56107,
        "6_9": 0.05208,
        "9_9": 0.21777,
        "12_9": 0.07549,
        "21_9": 0.43199,
        "25_9": 0.45171,
        "27_9": 0.27891,
        "3_10": 1.06602,
        "24_10": 0.80615,
        "9_11": 0.59003,
        "13_11": 0.38623,
        "16_11": 0.10286,
        "17_11": 0.45629,
        "0_12": 1.02448,
        "3_12": 0.37587,
        "14_12": 1.40872,
        "25_12": 0.43651,
        "26_12": 0.48451,
        "27_12": 0.02302,
        "2_13": 1.15916,
        "6_13": 0.1531,
        "13_13": 0.23018,
        "14_13": 0.42694,
        "19_13": 0.11012,
        "26_13": 0.51032,
        "13_14": 0.03046,
        "15_14": 0.36174,
        "16_14": 0.32242,
        "18_14": 0.55489,
        "21_14": 0.41619,
        "24_14": 0.94226,
        "3_15": 0.25071,
        "5_15": 0.05467,
        "12_15": 0.09383,
        "17_15": 0.34072,
        "23_15": 0.00169,
        "24_15": 0.53103,
        "27_15": 0.01871,
        "5_16": 0.3553,
        "14_16": 0.67427,
        "15_16": 0.04613,
        "18_16": 0.44823,
        "22_16": 0.63536,
        "28_16": 1.71111,
        "0_17": 0.42296,
        "11_17": 0.20889,
        "16_17": 0.23933,
        "17_17": 0.52767,
        "8_18": 0.3509,
        "12_18": 0.22577,
        "13_18": 0.08533,
        "19_18": 0.4961,
        "28_18": 1.88262,
        "29_18": 0.92604,
        "0_19": 0.83235,
        "2_19": 0.00558,
        "9_19": 0.27375,
        "11_19": 0.18595,
        "12_19": 0.17658,
        "14_19": 0.33414,
        "17_19": 0.55314,
        "19_19": 0.12161,
        "22_19": 0.7369,
        "24_19": 0.41072,
        "25_19": 0.17663,
        "26_19": 0.09781
    },
    "best": {
        "0": 15.871551986025713,
        "1": 15.967266934680266,
        "2": 17.598107364599922,
        "3": 12.761225408285359,
        "4": 19.68266833510655,
        "5": 3.531186012543199,
        "6": 19.667283090729637,
        "7": 11.061622879902703,
        "8": 13.525716329531592,
        "9": 2.70792110596331,
        "10": 13.239414832483101,
        "11": 4.688823930059999,
        "12": 16.6837764328407,
        "13": 13.571030863480878,
        "14": 14.497585359519192,
        "15": 11.736959726351154,
        "16": 18.88824431136074,
        "17": 4.793966678743515,
        "18": 13.123281161479145,
        "19": 13.561494002392992
    },
    "best_mrt": [
        274.95748766036724,
        218.2482077256254,
        299.99999999999994,
        173.18359204058467,
        176.35107499833515,
        300.00000000000006,
        80.47185552783843,
        5.048414556215901,
        51.30824985073572,
        280.95699887023096,
        26.808196040685363,
        80.22647865823622,
        79.10305247671405,
        156.0274564264594,
        300.0,
        172.79630180698214,
        157.48263738154404,
        300.00000000000006,
        247.70595867233735,
        68.30762376298082,
        300.0,
        300.0,
        232.2134769418627,
        63.83778753600303,
        300.0,
        242.39492705134776,
        99.93422674714037,
        160.20560544529707,
        299.99999999999994,
        169.66356912340652
    ],
    "SLA": 300
}