{
    "throughput": 6.0,
    "class_probs": {
        "0": 0.049481181804599844,
        "1": 0.02586307768156019,
        "2": 0.04808153319509908,
        "3": 0.03985929841296131,
        "4": 0.02713800449619728,
        "5": 0.0379610923852117,
        "6": 0.04682493539068821,
        "7": 0.05326380670555519,
        "8": 0.013007337393540926,
        "9": 0.02533482187532387,
        "10": 0.040320477908644466,
        "11": 0.019631997919604634,
        "12": 0.03284864650954843,
        "13": 0.05676917961172247,
        "14": 0.01782863417702593,
        "15": 0.006055322562273142,
        "16": 0.04972734703200156,
        "17": 0.053580562457177294,
        "18": 0.018618829771554025,
        "19": 0.042552505058546644,
        "20": 0.007574846764151804,
        "21": 0.0538947144916483,
        "22": 0.014507406192361617,
        "23": 0.009371378757218773,
        "24": 0.04875877114865175,
        "25": 0.03093722363632503,
        "26": 0.00625742068951967,
        "27": 0.05627771900404025,
        "28": 0.054821187399855816,
        "29": 0.012850739567390666
    },
    "best_objective": 568.2013679068219,
    "classes": [
        "0",
        "1",
        "2",
        "3",
        "4",
        "5",
        "6",
        "7",
        "8",
        "9",
        "10",
        "11",
        "12",
        "13",
        "14",
        "15",
        "16",
        "17",
        "18",
        "19",
        "20",
        "21",
        "22",
        "23",
        "24",
        "25",
        "26",
        "27",
        "28",
        "29"
    ],
    "resources": [
        "0",
        "1",
        "2",
        "3",
        "4",
        "5",
        "6",
        "7",
        "8",
        "9",
        "10",
        "11",
        "12",
        "13",
        "14",
        "15",
        "16",
        "17",
        "18",
        "19"
    ],
    "demands": {
        "3_0": 0.22167,
        "9_0": 0.69274,
        "21_0": 0.35442,
        "25_0": 2.07071,
        "0_1": 0.2397,
        "4_1": 0.28966,
        "5_1": 0.152,
        "9_1": 0.45856,
        "10_1": 0.03571,
        "14_1": 0.25162,
        "16_1": 0.16039,
        "18_1": 0.06054,
        "23_1": 1.4484,
        "24_1": 0.25998,
        "29_1": 0.40116,
        "6_2": 0.04918,
        "13_2": 0.15947,
        "14_2": 0.23321,
        "16_2": 0.09276,
        "18_2": 1.12868,
        "20_2": 1.49756,
        "26_2": 1.79916,
        "2_3": 0.92164,
        "5_3": 0.54446,
        "23_3": 2.54151,
        "28_3": 0.37635,
        "20_4": 5.76687,
        "22_4": 0.73525,
        "23_4": 4.25438,
        "29_4": 0.68303,
        "0_5": 0.18204,
        "6_5": 0.01882,
        "11_5": 0.35518,
        "12_5": 0.60539,
        "15_5": 1.83534,
        "22_5": 1.65962,
        "28_5": 0.25264,
        "7_6": 0.17416,
        "10_6": 0.00012,
        "13_6": 0.61778,
        "17_6": 0.57482,
        "22_6": 1.75713,
        "27_6": 0.68418,
        "29_6": 0.21259,
        "11_7": 2.09378,
        "18_7": 4.15109,
        "2_8": 0.20332,
        "16_8": 0.15001,
        "20_8": 5.08774,
        "27_8": 0.56461,
        "1_9": 0.51348,
        "2_9": 0.30449,
        "6_9": 0.45588,
        "13_9": 0.48464,
        "15_9": 1.89254,
        "28_9": 0.13568,
        "4_10": 0.36684,
        "6_10": 0.43379,
        "16_10": 0.32922,
        "22_10": 1.5582,
        "28_10": 0.22797,
        "29_10": 1.23977,
        "18_11": 4.36881,
        "27_11": 0.1399,
        "0_12": 0.11665,
        "5_12": 0.34045,
        "6_12": 0.21519,
        "8_12": 0.06123,
        "13_12": 0.10006,
        "14_12": 0.2458,
        "15_12": 0.75735,
        "17_12": 0.19537,
        "21_12": 0.18184,
        "27_12": 0.06312,
        "0_13": 0.34359,
        "3_13": 0.15184,
        "4_13": 0.2393,
        "10_13": 0.38661,
        "13_13": 0.31713,
        "18_13": 0.74457,
        "24_13": 0.06764,
        "25_13": 0.20392,
        "1_14": 0.67509,
        "5_14": 0.24771,
        "7_14": 0.23213,
        "10_14": 0.48142,
        "14_14": 0.87912,
        "15_14": 3.34122,
        "16_14": 0.26703,
        "19_14": 0.03264,
        "1_15": 0.24254,
        "7_15": 0.21985,
        "8_15": 0.93707,
        "14_15": 0.07363,
        "15_15": 2.5667,
        "20_15": 0.44198,
        "21_15": 0.26486,
        "22_15": 0.10413,
        "23_15": 1.31922,
        "0_16": 0.65121,
        "10_16": 0.573,
        "11_16": 0.27823,
        "12_16": 0.78723,
        "22_16": 0.19607,
        "24_16": 0.8379,
        "27_16": 0.12638,
        "4_17": 0.61071,
        "5_17": 0.43531,
        "8_17": 1.90087,
        "12_17": 0.07778,
        "14_17": 0.1347,
        "20_17": 0.23685,
        "23_17": 0.90516,
        "24_17": 0.43004,
        "0_18": 0.1602,
        "7_18": 0.1082,
        "9_18": 0.55328,
        "16_18": 0.11922,
        "25_18": 0.53208,
        "26_18": 1.75563,
        "27_18": 0.25645,
        "29_18": 1.18292,
        "1_19": 0.24171,
        "4_19": 0.24236,
        "5_19": 0.28281,
        "7_19": 0.19565,
        "13_19": 0.08104,
        "19_19": 0.21562,
        "23_19": 0.9212,
        "24_19": 0.01872
    },
    "best": {
        "0": 10.261308819843157,
        "1": 28.408728657027265,
        "2": 29.632130617759394,
        "3": 37.090955882300065,
        "4": 63.18233751188712,
        "5": 34.107670400672724,
        "6": 17.757125582817807,
        "7": 39.82160269220037,
        "8": 37.77304313340744,
        "9": 30.32798204643503,
        "10": 16.50617729806323,
        "11": 40.659096874210206,
        "12": 19.230405049003465,
        "13": 17.355913183525384,
        "14": 40.18957713566269,
        "15": 45.49516404891992,
        "16": 6.472056661339778,
        "17": 23.745265010405074,
        "18": 7.905752356515617,
        "19": 22.279074944826068
    },
    "best_mrt": [
        177.68886308052936,
        50.7397749155231,
        40.98809380114827,
        32.09960874010264,
        85.02923045568244,
        76.41515809924203,
        56.243977372576616,
        44.67393793150215,
        106.06654185717905,
        163.72077756067483,
        137.89134328988172,
        113.37483140193702,
        160.77606688467176,
        86.1293893333696,
        59.73136856364247,
        300.0000000000173,
        56.5749114505336,
        44.381017437826806,
        300.00000000010436,
        10.655459240381317,
        300.0000000000427,
        52.44690637915345,
        300.0000000015819,
        300.0000000003895,
        181.1098691470106,
        300.00000000002365,
        300.0000000000054,
        119.68414887758311,
        36.729835298524165,
        276.4322377955334
    ],
    "SLA": 300
}