{
    "throughput": 7.0,
    "class_probs": {
        "0": 0.012618233771053896,
        "1": 0.01210062488130285,
        "2": 0.050981206208363376,
        "3": 0.027998842632502633,
        "4": 0.007573182546284552,
        "5": 0.009719618123472015,
        "6": 0.038921291655974286,
        "7": 0.06350717566640264,
        "8": 0.02288220605915484,
        "9": 0.051909435189573194,
        "10": 0.02100157241024846,
        "11": 0.014310869820853939,
        "12": 0.03531696051936876,
        "13": 0.013931149383241043,
        "14": 0.038735499130347927,
        "15": 0.04935888913865023,
        "16": 0.06402537069948501,
        "17": 0.051754377914660775,
        "18": 0.021179168892562952,
        "19": 0.03155328672596499,
        "20": 0.05869856496141567,
        "21": 0.06494933561177406,
        "22": 0.024056546462235203,
        "23": 0.04929713099788574,
        "24": 0.028382544687090814,
        "25": 0.021652491935676903,
        "26": 0.05952394245107567,
        "27": 0.020668378231393864,
        "28": 0.007072902281379676,
        "29": 0.026319201010603768
    },
    "best_objective": 334.9641949082874,
    "classes": [
        "0",
        "1",
        "2",
        "3",
        "4",
        "5",
        "6",
        "7",
        "8",
        "9",
        "10",
        "11",
        "12",
        "13",
        "14",
        "15",
        "16",
        "17",
        "18",
        "19",
        "20",
        "21",
        "22",
        "23",
        "24",
        "25",
        "26",
        "27",
        "28",
        "29"
    ],
    "resources": [
        "0",
        "1",
        "2",
        "3",
        "4",
        "5",
        "6",
        "7",
        "8",
        "9",
        "10",
        "11",
        "12",
        "13",
        "14",
        "15",
        "16",
        "17",
        "18",
        "19"
    ],
    "demands": {
        "15_0": 0.3185,
        "25_0": 1.50489,
        "27_0": 3.6357,
        "3_1": 0.21756,
        "9_1": 0.01874,
        "10_1": 0.50279,
        "13_1": 0.74976,
        "16_1": 0.21633,
        "18_1": 0.53721,
        "23_1": 0.27829,
        "27_1": 0.50509,
        "2_2": 0.3098,
        "5_2": 1.20109,
        "6_2": 0.54894,
        "11_2": 1.54402,
        "16_2": 0.19185,
        "27_2": 1.17683,
        "3_3": 0.20773,
        "5_3": 2.02153,
        "11_3": 1.4299,
        "24_3": 0.63169,
        "5_4": 0.80682,
        "6_4": 0.02054,
        "7_4": 0.29126,
        "18_4": 0.46347,
        "22_4": 0.54238,
        "23_4": 0.20872,
        "29_4": 0.65376,
        "14_5": 1.58184,
        "0_6": 3.2115,
        "6_6": 0.12621,
        "7_6": 0.22015,
        "10_6": 0.45327,
        "14_6": 0.16342,
        "26_6": 0.29697,
        "29_6": 0.70662,
        "8_7": 0.57939,
        "10_7": 0.92834,
        "17_7": 0.26917,
        "23_7": 0.26651,
        "24_7": 0.48598,
        "0_8": 1.57742,
        "8_8": 0.19042,
        "10_8": 0.61314,
        "11_8": 1.43697,
        "16_8": 0.23812,
        "20_8": 0.14376,
        "21_8": 0.03148,
        "25_8": 0.40563,
        "28_8": 2.13384,
        "1_9": 0.04959,
        "4_9": 2.97475,
        "13_9": 1.10582,
        "16_9": 0.22168,
        "20_9": 0.08573,
        "22_9": 0.28093,
        "25_9": 0.9633,
        "28_9": 3.21963,
        "6_10": 0.34172,
        "13_10": 0.47476,
        "14_10": 0.00999,
        "17_10": 0.32782,
        "22_10": 0.6108,
        "28_10": 0.18665,
        "1_11": 0.20867,
        "4_11": 1.23143,
        "5_11": 1.44878,
        "6_11": 0.13435,
        "17_11": 0.12687,
        "18_11": 0.47397,
        "19_11": 0.01521,
        "22_11": 0.23624,
        "29_11": 0.30083,
        "2_12": 0.22627,
        "3_12": 0.27806,
        "5_12": 0.02389,
        "16_12": 0.00076,
        "19_12": 0.18195,
        "22_12": 0.28456,
        "23_12": 0.08574,
        "25_12": 0.52347,
        "26_12": 0.16694,
        "27_12": 0.29208,
        "1_13": 0.1555,
        "2_13": 0.27632,
        "17_13": 0.53407,
        "19_13": 0.24234,
        "26_13": 0.15907,
        "27_13": 0.62009,
        "2_14": 1.11397,
        "22_14": 1.67476,
        "28_14": 1.46634,
        "2_15": 0.16475,
        "3_15": 0.46765,
        "7_15": 0.18817,
        "12_15": 0.06551,
        "16_15": 0.1756,
        "21_15": 0.08475,
        "23_15": 0.11239,
        "0_16": 4.2591,
        "8_17": 0.06466,
        "23_17": 0.52846,
        "29_17": 1.04565,
        "3_18": 0.73078,
        "9_18": 0.00832,
        "12_18": 0.32145,
        "23_18": 0.39373,
        "25_18": 0.28479,
        "26_18": 0.01048,
        "2_19": 0.13529,
        "3_19": 0.20076,
        "4_19": 0.43398,
        "6_19": 0.21717,
        "13_19": 0.16052,
        "15_19": 0.06412,
        "19_19": 0.24192,
        "22_19": 0.21003,
        "24_19": 0.188,
        "26_19": 0.11556,
        "27_19": 0.38053
    },
    "best": {
        "0": 34.61884780269037,
        "1": 13.956069352835566,
        "2": 25.336609502533516,
        "3": 20.48848129246116,
        "4": 13.550336369181531,
        "5": 5.834185402757385,
        "6": 28.844781246944766,
        "7": 4.63017727740006,
        "8": 30.286885513157255,
        "9": 27.829933730360324,
        "10": 6.9055784399062,
        "11": 17.289414299369223,
        "12": 10.822533246264422,
        "13": 14.454939586745011,
        "14": 19.022609616163617,
        "15": 4.600169952984443,
        "16": 32.603541701451924,
        "17": 5.654854162366001,
        "18": 6.64970097780858,
        "19": 11.58454543490595
    },
    "best_mrt": [
        300.0,
        25.36575565764865,
        166.62074182237382,
        299.99999999999994,
        221.8634404519464,
        299.99999999999994,
        108.16701156528019,
        75.10364619823913,
        159.52199989525576,
        2.7302689143507317,
        300.00000000000006,
        182.80518006745262,
        67.13007243516836,
        183.8152644391047,
        299.99999999999994,
        15.187644827391132,
        82.12556698114548,
        161.43429806696997,
        103.79678346516228,
        57.52307471740177,
        8.033958811850441,
        21.273944886859404,
        297.51749338501656,
        299.99999999999994,
        166.48739129307864,
        189.9813128256704,
        50.12683692740454,
        300.0,
        300.00000000000006,
        291.71900491290995
    ],
    "SLA": 300
}