{
    "throughput": 6.0,
    "class_probs": {
        "0": 0.009769939559912165,
        "1": 0.04255787546668874,
        "2": 0.021572954385675278,
        "3": 0.04943144352366953,
        "4": 0.0475360567546567,
        "5": 0.055576683511038456,
        "6": 0.053419627707085325,
        "7": 0.04583153391017263,
        "8": 0.03863484252343343,
        "9": 0.009656272004422069,
        "10": 0.025879810597061837,
        "11": 0.030090215300989993,
        "12": 0.03939584206530405,
        "13": 0.022324035934352407,
        "14": 0.04355280690385169,
        "15": 0.052218484595024796,
        "16": 0.014402608807969517,
        "17": 0.028507207722258086,
        "18": 0.0519803422292448,
        "19": 0.024180739667534486,
        "20": 0.011900199869152438,
        "21": 0.027951620541938463,
        "22": 0.0091721416631318,
        "23": 0.04684127615500736,
        "24": 0.021425559175505843,
        "25": 0.04706694783313668,
        "26": 0.0344559817761226,
        "27": 0.033217322658791695,
        "28": 0.020586194040992958,
        "29": 0.040863433115874176
    },
    "best_objective": 354.45058450399955,
    "classes": [
        "0",
        "1",
        "2",
        "3",
        "4",
        "5",
        "6",
        "7",
        "8",
        "9",
        "10",
        "11",
        "12",
        "13",
        "14",
        "15",
        "16",
        "17",
        "18",
        "19",
        "20",
        "21",
        "22",
        "23",
        "24",
        "25",
        "26",
        "27",
        "28",
        "29"
    ],
    "resources": [
        "0",
        "1",
        "2",
        "3",
        "4",
        "5",
        "6",
        "7",
        "8",
        "9",
        "10",
        "11",
        "12",
        "13",
        "14",
        "15",
        "16",
        "17",
        "18",
        "19"
    ],
    "demands": {
        "5_0": 0.14469,
        "7_0": 0.41528,
        "8_0": 0.77756,
        "4_1": 0.89203,
        "11_1": 0.4232,
        "12_1": 0.33297,
        "13_1": 1.51701,
        "19_1": 1.5299,
        "21_1": 0.32857,
        "0_2": 4.65402,
        "10_2": 0.20811,
        "11_2": 0.62604,
        "25_2": 1.01691,
        "5_3": 0.77537,
        "14_3": 0.83427,
        "26_3": 0.77863,
        "0_4": 0.07203,
        "2_4": 1.00512,
        "3_4": 0.2552,
        "5_4": 0.23253,
        "8_4": 0.41326,
        "20_4": 0.16207,
        "22_4": 1.01533,
        "25_4": 0.47461,
        "29_4": 0.31578,
        "4_5": 0.79959,
        "6_5": 1.01679,
        "11_5": 0.85334,
        "16_5": 1.50468,
        "27_5": 0.00268,
        "0_6": 0.19189,
        "6_6": 0.19219,
        "7_6": 0.00305,
        "12_6": 0.2036,
        "17_6": 0.38951,
        "18_6": 0.15407,
        "22_6": 0.74883,
        "23_6": 0.10416,
        "25_6": 0.21609,
        "28_6": 0.3202,
        "21_7": 3.071,
        "23_7": 0.8118,
        "25_7": 0.42171,
        "1_8": 0.02256,
        "8_8": 0.06465,
        "9_8": 1.95908,
        "10_8": 1.22923,
        "15_8": 0.27312,
        "17_8": 0.08173,
        "19_8": 0.56637,
        "1_9": 0.40005,
        "2_9": 0.77646,
        "3_9": 0.40683,
        "5_9": 0.25692,
        "9_9": 1.66072,
        "1_10": 0.35789,
        "8_10": 0.22708,
        "20_10": 1.07605,
        "25_10": 0.05936,
        "26_10": 0.33583,
        "15_11": 0.86641,
        "24_11": 0.78299,
        "28_11": 1.52521,
        "29_11": 0.25762,
        "2_12": 0.2668,
        "5_12": 0.29447,
        "9_12": 2.01049,
        "10_12": 0.13182,
        "24_12": 1.36548,
        "29_12": 0.56154,
        "6_13": 0.87903,
        "9_13": 0.02991,
        "13_13": 0.81343,
        "14_13": 0.41266,
        "24_13": 0.61503,
        "27_13": 0.05557,
        "28_13": 2.40987,
        "12_14": 0.52569,
        "15_14": 0.00577,
        "18_14": 0.09115,
        "19_14": 1.25325,
        "23_14": 0.36163,
        "27_14": 0.33053,
        "28_14": 1.16437,
        "0_15": 1.56996,
        "5_15": 0.38676,
        "7_15": 0.09165,
        "9_15": 0.36203,
        "23_15": 0.22399,
        "24_15": 0.05307,
        "25_15": 0.342,
        "28_15": 0.60118,
        "0_16": 2.65376,
        "6_16": 0.68975,
        "12_16": 1.1187,
        "15_16": 0.18167,
        "18_16": 0.3576,
        "28_16": 0.62697,
        "0_17": 1.37969,
        "1_17": 0.53737,
        "4_17": 0.15467,
        "12_17": 0.72521,
        "16_17": 0.79339,
        "22_17": 3.40124,
        "27_17": 0.00241,
        "3_18": 0.7364,
        "4_18": 0.75305,
        "10_18": 0.00745,
        "12_18": 0.35128,
        "25_18": 0.28381,
        "1_19": 0.99526,
        "20_19": 0.9331,
        "23_19": 0.06999,
        "24_19": 1.41827
    },
    "best": {
        "0": 3.9941809709692278,
        "1": 10.126885175334673,
        "2": 46.2747257972731,
        "3": 4.664589439022523,
        "4": 9.276123709593213,
        "5": 8.810186793294681,
        "6": 14.03233032587728,
        "7": 12.475974302306053,
        "8": 20.15569356921533,
        "9": 18.724050817952495,
        "10": 6.651766097160171,
        "11": 20.759625496346327,
        "12": 21.504518344247362,
        "13": 25.988040244287188,
        "14": 17.78457615917866,
        "15": 31.04972806696069,
        "16": 37.52313704908155,
        "17": 27.435964479967065,
        "18": 8.333664659647201,
        "19": 8.884823006284783
    },
    "best_mrt": [
        300.0,
        218.6260618137059,
        172.05706486016894,
        147.14645127264015,
        300.0,
        300.0,
        195.5055426124716,
        116.95357518047547,
        300.00000000000006,
        300.0,
        74.39046019498728,
        166.60090360384817,
        184.72396770747255,
        196.63791518734476,
        223.60693835111078,
        62.22350675496535,
        218.41868088711726,
        32.747875835789806,
        26.38783859961576,
        267.5819335960198,
        300.00000000000006,
        300.00000000000006,
        300.0,
        114.35132475959881,
        299.99999999999994,
        186.82529677973008,
        246.28037800373116,
        21.92784027708989,
        299.99999999999994,
        76.29367085246311
    ],
    "SLA": 300
}