{
    "throughput": 6.0,
    "class_probs": {
        "0": 0.024042729789742614,
        "1": 0.0340643263838147,
        "2": 0.03750495903501016,
        "3": 0.04120378933369045,
        "4": 0.007204210994286174,
        "5": 0.03425045212942712,
        "6": 0.03412920688047597,
        "7": 0.008412884688353117,
        "8": 0.05830917776441921,
        "9": 0.05561041333642938,
        "10": 0.046522880121209906,
        "11": 0.017047022205482494,
        "12": 0.04729492698723434,
        "13": 0.01929705143330224,
        "14": 0.04447456996806562,
        "15": 0.02560937021468657,
        "16": 0.03087777877502158,
        "17": 0.0332559796242457,
        "18": 0.01048557310649093,
        "19": 0.02852491470373064,
        "20": 0.01869661027379673,
        "21": 0.05645106055212802,
        "22": 0.05587769345214741,
        "23": 0.058178764405446975,
        "24": 0.008592320976879139,
        "25": 0.05289218361344026,
        "26": 0.06474507778008615,
        "27": 0.018795243960431418,
        "28": 0.017787407531988143,
        "29": 0.009861419978536833
    },
    "best_objective": 516.4055681427609,
    "classes": [
        "0",
        "1",
        "2",
        "3",
        "4",
        "5",
        "6",
        "7",
        "8",
        "9",
        "10",
        "11",
        "12",
        "13",
        "14",
        "15",
        "16",
        "17",
        "18",
        "19",
        "20",
        "21",
        "22",
        "23",
        "24",
        "25",
        "26",
        "27",
        "28",
        "29"
    ],
    "resources": [
        "0",
        "1",
        "2",
        "3",
        "4",
        "5",
        "6",
        "7",
        "8",
        "9",
        "10",
        "11",
        "12",
        "13",
        "14",
        "15",
        "16",
        "17",
        "18",
        "19"
    ],
    "demands": {
        "11_0": 3.0412,
        "27_0": 4.00974,
        "4_1": 2.08015,
        "5_1": 0.43171,
        "10_1": 0.14622,
        "12_1": 0.16968,
        "15_1": 0.45314,
        "16_1": 0.21769,
        "19_1": 0.20812,
        "6_2": 0.42789,
        "8_2": 0.29402,
        "12_2": 0.57437,
        "13_2": 0.4311,
        "14_2": 0.47558,
        "18_2": 0.66484,
        "23_2": 0.05386,
        "25_2": 0.30629,
        "26_2": 0.05963,
        "3_3": 0.6772,
        "19_3": 0.89127,
        "25_3": 0.00552,
        "27_3": 1.77435,
        "4_4": 3.28034,
        "8_4": 0.81877,
        "16_4": 1.06344,
        "23_4": 0.18665,
        "27_4": 0.37282,
        "3_5": 0.30008,
        "7_5": 3.0966,
        "11_5": 1.8933,
        "12_5": 0.22236,
        "19_5": 0.86935,
        "27_5": 1.47859,
        "0_6": 0.35347,
        "5_6": 0.45581,
        "7_6": 1.92075,
        "19_6": 0.46107,
        "21_6": 0.06372,
        "29_6": 0.06879,
        "1_7": 0.70018,
        "6_7": 0.41137,
        "13_7": 0.08353,
        "14_7": 0.46674,
        "20_7": 1.28832,
        "23_7": 0.15584,
        "24_7": 0.00071,
        "29_7": 3.05173,
        "4_8": 2.60732,
        "6_8": 0.27472,
        "7_8": 2.64965,
        "11_8": 1.03451,
        "17_8": 0.2032,
        "5_9": 0.77719,
        "14_9": 0.39619,
        "23_9": 0.51369,
        "26_9": 0.59913,
        "2_10": 1.13875,
        "12_10": 0.27677,
        "16_10": 0.02763,
        "27_10": 0.84986,
        "17_11": 1.15117,
        "25_11": 0.50845,
        "1_12": 0.40919,
        "5_12": 0.37184,
        "12_12": 0.25003,
        "13_12": 0.18387,
        "15_12": 0.56364,
        "17_12": 0.28734,
        "18_12": 0.99413,
        "21_12": 0.23368,
        "25_12": 0.30068,
        "0_13": 0.42529,
        "4_13": 2.33395,
        "5_13": 0.07984,
        "8_13": 0.18747,
        "9_13": 0.05572,
        "22_13": 0.04976,
        "24_13": 0.77921,
        "1_14": 0.52072,
        "7_14": 2.29618,
        "9_14": 0.21666,
        "16_14": 0.90668,
        "19_14": 0.5452,
        "28_14": 0.44786,
        "29_14": 4.15375,
        "0_15": 0.03284,
        "3_15": 0.39813,
        "6_15": 0.04747,
        "9_15": 0.33059,
        "15_15": 0.39258,
        "21_15": 0.2656,
        "23_15": 0.28041,
        "26_15": 0.17711,
        "0_16": 0.39073,
        "5_16": 0.29604,
        "6_16": 0.51505,
        "7_16": 2.32777,
        "11_16": 0.0397,
        "13_16": 0.59526,
        "19_16": 0.28077,
        "22_16": 0.11814,
        "2_17": 0.47943,
        "10_17": 0.09442,
        "12_17": 0.14844,
        "13_17": 0.70582,
        "23_17": 0.09267,
        "28_17": 0.90878,
        "2_18": 2.28909,
        "13_18": 0.92016,
        "18_19": 11.48302
    },
    "best": {
        "0": 32.62923890628678,
        "1": 27.886975026088127,
        "2": 14.863419525157347,
        "3": 21.71952069073369,
        "4": 36.63226719653574,
        "5": 46.897059346889854,
        "6": 33.377700199778666,
        "7": 16.396393037153235,
        "8": 49.91334064428342,
        "9": 4.023260922039605,
        "10": 18.14066109394011,
        "11": 4.51185036487972,
        "12": 18.0104761173112,
        "13": 29.421296654403488,
        "14": 41.183116689344885,
        "15": 3.012119293522062,
        "16": 36.773206225481424,
        "17": 6.973831809655167,
        "18": 14.674557060042876,
        "19": 59.365277339233515
    },
    "best_mrt": [
        49.37205921306293,
        81.1827120748521,
        300.0000000007733,
        199.51535968435076,
        300.0000000000873,
        294.1067664816116,
        95.46853811458587,
        300.0000000002065,
        50.024669738317705,
        141.0223076599579,
        19.657745290005323,
        158.52044928153165,
        104.14366265965899,
        235.4307880112625,
        181.83376347990736,
        207.7424638227894,
        61.586079435079824,
        300.0000000001332,
        300.0000000005578,
        103.69738422491447,
        82.29288551808615,
        122.82169578793224,
        4.9668930766980735,
        300.0000000000126,
        26.82083764460876,
        162.5927459447036,
        254.93225458345225,
        300.00000000078063,
        149.08197794342766,
        300.0000000002634
    ],
    "SLA": 300
}