{
    "throughput": 7.0,
    "class_probs": {
        "0": 0.06555422361837937,
        "1": 0.05853353387785308,
        "2": 0.054456892723660576,
        "3": 0.007175306058089653,
        "4": 0.05448474916498171,
        "5": 0.03576448130802104,
        "6": 0.008496394217773725,
        "7": 0.010273190722527881,
        "8": 0.011446379985075522,
        "9": 0.039468992631060074,
        "10": 0.04836238280663028,
        "11": 0.01019198354827241,
        "12": 0.009933699245577196,
        "13": 0.06385694232525956,
        "14": 0.026012097595861122,
        "15": 0.033266618761346164,
        "16": 0.043323109796347584,
        "17": 0.05543145723895681,
        "18": 0.013851825915713161,
        "19": 0.046748669492656936,
        "20": 0.034369629683549625,
        "21": 0.04043251337057728,
        "22": 0.012848906959253848,
        "23": 0.011343089404246349,
        "24": 0.027536379978395403,
        "25": 0.04701892619846765,
        "26": 0.021473711690624547,
        "27": 0.04598459714777411,
        "28": 0.03512958742709067,
        "29": 0.0272297271059766
    },
    "best_objective": 427.0292643395205,
    "classes": [
        "0",
        "1",
        "2",
        "3",
        "4",
        "5",
        "6",
        "7",
        "8",
        "9",
        "10",
        "11",
        "12",
        "13",
        "14",
        "15",
        "16",
        "17",
        "18",
        "19",
        "20",
        "21",
        "22",
        "23",
        "24",
        "25",
        "26",
        "27",
        "28",
        "29"
    ],
    "resources": [
        "0",
        "1",
        "2",
        "3",
        "4",
        "5",
        "6",
        "7",
        "8",
        "9",
        "10",
        "11",
        "12",
        "13",
        "14",
        "15",
        "16",
        "17",
        "18",
        "19"
    ],
    "demands": {
        "0_0": 0.15695,
        "6_0": 0.11938,
        "7_0": 0.30456,
        "13_0": 0.13899,
        "15_0": 0.31583,
        "16_0": 0.1183,
        "19_0": 0.19984,
        "25_0": 0.22049,
        "26_0": 0.255,
        "28_0": 0.075,
        "0_1": 0.21034,
        "1_1": 0.30043,
        "5_1": 0.24018,
        "7_1": 1.54458,
        "15_1": 0.32562,
        "16_1": 0.4201,
        "19_1": 0.29575,
        "24_1": 0.05732,
        "5_2": 0.08065,
        "10_2": 0.21499,
        "11_2": 0.07198,
        "13_2": 0.22268,
        "15_2": 0.40626,
        "21_2": 0.20882,
        "23_2": 0.44352,
        "24_2": 0.42402,
        "8_3": 7.58863,
        "11_3": 1.68088,
        "2_4": 0.17422,
        "5_4": 0.28332,
        "8_4": 1.08399,
        "9_4": 0.01833,
        "11_4": 0.26501,
        "19_4": 0.13567,
        "20_4": 0.06203,
        "25_4": 0.12469,
        "9_5": 0.5151,
        "18_5": 3.13861,
        "19_5": 0.03994,
        "20_5": 0.86933,
        "28_5": 0.81553,
        "0_6": 0.65024,
        "4_6": 0.22343,
        "6_6": 1.77622,
        "17_6": 0.57625,
        "21_6": 0.34112,
        "0_7": 0.27905,
        "8_7": 0.80729,
        "13_7": 0.18245,
        "14_7": 0.31186,
        "26_7": 0.69666,
        "28_7": 0.14675,
        "13_8": 0.03749,
        "14_8": 0.17102,
        "15_8": 0.14477,
        "20_8": 0.3884,
        "23_8": 0.6065,
        "24_8": 0.32042,
        "25_8": 0.22233,
        "29_8": 0.6492,
        "0_9": 0.20158,
        "10_9": 0.13771,
        "12_9": 0.36309,
        "18_9": 0.67954,
        "21_9": 0.35174,
        "1_10": 0.11325,
        "8_10": 0.60829,
        "9_10": 0.17723,
        "10_10": 0.04258,
        "14_10": 0.26667,
        "18_10": 0.16487,
        "24_10": 0.01292,
        "25_10": 0.06357,
        "27_10": 0.09879,
        "29_10": 0.18857,
        "8_11": 0.09846,
        "9_11": 0.83952,
        "14_11": 1.08272,
        "25_11": 0.03435,
        "26_11": 0.67115,
        "27_11": 0.0354,
        "0_12": 0.09354,
        "1_12": 0.25805,
        "5_12": 0.33034,
        "11_12": 0.79281,
        "12_12": 1.60729,
        "15_12": 0.3369,
        "16_12": 0.3712,
        "18_12": 1.10208,
        "23_12": 0.20158,
        "28_12": 0.30744,
        "9_13": 0.39823,
        "10_13": 0.23719,
        "13_13": 0.03181,
        "14_13": 0.94403,
        "19_13": 0.45279,
        "24_13": 0.64406,
        "26_13": 0.6177,
        "3_14": 0.13596,
        "5_14": 0.11924,
        "7_14": 0.95782,
        "10_14": 0.04957,
        "11_14": 0.95907,
        "17_14": 0.09813,
        "27_14": 0.22934,
        "28_14": 0.13385,
        "0_15": 0.25505,
        "7_15": 1.41166,
        "14_15": 0.30219,
        "18_15": 1.6519,
        "20_15": 0.18664,
        "28_15": 0.64671,
        "3_16": 3.58129,
        "4_16": 0.17904,
        "7_16": 1.39168,
        "21_16": 0.29642,
        "23_16": 0.59428,
        "25_16": 0.47891,
        "27_16": 0.22139,
        "2_17": 0.21174,
        "3_17": 0.3544,
        "17_17": 0.20848,
        "21_17": 0.25865,
        "22_17": 0.48192,
        "26_17": 0.2597,
        "2_18": 0.94554,
        "14_18": 1.16148,
        "16_18": 0.72462,
        "28_18": 0.05217,
        "1_19": 0.25118,
        "7_19": 4.27927,
        "8_19": 3.21441,
        "20_19": 0.38855
    },
    "best": {
        "0": 12.227123336267764,
        "1": 26.94220971910283,
        "2": 3.151778710649683,
        "3": 62.203221116348814,
        "4": 23.582921406261164,
        "5": 27.650277994612974,
        "6": 6.937478280410533,
        "7": 21.733242353726684,
        "8": 6.586871069017767,
        "9": 12.791116463898343,
        "10": 19.89406708590539,
        "11": 15.482066487631846,
        "12": 16.761437097207686,
        "13": 13.045171823939574,
        "14": 21.04685340541443,
        "15": 33.1221348174904,
        "16": 26.82326861688424,
        "17": 2.602425733084195,
        "18": 14.451722705517971,
        "19": 59.9938761161482
    },
    "best_mrt": [
        170.47923727985025,
        37.62991047073635,
        170.16612667145964,
        300.00000000010397,
        43.3157383842791,
        77.84070382397779,
        300.000000000055,
        300.00000000021686,
        300.0000000015017,
        117.70391355267476,
        115.0133749484364,
        161.51504376494097,
        129.76747450237923,
        112.10851860337576,
        300.00000007056457,
        235.46515524727386,
        102.40621624976941,
        190.71762174545353,
        300.0000000016311,
        72.39635191900959,
        111.05610794652154,
        287.13086372546957,
        212.5403104478711,
        300.00000000046094,
        265.6880374570837,
        84.42110023067048,
        264.16918545975443,
        26.968590516080873,
        93.17388800140976,
        115.97026332956887
    ],
    "SLA": 300
}