{
    "throughput": 10.0,
    "class_probs": {
        "0": 0.04556054237557884,
        "1": 0.02812514885737388,
        "2": 0.0356348586667638,
        "3": 0.015279329716046829,
        "4": 0.04915961638761259,
        "5": 0.03464762922847916,
        "6": 0.051281274390674064,
        "7": 0.017411408234487013,
        "8": 0.04755806995305105,
        "9": 0.037723928429713026,
        "10": 0.04755449158501881,
        "11": 0.010471737995031889,
        "12": 0.055270557863019425,
        "13": 0.04877688921658645,
        "14": 0.0398880340613857,
        "15": 0.038739849719270456,
        "16": 0.04583071231646388,
        "17": 0.017745650477726662,
        "18": 0.010545146717069536,
        "19": 0.016765916444651075,
        "20": 0.03854785673214956,
        "21": 0.026092095594573008,
        "22": 0.011936776840748065,
        "23": 0.027793716664854973,
        "24": 0.03195996730107015,
        "25": 0.03994747418648376,
        "26": 0.034095642546103415,
        "27": 0.029315935492525046,
        "28": 0.03776646639780164,
        "29": 0.028573275607686296
    },
    "best_objective": 237.71957341295504,
    "classes": [
        "0",
        "1",
        "2",
        "3",
        "4",
        "5",
        "6",
        "7",
        "8",
        "9",
        "10",
        "11",
        "12",
        "13",
        "14",
        "15",
        "16",
        "17",
        "18",
        "19",
        "20",
        "21",
        "22",
        "23",
        "24",
        "25",
        "26",
        "27",
        "28",
        "29"
    ],
    "resources": [
        "0",
        "1",
        "2",
        "3",
        "4",
        "5",
        "6",
        "7",
        "8",
        "9",
        "10",
        "11",
        "12",
        "13",
        "14",
        "15",
        "16",
        "17",
        "18",
        "19"
    ],
    "demands": {
        "7_0": 0.20433,
        "8_0": 0.00775,
        "11_0": 1.0718,
        "24_0": 0.61955,
        "27_0": 0.58783,
        "29_0": 0.59031,
        "2_1": 0.20342,
        "4_1": 0.07474,
        "6_1": 0.11966,
        "15_1": 0.17252,
        "18_1": 0.37475,
        "20_1": 0.13661,
        "27_1": 0.03905,
        "6_2": 0.17642,
        "10_2": 0.28696,
        "11_2": 2.68298,
        "12_2": 0.03542,
        "23_2": 0.02954,
        "1_3": 0.17564,
        "2_3": 0.16616,
        "5_3": 0.18141,
        "8_3": 0.08567,
        "9_3": 0.09676,
        "23_3": 0.12172,
        "25_3": 0.08315,
        "1_4": 0.16416,
        "9_4": 0.09453,
        "18_4": 0.71023,
        "23_4": 0.24214,
        "26_4": 0.18525,
        "28_4": 0.0661,
        "3_5": 0.15317,
        "11_5": 1.00183,
        "12_5": 0.04038,
        "14_5": 0.25416,
        "17_5": 0.6448,
        "21_5": 0.07839,
        "22_5": 0.71457,
        "2_6": 0.15704,
        "15_6": 0.39285,
        "16_6": 0.69575,
        "20_6": 0.56457,
        "25_6": 0.14147,
        "0_7": 0.21819,
        "9_7": 0.22195,
        "11_7": 0.12735,
        "15_7": 0.18101,
        "16_7": 0.06364,
        "26_7": 0.26326,
        "7_8": 0.46,
        "9_8": 0.28803,
        "12_8": 0.25639,
        "13_8": 0.18136,
        "23_8": 0.48848,
        "24_8": 0.43614,
        "26_8": 0.57234,
        "7_9": 0.82473,
        "18_9": 2.26868,
        "28_9": 0.93105,
        "29_9": 0.47615,
        "5_10": 0.43019,
        "7_10": 0.36669,
        "10_10": 0.18931,
        "20_10": 0.5676,
        "0_11": 0.2829,
        "4_11": 0.09966,
        "9_11": 0.16414,
        "11_11": 0.29145,
        "18_11": 1.05546,
        "20_11": 0.59711,
        "25_11": 0.32736,
        "4_12": 0.08647,
        "7_12": 1.22169,
        "11_12": 1.33535,
        "14_12": 0.60646,
        "22_12": 0.4739,
        "23_12": 0.17023,
        "25_12": 0.03513,
        "28_12": 0.36256,
        "3_13": 1.21189,
        "15_13": 0.61151,
        "2_14": 0.18345,
        "4_14": 0.30083,
        "16_14": 0.1488,
        "22_14": 1.21069,
        "23_14": 0.51367,
        "28_14": 0.53321,
        "2_15": 0.71745,
        "11_15": 0.3015,
        "28_15": 0.17022,
        "12_16": 0.03592,
        "13_16": 0.59286,
        "14_16": 0.03946,
        "19_16": 1.42943,
        "27_16": 0.35406,
        "8_17": 0.13565,
        "12_17": 0.25607,
        "15_17": 0.2394,
        "20_17": 0.28683,
        "26_17": 0.25743,
        "27_17": 0.45071,
        "1_18": 0.54496,
        "4_18": 0.29997,
        "14_18": 0.12682,
        "19_18": 0.3216,
        "26_18": 0.11377,
        "8_19": 0.00233,
        "17_19": 1.23595,
        "21_19": 0.50029,
        "22_19": 1.13612,
        "26_19": 0.17796
    },
    "best": {
        "0": 21.19105825115868,
        "1": 8.493318832781616,
        "2": 32.97691348467915,
        "3": 1.6493852079517648,
        "4": 10.766026688395046,
        "5": 21.575032606480878,
        "6": 7.190365101201828,
        "7": 8.076885601323081,
        "8": 4.79847754162291,
        "9": 19.014913637467323,
        "10": 5.982901690961033,
        "11": 18.029010967606226,
        "12": 24.57014236108074,
        "13": 4.589368294222493,
        "14": 10.551863699304958,
        "15": 11.224594984589052,
        "16": 7.476728054679426,
        "17": 5.714539499625347,
        "18": 4.015290978121617,
        "19": 9.832755929701872
    },
    "best_mrt": [
        44.73360918718578,
        299.99999999999994,
        258.8622690397046,
        298.0675492679931,
        133.33484950658737,
        214.79960323896094,
        20.116268800280146,
        291.8301501774565,
        91.54220966363849,
        193.62773255458617,
        43.51018755492985,
        300.0,
        124.22149133514006,
        133.4688302773314,
        78.96327636648167,
        299.99999999999994,
        132.38084721508187,
        163.66061668915367,
        300.00000000000006,
        300.0,
        300.0,
        57.5933411249884,
        299.99999999999994,
        300.0,
        141.7870383013059,
        104.91170485195094,
        299.99999999999994,
        174.09682095023007,
        143.1141273066509,
        55.037083055637396
    ],
    "SLA": 300
}