{
    "throughput": 6.0,
    "class_probs": {
        "0": 0.054540553822904986,
        "1": 0.12479313758961864,
        "2": 0.04049678207354715,
        "3": 0.05583642814781325,
        "4": 0.03972588003937842,
        "5": 0.11157274326915659,
        "6": 0.09575052591077386,
        "7": 0.07918265164000268,
        "8": 0.1285484908541454,
        "9": 0.15228954205591552,
        "10": 0.058837534615716496,
        "11": 0.058425729981027026
    },
    "best_objective": 82.09104061234764,
    "classes": [
        "0",
        "1",
        "2",
        "3",
        "4",
        "5",
        "6",
        "7",
        "8",
        "9",
        "10",
        "11"
    ],
    "resources": [
        "0",
        "1",
        "2",
        "3",
        "4",
        "5",
        "6",
        "7",
        "8",
        "9"
    ],
    "demands": {
        "5_0": 0.0181,
        "7_0": 0.58404,
        "8_0": 0.23498,
        "10_0": 0.42316,
        "0_1": 0.46857,
        "3_1": 0.04963,
        "6_1": 0.09697,
        "8_1": 0.16411,
        "1_2": 0.14512,
        "3_2": 0.3986,
        "7_2": 0.41622,
        "10_2": 0.32777,
        "11_2": 0.50053,
        "0_3": 0.68955,
        "1_3": 0.00561,
        "6_3": 0.37698,
        "7_3": 0.52651,
        "9_3": 0.18548,
        "0_4": 0.44742,
        "2_4": 0.06038,
        "5_4": 0.21233,
        "6_4": 0.07552,
        "8_4": 0.02877,
        "9_4": 0.07899,
        "10_4": 0.30762,
        "0_5": 1.1493,
        "2_5": 2.12552,
        "3_6": 0.64038,
        "4_6": 0.12294,
        "5_6": 0.26692,
        "8_6": 0.11609,
        "10_6": 0.87548,
        "11_6": 0.02563,
        "1_7": 0.21249,
        "4_7": 0.5403,
        "5_7": 0.2551,
        "6_7": 0.01977,
        "11_7": 0.36249,
        "2_8": 0.73455,
        "6_8": 0.06622,
        "10_8": 0.45858,
        "11_8": 0.58424,
        "0_9": 0.06315,
        "3_9": 0.20483,
        "5_9": 0.05082,
        "6_9": 0.10476,
        "8_9": 0.0871,
        "11_9": 0.21305
    },
    "best": {
        "0": 6.941735736950399,
        "1": 7.889790239374786,
        "2": 7.75738544255145,
        "3": 10.009820533909942,
        "4": 9.676489994739267,
        "5": 12.69737472356534,
        "6": 9.974513060256003,
        "7": 4.249000749042006,
        "8": 8.633157447020318,
        "9": 4.261772684938104
    },
    "best_mrt": [
        299.99999999996,
        79.45344399925034,
        277.9201557391534,
        185.37879462941768,
        161.39427918245556,
        138.08095275604455,
        102.62024832112314,
        209.2081546378373,
        96.9179539721304,
        28.93947370997192,
        299.9999999995277,
        299.99999999945635
    ],
    "SLA": 300
}