{
    "throughput": 6.0,
    "class_probs": {
        "0": 0.02993000593906308,
        "1": 0.03782455372304299,
        "2": 0.05477501643558562,
        "3": 0.055541250231835246,
        "4": 0.051513885032700345,
        "5": 0.03446625055218965,
        "6": 0.036911106190731985,
        "7": 0.014991901862656514,
        "8": 0.010988805793926252,
        "9": 0.02124359561346283,
        "10": 0.04380160934937814,
        "11": 0.024083436900114195,
        "12": 0.03281862250415163,
        "13": 0.043892044596254357,
        "14": 0.02200359673246571,
        "15": 0.007975176784242678,
        "16": 0.050187478194642726,
        "17": 0.05312472924742796,
        "18": 0.011100423272166305,
        "19": 0.014406211881068925,
        "20": 0.029136119883211402,
        "21": 0.044953555863900485,
        "22": 0.05248493496680966,
        "23": 0.058631682294808175,
        "24": 0.03963493115093895,
        "25": 0.0139922754060966,
        "26": 0.010210414862565723,
        "27": 0.03737922693733034,
        "28": 0.03158926817954365,
        "29": 0.030407889617687936
    },
    "best_objective": 346.2343882934044,
    "classes": [
        "0",
        "1",
        "2",
        "3",
        "4",
        "5",
        "6",
        "7",
        "8",
        "9",
        "10",
        "11",
        "12",
        "13",
        "14",
        "15",
        "16",
        "17",
        "18",
        "19",
        "20",
        "21",
        "22",
        "23",
        "24",
        "25",
        "26",
        "27",
        "28",
        "29"
    ],
    "resources": [
        "0",
        "1",
        "2",
        "3",
        "4",
        "5",
        "6",
        "7",
        "8",
        "9",
        "10",
        "11",
        "12",
        "13",
        "14",
        "15",
        "16",
        "17",
        "18",
        "19"
    ],
    "demands": {
        "2_0": 2.42158,
        "21_0": 0.34865,
        "0_1": 0.39087,
        "4_1": 0.30713,
        "16_1": 0.35407,
        "23_1": 0.1445,
        "3_2": 0.46065,
        "9_2": 0.86939,
        "10_2": 0.45178,
        "13_2": 0.17626,
        "14_2": 0.46009,
        "15_2": 1.83401,
        "28_2": 0.15108,
        "0_3": 0.01474,
        "3_3": 0.11267,
        "7_3": 0.7802,
        "8_3": 2.16766,
        "16_3": 0.46804,
        "19_3": 0.27693,
        "4_4": 0.52001,
        "21_4": 0.57459,
        "22_4": 0.47865,
        "25_4": 0.40468,
        "29_4": 1.02119,
        "0_5": 0.16676,
        "1_5": 0.08556,
        "2_5": 0.14457,
        "6_5": 0.0686,
        "9_5": 0.41219,
        "11_5": 0.14379,
        "25_5": 0.56085,
        "28_5": 0.1703,
        "29_5": 0.27406,
        "0_6": 0.02196,
        "2_6": 0.37609,
        "4_6": 0.05469,
        "9_6": 0.99095,
        "14_6": 0.90132,
        "15_6": 1.28046,
        "16_6": 0.55456,
        "18_6": 1.24913,
        "23_6": 0.47842,
        "1_7": 1.11343,
        "11_7": 0.84541,
        "13_7": 0.24711,
        "14_7": 0.60274,
        "20_7": 0.7325,
        "26_7": 3.20313,
        "1_8": 0.58053,
        "6_8": 0.36052,
        "8_8": 1.18152,
        "10_8": 0.27422,
        "25_8": 0.09759,
        "26_8": 1.54883,
        "0_9": 0.41414,
        "6_9": 0.06249,
        "12_9": 0.32034,
        "13_9": 0.19962,
        "14_9": 0.56727,
        "17_9": 0.1749,
        "18_9": 0.16889,
        "19_9": 0.1365,
        "24_9": 0.30096,
        "26_9": 0.30567,
        "5_10": 0.51063,
        "7_10": 1.36518,
        "8_10": 2.41726,
        "14_10": 0.28564,
        "16_10": 0.52888,
        "18_10": 1.11477,
        "26_10": 0.4908,
        "3_11": 0.46726,
        "5_11": 0.73689,
        "12_11": 0.69464,
        "27_11": 0.67658,
        "28_11": 1.102,
        "29_11": 0.34961,
        "0_12": 0.29785,
        "3_12": 0.16551,
        "5_12": 0.54465,
        "12_12": 0.57208,
        "14_12": 0.98353,
        "15_12": 0.70796,
        "16_12": 0.22662,
        "17_12": 0.3676,
        "18_12": 0.82983,
        "21_12": 0.37322,
        "29_12": 0.08867,
        "1_13": 0.30333,
        "3_13": 0.0531,
        "6_13": 0.30334,
        "15_13": 1.70388,
        "16_13": 0.32671,
        "18_13": 0.87997,
        "20_13": 0.36639,
        "23_13": 0.05346,
        "24_13": 0.55323,
        "2_14": 0.35223,
        "3_14": 0.4422,
        "25_14": 1.18595,
        "26_14": 0.81763,
        "12_15": 0.5216,
        "13_15": 0.61907,
        "20_15": 0.75517,
        "22_15": 0.04074,
        "29_15": 0.94978,
        "10_16": 0.41646,
        "21_16": 0.80486,
        "22_16": 0.55282,
        "24_16": 0.8016,
        "27_16": 0.2058,
        "29_16": 0.66481,
        "8_17": 0.34812,
        "13_17": 0.69959,
        "15_17": 1.91312,
        "28_17": 0.77016,
        "1_18": 0.30605,
        "2_18": 0.42483,
        "12_18": 0.51392,
        "13_18": 0.17662,
        "17_18": 0.4565,
        "21_18": 0.08632,
        "28_18": 0.44561,
        "29_18": 0.19354,
        "10_19": 0.10255,
        "11_19": 0.79566,
        "17_19": 0.61818,
        "21_19": 0.65449,
        "26_19": 0.42627
    },
    "best": {
        "0": 13.43855944612845,
        "1": 2.114380106096296,
        "2": 27.29403069884483,
        "3": 17.16314302636841,
        "4": 15.128836171419922,
        "5": 8.400345180495064,
        "6": 23.82028149254773,
        "7": 32.799304565841574,
        "8": 25.847428240698516,
        "9": 10.319386322373864,
        "10": 22.350320655494045,
        "11": 9.31952255603962,
        "12": 18.03348027117986,
        "13": 26.387391309069926,
        "14": 17.252145506260224,
        "15": 14.511878497405876,
        "16": 12.511392553400347,
        "17": 28.503376168763516,
        "18": 8.840193440790305,
        "19": 12.198992084186003
    },
    "best_mrt": [
        299.8961225457537,
        117.40832882270199,
        300.00000000000006,
        117.23935862244781,
        209.79750513788602,
        142.48248552133387,
        40.78401938554983,
        109.61711195175764,
        300.00000000000006,
        126.73229431759275,
        72.26834993963139,
        112.49308099401738,
        248.1191793480756,
        125.49286169781473,
        203.2797443193195,
        300.00000000000006,
        299.99999999999994,
        147.85150440185407,
        205.43874479209353,
        30.36572556655967,
        91.35380303676155,
        225.0438330217815,
        83.50911022309761,
        103.56402430037275,
        120.73767327650204,
        171.65689545347482,
        300.0,
        97.72746970434912,
        238.958725609423,
        300.00000000000017
    ],
    "SLA": 300
}