{
    "throughput": 10.0,
    "class_probs": {
        "0": 0.05655860728310644,
        "1": 0.038757379450901575,
        "2": 0.03362940787358029,
        "3": 0.06042633581662934,
        "4": 0.05693632219952094,
        "5": 0.04110977171744781,
        "6": 0.06273855106328759,
        "7": 0.05043763171691233,
        "8": 0.031507100841784076,
        "9": 0.06284784333088513,
        "10": 0.019904361860198734,
        "11": 0.010496073890981042,
        "12": 0.026207089973705446,
        "13": 0.01525992082183069,
        "14": 0.04952884284059824,
        "15": 0.00900279159190073,
        "16": 0.01487510233927077,
        "17": 0.012454341489244715,
        "18": 0.03834475160468589,
        "19": 0.010621605782625035,
        "20": 0.038188339535032756,
        "21": 0.0305297240792712,
        "22": 0.043075214302838234,
        "23": 0.007468310361242575,
        "24": 0.016996637244574085,
        "25": 0.023088925150263104,
        "26": 0.02399718074606192,
        "27": 0.027798582568667848,
        "28": 0.057648012762506466,
        "29": 0.02956523976044505
    },
    "best_objective": 334.718106326374,
    "classes": [
        "0",
        "1",
        "2",
        "3",
        "4",
        "5",
        "6",
        "7",
        "8",
        "9",
        "10",
        "11",
        "12",
        "13",
        "14",
        "15",
        "16",
        "17",
        "18",
        "19",
        "20",
        "21",
        "22",
        "23",
        "24",
        "25",
        "26",
        "27",
        "28",
        "29"
    ],
    "resources": [
        "0",
        "1",
        "2",
        "3",
        "4",
        "5",
        "6",
        "7",
        "8",
        "9",
        "10",
        "11",
        "12",
        "13",
        "14",
        "15",
        "16",
        "17",
        "18",
        "19"
    ],
    "demands": {
        "3_0": 0.26673,
        "15_0": 0.14108,
        "16_0": 0.39139,
        "25_0": 0.68033,
        "0_1": 0.26248,
        "1_1": 0.22149,
        "2_1": 0.2532,
        "8_1": 0.41851,
        "9_1": 0.02905,
        "25_1": 0.0019,
        "26_1": 0.35572,
        "29_1": 0.40792,
        "12_2": 0.93061,
        "23_2": 7.04272,
        "1_3": 0.22555,
        "2_3": 0.43901,
        "4_3": 0.3142,
        "5_3": 0.18274,
        "6_3": 0.16154,
        "14_3": 0.45739,
        "1_4": 0.25955,
        "4_4": 0.00183,
        "8_4": 0.18322,
        "9_4": 0.15795,
        "21_4": 0.55466,
        "22_4": 0.36726,
        "23_4": 0.43479,
        "13_5": 0.02498,
        "23_5": 3.58781,
        "27_5": 0.54612,
        "29_5": 0.39316,
        "10_6": 0.63969,
        "11_6": 2.33755,
        "14_6": 0.59614,
        "24_6": 0.46219,
        "0_7": 0.31017,
        "10_7": 0.19921,
        "13_7": 0.50403,
        "21_7": 0.12666,
        "2_8": 0.04052,
        "3_8": 0.06812,
        "4_8": 0.12257,
        "12_8": 0.13493,
        "13_8": 0.38288,
        "14_8": 0.0318,
        "17_8": 0.40997,
        "20_8": 0.05592,
        "24_8": 0.16981,
        "29_8": 0.2641,
        "5_9": 0.25593,
        "6_9": 0.16637,
        "9_9": 0.12415,
        "15_9": 1.60453,
        "17_9": 0.51004,
        "19_9": 0.95805,
        "4_10": 0.19139,
        "7_10": 0.15461,
        "10_10": 0.13918,
        "13_10": 0.15464,
        "19_10": 0.19663,
        "22_10": 0.16524,
        "25_10": 0.15943,
        "26_10": 0.06344,
        "1_11": 0.19004,
        "3_11": 0.05218,
        "11_11": 0.3556,
        "15_11": 0.70412,
        "16_11": 0.53838,
        "18_11": 0.00799,
        "19_11": 0.1401,
        "24_11": 0.10408,
        "4_12": 0.18321,
        "5_12": 0.15262,
        "8_12": 0.42056,
        "11_12": 0.00266,
        "13_12": 0.18232,
        "14_12": 0.15209,
        "16_12": 0.00326,
        "27_12": 0.49611,
        "29_12": 1.01517,
        "1_13": 0.21542,
        "3_13": 0.02867,
        "5_13": 0.42586,
        "9_13": 0.10651,
        "10_13": 0.35165,
        "20_13": 0.69599,
        "23_13": 1.55676,
        "0_14": 0.23168,
        "1_14": 0.41454,
        "4_14": 0.21483,
        "6_14": 0.17108,
        "8_14": 0.46638,
        "11_14": 0.80985,
        "15_14": 0.19591,
        "2_15": 0.38059,
        "5_15": 0.00657,
        "9_15": 0.25954,
        "12_15": 0.00031,
        "16_15": 0.61371,
        "18_15": 0.20409,
        "19_15": 2.01571,
        "21_15": 0.36186,
        "0_16": 0.11937,
        "2_16": 0.22187,
        "7_16": 0.15387,
        "12_16": 0.3209,
        "15_16": 0.47187,
        "20_16": 0.12921,
        "23_16": 0.89741,
        "29_16": 0.2834,
        "19_17": 2.27749,
        "24_17": 0.81631,
        "26_17": 0.89219,
        "28_17": 0.43813,
        "3_18": 0.11674,
        "9_18": 0.03628,
        "13_18": 0.3052,
        "14_18": 0.09233,
        "15_18": 0.79981,
        "16_18": 0.57287,
        "20_18": 0.17425,
        "22_18": 0.15839,
        "24_18": 0.08094,
        "29_18": 0.04696,
        "2_19": 0.03614,
        "7_19": 0.04396,
        "8_19": 0.16635,
        "20_19": 0.11231,
        "21_19": 0.38606,
        "22_19": 0.30071,
        "26_19": 0.13444,
        "27_19": 0.43812,
        "28_19": 0.25291
    },
    "best": {
        "0": 4.3926434250509105,
        "1": 5.423295404773453,
        "2": 65.66248414106803,
        "3": 3.1056980264482603,
        "4": 16.742345407737204,
        "5": 47.112195974710474,
        "6": 13.80113568897628,
        "7": 3.901988186283046,
        "8": 5.189178099935257,
        "9": 19.862019456459247,
        "10": 6.914638097747301,
        "11": 11.87731296817383,
        "12": 8.409173174132336,
        "13": 31.30443093681658,
        "14": 9.787612855480665,
        "15": 20.83438216156597,
        "16": 25.171702826904273,
        "17": 22.034941408360286,
        "18": 10.546895870709092,
        "19": 2.6440322150415327
    },
    "best_mrt": [
        172.68225598948857,
        230.78199200747937,
        300.00000001299094,
        97.96946420951954,
        240.3942246637416,
        127.58146403059249,
        98.19010315507583,
        52.26399150106717,
        291.3814823739044,
        42.41079086300129,
        137.61374366617707,
        300.00000003502845,
        55.64099388813873,
        300.00000011275927,
        281.4595232139737,
        300.00000027268896,
        232.44766003228935,
        112.32031209086169,
        10.872329032754504,
        300.0000000323845,
        114.21376023115498,
        284.1697445758543,
        216.71194474333788,
        300.00000001065433,
        126.55627872525032,
        194.74190823263618,
        195.09359155581893,
        300.0000000217978,
        149.2446626729444,
        300.0000000935409
    ],
    "SLA": 300
}