{
    "throughput": 6.0,
    "class_probs": {
        "0": 0.02150871622608529,
        "1": 0.022339777371443506,
        "2": 0.03999697501727761,
        "3": 0.021322718530173056,
        "4": 0.0488837898735798,
        "5": 0.04580505617393358,
        "6": 0.040552694656286144,
        "7": 0.04144238506623877,
        "8": 0.023888192801382838,
        "9": 0.02458602297086048,
        "10": 0.041053832452226505,
        "11": 0.022659883269227733,
        "12": 0.05238804123836743,
        "13": 0.02853014872517226,
        "14": 0.051840900630888094,
        "15": 0.009998073175755169,
        "16": 0.020933979194281957,
        "17": 0.029298280169202127,
        "18": 0.04503102886195574,
        "19": 0.03337602689083618,
        "20": 0.05119419952334784,
        "21": 0.026275990072544553,
        "22": 0.04327653566336847,
        "23": 0.030279045071420544,
        "24": 0.028022767908045743,
        "25": 0.021855587858073372,
        "26": 0.030140705611348614,
        "27": 0.0279180809569677,
        "28": 0.029223247280330253,
        "29": 0.04637731675937878
    },
    "best_objective": 321.9981630648683,
    "classes": [
        "0",
        "1",
        "2",
        "3",
        "4",
        "5",
        "6",
        "7",
        "8",
        "9",
        "10",
        "11",
        "12",
        "13",
        "14",
        "15",
        "16",
        "17",
        "18",
        "19",
        "20",
        "21",
        "22",
        "23",
        "24",
        "25",
        "26",
        "27",
        "28",
        "29"
    ],
    "resources": [
        "0",
        "1",
        "2",
        "3",
        "4",
        "5",
        "6",
        "7",
        "8",
        "9",
        "10",
        "11",
        "12",
        "13",
        "14",
        "15",
        "16",
        "17",
        "18",
        "19"
    ],
    "demands": {
        "4_0": 0.22649,
        "7_0": 0.94212,
        "21_0": 1.54594,
        "25_0": 1.47072,
        "26_0": 0.64928,
        "27_0": 0.18862,
        "5_1": 0.35144,
        "7_1": 0.27715,
        "9_1": 0.84983,
        "12_1": 0.28539,
        "13_1": 0.36104,
        "18_1": 0.18967,
        "19_1": 0.22396,
        "24_1": 0.78492,
        "26_1": 0.17401,
        "27_1": 0.40883,
        "5_2": 0.01628,
        "6_2": 0.59578,
        "7_2": 0.15271,
        "9_2": 0.76548,
        "12_2": 0.02561,
        "16_2": 1.15843,
        "23_2": 0.06502,
        "1_3": 0.37905,
        "4_3": 0.00823,
        "5_3": 0.25476,
        "7_3": 0.23916,
        "10_3": 0.27305,
        "11_3": 0.09906,
        "17_3": 0.32488,
        "19_3": 0.45625,
        "27_3": 0.71446,
        "29_3": 0.28444,
        "0_4": 1.1181,
        "5_4": 0.16462,
        "15_4": 2.96868,
        "17_4": 0.41269,
        "18_4": 0.01857,
        "27_4": 0.81211,
        "29_4": 0.39804,
        "0_5": 0.38859,
        "17_5": 0.95478,
        "22_5": 0.27928,
        "28_5": 1.12383,
        "29_5": 0.33734,
        "2_6": 0.08366,
        "6_6": 0.11704,
        "10_6": 0.15353,
        "15_6": 0.77808,
        "16_6": 0.41641,
        "21_6": 0.25111,
        "22_6": 0.0924,
        "23_6": 0.18139,
        "26_6": 0.0091,
        "28_6": 0.03974,
        "29_6": 0.24343,
        "1_7": 1.55611,
        "4_7": 0.97315,
        "10_7": 0.80119,
        "13_7": 0.4536,
        "25_7": 0.04162,
        "3_8": 1.90431,
        "10_8": 0.18017,
        "16_8": 1.65052,
        "17_8": 0.3241,
        "19_8": 0.81878,
        "28_8": 0.11924,
        "5_9": 0.38255,
        "11_9": 0.19685,
        "18_9": 0.57237,
        "21_9": 0.07472,
        "22_9": 0.57607,
        "1_10": 0.48037,
        "9_10": 0.68687,
        "13_10": 0.60945,
        "14_10": 0.03542,
        "16_10": 0.01154,
        "28_10": 0.04546,
        "29_10": 0.32704,
        "1_11": 2.15905,
        "4_11": 0.06584,
        "6_11": 0.21927,
        "9_11": 0.60713,
        "19_11": 1.21525,
        "28_11": 0.75042,
        "2_12": 0.57674,
        "26_12": 1.62379,
        "3_13": 0.03641,
        "4_13": 0.64003,
        "10_13": 0.6584,
        "14_13": 0.11294,
        "16_13": 1.41061,
        "17_13": 0.4936,
        "21_13": 0.23462,
        "23_13": 0.13921,
        "25_13": 0.68929,
        "10_14": 1.3458,
        "11_14": 0.28199,
        "13_14": 1.33516,
        "15_14": 0.88925,
        "22_14": 0.11041,
        "23_14": 0.41409,
        "3_15": 0.31821,
        "6_15": 0.06263,
        "11_15": 0.39204,
        "12_15": 0.19749,
        "14_15": 0.05216,
        "16_15": 0.45755,
        "21_15": 0.38994,
        "24_15": 0.07845,
        "7_16": 0.53764,
        "12_16": 0.15169,
        "13_16": 0.90068,
        "15_16": 1.74316,
        "29_16": 0.50308,
        "8_17": 0.96664,
        "12_17": 0.642,
        "21_17": 1.42133,
        "22_17": 0.33655,
        "27_17": 0.43606,
        "7_18": 0.70956,
        "12_18": 0.07617,
        "16_18": 1.99514,
        "18_18": 1.01875,
        "20_18": 0.04801,
        "25_18": 0.98924,
        "3_19": 0.24898,
        "4_19": 0.59533,
        "5_19": 0.41301,
        "7_19": 0.63111,
        "9_19": 0.05158,
        "17_19": 0.96842,
        "23_19": 0.67084
    },
    "best": {
        "0": 14.745847790739397,
        "1": 6.132705222954846,
        "2": 22.12247405750772,
        "3": 9.952119714592342,
        "4": 27.5200045095787,
        "5": 9.360998714281568,
        "6": 19.5690015769681,
        "7": 16.603539934098965,
        "8": 26.52454551315687,
        "9": 3.3173179683844034,
        "10": 10.398762065589771,
        "11": 19.905961001993088,
        "12": 7.805261085342078,
        "13": 25.538274051635007,
        "14": 15.094906649161391,
        "15": 15.154108863205035,
        "16": 20.656405631211584,
        "17": 13.239592443214894,
        "18": 28.65930528490536,
        "19": 9.697030986347182
    },
    "best_mrt": [
        85.93727683804131,
        300.00000000052245,
        82.57596597176195,
        124.68084674354296,
        174.76892801903134,
        279.3185091225806,
        49.31694832945602,
        275.37763926282287,
        77.24016267021749,
        300.0000000015397,
        215.29942753401437,
        125.30069080379886,
        129.31321765832868,
        294.80014704342017,
        11.618595413514523,
        300.000000001572,
        300.00000000554434,
        300.0000000119167,
        272.19692444077504,
        186.0529225554104,
        1.7276863498681951,
        300.0000000079978,
        271.9747043701767,
        122.15402196075723,
        151.66556860585723,
        172.2144724435583,
        300.0000000007494,
        231.44878273203503,
        178.56729810768758,
        154.08698889967488
    ],
    "SLA": 300
}