{
    "throughput": 9.0,
    "class_probs": {
        "0": 0.016553500773245272,
        "1": 0.054501480520844144,
        "2": 0.011618811292338122,
        "3": 0.021879119018468948,
        "4": 0.013383290403633697,
        "5": 0.024419565453092613,
        "6": 0.009075326338068481,
        "7": 0.057984266797303424,
        "8": 0.022775186839379135,
        "9": 0.016429642173046478,
        "10": 0.04115501176542641,
        "11": 0.026667379094549852,
        "12": 0.04016505549337727,
        "13": 0.025087854840027828,
        "14": 0.025977648278517146,
        "15": 0.042355899139001486,
        "16": 0.04532312080545534,
        "17": 0.05161403579629511,
        "18": 0.03125372655213683,
        "19": 0.04171932961890319,
        "20": 0.0345709454767852,
        "21": 0.04658410260301307,
        "22": 0.050824114451109896,
        "23": 0.019172464903286904,
        "24": 0.046458572193961024,
        "25": 0.02680220609180618,
        "26": 0.020851989151794835,
        "27": 0.046975106503631875,
        "28": 0.04171491823394208,
        "29": 0.0461063293975583
    },
    "best_objective": 226.25779381790792,
    "classes": [
        "0",
        "1",
        "2",
        "3",
        "4",
        "5",
        "6",
        "7",
        "8",
        "9",
        "10",
        "11",
        "12",
        "13",
        "14",
        "15",
        "16",
        "17",
        "18",
        "19",
        "20",
        "21",
        "22",
        "23",
        "24",
        "25",
        "26",
        "27",
        "28",
        "29"
    ],
    "resources": [
        "0",
        "1",
        "2",
        "3",
        "4",
        "5",
        "6",
        "7",
        "8",
        "9",
        "10",
        "11",
        "12",
        "13",
        "14",
        "15",
        "16",
        "17",
        "18",
        "19"
    ],
    "demands": {
        "2_0": 0.20913,
        "5_0": 0.37343,
        "7_0": 0.0033,
        "11_0": 0.649,
        "12_0": 0.3966,
        "23_0": 0.04799,
        "28_0": 0.30361,
        "29_0": 0.26874,
        "3_1": 0.96173,
        "12_1": 1.53624,
        "2_2": 1.27521,
        "7_2": 0.33915,
        "20_2": 0.05802,
        "22_2": 0.38121,
        "23_2": 0.20414,
        "24_2": 0.29983,
        "29_2": 0.03978,
        "10_3": 0.8692,
        "15_3": 1.47657,
        "4_4": 0.96343,
        "17_4": 0.3592,
        "20_4": 0.33973,
        "27_4": 0.28552,
        "1_5": 0.12609,
        "2_5": 0.63517,
        "8_5": 0.46337,
        "12_5": 0.2472,
        "22_5": 0.06036,
        "24_5": 0.32245,
        "26_5": 0.73692,
        "5_6": 0.79636,
        "6_6": 0.78951,
        "8_6": 0.45396,
        "11_6": 0.71992,
        "13_6": 0.44832,
        "23_6": 0.37571,
        "24_6": 0.39021,
        "3_7": 0.24982,
        "12_7": 0.32682,
        "13_7": 0.23366,
        "17_7": 0.14381,
        "20_7": 0.30813,
        "21_7": 0.16717,
        "23_7": 0.62538,
        "25_7": 0.50421,
        "5_8": 0.10022,
        "6_8": 0.03619,
        "8_8": 0.16882,
        "11_8": 0.01358,
        "12_8": 0.00567,
        "13_8": 0.17241,
        "15_8": 0.03885,
        "17_8": 0.06862,
        "21_8": 0.10381,
        "23_8": 0.22968,
        "24_8": 0.07028,
        "28_8": 0.1037,
        "10_9": 0.48669,
        "19_9": 0.60403,
        "20_9": 0.61797,
        "24_9": 0.27989,
        "27_9": 0.36099,
        "2_10": 3.23747,
        "9_10": 0.95426,
        "14_10": 0.73631,
        "1_11": 0.02672,
        "4_11": 1.23645,
        "7_11": 0.27374,
        "9_11": 0.38196,
        "15_11": 0.16767,
        "26_11": 0.08745,
        "29_11": 0.00461,
        "5_12": 0.63369,
        "12_12": 0.57168,
        "16_12": 0.55405,
        "19_12": 0.77646,
        "10_13": 0.24433,
        "18_13": 0.53742,
        "19_13": 0.2026,
        "20_13": 0.29678,
        "23_13": 0.56077,
        "26_13": 0.90468,
        "27_13": 0.12054,
        "28_13": 0.31959,
        "29_13": 0.04705,
        "11_14": 0.62411,
        "16_14": 0.65089,
        "28_14": 0.57355,
        "0_15": 0.69667,
        "5_15": 0.5533,
        "8_15": 0.50194,
        "13_15": 0.22623,
        "14_15": 0.11568,
        "15_15": 0.05989,
        "17_15": 0.0383,
        "22_15": 0.1941,
        "25_15": 0.45255,
        "28_15": 0.10528,
        "0_16": 0.24333,
        "12_16": 0.29077,
        "18_16": 0.11703,
        "19_16": 0.3961,
        "22_16": 0.31298,
        "24_16": 0.20046,
        "2_17": 1.35822,
        "3_17": 0.90819,
        "8_17": 0.29754,
        "9_17": 0.23555,
        "14_17": 0.16585,
        "22_17": 0.41427,
        "27_17": 0.13648,
        "28_17": 0.05979,
        "3_18": 0.13958,
        "6_18": 0.7923,
        "10_18": 0.69442,
        "13_18": 0.74544,
        "17_18": 0.41186,
        "26_18": 0.80888,
        "3_19": 0.84653,
        "15_19": 0.08438,
        "22_19": 0.0589,
        "26_19": 0.52997,
        "27_19": 0.33009
    },
    "best": {
        "0": 13.12422795269159,
        "1": 15.289947624755118,
        "2": 19.541018660578956,
        "3": 8.11662700354806,
        "4": 7.128741341203999,
        "5": 17.268476508902758,
        "6": 9.521296018131151,
        "7": 7.391203563733392,
        "8": 3.2020400531109954,
        "9": 6.2804306885680425,
        "10": 30.704278156967785,
        "11": 8.448899967983966,
        "12": 12.038843050847051,
        "13": 10.660962660634889,
        "14": 4.520082201913297,
        "15": 7.033044758257559,
        "16": 6.877981478963647,
        "17": 20.190464719080325,
        "18": 11.556679453092245,
        "19": 7.362547954943114
    },
    "best_mrt": [
        148.18991442316363,
        10.908429599484233,
        300.00000000000017,
        285.78990785666656,
        300.00000000000006,
        300.0000000000008,
        177.4414151607511,
        52.4405891833386,
        232.64246146410542,
        91.56754191372652,
        300.00000000000045,
        300.0000000000017,
        299.99999999998795,
        251.21839968476573,
        51.24256518654962,
        260.1850448071099,
        216.92496159734083,
        143.9015627483297,
        73.36708005675185,
        264.3816423387222,
        244.82798108614617,
        60.713806212174994,
        133.69044595208507,
        287.59120435837616,
        187.81141752152288,
        146.44042339148234,
        300.00000000000017,
        177.0162425421984,
        259.8238775311376,
        29.012889473128517
    ],
    "SLA": 300
}