{
    "throughput": 6.0,
    "class_probs": {
        "0": 0.03454288146815287,
        "1": 0.03560877641890748,
        "2": 0.04461968514430589,
        "3": 0.012115954959673256,
        "4": 0.009575900620331229,
        "5": 0.024858017547646577,
        "6": 0.05391479946199576,
        "7": 0.008413415826771504,
        "8": 0.05659395667822819,
        "9": 0.012478968747691914,
        "10": 0.03617404029656152,
        "11": 0.038243199187217976,
        "12": 0.05222482501573669,
        "13": 0.03383396900676029,
        "14": 0.0089708344999549,
        "15": 0.030695906142619144,
        "16": 0.014691594778500003,
        "17": 0.041861956530594005,
        "18": 0.02074487468673272,
        "19": 0.02806482003151712,
        "20": 0.03109762773029177,
        "21": 0.05311783813920044,
        "22": 0.031343597342096276,
        "23": 0.036699632197600716,
        "24": 0.011339573493141242,
        "25": 0.04927306921878738,
        "26": 0.045477558197514624,
        "27": 0.0526646508578601,
        "28": 0.05655249964815392,
        "29": 0.034205576125454516
    },
    "best_objective": 464.16181216045663,
    "classes": [
        "0",
        "1",
        "2",
        "3",
        "4",
        "5",
        "6",
        "7",
        "8",
        "9",
        "10",
        "11",
        "12",
        "13",
        "14",
        "15",
        "16",
        "17",
        "18",
        "19",
        "20",
        "21",
        "22",
        "23",
        "24",
        "25",
        "26",
        "27",
        "28",
        "29"
    ],
    "resources": [
        "0",
        "1",
        "2",
        "3",
        "4",
        "5",
        "6",
        "7",
        "8",
        "9",
        "10",
        "11",
        "12",
        "13",
        "14",
        "15",
        "16",
        "17",
        "18",
        "19"
    ],
    "demands": {
        "4_0": 1.77914,
        "7_0": 0.56803,
        "9_0": 1.23605,
        "17_0": 0.29314,
        "21_0": 0.04384,
        "28_0": 0.62756,
        "3_1": 0.94083,
        "7_1": 0.47315,
        "10_1": 0.68471,
        "12_1": 0.1274,
        "13_1": 0.30902,
        "14_1": 1.64082,
        "16_1": 0.34806,
        "20_1": 0.35148,
        "22_1": 0.26534,
        "25_1": 0.22266,
        "1_2": 0.29357,
        "2_2": 0.14821,
        "10_2": 0.37464,
        "12_2": 0.14429,
        "14_2": 0.79874,
        "15_2": 0.15785,
        "16_2": 0.58585,
        "24_2": 1.1444,
        "27_2": 0.2039,
        "28_2": 0.18556,
        "29_2": 0.28986,
        "5_3": 0.40335,
        "6_3": 0.49871,
        "10_3": 0.386,
        "16_3": 1.64727,
        "20_3": 0.27361,
        "23_4": 0.29765,
        "27_4": 1.90831,
        "5_5": 0.50863,
        "9_5": 0.92356,
        "12_5": 0.32269,
        "20_5": 0.26115,
        "28_5": 0.21898,
        "15_6": 0.35517,
        "18_6": 0.31274,
        "24_6": 3.88824,
        "2_7": 0.19092,
        "11_7": 0.19611,
        "21_7": 0.16508,
        "24_7": 1.88292,
        "25_7": 0.02788,
        "26_7": 0.47105,
        "28_7": 0.49836,
        "5_8": 0.44332,
        "8_8": 0.4375,
        "11_8": 0.34984,
        "19_8": 0.5844,
        "22_8": 1.12505,
        "27_8": 0.54841,
        "29_8": 0.15667,
        "1_9": 0.06949,
        "2_9": 0.29132,
        "8_9": 0.2369,
        "13_9": 0.33756,
        "17_9": 0.20724,
        "22_9": 0.43263,
        "28_9": 0.18371,
        "3_10": 3.32909,
        "4_10": 0.9878,
        "11_10": 0.15947,
        "22_10": 1.10009,
        "23_10": 0.96127,
        "25_10": 0.32223,
        "11_11": 0.91651,
        "20_11": 0.88681,
        "21_11": 0.7802,
        "24_11": 1.89182,
        "0_12": 0.30214,
        "7_12": 3.70395,
        "8_12": 0.29068,
        "9_12": 1.59809,
        "12_12": 0.49009,
        "14_12": 1.64533,
        "18_12": 1.13847,
        "1_13": 0.19795,
        "3_13": 1.88931,
        "9_13": 1.89651,
        "13_13": 0.76017,
        "16_13": 0.07806,
        "5_14": 1.16671,
        "13_14": 0.1396,
        "19_14": 0.80646,
        "21_14": 0.0649,
        "23_14": 0.00036,
        "8_15": 0.67728,
        "11_15": 0.36745,
        "13_15": 0.25644,
        "16_15": 1.58849,
        "27_15": 0.28599,
        "29_15": 0.82126,
        "0_16": 0.54232,
        "2_16": 0.57698,
        "6_16": 0.18559,
        "10_16": 0.56285,
        "11_16": 0.971,
        "23_16": 1.03529,
        "3_17": 0.66588,
        "5_17": 0.87726,
        "6_17": 0.39199,
        "9_17": 4.40944,
        "22_17": 0.29601,
        "4_18": 0.05603,
        "6_18": 0.13735,
        "14_18": 5.03765,
        "15_18": 0.96822,
        "18_18": 0.68191,
        "21_18": 0.04477,
        "27_18": 0.56347,
        "28_18": 0.04739,
        "3_19": 2.81225,
        "7_19": 0.64972,
        "9_19": 0.15904,
        "11_19": 0.17237,
        "21_19": 0.1853,
        "25_19": 0.26641,
        "26_19": 0.23356
    },
    "best": {
        "0": 23.61899089975863,
        "1": 26.29483150148734,
        "2": 25.442846650094335,
        "3": 12.800186237587665,
        "4": 10.575107463828568,
        "5": 20.809519673763482,
        "6": 36.749482326877164,
        "7": 26.016557577498254,
        "8": 10.066999336712383,
        "9": 3.8389987344509406,
        "10": 32.71103306901209,
        "11": 26.670833196584898,
        "12": 33.03069833606445,
        "13": 37.65158745156527,
        "14": 7.008167153287108,
        "15": 13.293504116802533,
        "16": 6.322574615851537,
        "17": 46.953326465190145,
        "18": 33.77486858716555,
        "19": 30.531698766874367
    },
    "best_mrt": [
        109.39797825593992,
        37.580634927910104,
        205.52284086770584,
        300.0,
        109.73696490853473,
        300.0000000000001,
        87.41181232653409,
        179.7734000900025,
        180.00407465243643,
        300.00000000000006,
        176.96431645751426,
        300.00000000000017,
        41.795912296903865,
        173.20306450993567,
        300.0,
        45.474826143304725,
        300.0000000000005,
        73.61988303445591,
        64.64939630852457,
        184.4190294110199,
        82.94211582750216,
        55.77773801154024,
        300.00000000000017,
        251.1864294552306,
        300.00000000000006,
        28.757972434839225,
        26.29518558779476,
        300.00000000000017,
        120.40121256589195,
        94.15397950682727
    ],
    "SLA": 300
}