{
    "throughput": 9.0,
    "class_probs": {
        "0": 0.010701051830332995,
        "1": 0.04728953431685217,
        "2": 0.01915332785835295,
        "3": 0.04090123259095272,
        "4": 0.04639290347305746,
        "5": 0.006420243390644509,
        "6": 0.04072268884527475,
        "7": 0.022192949512773816,
        "8": 0.01711498754796208,
        "9": 0.043264233882107976,
        "10": 0.03802623239430567,
        "11": 0.05259512563365261,
        "12": 0.04495341624440554,
        "13": 0.022421059494612375,
        "14": 0.022507804570474427,
        "15": 0.005902302075229989,
        "16": 0.02596042428834479,
        "17": 0.05815983745827467,
        "18": 0.028308325199025142,
        "19": 0.04625822833237878,
        "20": 0.009095257319995324,
        "21": 0.047522096584945016,
        "22": 0.03455990670028156,
        "23": 0.04536400966567417,
        "24": 0.05551940660580634,
        "25": 0.05500532254096253,
        "26": 0.028660142122968656,
        "27": 0.007147420716656271,
        "28": 0.03882256901699039,
        "29": 0.03905795978670427
    },
    "best_objective": 313.386926741237,
    "classes": [
        "0",
        "1",
        "2",
        "3",
        "4",
        "5",
        "6",
        "7",
        "8",
        "9",
        "10",
        "11",
        "12",
        "13",
        "14",
        "15",
        "16",
        "17",
        "18",
        "19",
        "20",
        "21",
        "22",
        "23",
        "24",
        "25",
        "26",
        "27",
        "28",
        "29"
    ],
    "resources": [
        "0",
        "1",
        "2",
        "3",
        "4",
        "5",
        "6",
        "7",
        "8",
        "9",
        "10",
        "11",
        "12",
        "13",
        "14",
        "15",
        "16",
        "17",
        "18",
        "19"
    ],
    "demands": {
        "1_0": 0.09217,
        "9_0": 0.09981,
        "13_0": 0.1941,
        "14_0": 0.39276,
        "19_0": 0.32443,
        "4_1": 0.09125,
        "6_1": 0.28901,
        "17_1": 0.14007,
        "24_1": 0.16301,
        "28_1": 0.36662,
        "5_2": 0.05595,
        "16_2": 0.78354,
        "21_2": 0.34058,
        "29_2": 0.167,
        "0_3": 0.90685,
        "1_3": 0.10451,
        "4_3": 0.28255,
        "17_3": 0.25395,
        "18_3": 0.0866,
        "22_3": 0.27054,
        "9_4": 0.8243,
        "15_4": 6.76373,
        "3_5": 0.29841,
        "9_5": 0.18413,
        "18_5": 0.22137,
        "20_5": 0.64731,
        "26_5": 0.61823,
        "6_6": 0.29599,
        "11_6": 0.42899,
        "12_6": 0.4862,
        "20_6": 2.64235,
        "25_6": 0.11474,
        "5_7": 1.48125,
        "9_7": 0.02538,
        "17_7": 0.15731,
        "23_7": 0.08973,
        "25_7": 0.24478,
        "11_8": 0.02123,
        "22_8": 1.78869,
        "27_8": 2.03303,
        "8_9": 2.1115,
        "19_9": 0.89454,
        "3_10": 0.18357,
        "7_10": 0.02127,
        "10_10": 0.12625,
        "11_10": 0.23785,
        "18_10": 0.51851,
        "19_10": 0.25017,
        "24_10": 0.24353,
        "26_10": 0.414,
        "28_10": 0.1845,
        "0_11": 0.01699,
        "2_11": 0.09256,
        "9_11": 0.16109,
        "10_11": 0.15681,
        "20_11": 3.45507,
        "22_11": 0.26246,
        "11_12": 0.173,
        "12_12": 0.02044,
        "13_12": 0.3617,
        "22_12": 0.12347,
        "23_12": 0.3528,
        "24_12": 0.31612,
        "3_13": 0.30191,
        "14_13": 0.52945,
        "19_13": 0.07121,
        "20_13": 1.10219,
        "22_13": 0.28637,
        "27_13": 0.19171,
        "29_13": 0.32882,
        "5_14": 6.69731,
        "7_14": 0.99535,
        "4_15": 0.34792,
        "7_15": 0.35717,
        "13_15": 0.65472,
        "15_15": 1.14698,
        "21_15": 0.00968,
        "7_16": 0.16795,
        "8_16": 0.15447,
        "9_16": 0.22378,
        "16_16": 0.53959,
        "27_16": 1.6539,
        "1_17": 0.18174,
        "9_17": 0.09435,
        "20_17": 1.78587,
        "23_17": 0.20762,
        "2_18": 0.44219,
        "7_18": 0.67576,
        "17_18": 0.18219,
        "24_18": 0.02431,
        "26_18": 0.61349,
        "4_19": 0.09762,
        "7_19": 0.35418,
        "11_19": 0.51159,
        "18_19": 0.22681
    },
    "best": {
        "0": 3.424884128840853,
        "1": 2.1466353183414872,
        "2": 3.544623020999483,
        "3": 3.5159212046971375,
        "4": 32.14600048739396,
        "5": 18.30573602580026,
        "6": 36.85641386590435,
        "7": 16.563779443162385,
        "8": 13.757502560546072,
        "9": 8.04775349133733,
        "10": 4.310507106496682,
        "11": 41.75207869249729,
        "12": 2.898421893500602,
        "13": 24.24142368870959,
        "14": 35.65322077086203,
        "15": 13.900593245099143,
        "16": 12.516397158730495,
        "17": 30.00269756062033,
        "18": 5.665484641637269,
        "19": 4.136852436060287
    },
    "best_mrt": [
        299.99999999999994,
        70.45358133828813,
        87.46821766248416,
        81.11498065210901,
        198.40479720301903,
        300.0000000000007,
        176.25895898368628,
        300.00000000022214,
        300.0,
        95.86297327359227,
        39.32751189516566,
        290.0099304607486,
        22.012351952189793,
        262.33089254386914,
        149.33640212468205,
        300.00000000083816,
        292.88050701623337,
        210.15108906360564,
        247.79656000127554,
        300.0000000000001,
        300.00000000000307,
        108.70292825392113,
        296.3402290939113,
        159.8445084273696,
        300.0000000008497,
        18.264254387511254,
        269.36248022003844,
        300.00000000000057,
        265.1007204212289,
        66.83181774054869
    ],
    "SLA": 300
}