{
    "throughput": 9.0,
    "class_probs": {
        "0": 0.04410480421958004,
        "1": 0.035735318384552656,
        "2": 0.03670629248821884,
        "3": 0.02969684507021818,
        "4": 0.02004211031297145,
        "5": 0.04985111473926712,
        "6": 0.04486481990106979,
        "7": 0.04277467062656571,
        "8": 0.029019503017074195,
        "9": 0.04909005094258212,
        "10": 0.03152988476295517,
        "11": 0.0058966994827538,
        "12": 0.04847769957860414,
        "13": 0.034953670014409986,
        "14": 0.04887206775320845,
        "15": 0.03555118794786898,
        "16": 0.025854424328832715,
        "17": 0.03400463156899851,
        "18": 0.0306375722888046,
        "19": 0.009180392986643303,
        "20": 0.018121501487914804,
        "21": 0.03952010759365132,
        "22": 0.03527453060754854,
        "23": 0.03990547007245817,
        "24": 0.02202259036237322,
        "25": 0.021476077056900203,
        "26": 0.0309736931082229,
        "27": 0.03382292440547497,
        "28": 0.023965672284069844,
        "29": 0.048073672606206375
    },
    "best_objective": 264.7948448859691,
    "classes": [
        "0",
        "1",
        "2",
        "3",
        "4",
        "5",
        "6",
        "7",
        "8",
        "9",
        "10",
        "11",
        "12",
        "13",
        "14",
        "15",
        "16",
        "17",
        "18",
        "19",
        "20",
        "21",
        "22",
        "23",
        "24",
        "25",
        "26",
        "27",
        "28",
        "29"
    ],
    "resources": [
        "0",
        "1",
        "2",
        "3",
        "4",
        "5",
        "6",
        "7",
        "8",
        "9",
        "10",
        "11",
        "12",
        "13",
        "14",
        "15",
        "16",
        "17",
        "18",
        "19"
    ],
    "demands": {
        "3_0": 0.76737,
        "8_0": 0.03678,
        "10_0": 0.19058,
        "19_0": 0.03612,
        "27_0": 0.61455,
        "2_1": 0.17336,
        "8_1": 0.3331,
        "13_1": 0.12309,
        "15_1": 0.06003,
        "22_1": 0.02977,
        "23_1": 0.13695,
        "29_1": 0.23186,
        "0_2": 0.42896,
        "7_2": 0.73818,
        "10_2": 0.85357,
        "15_2": 0.04623,
        "21_2": 0.31467,
        "23_2": 0.16567,
        "0_3": 0.41737,
        "3_3": 0.68066,
        "16_3": 0.21039,
        "20_3": 1.23717,
        "29_3": 0.34377,
        "2_4": 0.26128,
        "3_4": 0.03853,
        "6_4": 0.36754,
        "11_4": 1.59633,
        "13_4": 0.26063,
        "15_4": 0.57954,
        "22_4": 0.60643,
        "27_4": 0.33873,
        "12_5": 0.43281,
        "22_5": 0.17859,
        "24_5": 0.4629,
        "25_5": 0.38669,
        "11_6": 6.57069,
        "0_7": 0.2121,
        "3_7": 0.22661,
        "5_7": 0.11834,
        "6_7": 0.39386,
        "12_7": 0.27439,
        "17_7": 0.31214,
        "21_7": 0.3473,
        "9_8": 0.16549,
        "13_8": 0.73744,
        "16_8": 0.50001,
        "10_9": 0.12158,
        "11_9": 0.61709,
        "15_9": 0.92056,
        "22_9": 0.86063,
        "25_9": 0.50596,
        "1_10": 0.52315,
        "4_10": 1.04956,
        "6_10": 0.16222,
        "9_10": 0.19208,
        "13_10": 0.0204,
        "17_10": 0.29886,
        "27_10": 0.30457,
        "7_11": 0.55896,
        "19_11": 3.12602,
        "22_11": 0.24375,
        "29_11": 0.23454,
        "14_12": 0.2827,
        "20_12": 0.89967,
        "26_12": 0.47817,
        "28_12": 0.66623,
        "3_13": 0.75581,
        "10_13": 0.195,
        "18_13": 0.59267,
        "19_13": 0.64313,
        "21_13": 0.15045,
        "28_13": 0.25304,
        "29_13": 0.36046,
        "5_14": 0.10432,
        "10_14": 0.15283,
        "14_14": 0.02449,
        "15_14": 0.27879,
        "16_14": 0.42769,
        "18_14": 0.37849,
        "25_14": 0.19555,
        "28_14": 0.33349,
        "4_15": 0.11937,
        "7_15": 0.68302,
        "17_15": 0.84307,
        "22_15": 0.92527,
        "29_15": 0.01264,
        "0_16": 0.24172,
        "1_16": 0.05028,
        "6_16": 0.30809,
        "9_16": 0.34128,
        "11_16": 2.32812,
        "12_16": 0.24939,
        "14_16": 0.30653,
        "16_16": 0.04065,
        "17_16": 0.18142,
        "22_16": 0.01333,
        "3_17": 0.07935,
        "4_17": 0.45697,
        "12_17": 0.15207,
        "18_17": 0.01184,
        "19_17": 0.65495,
        "23_17": 0.44569,
        "26_17": 0.09289,
        "0_18": 0.14372,
        "17_18": 0.64922,
        "23_18": 0.68844,
        "24_18": 1.06215,
        "3_19": 1.04927,
        "7_19": 0.97883,
        "12_19": 0.29714,
        "26_19": 0.12893
    },
    "best": {
        "0": 11.442546034023358,
        "1": 1.5321832287521235,
        "2": 6.857388010333856,
        "3": 12.452541626892325,
        "4": 26.845381374372863,
        "5": 3.383011397187319,
        "6": 52.65728203778899,
        "7": 7.834268904735105,
        "8": 4.511666673515983,
        "9": 16.763111714908923,
        "10": 5.180598180553119,
        "11": 18.680515805345465,
        "12": 5.178183159176822,
        "13": 14.032283980104804,
        "14": 3.2024177864814356,
        "15": 9.654570203223773,
        "16": 32.1235130108589,
        "17": 9.153099725644047,
        "18": 8.0796624431571,
        "19": 15.230619588912717
    },
    "best_mrt": [
        164.39961621903734,
        118.3271162530267,
        158.1079601245545,
        300.0000000000018,
        300.00000000000034,
        55.233670363644045,
        115.3715013913991,
        300.00000000000307,
        287.79857087818334,
        94.21875948954198,
        239.10396613275051,
        300.00000000000057,
        230.10729864363273,
        300.0000000000068,
        79.92506745315711,
        242.064133839381,
        300.00000000000125,
        300.0000000000022,
        186.18642874732137,
        300.0000000000005,
        300.0,
        112.63656867242443,
        281.52504493380053,
        289.13316321638405,
        300.00000000000017,
        234.1798693696177,
        122.85103274813525,
        136.95597071256367,
        286.5004930227556,
        268.92230037117525
    ],
    "SLA": 300
}