{
    "throughput": 8.0,
    "class_probs": {
        "0": 0.011916902547426816,
        "1": 0.04212274272532322,
        "2": 0.020014910530381055,
        "3": 0.04363750179534987,
        "4": 0.053701091790017266,
        "5": 0.026523556110359454,
        "6": 0.04418556490108357,
        "7": 0.008044639256968565,
        "8": 0.02555546436277083,
        "9": 0.023619319360508182,
        "10": 0.03329968073190626,
        "11": 0.04692679242978963,
        "12": 0.036049177676762925,
        "13": 0.04467992203086288,
        "14": 0.054089952335044676,
        "15": 0.044070478200381624,
        "16": 0.024680759978269972,
        "17": 0.02826079120026616,
        "18": 0.038646595371256164,
        "19": 0.00611064546487904,
        "20": 0.045265108226486425,
        "21": 0.028715280506779906,
        "22": 0.05303817495812213,
        "23": 0.014898428061410101,
        "24": 0.04445611694663937,
        "25": 0.025537374717606122,
        "26": 0.009216988140169495,
        "27": 0.02754879961462824,
        "28": 0.04172218660709035,
        "29": 0.053465053421459637
    },
    "best_objective": 299.94199566522025,
    "classes": [
        "0",
        "1",
        "2",
        "3",
        "4",
        "5",
        "6",
        "7",
        "8",
        "9",
        "10",
        "11",
        "12",
        "13",
        "14",
        "15",
        "16",
        "17",
        "18",
        "19",
        "20",
        "21",
        "22",
        "23",
        "24",
        "25",
        "26",
        "27",
        "28",
        "29"
    ],
    "resources": [
        "0",
        "1",
        "2",
        "3",
        "4",
        "5",
        "6",
        "7",
        "8",
        "9",
        "10",
        "11",
        "12",
        "13",
        "14",
        "15",
        "16",
        "17",
        "18",
        "19"
    ],
    "demands": {
        "7_0": 1.98828,
        "22_0": 0.21447,
        "24_0": 0.78542,
        "1_1": 0.32999,
        "4_1": 0.27699,
        "7_1": 1.36238,
        "8_1": 0.11622,
        "9_1": 0.12196,
        "19_1": 1.31427,
        "9_2": 0.90818,
        "10_2": 0.34779,
        "17_2": 0.46495,
        "24_2": 0.0959,
        "27_2": 0.0853,
        "0_3": 0.10554,
        "5_3": 0.17136,
        "7_3": 0.93824,
        "10_3": 0.60706,
        "13_3": 0.26061,
        "17_3": 0.40034,
        "21_3": 0.05208,
        "25_3": 0.38354,
        "26_3": 1.18262,
        "11_4": 0.37113,
        "12_4": 0.41698,
        "17_4": 1.45638,
        "19_4": 4.56254,
        "29_4": 0.12188,
        "2_5": 0.99246,
        "6_5": 0.44932,
        "8_5": 0.40033,
        "11_5": 0.17358,
        "13_5": 0.16765,
        "27_5": 0.94498,
        "3_6": 0.58301,
        "9_6": 0.91838,
        "13_6": 0.36672,
        "14_6": 0.4897,
        "27_6": 0.27884,
        "2_7": 0.67976,
        "4_7": 0.12299,
        "5_7": 0.82584,
        "8_7": 0.45516,
        "14_7": 0.13012,
        "22_7": 0.17344,
        "23_7": 0.26763,
        "24_7": 0.29768,
        "26_7": 1.56114,
        "5_8": 0.46894,
        "14_8": 0.26667,
        "16_8": 0.01141,
        "17_8": 0.0127,
        "18_8": 0.17841,
        "26_8": 0.20574,
        "27_8": 0.15395,
        "0_9": 0.48793,
        "6_9": 0.21084,
        "7_9": 0.03705,
        "9_9": 0.37486,
        "11_9": 0.01819,
        "14_9": 0.03949,
        "15_9": 0.25494,
        "22_9": 0.02782,
        "25_9": 0.30224,
        "29_9": 0.1379,
        "1_10": 0.40826,
        "14_10": 0.4555,
        "16_10": 0.25119,
        "17_10": 0.21397,
        "27_10": 0.37875,
        "2_11": 0.22036,
        "6_11": 0.13007,
        "7_11": 1.60686,
        "16_11": 0.29163,
        "18_11": 0.36749,
        "27_11": 0.48529,
        "29_11": 0.02488,
        "6_12": 0.27808,
        "8_12": 0.64111,
        "10_12": 0.64671,
        "29_12": 0.11147,
        "9_13": 1.14238,
        "10_13": 0.55358,
        "24_13": 0.97564,
        "2_14": 1.66547,
        "29_14": 0.12563,
        "3_15": 0.1492,
        "4_15": 0.01936,
        "6_15": 0.23324,
        "9_15": 0.13061,
        "10_15": 0.39623,
        "12_15": 0.09711,
        "15_15": 0.32448,
        "16_15": 0.53853,
        "21_15": 0.44846,
        "22_15": 0.09506,
        "25_15": 0.55245,
        "3_16": 0.19205,
        "5_16": 0.25515,
        "9_16": 0.22564,
        "15_16": 0.18362,
        "16_16": 0.57582,
        "17_16": 0.44323,
        "18_16": 0.14046,
        "22_16": 0.02817,
        "23_16": 0.63347,
        "24_16": 0.18923,
        "7_17": 2.54349,
        "11_17": 0.61484,
        "28_17": 0.60846,
        "29_17": 0.58935,
        "16_18": 1.16177,
        "20_18": 0.76865,
        "24_18": 0.47583,
        "8_19": 0.05929,
        "15_19": 0.48265,
        "20_19": 0.20161,
        "21_19": 0.75289,
        "23_19": 1.48698,
        "28_19": 0.49121
    },
    "best": {
        "0": 30.277593984919555,
        "1": 27.345188001144876,
        "2": 13.491665128051467,
        "3": 21.497406810638893,
        "4": 19.029030972507478,
        "5": 11.040671783043438,
        "6": 13.591235773524776,
        "7": 10.383603134532303,
        "8": 2.9070470740933767,
        "9": 9.578546915544681,
        "10": 5.157072230204182,
        "11": 28.137231740543967,
        "12": 4.434740892236961,
        "13": 15.46525600541395,
        "14": 13.673292623510942,
        "15": 9.679979841403659,
        "16": 11.300157522665652,
        "17": 34.53112424997015,
        "18": 10.6577636266706,
        "19": 7.763387354599347
    },
    "best_mrt": [
        58.45357005007723,
        100.22898863934564,
        299.9999999999999,
        80.2901859020188,
        25.316081490035376,
        300.00000000000017,
        167.34087610229884,
        300.00000000000034,
        260.0539806043978,
        300.0000000000057,
        300.0000000000019,
        57.515980544563384,
        33.863979527445274,
        57.38138733657896,
        257.5435078614407,
        150.58504113758514,
        299.9999999999995,
        227.53789904135908,
        95.53820361777706,
        300.00000000000006,
        105.83915954803548,
        160.52220329822066,
        41.68938739862414,
        300.00000000000045,
        196.36486957506932,
        113.51436252397382,
        299.4449454055207,
        278.7308726620465,
        88.2986576798003,
        77.5755988129086
    ],
    "SLA": 300
}