{
    "throughput": 6.0,
    "class_probs": {
        "0": 0.026937431815022832,
        "1": 0.04921743691624111,
        "2": 0.03240301593981233,
        "3": 0.02292875435288251,
        "4": 0.012945931441066738,
        "5": 0.047797487873641895,
        "6": 0.040650195827700415,
        "7": 0.03116500061811857,
        "8": 0.032574795554740195,
        "9": 0.021528725641076347,
        "10": 0.015388942711680216,
        "11": 0.040488997781458744,
        "12": 0.008947342613466322,
        "13": 0.04701817202672183,
        "14": 0.04354658497745763,
        "15": 0.05402742755603657,
        "16": 0.0375948970703756,
        "17": 0.01865368319665422,
        "18": 0.05013539464564463,
        "19": 0.022714157565847708,
        "20": 0.03511088859626296,
        "21": 0.052723288238886466,
        "22": 0.029525589649119197,
        "23": 0.03012992159213673,
        "24": 0.009888478266921175,
        "25": 0.04039985098509499,
        "26": 0.0229476576666035,
        "27": 0.027684021231089814,
        "28": 0.0593330072923321,
        "29": 0.03559292035590664
    },
    "best_objective": 262.51604704403854,
    "classes": [
        "0",
        "1",
        "2",
        "3",
        "4",
        "5",
        "6",
        "7",
        "8",
        "9",
        "10",
        "11",
        "12",
        "13",
        "14",
        "15",
        "16",
        "17",
        "18",
        "19",
        "20",
        "21",
        "22",
        "23",
        "24",
        "25",
        "26",
        "27",
        "28",
        "29"
    ],
    "resources": [
        "0",
        "1",
        "2",
        "3",
        "4",
        "5",
        "6",
        "7",
        "8",
        "9",
        "10",
        "11",
        "12",
        "13",
        "14",
        "15",
        "16",
        "17",
        "18",
        "19"
    ],
    "demands": {
        "4_0": 0.69042,
        "14_0": 0.04541,
        "15_0": 0.5696,
        "17_0": 1.28635,
        "23_0": 0.21115,
        "29_0": 0.10384,
        "1_1": 0.45941,
        "5_1": 0.26873,
        "6_1": 0.7524,
        "16_1": 0.43639,
        "22_1": 0.45894,
        "29_1": 0.70654,
        "14_2": 0.79173,
        "18_2": 0.67094,
        "20_2": 1.1989,
        "27_2": 1.02098,
        "28_2": 0.15048,
        "0_3": 0.54294,
        "4_3": 1.81542,
        "19_3": 0.42383,
        "20_3": 0.71627,
        "22_3": 0.12914,
        "4_4": 3.08516,
        "7_4": 0.91971,
        "15_4": 0.85326,
        "21_4": 0.06816,
        "0_5": 0.63059,
        "13_5": 0.45304,
        "18_5": 0.41866,
        "22_5": 0.18736,
        "25_5": 0.07081,
        "0_6": 0.02068,
        "2_6": 0.41515,
        "9_6": 0.46122,
        "11_6": 0.41168,
        "20_6": 0.12123,
        "28_6": 0.26838,
        "7_7": 1.11178,
        "11_7": 0.23179,
        "14_7": 0.13854,
        "17_7": 1.92162,
        "18_7": 0.22905,
        "21_7": 0.06804,
        "1_8": 0.15776,
        "2_8": 0.10025,
        "3_8": 0.32444,
        "7_8": 0.22782,
        "10_8": 0.29099,
        "14_8": 0.16413,
        "15_8": 0.03951,
        "23_8": 0.13314,
        "24_8": 0.08386,
        "29_8": 0.18257,
        "5_9": 1.30269,
        "6_9": 0.06068,
        "9_9": 0.91249,
        "15_9": 0.11334,
        "19_9": 0.46325,
        "22_9": 0.13087,
        "3_10": 1.02928,
        "8_10": 1.40349,
        "21_10": 0.48161,
        "26_10": 1.5402,
        "6_11": 0.10541,
        "10_11": 0.93466,
        "12_11": 0.48287,
        "13_11": 0.185,
        "19_11": 0.03918,
        "23_11": 0.45806,
        "25_11": 0.03584,
        "29_11": 0.38864,
        "2_12": 0.36204,
        "3_12": 0.44904,
        "7_12": 0.41455,
        "9_12": 0.61573,
        "12_12": 1.6486,
        "18_12": 0.1269,
        "19_12": 0.00314,
        "28_12": 0.19964,
        "6_13": 0.2889,
        "9_13": 1.35137,
        "19_13": 0.17461,
        "22_13": 1.47603,
        "24_13": 1.77232,
        "25_13": 0.82076,
        "2_14": 0.43025,
        "5_14": 0.07094,
        "7_14": 0.29657,
        "8_14": 0.06805,
        "14_14": 0.56104,
        "15_14": 0.16244,
        "16_14": 0.22861,
        "22_14": 0.37706,
        "27_14": 0.76445,
        "29_14": 0.43183,
        "18_15": 0.18849,
        "21_15": 0.25421,
        "26_15": 0.86819,
        "27_15": 0.61052,
        "3_16": 1.06978,
        "17_16": 1.29006,
        "18_16": 0.45874,
        "19_16": 0.84535,
        "1_17": 0.43024,
        "2_17": 0.10062,
        "8_17": 0.63016,
        "13_17": 0.17944,
        "18_17": 0.64229,
        "26_17": 0.19178,
        "3_18": 2.0311,
        "6_18": 0.21081,
        "8_18": 1.41055,
        "9_18": 0.7771,
        "6_19": 0.50191,
        "9_19": 0.78113,
        "10_19": 1.1694,
        "19_19": 1.4855,
        "24_19": 1.73958
    },
    "best": {
        "0": 15.249970675678394,
        "1": 6.041270371805076,
        "2": 11.06767132098287,
        "3": 16.968162685746318,
        "4": 22.229722100653056,
        "5": 6.456870130027049,
        "6": 11.325239797803174,
        "7": 14.24503346500631,
        "8": 8.145611458162925,
        "9": 16.046002604210088,
        "10": 13.493603241590593,
        "11": 5.465738148300829,
        "12": 16.04335426232015,
        "13": 19.595755937011162,
        "14": 7.849070165646852,
        "15": 6.946443886095776,
        "16": 18.42055817688738,
        "17": 8.034662809320658,
        "18": 23.540047579590187,
        "19": 15.351258227199711
    },
    "best_mrt": [
        138.99164962297726,
        163.97063007868525,
        147.6232679742139,
        300.0000000000021,
        300.0000000000027,
        145.00136240466722,
        224.94099939315532,
        221.49205977812235,
        265.7848539365057,
        300.0000000000108,
        300.0000000000022,
        54.554754584804996,
        200.73738858247498,
        135.11905933793557,
        190.4877254806442,
        113.29035779411225,
        114.1350350779019,
        300.00000000000307,
        300.00000000000813,
        221.16689221423704,
        172.1827259886651,
        84.62292764706768,
        265.12098139311325,
        121.13967294516203,
        223.3843956045718,
        62.48314283914268,
        278.51382519778474,
        300.0000000000139,
        52.09693903284506,
        300.00000000000307
    ],
    "SLA": 300
}