{
    "throughput": 6.0,
    "class_probs": {
        "0": 0.03686332664908168,
        "1": 0.02596519658064848,
        "2": 0.03477052154523154,
        "3": 0.043502032356817565,
        "4": 0.03363633944120882,
        "5": 0.025790503306510632,
        "6": 0.021412294477225778,
        "7": 0.02993794810082949,
        "8": 0.027291313417036552,
        "9": 0.04685392130836415,
        "10": 0.02868520767637713,
        "11": 0.05792476820334116,
        "12": 0.014976100345390526,
        "13": 0.01354065634714779,
        "14": 0.040048221921789966,
        "15": 0.012320579963265387,
        "16": 0.006919970390360687,
        "17": 0.03262485887748707,
        "18": 0.038340648754527036,
        "19": 0.05614149858421316,
        "20": 0.017718397108979676,
        "21": 0.04824070571586697,
        "22": 0.0471924136927412,
        "23": 0.01555940698953407,
        "24": 0.05751633253633632,
        "25": 0.057345824046821904,
        "26": 0.04843801774331057,
        "27": 0.023211003324059704,
        "28": 0.01588952133127896,
        "29": 0.04134246926421613
    },
    "best_objective": 389.3194934732871,
    "classes": [
        "0",
        "1",
        "2",
        "3",
        "4",
        "5",
        "6",
        "7",
        "8",
        "9",
        "10",
        "11",
        "12",
        "13",
        "14",
        "15",
        "16",
        "17",
        "18",
        "19",
        "20",
        "21",
        "22",
        "23",
        "24",
        "25",
        "26",
        "27",
        "28",
        "29"
    ],
    "resources": [
        "0",
        "1",
        "2",
        "3",
        "4",
        "5",
        "6",
        "7",
        "8",
        "9",
        "10",
        "11",
        "12",
        "13",
        "14",
        "15",
        "16",
        "17",
        "18",
        "19"
    ],
    "demands": {
        "1_0": 0.93906,
        "2_0": 1.11665,
        "9_0": 0.27014,
        "12_0": 0.01362,
        "13_0": 2.34929,
        "15_0": 1.59028,
        "3_1": 1.32583,
        "7_1": 1.59112,
        "22_1": 0.51047,
        "2_2": 1.15918,
        "9_2": 0.95563,
        "19_2": 0.44717,
        "0_3": 0.61887,
        "3_3": 0.06053,
        "6_3": 0.66345,
        "11_3": 0.03806,
        "14_3": 0.04109,
        "17_3": 0.07435,
        "18_3": 0.38111,
        "24_3": 0.42794,
        "27_3": 0.13404,
        "3_4": 0.26111,
        "8_4": 0.13688,
        "20_4": 0.55639,
        "21_4": 0.20094,
        "23_4": 1.27083,
        "27_4": 1.20463,
        "28_4": 2.38132,
        "29_4": 0.16539,
        "0_5": 1.23351,
        "4_5": 0.87338,
        "10_5": 0.00083,
        "22_5": 0.16703,
        "24_5": 0.58314,
        "0_6": 0.12591,
        "3_6": 0.12117,
        "19_6": 0.30541,
        "26_6": 0.07649,
        "27_6": 0.54866,
        "29_6": 0.16631,
        "2_7": 0.3473,
        "9_7": 0.19599,
        "12_7": 0.06964,
        "19_7": 0.14244,
        "21_7": 0.27338,
        "28_7": 0.64739,
        "6_8": 1.71943,
        "25_8": 0.59656,
        "29_8": 0.263,
        "0_9": 0.42807,
        "6_9": 0.46959,
        "9_9": 0.34463,
        "15_9": 1.67631,
        "21_9": 0.49841,
        "22_9": 0.14868,
        "26_9": 0.24895,
        "28_9": 1.8555,
        "9_10": 0.75423,
        "16_10": 5.24395,
        "23_10": 0.87285,
        "26_10": 0.03571,
        "2_11": 1.19638,
        "3_11": 0.13717,
        "11_11": 0.53179,
        "22_11": 0.27936,
        "25_11": 0.13586,
        "29_11": 0.21167,
        "6_12": 0.80218,
        "8_12": 0.17542,
        "14_12": 0.04454,
        "16_12": 6.5739,
        "21_12": 0.20034,
        "22_12": 0.51202,
        "28_12": 1.51874,
        "2_13": 0.63196,
        "10_13": 0.44122,
        "13_13": 4.21095,
        "26_13": 0.63821,
        "5_14": 0.32486,
        "13_14": 1.36866,
        "14_14": 0.14405,
        "19_14": 0.08933,
        "23_14": 0.63235,
        "24_14": 0.05628,
        "26_14": 0.13191,
        "4_15": 0.24704,
        "7_15": 0.40807,
        "10_15": 0.35223,
        "12_15": 0.75324,
        "15_15": 0.90939,
        "4_16": 3.38459,
        "20_16": 1.32839,
        "23_16": 0.75764,
        "3_17": 0.2736,
        "6_17": 3.51139,
        "21_17": 0.2786,
        "24_17": 0.41488,
        "0_18": 0.21358,
        "1_18": 0.63321,
        "2_18": 0.29463,
        "3_18": 0.00497,
        "4_18": 0.03278,
        "10_18": 0.52236,
        "18_18": 0.4195,
        "19_18": 0.01293,
        "21_18": 0.11422,
        "22_18": 0.28453,
        "1_19": 0.00681,
        "4_19": 0.04937,
        "5_19": 0.29984,
        "6_19": 0.16607,
        "10_19": 0.22864,
        "17_19": 0.36243,
        "18_19": 0.17597,
        "19_19": 0.15658,
        "21_19": 0.02917,
        "24_19": 0.02092,
        "25_19": 0.06072,
        "27_19": 0.52001,
        "28_19": 0.72967
    },
    "best": {
        "0": 27.062814268867992,
        "1": 7.507010862316568,
        "2": 14.19952933638804,
        "3": 13.522630403656931,
        "4": 25.301993853342815,
        "5": 10.918923612402217,
        "6": 2.9577241445767015,
        "7": 14.96571197369953,
        "8": 21.3013776924183,
        "9": 24.79956965488872,
        "10": 34.56185248453309,
        "11": 14.402510677120489,
        "12": 45.80581038403195,
        "13": 32.72073909518897,
        "14": 17.66468727547602,
        "15": 6.734969657546213,
        "16": 21.016105131871463,
        "17": 30.484834856445115,
        "18": 7.626539415247861,
        "19": 15.764158693268161
    },
    "best_mrt": [
        263.62578650939173,
        125.25160137975436,
        299.9999999999654,
        277.78720158429445,
        299.9999999999962,
        38.34759225793058,
        300.0000000000442,
        300.00000000000034,
        9.472443800191796,
        130.76699168013394,
        157.21304206170328,
        41.59382271542128,
        122.66886464592102,
        299.99999999988626,
        12.467450504566852,
        272.0840132491003,
        299.99999999999994,
        29.405361158196534,
        99.85794596964773,
        174.9767217059999,
        88.69290590153408,
        79.4292859993789,
        170.09737056032097,
        151.58872418291918,
        108.55543488589176,
        42.51267905992657,
        67.80018814264604,
        300.0000000000073,
        299.9999999999994,
        97.3966797625063
    ],
    "SLA": 300
}