{
    "throughput": 6.0,
    "class_probs": {
        "0": 0.038836140060925825,
        "1": 0.023788334133572214,
        "2": 0.02106736307475093,
        "3": 0.027456110926633213,
        "4": 0.01154297106518976,
        "5": 0.015291357887624112,
        "6": 0.015878393530146695,
        "7": 0.03929017909221445,
        "8": 0.013240151152333854,
        "9": 0.036248839699897215,
        "10": 0.03412770283237211,
        "11": 0.024980954900235615,
        "12": 0.009285829051454813,
        "13": 0.03400014565970619,
        "14": 0.004558957324388046,
        "15": 0.007145434792578539,
        "16": 0.03736206346972042,
        "17": 0.009901681867847218,
        "18": 0.010208203907520034,
        "19": 0.028801628803912727,
        "20": 0.01119172771419316,
        "21": 0.038905538269501765,
        "22": 0.042161317653601135,
        "23": 0.04045423548793705,
        "24": 0.022530368098018734,
        "25": 0.017598435855441477,
        "26": 0.041712671205223914,
        "27": 0.03187335795680172,
        "28": 0.008243455340457522,
        "29": 0.035795565608864786,
        "30": 0.040156093407683675,
        "31": 0.039443245851184965,
        "32": 0.04326459050059282,
        "33": 0.02499323757546823,
        "34": 0.012103637293645548,
        "35": 0.023046483092782608,
        "36": 0.03237412890087883,
        "37": 0.03995694569724252,
        "38": 0.005499705123872401,
        "39": 0.0056828161335831925
    },
    "best_objective": 932.8494878677241,
    "classes": [
        "0",
        "1",
        "2",
        "3",
        "4",
        "5",
        "6",
        "7",
        "8",
        "9",
        "10",
        "11",
        "12",
        "13",
        "14",
        "15",
        "16",
        "17",
        "18",
        "19",
        "20",
        "21",
        "22",
        "23",
        "24",
        "25",
        "26",
        "27",
        "28",
        "29",
        "30",
        "31",
        "32",
        "33",
        "34",
        "35",
        "36",
        "37",
        "38",
        "39"
    ],
    "resources": [
        "0",
        "1",
        "2",
        "3",
        "4",
        "5",
        "6",
        "7",
        "8",
        "9",
        "10",
        "11",
        "12",
        "13",
        "14",
        "15",
        "16",
        "17",
        "18",
        "19",
        "20",
        "21",
        "22",
        "23",
        "24",
        "25",
        "26",
        "27",
        "28",
        "29"
    ],
    "demands": {
        "2_0": 0.26259,
        "3_0": 0.23313,
        "7_0": 0.2991,
        "12_0": 1.40673,
        "14_0": 3.65,
        "23_0": 0.13422,
        "4_1": 1.02852,
        "10_1": 0.41898,
        "15_1": 1.41818,
        "21_1": 0.21844,
        "26_1": 0.46673,
        "29_1": 0.50716,
        "34_1": 0.86948,
        "37_1": 0.1351,
        "2_2": 0.91743,
        "4_2": 3.06273,
        "5_2": 0.29452,
        "14_3": 8.7734,
        "25_3": 1.06704,
        "27_3": 1.09888,
        "28_3": 0.21873,
        "33_3": 1.2004,
        "2_4": 0.71824,
        "5_4": 0.15125,
        "17_4": 0.31303,
        "22_4": 0.90807,
        "25_4": 0.01994,
        "26_4": 1.43114,
        "30_4": 0.57722,
        "0_5": 0.82986,
        "8_5": 0.69455,
        "11_5": 0.11024,
        "19_5": 1.91192,
        "3_6": 0.39195,
        "6_6": 0.53319,
        "7_6": 0.36048,
        "16_6": 0.30192,
        "24_6": 0.36842,
        "36_6": 0.22004,
        "5_7": 1.73105,
        "20_7": 0.254,
        "21_7": 0.94406,
        "28_7": 0.21631,
        "1_8": 1.44434,
        "20_8": 2.18572,
        "21_8": 0.42813,
        "30_8": 0.26755,
        "11_9": 1.86214,
        "35_9": 1.96795,
        "14_10": 0.2134,
        "23_10": 3.68138,
        "1_11": 1.07676,
        "5_11": 1.184,
        "18_11": 0.65963,
        "19_11": 1.00404,
        "29_11": 0.76112,
        "30_11": 0.42816,
        "6_12": 3.17072,
        "27_12": 0.18856,
        "31_12": 0.63294,
        "38_12": 10.72686,
        "1_13": 0.88211,
        "2_13": 1.02056,
        "26_13": 0.75314,
        "29_13": 0.58436,
        "38_13": 4.20452,
        "39_13": 1.02253,
        "1_14": 0.21725,
        "4_14": 1.07059,
        "5_14": 0.74041,
        "10_14": 0.2109,
        "19_14": 0.5535,
        "25_14": 0.60949,
        "38_14": 1.67292,
        "39_14": 1.93965,
        "4_15": 1.12761,
        "11_15": 1.02674,
        "18_15": 2.61897,
        "24_15": 0.70709,
        "32_15": 0.10278,
        "39_15": 4.43219,
        "9_16": 0.36909,
        "14_16": 6.38167,
        "15_16": 3.96459,
        "30_16": 0.06508,
        "33_16": 1.16591,
        "36_16": 0.57158,
        "37_16": 0.03228,
        "0_17": 0.32129,
        "9_17": 0.06636,
        "15_17": 0.68885,
        "17_17": 0.93979,
        "20_17": 0.56989,
        "24_17": 0.30478,
        "28_17": 1.02207,
        "15_18": 0.83681,
        "22_18": 0.49719,
        "24_18": 1.22222,
        "33_18": 0.97464,
        "34_18": 1.84112,
        "37_18": 0.61359,
        "0_19": 0.44235,
        "3_19": 0.38033,
        "8_19": 1.39737,
        "12_19": 0.65296,
        "13_19": 0.36967,
        "14_19": 3.33409,
        "17_19": 0.2648,
        "23_19": 0.09296,
        "30_19": 0.48353,
        "31_19": 0.48349,
        "2_20": 1.32588,
        "12_20": 2.47811,
        "15_20": 2.13129,
        "18_20": 2.86829,
        "23_20": 0.49324,
        "32_20": 0.17618,
        "37_20": 0.10778,
        "4_21": 0.53291,
        "10_21": 1.02026,
        "19_21": 0.29886,
        "21_21": 0.44979,
        "34_21": 2.20864,
        "37_21": 0.26603,
        "13_22": 0.41613,
        "21_22": 0.20665,
        "31_22": 0.75132,
        "32_22": 0.62634,
        "36_22": 0.93028,
        "26_23": 0.14234,
        "34_23": 3.36632,
        "36_23": 2.30267,
        "8_24": 0.36646,
        "9_24": 0.84168,
        "10_24": 0.99273,
        "16_24": 0.39441,
        "22_24": 0.02941,
        "23_24": 0.83528,
        "24_24": 0.56753,
        "35_24": 0.37241,
        "37_24": 0.00904,
        "2_25": 1.16124,
        "4_25": 1.06675,
        "12_25": 2.21088,
        "18_25": 0.18193,
        "19_25": 1.22446,
        "24_25": 0.85897,
        "27_25": 0.02786,
        "4_26": 1.4656,
        "5_26": 0.43148,
        "6_26": 1.49956,
        "7_26": 0.60865,
        "29_26": 0.68796,
        "33_26": 0.60641,
        "38_26": 0.84818,
        "23_27": 0.61357,
        "36_27": 0.1,
        "39_27": 4.28309,
        "6_28": 1.59409,
        "18_28": 1.81098,
        "36_28": 0.98111,
        "37_28": 0.49732,
        "0_29": 1.28685,
        "3_29": 0.41776,
        "6_29": 1.15511,
        "19_29": 0.81431,
        "21_29": 0.93401,
        "36_29": 0.02019
    },
    "best": {
        "0": 60.65481717867852,
        "1": 26.349009531080533,
        "2": 31.62675031581387,
        "3": 94.10637399214878,
        "4": 6.325221702955282,
        "5": 17.279106422493207,
        "6": 8.551816297015206,
        "7": 10.890622827993113,
        "8": 10.808852577270088,
        "9": 8.185576880214825,
        "10": 23.398526912670008,
        "11": 18.489707632121043,
        "12": 74.67365025971692,
        "13": 48.342351036047035,
        "14": 42.114162552039325,
        "15": 43.65233104441059,
        "16": 82.40950995676344,
        "17": 9.29471701055473,
        "18": 23.97707268174972,
        "19": 58.36166809026654,
        "20": 26.213390796346555,
        "21": 28.558999691733984,
        "22": 7.11694258113957,
        "23": 31.927263622424263,
        "24": 9.664288539352599,
        "25": 23.952264743910106,
        "26": 33.08826670572414,
        "27": 33.56714396730607,
        "28": 22.82598923702541,
        "29": 16.443093080758636
    },