{
    "throughput": 9.0,
    "class_probs": {
        "0": 0.033459580193689976,
        "1": 0.026054818324603737,
        "2": 0.011164396030939027,
        "3": 0.028203798153184894,
        "4": 0.02307131972228838,
        "5": 0.011730066005966317,
        "6": 0.030938522704182386,
        "7": 0.029527005537411184,
        "8": 0.043842298818055035,
        "9": 0.017134565762500917,
        "10": 0.012938601148036268,
        "11": 0.04001674853389611,
        "12": 0.034351229958793986,
        "13": 0.029056150043584802,
        "14": 0.016203083085847187,
        "15": 0.015070239651932589,
        "16": 0.007160531906222055,
        "17": 0.021804704596069598,
        "18": 0.04002447412176238,
        "19": 0.010645398761120244,
        "20": 0.01639476448523909,
        "21": 0.0274814556082686,
        "22": 0.030272655583547775,
        "23": 0.02717569402116874,
        "24": 0.025965556957376158,
        "25": 0.02753565810431409,
        "26": 0.04068059554919182,
        "27": 0.005685999050648568,
        "28": 0.021804402164147783,
        "29": 0.01623144409801448,
        "30": 0.043921595321357115,
        "31": 0.043056187943860694,
        "32": 0.0055104424453874395,
        "33": 0.028417175573056886,
        "34": 0.0361103249180018,
        "35": 0.02730054394464921,
        "36": 0.040102352513413014,
        "37": 0.014449335766560937,
        "38": 0.01610298360012336,
        "39": 0.023403299291585286
    },
    "best_objective": 510.5984251537527,
    "classes": [
        "0",
        "1",
        "2",
        "3",
        "4",
        "5",
        "6",
        "7",
        "8",
        "9",
        "10",
        "11",
        "12",
        "13",
        "14",
        "15",
        "16",
        "17",
        "18",
        "19",
        "20",
        "21",
        "22",
        "23",
        "24",
        "25",
        "26",
        "27",
        "28",
        "29",
        "30",
        "31",
        "32",
        "33",
        "34",
        "35",
        "36",
        "37",
        "38",
        "39"
    ],
    "resources": [
        "0",
        "1",
        "2",
        "3",
        "4",
        "5",
        "6",
        "7",
        "8",
        "9",
        "10",
        "11",
        "12",
        "13",
        "14",
        "15",
        "16",
        "17",
        "18",
        "19",
        "20",
        "21",
        "22",
        "23",
        "24",
        "25",
        "26",
        "27",
        "28",
        "29"
    ],
    "demands": {
        "4_0": 0.22197,
        "5_0": 1.20965,
        "9_0": 0.5974,
        "13_0": 0.38435,
        "19_0": 0.28771,
        "20_0": 0.68233,
        "21_0": 0.1087,
        "34_0": 0.11394,
        "38_0": 0.54429,
        "19_1": 0.18945,
        "24_1": 0.31662,
        "25_1": 0.73727,
        "33_1": 0.5269,
        "34_1": 0.45794,
        "3_2": 0.3011,
        "23_2": 0.27696,
        "25_2": 0.38247,
        "32_2": 2.30734,
        "35_2": 0.68376,
        "19_3": 1.20424,
        "21_3": 0.38283,
        "25_3": 0.48672,
        "27_3": 1.58266,
        "29_3": 0.34031,
        "39_3": 0.39168,
        "0_4": 0.45716,
        "2_4": 2.24825,
        "12_4": 0.28744,
        "13_4": 0.26261,
        "23_4": 0.96535,
        "24_4": 0.316,
        "27_4": 1.21158,
        "12_5": 0.01247,
        "16_5": 0.06903,
        "17_5": 0.48382,
        "22_5": 0.52978,
        "26_5": 0.46703,
        "28_5": 0.97881,
        "33_5": 0.17042,
        "37_5": 0.21288,
        "38_5": 0.97729,
        "1_6": 0.31026,
        "5_6": 0.75013,
        "8_6": 0.1536,
        "20_6": 0.70609,
        "30_6": 0.02895,
        "31_6": 0.31627,
        "3_7": 0.23557,
        "5_7": 0.79036,
        "22_7": 0.146,
        "36_7": 0.32545,
        "0_8": 0.85632,
        "2_8": 0.48222,
        "3_8": 0.1651,
        "11_8": 0.71385,
        "18_8": 0.25129,
        "30_8": 0.40289,
        "38_8": 0.0132,
        "3_9": 1.05405,
        "6_9": 0.1605,
        "20_9": 0.71446,
        "21_9": 0.75917,
        "22_9": 0.59702,
        "31_9": 0.20818,
        "5_10": 0.77065,
        "15_10": 0.68148,
        "24_10": 0.1415,
        "28_10": 0.47588,
        "29_10": 0.4027,
        "30_10": 0.19616,
        "33_10": 0.21511,
        "35_10": 0.18718,
        "37_10": 0.50352,
        "23_11": 1.30492,
        "26_11": 0.46404,
        "30_11": 0.40658,
        "34_11": 0.36186,
        "12_12": 0.00268,
        "14_12": 1.59935,
        "15_12": 1.7931,
        "21_12": 0.15649,
        "30_12": 0.18155,
        "0_13": 0.30247,
        "9_13": 0.67025,
        "11_13": 0.19007,
        "16_13": 1.37821,
        "19_13": 0.76629,
        "28_13": 0.53348,
        "33_13": 0.12518,
        "34_13": 0.15877,
        "38_13": 0.3197,
        "0_14": 0.39225,
        "4_14": 0.34253,
        "6_14": 0.44698,
        "7_14": 0.53745,
        "19_14": 1.31973,
        "26_14": 0.24189,
        "34_14": 0.235,
        "36_14": 0.00583,
        "5_15": 0.16732,
        "9_15": 0.56075,
        "10_15": 0.769,
        "13_15": 0.2036,
        "21_15": 0.44867,
        "38_15": 0.57355,
        "1_16": 2.05981,
        "11_16": 1.1358,
        "3_17": 0.20582,
        "5_17": 0.82941,
        "8_17": 0.05607,
        "18_17": 0.26099,
        "23_17": 0.82167,
        "35_17": 0.76212,
        "37_17": 0.29398,
        "5_18": 1.01114,
        "37_18": 1.81308,
        "39_18": 0.47564,
        "14_19": 0.61503,
        "20_19": 1.90773,
        "23_19": 0.65522,
        "39_19": 1.36596,
        "0_20": 0.42053,
        "7_20": 0.19333,
        "10_20": 0.69837,
        "11_20": 0.08322,
        "31_20": 0.10455,
        "35_20": 0.02313,
        "39_20": 0.34156,
        "0_21": 0.17356,
        "9_21": 0.04899,
        "10_21": 0.88008,
        "12_21": 0.27069,
        "15_21": 0.21438,
        "17_21": 0.00405,
        "33_21": 0.23272,
        "34_21": 0.09847,
        "1_22": 0.36654,
        "10_22": 0.68288,
        "16_22": 2.77246,
        "17_22": 0.2045,
        "24_22": 0.4522,
        "26_22": 0.28158,
        "27_22": 0.85934,
        "31_22": 0.40345,
        "37_22": 0.17088,
        "11_23": 0.41746,
        "12_23": 0.64277,
        "16_23": 0.49223,
        "26_23": 0.38714,
        "33_23": 0.79061,
        "4_24": 0.30691,
        "14_24": 0.23002,
        "15_24": 0.54567,
        "16_24": 3.27869,
        "38_24": 1.53839,
        "0_25": 0.60255,
        "7_25": 0.79127,
        "37_25": 2.50702,
        "3_26": 0.34137,
        "9_26": 1.52683,
        "10_26": 1.98802,
        "11_26": 0.10872,
        "20_26": 0.27596,
        "24_26": 0.99504,
        "3_27": 0.35598,
        "4_27": 0.38059,
        "16_27": 0.2828,
        "19_27": 0.96261,
        "24_27": 0.23156,
        "26_27": 0.34765,
        "32_27": 4.29606,
        "36_27": 0.17937,
        "12_28": 0.32577,
        "21_28": 0.13048,
        "24_28": 0.07094,
        "28_28": 0.27671,
        "33_28": 0.33541,
        "36_28": 0.24607,
        "38_28": 0.48538,
        "10_29": 0.16855,
        "27_29": 3.15099,
        "30_29": 0.43398,
        "36_29": 0.38381,
        "37_29": 1.22414
    },
    "best": {
        "0": 21.706477506802983,
        "1": 5.065850889796043,
        "2": 17.505376649124454,
        "3": 19.731595877997645,
        "4": 16.7788392897437,
        "5": 12.035038837441736,
        "6": 16.623617232564754,
        "7": 14.547223512314192,
        "8": 7.431165057225868,
        "9": 9.199841863519126,
        "10": 18.471648332649668,
        "11": 10.451398404944754,
        "12": 8.415711007804605,
        "13": 23.304753623716095,
        "14": 12.646603654722052,
        "15": 15.583016015688656,
        "16": 9.100888413929493,
        "17": 18.829504520639304,
        "18": 25.198806166890723,
        "19": 16.093552396064844,
        "20": 12.23446593759037,
        "21": 13.685709732710192,
        "22": 33.925762142567024,