{
    "throughput": 10.0,
    "class_probs": {
        "0": 0.02780685614948687,
        "1": 0.021043502752700175,
        "2": 0.031211404916228057,
        "3": 0.04531855339452287,
        "4": 0.019006478418693074,
        "5": 0.020000799430475058,
        "6": 0.03745553669170464,
        "7": 0.024666572937097102,
        "8": 0.013067557258827682,
        "9": 0.005423058889096349,
        "10": 0.030449659626968568,
        "11": 0.009119598523026176,
        "12": 0.015543444454826146,
        "13": 0.043704609319485,
        "14": 0.03769285216688426,
        "15": 0.03359302080170149,
        "16": 0.029529858207829905,
        "17": 0.04824369134503984,
        "18": 0.006410702948235056,
        "19": 0.01941268804621958,
        "20": 0.03651952828813821,
        "21": 0.03193479596025791,
        "22": 0.03382389002299759,
        "23": 0.029021618545043773,
        "24": 0.02517059558851903,
        "25": 0.016140337869438717,
        "26": 0.03546555867398741,
        "27": 0.012051111060509401,
        "28": 0.010551484897433298,
        "29": 0.007163994957914463,
        "30": 0.017602072713397168,
        "31": 0.04846566276720384,
        "32": 0.020491496359247706,
        "33": 0.022400876143241183,
        "34": 0.005185009684282392,
        "35": 0.03819884664305813,
        "36": 0.03448932693325969,
        "37": 0.03977077493630921,
        "38": 0.009309407678154982,
        "39": 0.007543163998558078
    },
    "best_objective": 505.5288406488567,
    "classes": [
        "0",
        "1",
        "2",
        "3",
        "4",
        "5",
        "6",
        "7",
        "8",
        "9",
        "10",
        "11",
        "12",
        "13",
        "14",
        "15",
        "16",
        "17",
        "18",
        "19",
        "20",
        "21",
        "22",
        "23",
        "24",
        "25",
        "26",
        "27",
        "28",
        "29",
        "30",
        "31",
        "32",
        "33",
        "34",
        "35",
        "36",
        "37",
        "38",
        "39"
    ],
    "resources": [
        "0",
        "1",
        "2",
        "3",
        "4",
        "5",
        "6",
        "7",
        "8",
        "9",
        "10",
        "11",
        "12",
        "13",
        "14",
        "15",
        "16",
        "17",
        "18",
        "19",
        "20",
        "21",
        "22",
        "23",
        "24",
        "25",
        "26",
        "27",
        "28",
        "29"
    ],
    "demands": {
        "0_0": 0.36492,
        "1_0": 0.26909,
        "9_0": 0.80075,
        "14_0": 0.24527,
        "17_0": 0.06291,
        "24_0": 0.36596,
        "25_1": 1.06912,
        "32_1": 1.28385,
        "4_2": 0.57078,
        "5_2": 0.03872,
        "12_2": 0.68141,
        "15_2": 0.09961,
        "22_2": 0.06274,
        "24_2": 0.4535,
        "29_2": 0.95197,
        "30_2": 0.12084,
        "1_3": 0.51542,
        "2_3": 0.86898,
        "9_3": 4.18837,
        "17_3": 0.11972,
        "20_3": 0.20528,
        "26_3": 0.19891,
        "31_3": 0.12446,
        "0_4": 0.1684,
        "8_4": 1.14318,
        "17_4": 0.52528,
        "20_4": 0.05181,
        "21_4": 0.29698,
        "27_4": 0.66635,
        "28_4": 0.454,
        "32_4": 0.32483,
        "34_4": 0.04528,
        "38_4": 0.15626,
        "16_5": 0.80946,
        "18_5": 1.60483,
        "19_5": 2.08723,
        "23_5": 0.40919,
        "33_5": 0.10452,
        "10_6": 0.34643,
        "26_6": 0.13288,
        "28_6": 1.03563,
        "36_6": 0.10438,
        "37_6": 0.82034,
        "7_7": 0.38666,
        "8_7": 1.10111,
        "9_7": 2.59371,
        "15_7": 0.34005,
        "16_7": 0.26014,
        "19_7": 0.87455,
        "28_7": 0.57598,
        "31_7": 0.08339,
        "3_8": 0.54233,
        "10_8": 0.51191,
        "11_8": 0.43583,
        "29_8": 1.11929,
        "33_8": 0.65645,
        "4_9": 0.54687,
        "7_9": 0.17889,
        "8_9": 1.73261,
        "9_9": 1.08461,
        "23_9": 0.51191,
        "24_9": 0.21683,
        "25_9": 0.17945,
        "31_9": 0.29515,
        "32_9": 0.05876,
        "10_10": 0.7328,
        "13_10": 0.2759,
        "20_10": 0.65658,
        "29_10": 0.27432,
        "21_11": 0.27277,
        "23_11": 0.13978,
        "26_11": 0.20299,
        "27_11": 1.18727,
        "32_11": 0.64524,
        "30_12": 1.47012,
        "35_12": 0.73194,
        "7_13": 0.34773,
        "19_13": 0.39498,
        "21_13": 0.2019,
        "26_13": 0.2094,
        "30_13": 0.54696,
        "0_14": 0.2679,
        "8_14": 0.4151,
        "11_14": 0.27407,
        "13_14": 0.05501,
        "14_14": 0.19123,
        "17_14": 0.20483,
        "18_14": 1.51684,
        "28_14": 0.9614,
        "32_14": 0.48751,
        "33_14": 0.02515,
        "1_15": 0.25304,
        "19_15": 0.73974,
        "21_15": 0.28545,
        "27_15": 0.57049,
        "0_16": 0.00927,
        "1_16": 0.67618,
        "2_16": 0.48702,
        "5_16": 0.24921,
        "10_16": 0.5453,
        "35_16": 0.42807,
        "37_16": 0.00986,
        "10_17": 0.51603,
        "15_17": 0.55962,
        "16_17": 0.58844,
        "25_17": 1.20856,
        "6_18": 0.00895,
        "19_18": 1.1794,
        "20_18": 0.52584,
        "27_18": 1.3793,
        "0_19": 0.35266,
        "16_19": 0.7655,
        "29_19": 3.63282,
        "5_20": 1.03662,
        "6_20": 0.26063,
        "16_20": 0.46024,
        "20_20": 0.29978,
        "28_20": 0.41506,
        "30_20": 0.3029,
        "5_21": 0.04473,
        "9_21": 2.41977,
        "14_21": 0.27064,
        "17_21": 0.24395,
        "30_21": 0.59159,
        "31_21": 0.06125,
        "6_22": 0.27385,
        "8_22": 0.35981,
        "16_22": 0.40783,
        "24_22": 0.73818,
        "37_22": 0.0343,
        "39_22": 1.4858,
        "8_23": 0.32837,
        "11_23": 1.33685,
        "13_23": 0.21495,
        "21_23": 0.30451,
        "28_23": 0.47505,
        "1_24": 0.73381,
        "12_24": 0.1415,
        "13_24": 0.06309,
        "17_24": 0.18485,
        "26_24": 0.35672,
        "33_24": 0.57014,
        "11_25": 1.0669,
        "27_25": 0.78468,
        "32_25": 0.37503,
        "36_25": 0.26798,
        "37_25": 0.04945,
        "5_26": 0.62012,
        "7_26": 0.39284,
        "14_26": 0.29945,
        "16_26": 0.72674,
        "39_26": 2.03136,
        "4_27": 0.21186,
        "7_27": 0.03731,
        "12_27": 0.24027,
        "13_27": 0.04677,
        "20_27": 0.40734,
        "24_27": 0.62468,
        "27_27": 0.84196,
        "30_27": 0.21252,
        "34_27": 3.33592,
        "35_27": 0.03196,
        "1_28": 0.30718,
        "6_28": 0.11324,
        "13_28": 0.12888,
        "20_28": 0.2412,
        "23_28": 0.34007,
        "26_28": 0.0222,
        "35_28": 0.14791,
        "38_28": 0.47039,
        "0_29": 0.38447,
        "3_29": 0.16333,
        "4_29": 0.47532,
        "6_29": 0.35737,
        "10_29": 0.45035,
        "24_29": 0.52324,
        "35_29": 0.19543,
        "37_29": 0.30607
    },
    "best": {
        "0": 21.665812730874052,
        "1": 7.532235096426323,
        "2": 14.04744094910923,
        "3": 48.97077118984998,
        "4": 17.229666483516862,
        "5": 16.48485874098186,
        "6": 14.076556161330855,
        "7": 40.77210516467861,
        "8": 16.949831607479425,
        "9": 25.19748409528537,
        "10": 12.085791242688641,
        "11": 19.80041939587793,
        "12": 9.471751202847324,
        "13": 8.821204305098387,
        "14": 12.969660953964924,
        "15": 16.42653266433992,
        "16": 10.505816370122165,
        "17": 9.380590196176424,
        "18": 23.562249892178954,
        "19": 27.06370043382167,
        "20": 10.027173805862033,
        "21": 37.27302789779183,
        "22": 11.229453046232452,
        "23": 8.499995751272618,
        "24": 6.8402536204453535,
        "25": 16.02738713544424,
        "26": 13.361169733391325,
        "27": 16.813312266436835,