{
    "throughput": 10.0,
    "class_probs": {
        "0": 0.03481296908725206,
        "1": 0.04342081369979779,
        "2": 0.008528340780433252,
        "3": 0.010573133290773975,
        "4": 0.014720926428107208,
        "5": 0.031710441288919894,
        "6": 0.037213873615522225,
        "7": 0.010758393356530387,
        "8": 0.02377826227452001,
        "9": 0.03124052908199078,
        "10": 0.016741963942075142,
        "11": 0.04283186073936325,
        "12": 0.04424742675810819,
        "13": 0.02873172273988407,
        "14": 0.016847528994382563,
        "15": 0.04327372523901805,
        "16": 0.023104931982278528,
        "17": 0.008012566710020149,
        "18": 0.04233287710545184,
        "19": 0.04113826035307873,
        "20": 0.03982805136317139,
        "21": 0.04393266695083467,
        "22": 0.006497147398619238,
        "23": 0.020926836739915872,
        "24": 0.006939016062526747,
        "25": 0.007849008110503233,
        "26": 0.0396070243105819,
        "27": 0.02244741039012711,
        "28": 0.03159885811757696,
        "29": 0.0419578464926362,
        "30": 0.04082502074903913,
        "31": 0.008366228215782931,
        "32": 0.005265308949202837,
        "33": 0.017047967958171706,
        "34": 0.016325187468213282,
        "35": 0.022206173973333382,
        "36": 0.015685450587881837,
        "37": 0.041777577072763895,
        "38": 0.011335429611562958,
        "39": 0.005561242010046625
    },
    "best_objective": 746.6134773942817,
    "classes": [
        "0",
        "1",
        "2",
        "3",
        "4",
        "5",
        "6",
        "7",
        "8",
        "9",
        "10",
        "11",
        "12",
        "13",
        "14",
        "15",
        "16",
        "17",
        "18",
        "19",
        "20",
        "21",
        "22",
        "23",
        "24",
        "25",
        "26",
        "27",
        "28",
        "29",
        "30",
        "31",
        "32",
        "33",
        "34",
        "35",
        "36",
        "37",
        "38",
        "39"
    ],
    "resources": [
        "0",
        "1",
        "2",
        "3",
        "4",
        "5",
        "6",
        "7",
        "8",
        "9",
        "10",
        "11",
        "12",
        "13",
        "14",
        "15",
        "16",
        "17",
        "18",
        "19",
        "20",
        "21",
        "22",
        "23",
        "24",
        "25",
        "26",
        "27",
        "28",
        "29"
    ],
    "demands": {
        "12_0": 0.17324,
        "14_0": 0.59761,
        "16_0": 0.19226,
        "20_0": 0.25721,
        "22_0": 1.02621,
        "25_0": 1.08712,
        "26_0": 0.16608,
        "27_0": 0.49971,
        "39_0": 1.84665,
        "0_1": 0.30548,
        "1_1": 0.3201,
        "8_1": 1.11766,
        "33_1": 0.26626,
        "35_1": 0.90911,
        "5_2": 0.02183,
        "7_2": 0.45436,
        "10_2": 0.54086,
        "12_2": 0.24718,
        "17_2": 0.43659,
        "25_2": 1.31933,
        "31_2": 0.76031,
        "36_2": 0.68822,
        "2_3": 1.36125,
        "12_3": 0.23056,
        "15_3": 0.14697,
        "18_3": 0.21,
        "19_3": 0.08529,
        "22_3": 1.11518,
        "5_4": 0.44012,
        "8_4": 1.14265,
        "23_4": 0.6877,
        "27_4": 0.28448,
        "33_4": 0.51895,
        "6_5": 0.05467,
        "8_5": 0.13462,
        "11_5": 0.0169,
        "19_5": 0.19141,
        "21_5": 0.08219,
        "24_5": 0.9963,
        "30_5": 0.1182,
        "38_5": 0.08488,
        "3_6": 1.72811,
        "17_6": 0.59978,
        "22_6": 0.77257,
        "29_6": 0.52714,
        "36_6": 0.77842,
        "38_6": 1.21696,
        "8_7": 3.53068,
        "0_8": 0.17622,
        "3_8": 0.90038,
        "21_8": 0.00106,
        "32_8": 1.78774,
        "37_8": 0.11777,
        "39_8": 1.2149,
        "7_9": 0.45052,
        "13_9": 0.17873,
        "15_9": 0.52744,
        "23_9": 0.59164,
        "27_9": 0.49951,
        "29_9": 0.53659,
        "33_9": 0.10169,
        "15_10": 0.12538,
        "20_10": 0.52082,
        "23_10": 0.65167,
        "28_10": 0.47225,
        "38_10": 1.65734,
        "7_11": 0.53051,
        "13_11": 0.01396,
        "18_11": 0.15824,
        "22_11": 0.61829,
        "32_11": 0.80177,
        "34_11": 0.12079,
        "38_11": 0.3296,
        "39_11": 1.24788,
        "11_12": 0.63993,
        "12_12": 0.64021,
        "39_12": 1.99057,
        "16_13": 0.37961,
        "17_13": 2.83708,
        "30_13": 0.20723,
        "31_13": 3.75594,
        "36_13": 0.69746,
        "0_14": 0.37729,
        "1_14": 0.4131,
        "5_14": 0.83988,
        "37_14": 0.54444,
        "39_14": 1.59451,
        "0_15": 0.35297,
        "6_15": 0.30009,
        "7_15": 0.26104,
        "9_15": 0.2913,
        "15_15": 0.10363,
        "16_15": 0.16834,
        "29_15": 0.10539,
        "31_15": 1.25376,
        "32_15": 2.36458,
        "7_16": 0.00652,
        "9_16": 0.59717,
        "17_16": 0.62661,
        "18_16": 0.37465,
        "24_16": 1.93072,
        "37_16": 0.4186,
        "39_16": 2.6713,
        "5_17": 0.47533,
        "12_17": 0.14641,
        "38_17": 1.59372,
        "9_18": 0.49354,
        "15_18": 0.76921,
        "16_18": 0.00368,
        "17_18": 2.64688,
        "36_18": 0.81255,
        "0_19": 0.31721,
        "5_19": 0.1708,
        "15_19": 0.01492,
        "18_19": 0.34443,
        "26_19": 0.1023,
        "27_19": 0.65867,
        "32_19": 0.47538,
        "37_19": 0.15427,
        "39_19": 2.89574,
        "0_20": 0.15016,
        "1_20": 0.24778,
        "4_20": 0.19495,
        "13_20": 0.15604,
        "16_20": 0.10789,
        "26_20": 0.11893,
        "28_20": 0.23186,
        "30_20": 0.29476,
        "31_20": 0.68016,
        "18_21": 0.42028,
        "28_21": 0.59463,
        "34_21": 0.43585,
        "8_22": 1.6712,
        "21_22": 0.10394,
        "33_22": 1.18406,
        "36_22": 1.14721,
        "3_23": 0.45847,
        "4_23": 0.83022,
        "10_23": 0.28142,
        "27_23": 0.27414,
        "33_23": 0.53217,
        "35_23": 0.49403,
        "1_24": 0.2085,
        "3_24": 1.0178,
        "14_24": 1.2693,
        "22_24": 6.81665,
        "1_25": 0.23136,
        "2_25": 0.56237,
        "8_25": 0.02644,
        "29_25": 0.16683,
        "30_25": 0.04645,
        "36_25": 0.54137,
        "38_25": 1.15126,
        "0_26": 1.09455,
        "21_26": 0.88778,
        "37_26": 0.28698,
        "12_27": 0.27746,
        "16_27": 0.55302,
        "32_27": 0.86503,
        "35_27": 0.19758,
        "37_27": 0.04434,
        "38_27": 0.41925,
        "16_28": 2.02251,
        "18_28": 0.00666,
        "37_28": 1.00214,
        "4_29": 1.29375,
        "7_29": 0.7406,
        "17_29": 1.44755,
        "18_29": 0.04844
    },
    "best": {
        "0": 45.9388516761114,
        "1": 20.670780969246973,
        "2": 15.819966946331075,
        "3": 17.100948648635736,
        "4": 20.773422120531585,
        "5": 8.853983732480314,
        "6": 28.13599575165799,
        "7": 35.93816294306993,
        "8": 35.21830843682543,
        "9": 3.440394886652766,
        "10": 23.436592895086115,
        "11": 38.710941922851084,
        "12": 44.376426690445555,
        "13": 37.86703394867419,
        "14": 40.115328921908635,
        "15": 16.14540703440204,
        "16": 53.337131357000295,
        "17": 22.565011723667283,
        "18": 29.21905091880116,
        "19": 53.73677468329635,
        "20": 10.62734297740292,
        "21": 2.758146105859067,
        "22": 24.972516392719644,
        "23": 4.251383019601719,
        "24": 41.952547369830164,
        "25": 19.544183936436955,
        "26": 5.7294546750512865,
        "27": 13.585531840078827,
        "28": 10.007915508900325,
        "29": 21.78393936072488
    },