{
    "throughput": 9.0,
    "class_probs": {
        "0": 0.018618259574197722,
        "1": 0.03924371282042117,
        "2": 0.03466708672093306,
        "3": 0.02530190954658712,
        "4": 0.028945904291488217,
        "5": 0.03746790841279577,
        "6": 0.01401791933686164,
        "7": 0.009885871958183533,
        "8": 0.016899376108498478,
        "9": 0.011246265133135867,
        "10": 0.021208983031972623,
        "11": 0.029283018039750697,
        "12": 0.03942874538616038,
        "13": 0.03997828220554871,
        "14": 0.00791930680731586,
        "15": 0.03448136810076543,
        "16": 0.010245201859208915,
        "17": 0.01981479582266661,
        "18": 0.006091274737068641,
        "19": 0.01090478902795645,
        "20": 0.0369163176174516,
        "21": 0.04161270473729495,
        "22": 0.018077821082438834,
        "23": 0.02447299318778449,
        "24": 0.03862492215281905,
        "25": 0.03456714510268082,
        "26": 0.037889277441675064,
        "27": 0.02500737691997037,
        "28": 0.03937332972147735,
        "29": 0.03282812974950628,
        "30": 0.02702710832481987,
        "31": 0.03967549281362441,
        "32": 0.006887211183528697,
        "33": 0.026435755400354973,
        "34": 0.015401294620881705,
        "35": 0.017697210119048214,
        "36": 0.02478569683901445,
        "37": 0.021203486241219767,
        "38": 0.029522899510592598,
        "39": 0.006343848312299575
    },
    "best_objective": 675.7713620063738,
    "classes": [
        "0",
        "1",
        "2",
        "3",
        "4",
        "5",
        "6",
        "7",
        "8",
        "9",
        "10",
        "11",
        "12",
        "13",
        "14",
        "15",
        "16",
        "17",
        "18",
        "19",
        "20",
        "21",
        "22",
        "23",
        "24",
        "25",
        "26",
        "27",
        "28",
        "29",
        "30",
        "31",
        "32",
        "33",
        "34",
        "35",
        "36",
        "37",
        "38",
        "39"
    ],
    "resources": [
        "0",
        "1",
        "2",
        "3",
        "4",
        "5",
        "6",
        "7",
        "8",
        "9",
        "10",
        "11",
        "12",
        "13",
        "14",
        "15",
        "16",
        "17",
        "18",
        "19",
        "20",
        "21",
        "22",
        "23",
        "24",
        "25",
        "26",
        "27",
        "28",
        "29"
    ],
    "demands": {
        "3_0": 0.64338,
        "7_0": 0.70057,
        "9_0": 1.35777,
        "15_0": 0.11894,
        "31_0": 0.07291,
        "1_1": 0.23593,
        "3_1": 0.71676,
        "13_1": 0.10503,
        "15_1": 0.14346,
        "16_1": 0.2078,
        "21_1": 0.33615,
        "22_1": 0.23277,
        "25_1": 0.40611,
        "35_1": 1.11878,
        "4_2": 0.33359,
        "26_2": 0.38638,
        "30_2": 0.33984,
        "34_2": 0.17485,
        "6_3": 1.06956,
        "7_3": 2.72125,
        "22_3": 0.81238,
        "25_3": 0.0208,
        "26_3": 0.35002,
        "28_3": 0.607,
        "38_3": 0.059,
        "8_4": 1.18837,
        "13_4": 0.75292,
        "14_4": 2.20629,
        "33_4": 0.95233,
        "34_4": 0.23871,
        "4_5": 0.02025,
        "7_5": 0.35346,
        "8_5": 0.7226,
        "13_5": 0.14476,
        "17_5": 0.04511,
        "29_5": 0.07035,
        "30_5": 0.16406,
        "38_5": 0.06833,
        "39_5": 0.99002,
        "3_6": 0.84005,
        "9_6": 0.3691,
        "24_6": 0.63275,
        "27_6": 0.58678,
        "12_7": 0.72414,
        "27_7": 1.5308,
        "34_7": 0.42613,
        "39_7": 0.25475,
        "6_8": 1.18466,
        "19_8": 0.59177,
        "30_8": 0.60655,
        "31_8": 0.40786,
        "35_8": 0.72836,
        "1_9": 0.06545,
        "6_9": 0.49275,
        "12_9": 0.21451,
        "17_9": 0.36851,
        "22_9": 0.21391,
        "23_9": 0.03429,
        "24_9": 0.02995,
        "39_9": 1.84594,
        "2_10": 0.36039,
        "6_10": 0.53099,
        "23_10": 1.45433,
        "36_10": 1.02602,
        "1_11": 0.07324,
        "5_11": 0.32613,
        "11_11": 0.45697,
        "23_11": 0.02446,
        "26_11": 0.22619,
        "27_11": 0.36812,
        "28_11": 0.09602,
        "39_11": 2.26235,
        "1_12": 0.0517,
        "2_12": 0.03628,
        "5_12": 0.32457,
        "7_12": 1.2459,
        "19_12": 0.8759,
        "29_12": 0.36331,
        "34_12": 0.84945,
        "4_13": 0.85961,
        "7_13": 2.53316,
        "17_13": 0.70491,
        "19_13": 0.39537,
        "29_13": 0.20157,
        "37_13": 0.57544,
        "3_14": 1.75561,
        "36_14": 1.97477,
        "0_15": 4.96155,
        "2_16": 0.00787,
        "5_16": 0.09902,
        "15_16": 0.36503,
        "20_16": 0.02944,
        "28_16": 0.12387,
        "35_16": 0.23902,
        "39_16": 2.3692,
        "8_17": 0.769,
        "11_17": 0.21079,
        "17_17": 1.21611,
        "20_17": 0.60577,
        "24_17": 0.30699,
        "32_17": 0.85461,
        "37_17": 0.46691,
        "5_18": 0.21291,
        "17_18": 0.06023,
        "21_18": 0.24843,
        "32_18": 2.57992,
        "36_18": 0.11961,
        "37_18": 0.69907,
        "9_19": 0.75399,
        "10_19": 0.24626,
        "28_19": 0.26333,
        "29_19": 0.45871,
        "7_20": 0.9446,
        "10_20": 0.91331,
        "25_20": 0.54087,
        "5_21": 0.06953,
        "14_21": 0.57013,
        "23_21": 0.19332,
        "25_21": 0.21619,
        "28_21": 0.249,
        "30_21": 0.38896,
        "34_21": 0.39202,
        "36_21": 0.12937,
        "37_21": 0.26589,
        "39_21": 1.50944,
        "27_22": 0.66217,
        "29_22": 0.47381,
        "32_22": 2.26549,
        "33_22": 0.52145,
        "39_22": 2.48472,
        "11_23": 0.83027,
        "13_23": 0.40205,
        "19_23": 3.78777,
        "15_24": 1.23467,
        "27_24": 0.17775,
        "36_24": 1.80929,
        "17_25": 1.14676,
        "22_25": 2.57532,
        "29_25": 0.69053,
        "0_26": 0.5955,
        "14_26": 0.59287,
        "16_26": 0.55941,
        "22_26": 0.55519,
        "25_26": 0.22529,
        "26_26": 0.18906,
        "35_26": 0.91695,
        "5_27": 0.41108,
        "18_27": 1.92859,
        "19_27": 0.34275,
        "24_27": 0.37372,
        "29_27": 0.04364,
        "30_27": 0.28493,
        "31_27": 0.05282,
        "36_27": 0.40846,
        "3_28": 1.10449,
        "9_28": 0.52096,
        "13_28": 0.32701,
        "25_28": 0.46577,
        "27_28": 0.21848,
        "4_29": 0.55831,
        "6_29": 0.69985,
        "18_29": 2.76609,
        "20_29": 0.02127,
        "32_29": 2.94904,
        "34_29": 0.3974
    },
    "best": {
        "0": 21.285770614980922,
        "1": 12.867336172056268,
        "2": 2.0706950131852073,
        "3": 34.85963377121743,
        "4": 10.564047644123935,
        "5": 30.654115445466875,
        "6": 13.30780385535518,
        "7": 14.788955233863309,
        "8": 10.216738044310997,
        "9": 38.561142517033744,
        "10": 14.10859894290245,
        "11": 42.64473035386005,
        "12": 25.72323317527756,
        "13": 33.711208363416866,
        "14": 26.58984823314207,
        "15": 21.202222776234418,
        "16": 43.41781004424937,
        "17": 16.14007622313916,
        "18": 27.469747663076177,
        "19": 4.778540333731453,
        "20": 19.98950234172484,
        "21": 35.657501989084246,
        "22": 51.326565155112064,
        "23": 24.295832221216745,
        "24": 18.59446008944103,
        "25": 13.797175657837977,
        "26": 11.115835311890965,
        "27": 11.738002811707489,
        "28": 15.241174766483875,
        "29": 29.05305724125128
    },