{
    "throughput": 6.0,
    "class_probs": {
        "0": 0.01332713342133768,
        "1": 0.029959979395234933,
        "2": 0.020113465358612116,
        "3": 0.005414289045781311,
        "4": 0.02717267448881983,
        "5": 0.015012219874791328,
        "6": 0.024637046321444055,
        "7": 0.03963065410176788,
        "8": 0.03412717830725122,
        "9": 0.004717695298435846,
        "10": 0.01892652687465518,
        "11": 0.016452512271499926,
        "12": 0.04185721040152481,
        "13": 0.008060366490349575,
        "14": 0.04355529763654729,
        "15": 0.02816922151937441,
        "16": 0.00503600672673093,
        "17": 0.02572297462340749,
        "18": 0.021837615627426487,
        "19": 0.044414659339802105,
        "20": 0.008897620585865223,
        "21": 0.018012196632682952,
        "22": 0.04118797878474013,
        "23": 0.022527602748291686,
        "24": 0.021957375647509773,
        "25": 0.033768854006834215,
        "26": 0.02656475618798157,
        "27": 0.026118799284549542,
        "28": 0.023464990286509325,
        "29": 0.03466937555679593,
        "30": 0.042619622630007674,
        "31": 0.03763099930784846,
        "32": 0.020777694747153942,
        "33": 0.02031773693210791,
        "34": 0.0272929311558701,
        "35": 0.007201213958841097,
        "36": 0.0217356312099653,
        "37": 0.024203467115701555,
        "38": 0.034111095110666456,
        "39": 0.03879533098528274
    },
    "best_objective": 1159.0176662459935,
    "classes": [
        "0",
        "1",
        "2",
        "3",
        "4",
        "5",
        "6",
        "7",
        "8",
        "9",
        "10",
        "11",
        "12",
        "13",
        "14",
        "15",
        "16",
        "17",
        "18",
        "19",
        "20",
        "21",
        "22",
        "23",
        "24",
        "25",
        "26",
        "27",
        "28",
        "29",
        "30",
        "31",
        "32",
        "33",
        "34",
        "35",
        "36",
        "37",
        "38",
        "39"
    ],
    "resources": [
        "0",
        "1",
        "2",
        "3",
        "4",
        "5",
        "6",
        "7",
        "8",
        "9",
        "10",
        "11",
        "12",
        "13",
        "14",
        "15",
        "16",
        "17",
        "18",
        "19",
        "20",
        "21",
        "22",
        "23",
        "24",
        "25",
        "26",
        "27",
        "28",
        "29"
    ],
    "demands": {
        "6_0": 0.70666,
        "7_0": 0.40837,
        "24_0": 0.94727,
        "1_1": 0.70904,
        "5_1": 0.8102,
        "7_1": 0.5455,
        "22_1": 0.29069,
        "23_1": 0.63919,
        "30_1": 0.19292,
        "14_2": 1.73415,
        "16_2": 6.12333,
        "29_2": 0.02446,
        "31_2": 0.60604,
        "2_3": 0.44849,
        "16_3": 5.94934,
        "25_3": 1.01573,
        "31_3": 1.05416,
        "5_4": 0.17631,
        "7_4": 0.0214,
        "13_4": 1.25004,
        "19_4": 0.20197,
        "23_4": 0.71733,
        "24_4": 0.72552,
        "28_4": 0.53888,
        "33_4": 0.23728,
        "13_5": 2.50648,
        "20_5": 1.28209,
        "31_5": 0.9941,
        "34_5": 0.00954,
        "39_5": 1.70533,
        "6_6": 1.1502,
        "25_6": 0.79958,
        "26_6": 0.41898,
        "30_6": 0.55136,
        "32_6": 0.48109,
        "1_7": 1.22798,
        "14_7": 0.85224,
        "23_7": 1.84091,
        "29_7": 0.03667,
        "0_8": 1.77132,
        "11_8": 1.11748,
        "12_8": 0.93608,
        "16_8": 7.57317,
        "27_8": 0.22754,
        "33_8": 0.38278,
        "34_8": 0.30159,
        "1_9": 0.70693,
        "12_9": 0.85544,
        "13_9": 4.86742,
        "20_9": 0.17726,
        "37_9": 1.81625,
        "4_10": 0.27625,
        "7_10": 0.21651,
        "11_10": 0.12263,
        "12_10": 0.02825,
        "13_10": 0.03544,
        "18_10": 0.42542,
        "26_10": 0.25424,
        "27_10": 0.00579,
        "29_10": 0.27325,
        "32_10": 0.17791,
        "35_10": 0.93339,
        "36_10": 0.41592,
        "39_10": 0.19054,
        "12_11": 1.24892,
        "23_11": 0.79221,
        "37_11": 1.48265,
        "39_11": 0.94234,
        "0_12": 0.77982,
        "1_12": 0.03001,
        "5_12": 0.65122,
        "7_12": 0.06981,
        "14_12": 0.15656,
        "23_12": 0.19356,
        "24_12": 0.26555,
        "25_12": 0.30629,
        "37_12": 0.38661,
        "7_13": 0.51923,
        "11_13": 0.65437,
        "19_13": 0.2819,
        "20_13": 2.23428,
        "21_13": 0.57321,
        "26_13": 1.09008,
        "1_14": 0.57304,
        "17_14": 0.44088,
        "30_14": 0.49287,
        "35_14": 4.76936,
        "37_14": 0.84225,
        "3_15": 15.51247,
        "13_15": 1.17786,
        "25_15": 1.43215,
        "30_15": 0.03429,
        "12_16": 0.39578,
        "13_16": 0.73019,
        "18_16": 0.80659,
        "25_16": 0.07939,
        "26_16": 0.44227,
        "28_16": 0.1147,
        "36_16": 0.30106,
        "38_16": 0.56771,
        "8_17": 1.66995,
        "14_18": 0.61228,
        "21_18": 1.34414,
        "29_18": 0.18085,
        "32_18": 1.46236,
        "35_18": 4.05573,
        "10_19": 0.60807,
        "13_19": 2.06634,
        "14_19": 0.10438,
        "20_19": 1.00056,
        "31_19": 0.42325,
        "35_19": 1.56397,
        "8_20": 0.57529,
        "9_20": 4.91454,
        "16_20": 10.34451,
        "26_20": 0.28419,
        "29_20": 0.19572,
        "35_20": 4.63723,
        "5_21": 2.21977,
        "14_21": 0.69581,
        "24_21": 0.53164,
        "34_21": 0.21903,
        "39_21": 0.50205,
        "0_22": 0.62882,
        "5_22": 0.16941,
        "8_22": 0.10345,
        "15_22": 0.42034,
        "19_22": 0.32547,
        "21_22": 1.22295,
        "22_22": 0.09584,
        "23_23": 1.13165,
        "25_23": 0.45453,
        "28_23": 0.93459,
        "34_23": 0.50814,
        "36_23": 0.8836,
        "2_24": 0.41773,
        "8_24": 0.44258,
        "11_24": 0.00232,
        "19_24": 0.25469,
        "27_24": 0.26202,
        "31_24": 0.52807,
        "34_24": 0.26417,
        "36_24": 0.93129,
        "37_24": 0.32739,
        "0_25": 1.73133,
        "19_25": 0.79179,
        "20_25": 0.38693,
        "24_25": 1.33174,
        "32_25": 0.92307,
        "34_25": 0.70564,
        "35_25": 1.22069,
        "0_26": 0.69407,
        "1_26": 0.62051,
        "11_26": 1.23879,
        "16_26": 2.98119,
        "29_26": 0.4764,
        "30_26": 0.34197,
        "0_27": 0.04314,
        "4_27": 0.60193,
        "6_27": 0.26196,
        "9_27": 1.78882,
        "18_27": 0.67597,
        "19_27": 0.37766,
        "30_27": 0.32341,
        "31_27": 0.1954,
        "34_27": 0.59327,
        "39_27": 0.319,
        "0_28": 0.03476,
        "3_28": 1.24305,
        "7_28": 0.19388,
        "10_28": 0.46107,
        "15_28": 0.44053,
        "17_28": 0.211,
        "18_28": 0.27255,
        "23_28": 0.29612,
        "33_28": 0.4014,
        "38_28": 0.02534,
        "1_29": 0.34244,
        "2_29": 0.38475,
        "6_29": 0.52042,
        "9_29": 2.28015,
        "14_29": 0.01345,
        "18_29": 0.3728,
        "24_29": 0.66684,
        "27_29": 0.47315,
        "36_29": 0.56824
    },
    "best": {
        "0": 7.609373976064235,
        "1": 16.17954010194077,
        "2": 102.30612807852665,
        "3": 100.75090957327666,
        "4": 30.645831569797434,
        "5": 38.73034069799787,
        "6": 8.13230378761608,
        "7": 22.865792647417642,
        "8": 113.75494657628022,
        "9": 52.803293716803545,
        "10": 26.401167586382506,
        "11": 15.396216774752796,
        "12": 11.147239732982353,
        "13": 10.380537549086949,
        "14": 58.3659938478943,
        "15": 66.67045232980428,
        "16": 20.63553421010787,
        "17": 9.120775444624304,
        "18": 54.06750141744646,
        "19": 48.12331247666684,
        "20": 146.39012804847408,