{
    "throughput": 8.0,
    "class_probs": {
        "0": 0.023082816196592,
        "1": 0.037432542132805564,
        "2": 0.021989491430818738,
        "3": 0.023536593995495673,
        "4": 0.01968049915772968,
        "5": 0.031449821858773,
        "6": 0.03245606696012977,
        "7": 0.014570344768138985,
        "8": 0.020243286724255388,
        "9": 0.041158567424537634,
        "10": 0.020661864890257182,
        "11": 0.03677451722159451,
        "12": 0.014850782447776998,
        "13": 0.029929854665497847,
        "14": 0.012451096083069732,
        "15": 0.013665530830078867,
        "16": 0.03706580033971072,
        "17": 0.01822637084532222,
        "18": 0.023461514333604296,
        "19": 0.030551461623272987,
        "20": 0.041260011771823556,
        "21": 0.013975325551631982,
        "22": 0.007619744121164104,
        "23": 0.041468497565741225,
        "24": 0.0074945785768100424,
        "25": 0.008213440816398142,
        "26": 0.025069557092487215,
        "27": 0.03951482844784162,
        "28": 0.04186398633573055,
        "29": 0.02462125510308283,
        "30": 0.005851241150137218,
        "31": 0.030342994526922726,
        "32": 0.017654145013612132,
        "33": 0.042722643137382936,
        "34": 0.035703176339718694,
        "35": 0.014320706155416371,
        "36": 0.023890095594567368,
        "37": 0.03876498552689861,
        "38": 0.020569063813796345,
        "39": 0.015840899429374687
    },
    "best_objective": 597.3675492023737,
    "classes": [
        "0",
        "1",
        "2",
        "3",
        "4",
        "5",
        "6",
        "7",
        "8",
        "9",
        "10",
        "11",
        "12",
        "13",
        "14",
        "15",
        "16",
        "17",
        "18",
        "19",
        "20",
        "21",
        "22",
        "23",
        "24",
        "25",
        "26",
        "27",
        "28",
        "29",
        "30",
        "31",
        "32",
        "33",
        "34",
        "35",
        "36",
        "37",
        "38",
        "39"
    ],
    "resources": [
        "0",
        "1",
        "2",
        "3",
        "4",
        "5",
        "6",
        "7",
        "8",
        "9",
        "10",
        "11",
        "12",
        "13",
        "14",
        "15",
        "16",
        "17",
        "18",
        "19",
        "20",
        "21",
        "22",
        "23",
        "24",
        "25",
        "26",
        "27",
        "28",
        "29"
    ],
    "demands": {
        "14_0": 0.12824,
        "16_0": 0.31257,
        "22_0": 3.50556,
        "29_0": 0.88584,
        "9_1": 0.52703,
        "32_1": 1.73732,
        "34_1": 0.92107,
        "1_2": 0.43859,
        "6_2": 1.07654,
        "7_3": 1.81467,
        "22_3": 2.25518,
        "26_3": 1.55863,
        "1_4": 0.03805,
        "3_4": 1.08376,
        "16_4": 0.2992,
        "27_4": 0.74913,
        "28_4": 0.23649,
        "37_4": 0.8315,
        "4_5": 1.09142,
        "17_5": 0.31748,
        "19_5": 0.54728,
        "21_5": 1.70945,
        "26_5": 0.80434,
        "36_5": 0.04152,
        "3_6": 1.82193,
        "16_6": 1.04728,
        "21_6": 1.24222,
        "7_7": 0.95936,
        "8_7": 0.21411,
        "11_7": 0.39408,
        "15_7": 0.54108,
        "21_7": 0.27293,
        "30_7": 2.0528,
        "31_7": 0.46516,
        "32_7": 0.86002,
        "0_8": 0.63077,
        "12_8": 1.4507,
        "13_8": 0.61925,
        "14_8": 1.71642,
        "8_9": 0.16885,
        "24_9": 4.22446,
        "27_9": 0.53793,
        "30_9": 2.44402,
        "35_9": 0.24281,
        "36_9": 0.04681,
        "37_9": 0.23125,
        "2_10": 0.39326,
        "4_10": 0.19766,
        "6_10": 0.23433,
        "18_10": 0.37499,
        "25_10": 0.84828,
        "31_10": 0.08152,
        "10_11": 0.30393,
        "16_11": 0.66994,
        "21_11": 2.4751,
        "22_11": 3.14286,
        "38_11": 0.3086,
        "7_12": 0.03917,
        "15_12": 0.86525,
        "24_12": 2.2369,
        "26_12": 0.06859,
        "30_12": 0.89031,
        "34_12": 0.02279,
        "39_12": 0.23937,
        "11_13": 0.69633,
        "15_13": 0.55285,
        "18_13": 1.11453,
        "21_13": 2.15071,
        "13_14": 0.40935,
        "23_14": 0.44341,
        "39_14": 1.33725,
        "10_15": 0.49515,
        "11_15": 0.35669,
        "20_15": 0.11613,
        "27_15": 0.02767,
        "33_15": 0.30995,
        "35_15": 0.9685,
        "37_15": 0.33296,
        "39_15": 0.34895,
        "3_16": 0.63627,
        "22_16": 0.30023,
        "25_16": 0.80971,
        "32_16": 0.78177,
        "34_16": 0.36624,
        "35_16": 0.38118,
        "7_17": 0.53648,
        "9_17": 0.23198,
        "10_17": 0.73245,
        "11_17": 0.23427,
        "14_17": 0.81007,
        "23_17": 0.1576,
        "32_17": 0.45257,
        "15_18": 1.81971,
        "16_18": 0.16008,
        "36_18": 0.72912,
        "3_19": 0.83698,
        "9_19": 0.4842,
        "17_19": 0.01519,
        "28_19": 0.11356,
        "31_19": 0.72303,
        "37_19": 0.64289,
        "18_20": 1.11973,
        "19_20": 0.55774,
        "29_20": 0.96002,
        "32_20": 0.60581,
        "38_20": 1.01452,
        "39_20": 0.58943,
        "1_21": 0.07035,
        "5_21": 0.42382,
        "7_21": 0.5013,
        "12_21": 0.97635,
        "18_21": 0.47415,
        "20_21": 0.27466,
        "30_21": 0.59024,
        "36_21": 0.60623,
        "37_21": 0.19147,
        "39_21": 0.53126,
        "1_22": 0.4504,
        "3_22": 0.78655,
        "15_22": 0.86757,
        "16_22": 0.4474,
        "19_22": 0.32531,
        "2_23": 0.58093,
        "6_23": 0.13373,
        "7_23": 0.90857,
        "14_23": 1.27656,
        "18_23": 0.57311,
        "20_23": 0.10469,
        "33_24": 0.49826,
        "36_24": 2.66095,
        "0_25": 0.21118,
        "2_25": 0.41437,
        "8_25": 0.5292,
        "14_25": 0.6249,
        "15_25": 0.77113,
        "19_25": 0.2774,
        "33_25": 0.15816,
        "3_26": 0.48312,
        "8_26": 0.69052,
        "13_26": 0.41025,
        "16_26": 0.26189,
        "17_26": 0.90739,
        "35_26": 0.73634,
        "11_27": 0.06738,
        "21_27": 1.86999,
        "28_27": 0.53995,
        "30_27": 1.40603,
        "13_28": 0.00046,
        "17_28": 0.66911,
        "18_28": 0.33471,
        "19_28": 0.57257,
        "29_28": 0.87341,
        "31_28": 0.41084,
        "5_29": 0.38213,
        "10_29": 0.43141,
        "17_29": 0.05629,
        "22_29": 1.84944,
        "26_29": 0.33688,
        "36_29": 0.20396
    },
    "best": {
        "0": 40.97762725097137,
        "1": 12.369141402934362,
        "2": 4.641308182221789,
        "3": 32.9394892382738,
        "4": 17.842179352419336,
        "5": 25.397305258223433,
        "6": 31.202063567846604,
        "7": 28.147963074159293,
        "8": 16.735221357025438,
        "9": 25.693805346661424,
        "10": 6.626583017055236,
        "11": 49.04363706509854,
        "12": 19.01889203503798,
        "13": 31.349224855541237,
        "14": 9.917178929559832,
        "15": 5.452432721780654,
        "16": 19.66251275486632,
        "17": 13.108699805868753,
        "18": 16.766778953649602,
        "19": 15.640259684293259,
        "20": 14.828818513239142,
        "21": 17.159262695568962,
        "22": 18.35024180232705,
        "23": 16.346864381000675,
        "24": 13.468123335219618,
        "25": 14.228609767470003,
        "26": 11.921757808660772,
        "27": 32.448525869937754,
        "28": 6.244020689492262,
        "29": 29.839020485969165
    },