{
    "throughput": 6.0,
    "class_probs": {
        "0": 0.016207555302732837,
        "1": 0.046366337817365884,
        "2": 0.023279475240078094,
        "3": 0.026143769706924117,
        "4": 0.0459241397353884,
        "5": 0.005639118730463374,
        "6": 0.0367818237864781,
        "7": 0.03161174928042605,
        "8": 0.012013267809426695,
        "9": 0.03348595818528165,
        "10": 0.04271730360914708,
        "11": 0.009968557008339358,
        "12": 0.007029471407883732,
        "13": 0.026461830755866906,
        "14": 0.038799462564886325,
        "15": 0.0451837651425477,
        "16": 0.03457373229418174,
        "17": 0.03138505679936628,
        "18": 0.017659082727303786,
        "19": 0.015765485262353624,
        "20": 0.026955215829496424,
        "21": 0.005470043834104839,
        "22": 0.020624063518115014,
        "23": 0.0205819717100774,
        "24": 0.015442224186007351,
        "25": 0.009283784288541309,
        "26": 0.028419043240012095,
        "27": 0.018845866609876964,
        "28": 0.03232131578453951,
        "29": 0.00992772936048375,
        "30": 0.04789891668423501,
        "31": 0.005517536285367648,
        "32": 0.006227934085920044,
        "33": 0.04860754535487231,
        "34": 0.01891808193767719,
        "35": 0.007189080417592423,
        "36": 0.010286442161275736,
        "37": 0.02266625893105021,
        "38": 0.04862235530537423,
        "39": 0.049197647308938906
    },
    "best_objective": 1100.6624098591867,
    "classes": [
        "0",
        "1",
        "2",
        "3",
        "4",
        "5",
        "6",
        "7",
        "8",
        "9",
        "10",
        "11",
        "12",
        "13",
        "14",
        "15",
        "16",
        "17",
        "18",
        "19",
        "20",
        "21",
        "22",
        "23",
        "24",
        "25",
        "26",
        "27",
        "28",
        "29",
        "30",
        "31",
        "32",
        "33",
        "34",
        "35",
        "36",
        "37",
        "38",
        "39"
    ],
    "resources": [
        "0",
        "1",
        "2",
        "3",
        "4",
        "5",
        "6",
        "7",
        "8",
        "9",
        "10",
        "11",
        "12",
        "13",
        "14",
        "15",
        "16",
        "17",
        "18",
        "19",
        "20",
        "21",
        "22",
        "23",
        "24",
        "25",
        "26",
        "27",
        "28",
        "29"
    ],
    "demands": {
        "10_0": 0.32554,
        "16_0": 0.37061,
        "21_0": 0.90145,
        "25_0": 0.02258,
        "36_0": 0.93813,
        "39_0": 0.17447,
        "19_1": 2.16898,
        "24_1": 1.13028,
        "3_2": 0.66805,
        "5_2": 4.231,
        "18_2": 2.24304,
        "19_2": 0.85801,
        "36_2": 3.84994,
        "1_3": 0.61821,
        "6_3": 0.10642,
        "9_3": 0.20245,
        "19_3": 2.87449,
        "31_3": 2.75762,
        "39_3": 0.14886,
        "7_4": 1.30344,
        "25_4": 4.49616,
        "32_4": 4.59857,
        "1_5": 0.1356,
        "2_5": 0.51062,
        "8_5": 1.00794,
        "23_5": 1.03138,
        "26_5": 0.2026,
        "0_6": 0.80743,
        "2_6": 0.53635,
        "15_6": 0.2031,
        "16_6": 0.95536,
        "17_6": 1.44269,
        "25_6": 0.75938,
        "0_7": 2.13008,
        "2_7": 1.17243,
        "10_7": 1.02728,
        "12_7": 0.84588,
        "25_8": 6.36936,
        "26_8": 0.42782,
        "34_8": 3.39218,
        "14_9": 1.16798,
        "36_9": 5.69075,
        "6_10": 0.18387,
        "13_10": 0.47168,
        "27_10": 0.05467,
        "29_10": 1.61955,
        "34_10": 0.8322,
        "38_10": 0.18245,
        "0_11": 1.34818,
        "7_11": 0.36613,
        "11_11": 0.75995,
        "12_11": 2.54853,
        "15_11": 0.31292,
        "29_11": 2.28293,
        "3_12": 0.0611,
        "6_12": 0.33618,
        "13_12": 0.50225,
        "17_12": 0.67475,
        "21_12": 1.14987,
        "23_12": 0.92566,
        "31_12": 3.96175,
        "35_12": 1.59258,
        "2_13": 1.79136,
        "5_13": 3.39743,
        "16_13": 1.26222,
        "9_14": 0.28705,
        "20_14": 0.3855,
        "29_14": 0.86749,
        "30_14": 0.40506,
        "33_14": 0.15603,
        "1_15": 0.45206,
        "7_15": 0.40415,
        "10_15": 0.03477,
        "13_15": 0.55008,
        "14_15": 0.42163,
        "28_15": 0.68949,
        "1_16": 0.14151,
        "8_16": 1.51328,
        "13_16": 0.54148,
        "18_16": 0.89237,
        "20_16": 0.49255,
        "22_16": 0.74837,
        "25_16": 1.10238,
        "28_16": 0.14723,
        "30_16": 0.0515,
        "32_16": 0.12914,
        "35_16": 2.23728,
        "0_17": 1.12306,
        "3_17": 1.13241,
        "5_17": 0.28987,
        "17_17": 0.05416,
        "19_17": 1.65759,
        "22_17": 0.34292,
        "2_18": 3.515,
        "10_18": 0.91581,
        "21_18": 1.6586,
        "26_18": 0.00238,
        "0_19": 1.00392,
        "17_19": 0.51925,
        "23_19": 0.22381,
        "30_19": 0.20817,
        "37_19": 0.65909,
        "1_20": 0.182,
        "4_20": 0.37553,
        "8_20": 0.51848,
        "10_20": 0.47709,
        "11_20": 0.8487,
        "34_20": 1.18026,
        "4_21": 0.78023,
        "8_21": 0.58644,
        "24_21": 1.87569,
        "0_22": 1.8653,
        "5_22": 1.40006,
        "15_22": 0.22717,
        "28_22": 0.28544,
        "32_22": 6.79202,
        "36_22": 4.57389,
        "0_23": 1.1293,
        "2_23": 0.2386,
        "11_23": 1.29254,
        "13_23": 0.22033,
        "26_23": 0.27729,
        "5_24": 2.18695,
        "8_24": 0.49274,
        "9_24": 0.17258,
        "11_24": 1.24733,
        "14_24": 0.30416,
        "20_24": 0.32198,
        "27_24": 0.26825,
        "30_24": 0.22418,
        "33_24": 0.11997,
        "8_25": 1.01125,
        "13_25": 1.74586,
        "38_25": 1.39191,
        "33_26": 0.05289,
        "34_26": 0.00775,
        "35_26": 2.598,
        "36_26": 1.92489,
        "37_26": 0.0323,
        "38_26": 0.44027,
        "4_27": 0.7725,
        "8_27": 1.54333,
        "12_27": 4.57652,
        "29_27": 3.01331,
        "33_27": 0.10289,
        "29_28": 8.20401,
        "36_28": 0.54537,
        "5_29": 1.93267,
        "9_29": 1.26965,
        "25_29": 6.02598,
        "35_29": 0.12488
    },
    "best": {
        "0": 27.920157088960377,
        "1": 18.610287704387545,
        "2": 66.85334168953614,
        "3": 27.3856826267724,
        "4": 61.204238192100526,
        "5": 18.383482268391734,
        "6": 32.150838425435715,
        "7": 31.283064120362475,
        "8": 72.86238825882754,
        "9": 67.82289528952172,
        "10": 33.97781888745473,
        "11": 45.90681815382027,
        "12": 20.764931061444152,
        "13": 35.41922167194246,
        "14": 24.77816077895846,
        "15": 4.60060765916242,
        "16": 36.61103530576483,
        "17": 27.679504029047685,
        "18": 23.67187012078125,
        "19": 19.328129159195147,
        "20": 11.823071242913734,
        "21": 12.4749691537599,
        "22": 69.33574958105687,
        "23": 21.430808465946715,
        "24": 27.47477350131935,
        "25": 18.154684843614223,
        "26": 39.462831972964565,
        "27": 50.29820699507851,
        "28": 78.5209107380139,
        "29": 74.47193087265155
    },