{
    "throughput": 6.0,
    "class_probs": {
        "0": 0.026151136251643677,
        "1": 0.01199242487231578,
        "2": 0.033566156110654076,
        "3": 0.013922366168706847,
        "4": 0.008050540031779864,
        "5": 0.025744148728577238,
        "6": 0.03959116100871168,
        "7": 0.043149517060035905,
        "8": 0.030683264848098957,
        "9": 0.02708725860596484,
        "10": 0.01302304175935293,
        "11": 0.01736462028322547,
        "12": 0.034635025308906095,
        "13": 0.02524274140240531,
        "14": 0.030786095851334266,
        "15": 0.02587051682934106,
        "16": 0.031447180975919434,
        "17": 0.02572892628959497,
        "18": 0.01691867134754619,
        "19": 0.01876997132032671,
        "20": 0.03245988823182446,
        "21": 0.033180090924610106,
        "22": 0.03504864336393107,
        "23": 0.02734837338714826,
        "24": 0.03972857426810286,
        "25": 0.00579432226945824,
        "26": 0.01740605187626186,
        "27": 0.01850635284773963,
        "28": 0.033767150083833165,
        "29": 0.04206481676857605,
        "30": 0.020275647651691698,
        "31": 0.016466889357454002,
        "32": 0.010434811281542987,
        "33": 0.02917789953355004,
        "34": 0.012034992664610028,
        "35": 0.03917023571637977,
        "36": 0.02283929166728249,
        "37": 0.017401067279149113,
        "38": 0.013527656873511165,
        "39": 0.0336424788989016
    },
    "best_objective": 737.5735417383934,
    "classes": [
        "0",
        "1",
        "2",
        "3",
        "4",
        "5",
        "6",
        "7",
        "8",
        "9",
        "10",
        "11",
        "12",
        "13",
        "14",
        "15",
        "16",
        "17",
        "18",
        "19",
        "20",
        "21",
        "22",
        "23",
        "24",
        "25",
        "26",
        "27",
        "28",
        "29",
        "30",
        "31",
        "32",
        "33",
        "34",
        "35",
        "36",
        "37",
        "38",
        "39"
    ],
    "resources": [
        "0",
        "1",
        "2",
        "3",
        "4",
        "5",
        "6",
        "7",
        "8",
        "9",
        "10",
        "11",
        "12",
        "13",
        "14",
        "15",
        "16",
        "17",
        "18",
        "19",
        "20",
        "21",
        "22",
        "23",
        "24",
        "25",
        "26",
        "27",
        "28",
        "29"
    ],
    "demands": {
        "0_0": 0.52184,
        "2_0": 0.3813,
        "7_0": 0.33069,
        "13_0": 0.75923,
        "31_0": 0.69474,
        "5_1": 0.58202,
        "10_1": 1.07858,
        "14_1": 0.08791,
        "22_1": 0.05895,
        "26_1": 2.39627,
        "28_1": 1.08008,
        "39_1": 0.22083,
        "6_2": 1.49728,
        "9_2": 2.0722,
        "26_2": 0.96024,
        "27_2": 0.47241,
        "2_3": 0.55159,
        "12_3": 0.36622,
        "29_3": 0.22011,
        "37_3": 0.69337,
        "1_4": 2.10779,
        "12_4": 0.45681,
        "19_4": 0.45992,
        "21_4": 0.70647,
        "22_4": 0.01223,
        "31_4": 0.84616,
        "38_4": 0.02851,
        "39_4": 0.87028,
        "3_5": 3.21972,
        "7_5": 0.84924,
        "11_5": 0.95017,
        "20_5": 0.44611,
        "21_5": 0.04488,
        "23_5": 0.65437,
        "37_5": 0.67174,
        "11_6": 2.08048,
        "14_6": 0.08578,
        "29_6": 0.81191,
        "32_6": 1.66436,
        "0_7": 0.51117,
        "3_7": 0.67289,
        "5_7": 0.40367,
        "25_7": 0.22199,
        "28_7": 0.38237,
        "34_7": 0.90329,
        "1_8": 1.5878,
        "4_8": 4.19254,
        "26_8": 1.97514,
        "0_9": 0.33708,
        "2_9": 0.48011,
        "7_9": 0.38711,
        "10_9": 0.57985,
        "31_9": 1.10409,
        "35_9": 0.34696,
        "7_10": 0.1529,
        "19_10": 1.07887,
        "36_10": 0.78375,
        "39_10": 0.51994,
        "4_11": 3.12656,
        "8_11": 0.50416,
        "13_11": 0.5353,
        "14_11": 1.02791,
        "17_11": 0.73938,
        "24_11": 0.59808,
        "33_11": 0.62774,
        "4_12": 2.35678,
        "6_12": 0.09041,
        "15_12": 0.82869,
        "25_12": 0.20863,
        "26_12": 1.65525,
        "31_12": 0.07905,
        "32_12": 3.40413,
        "39_12": 0.95095,
        "8_13": 0.82824,
        "25_13": 0.88612,
        "30_13": 0.09607,
        "37_13": 0.02562,
        "39_13": 1.37435,
        "2_14": 0.87262,
        "8_14": 0.28357,
        "15_14": 1.52215,
        "29_14": 0.16782,
        "0_15": 0.96086,
        "1_15": 0.05763,
        "4_15": 3.07796,
        "13_15": 0.8415,
        "21_15": 1.03544,
        "34_15": 1.41129,
        "35_15": 0.55279,
        "36_15": 0.00049,
        "10_16": 0.09021,
        "11_16": 0.02702,
        "16_16": 0.05487,
        "27_16": 0.0713,
        "31_16": 0.96558,
        "35_16": 0.37266,
        "38_16": 1.19392,
        "8_17": 1.29526,
        "20_17": 0.36707,
        "22_17": 0.679,
        "38_17": 1.42686,
        "7_18": 0.45418,
        "18_18": 1.34637,
        "26_18": 0.34623,
        "30_18": 0.83734,
        "34_18": 0.00789,
        "35_18": 0.37192,
        "11_19": 2.00395,
        "17_19": 0.63753,
        "22_19": 0.94005,
        "23_19": 0.40622,
        "24_19": 0.50506,
        "36_19": 0.42834,
        "12_20": 1.28314,
        "19_20": 0.33301,
        "22_20": 2.28253,
        "34_20": 0.5052,
        "1_21": 0.61784,
        "5_21": 0.06174,
        "10_21": 1.52812,
        "14_21": 0.58344,
        "21_21": 0.32219,
        "39_21": 0.52091,
        "3_22": 1.94094,
        "13_22": 0.22905,
        "16_22": 0.04585,
        "18_22": 0.25228,
        "27_22": 0.24199,
        "36_22": 1.01583,
        "3_23": 1.35578,
        "6_23": 0.92137,
        "7_23": 0.0008,
        "14_23": 0.01272,
        "17_23": 0.97784,
        "35_23": 0.59009,
        "9_24": 2.00858,
        "27_24": 2.53694,
        "38_24": 2.96929,
        "0_25": 1.48929,
        "5_25": 0.0114,
        "27_25": 3.16733,
        "32_25": 1.4716,
        "2_26": 0.06321,
        "3_26": 0.99058,
        "28_26": 0.46932,
        "32_26": 1.11777,
        "35_26": 0.15404,
        "36_26": 0.3571,
        "4_27": 4.26674,
        "5_27": 0.83742,
        "13_27": 0.76202,
        "19_27": 0.97432,
        "20_27": 0.41131,
        "25_27": 1.16061,
        "27_27": 0.48111,
        "33_27": 0.86962,
        "5_28": 0.79922,
        "10_28": 2.12552,
        "18_28": 0.91044,
        "29_28": 0.4481,
        "34_28": 0.72187,
        "35_28": 0.3439,
        "38_28": 0.06673,
        "39_28": 0.62362,
        "7_29": 0.68366,
        "25_29": 8.86156,
        "29_29": 0.51009,
        "33_29": 1.04589,
        "37_29": 0.36119
    },
    "best": {
        "0": 8.610583588451638,
        "1": 22.42397312504208,
        "2": 14.230624351133079,
        "3": 6.120620865045775,
        "4": 13.531239788539155,
        "5": 37.70456875947642,
        "6": 15.532431327535882,
        "7": 17.93972552207233,
        "8": 63.08956644715684,
        "9": 13.876329349109032,
        "10": 8.382199719512213,
        "11": 53.234894824263236,
        "12": 51.268219970352,
        "13": 18.827695510608432,
        "14": 7.808591674868486,
        "15": 52.814083511369766,
        "16": 15.137182786497217,
        "17": 14.92015522029912,
        "18": 6.95552080842522,
        "19": 15.74983063151825,
        "20": 13.069523304017844,
        "21": 17.08314444907643,
        "22": 28.749783354556364,
        "23": 23.84106501516137,
        "24": 26.799802559660655,
        "25": 22.37046051602545,
        "26": 21.198248548947202,
        "27": 64.31826023265565,
        "28": 20.25011040827642,
        "29": 41.73510556874002
    },