{
    "throughput": 7.0,
    "class_probs": {
        "0": 0.036757192437591624,
        "1": 0.006120974086004183,
        "2": 0.014343295668092433,
        "3": 0.035081746374990924,
        "4": 0.037735529704699185,
        "5": 0.03901331965438202,
        "6": 0.016729585760085427,
        "7": 0.03519262696793781,
        "8": 0.037996497857981947,
        "9": 0.02456480032178263,
        "10": 0.040693471050951044,
        "11": 0.038220270657617884,
        "12": 0.0281774693207072,
        "13": 0.020619277557080793,
        "14": 0.019467440579904457,
        "15": 0.03790586583917551,
        "16": 0.030730000446913784,
        "17": 0.03431421935079975,
        "18": 0.013214806273517508,
        "19": 0.023117124905137457,
        "20": 0.04026243586613556,
        "21": 0.0300040754590704,
        "22": 0.018198101142368722,
        "23": 0.01019453174412035,
        "24": 0.019582281483473508,
        "25": 0.04040558591612026,
        "26": 0.014690145624904876,
        "27": 0.029491122122973192,
        "28": 0.032240194057356286,
        "29": 0.029717859029209526,
        "30": 0.019112258652935924,
        "31": 0.035192524644758326,
        "32": 0.008942595460021564,
        "33": 0.0061125635105368364,
        "34": 0.01216682275467366,
        "35": 0.009281032150879057,
        "36": 0.01867792523624902,
        "37": 0.018750335621824106,
        "38": 0.029057954330644474,
        "39": 0.007924140376390717
    },
    "best_objective": 808.2995554573744,
    "classes": [
        "0",
        "1",
        "2",
        "3",
        "4",
        "5",
        "6",
        "7",
        "8",
        "9",
        "10",
        "11",
        "12",
        "13",
        "14",
        "15",
        "16",
        "17",
        "18",
        "19",
        "20",
        "21",
        "22",
        "23",
        "24",
        "25",
        "26",
        "27",
        "28",
        "29",
        "30",
        "31",
        "32",
        "33",
        "34",
        "35",
        "36",
        "37",
        "38",
        "39"
    ],
    "resources": [
        "0",
        "1",
        "2",
        "3",
        "4",
        "5",
        "6",
        "7",
        "8",
        "9",
        "10",
        "11",
        "12",
        "13",
        "14",
        "15",
        "16",
        "17",
        "18",
        "19",
        "20",
        "21",
        "22",
        "23",
        "24",
        "25",
        "26",
        "27",
        "28",
        "29"
    ],
    "demands": {
        "8_0": 0.60388,
        "22_0": 1.13234,
        "27_0": 1.58631,
        "39_0": 1.9559,
        "2_1": 0.49105,
        "3_1": 0.33629,
        "4_1": 0.0756,
        "21_1": 0.34635,
        "24_1": 0.40725,
        "28_1": 0.15692,
        "29_1": 0.41989,
        "2_2": 4.80054,
        "12_2": 0.89921,
        "7_3": 0.1092,
        "10_3": 0.10746,
        "26_3": 1.04954,
        "34_3": 1.62991,
        "35_3": 2.61813,
        "38_3": 0.16619,
        "0_4": 0.18436,
        "3_4": 0.13571,
        "5_4": 0.3534,
        "26_4": 2.51527,
        "31_4": 0.81631,
        "39_4": 0.66699,
        "8_5": 1.19162,
        "9_5": 1.48393,
        "24_5": 1.86965,
        "14_6": 2.82512,
        "26_6": 3.86231,
        "18_7": 0.23654,
        "21_7": 0.98282,
        "27_7": 0.92589,
        "38_8": 0.08818,
        "39_8": 6.71843,
        "3_9": 0.74795,
        "5_9": 0.36069,
        "8_9": 0.7378,
        "17_9": 1.35524,
        "28_9": 0.15639,
        "4_10": 0.17078,
        "6_10": 0.46383,
        "18_10": 0.03973,
        "23_10": 0.65822,
        "27_10": 0.20986,
        "28_10": 0.29384,
        "33_10": 0.36728,
        "37_10": 0.38937,
        "3_11": 0.21683,
        "5_11": 0.18409,
        "17_11": 0.33586,
        "19_11": 0.12861,
        "32_11": 2.96621,
        "33_11": 0.49476,
        "34_11": 2.08885,
        "39_11": 1.24904,
        "0_12": 0.50834,
        "8_12": 0.23731,
        "14_12": 1.99332,
        "17_12": 0.57883,
        "36_12": 0.3234,
        "6_13": 1.58724,
        "10_13": 0.22936,
        "13_13": 0.09952,
        "19_13": 1.19449,
        "22_13": 1.41682,
        "23_13": 0.79222,
        "26_13": 1.8325,
        "3_14": 0.08499,
        "8_14": 0.33536,
        "9_14": 0.8249,
        "16_14": 0.34466,
        "25_14": 0.43065,
        "28_14": 0.00754,
        "30_14": 0.89434,
        "31_14": 0.53929,
        "38_14": 0.44153,
        "6_15": 0.36085,
        "10_15": 0.10604,
        "17_15": 0.89175,
        "19_15": 0.25285,
        "27_15": 1.11669,
        "31_15": 0.47324,
        "36_15": 1.36233,
        "2_16": 1.05862,
        "7_16": 0.44075,
        "15_16": 0.22603,
        "18_16": 0.87438,
        "22_16": 0.4868,
        "27_16": 0.50144,
        "30_16": 0.45755,
        "35_16": 1.19397,
        "37_16": 0.73072,
        "7_17": 0.53761,
        "13_17": 2.01919,
        "18_17": 2.93083,
        "30_17": 0.48403,
        "11_18": 0.14597,
        "19_18": 0.54979,
        "30_18": 1.41834,
        "33_18": 1.0971,
        "37_18": 1.36541,
        "0_19": 0.0932,
        "9_19": 0.32747,
        "10_19": 0.17217,
        "12_19": 0.26409,
        "18_19": 0.42601,
        "22_19": 0.28689,
        "23_19": 0.82358,
        "27_19": 0.28279,
        "33_19": 0.32718,
        "35_19": 0.13052,
        "0_20": 0.50214,
        "1_20": 3.92686,
        "3_20": 0.8223,
        "4_20": 0.22048,
        "6_20": 0.56745,
        "10_20": 0.26915,
        "11_20": 0.30392,
        "20_20": 0.07323,
        "24_20": 0.65821,
        "8_21": 0.14769,
        "29_21": 1.3153,
        "35_21": 5.19843,
        "38_21": 0.57199,
        "3_22": 1.24393,
        "6_22": 2.26913,
        "13_22": 1.08481,
        "22_22": 0.77233,
        "30_22": 0.0698,
        "39_22": 1.12779,
        "2_23": 0.49259,
        "5_23": 0.44476,
        "7_23": 0.75146,
        "17_23": 0.76182,
        "24_23": 0.40504,
        "31_23": 0.90691,
        "33_23": 1.36862,
        "35_24": 4.67978,
        "0_25": 1.33004,
        "14_25": 1.83938,
        "21_25": 0.3946,
        "15_26": 0.7164,
        "26_26": 3.75707,
        "32_26": 4.35862,
        "0_27": 0.17601,
        "2_27": 1.36124,
        "12_27": 0.7943,
        "17_27": 0.13113,
        "18_27": 0.69724,
        "20_27": 0.00306,
        "26_27": 0.36434,
        "1_28": 4.34306,
        "13_28": 0.67071,
        "23_28": 0.32332,
        "29_28": 1.55576,
        "16_29": 0.1498,
        "24_29": 0.39446,
        "28_29": 0.65428,
        "33_29": 1.55649
    },
    "best": {
        "0": 31.973014383430158,
        "1": 11.197704271673526,
        "2": 34.21487372302697,
        "3": 45.53423255380613,
        "4": 44.11106528079702,
        "5": 10.306392243632827,
        "6": 53.4548461769475,
        "7": 9.727472512350781,
        "8": 54.79187643242948,
        "9": 10.719080824926506,
        "10": 10.140362926972543,
        "11": 26.7220444961875,
        "12": 17.180451891236515,
        "13": 34.951241104805234,
        "14": 7.611244423289396,
        "15": 12.868849772204413,
        "16": 32.06583199719969,
        "17": 16.571703513410796,
        "18": 15.79415855266117,
        "19": 14.970627910395772,
        "20": 27.768955103367855,
        "21": 52.782567236637135,
        "22": 23.18699642204434,
        "23": 22.367768797365507,
        "24": 49.6566509380853,
        "25": 15.296896112451524,
        "26": 49.62856686877708,
        "27": 25.351601889477497,
        "28": 28.851470550946377,
        "29": 18.50100654683769
    },