{
    "throughput": 10.0,
    "class_probs": {
        "0": 0.03538160665966417,
        "1": 0.09653699469109177,
        "2": 0.0653799022370058,
        "3": 0.13848216374110459,
        "4": 0.1318523557947769,
        "5": 0.09896273594596333,
        "6": 0.10118980179457392,
        "7": 0.03453129536993821,
        "8": 0.08853390603376812,
        "9": 0.07812653379773546,
        "10": 0.01442900618232056,
        "11": 0.11659369775205727
    },
    "best_objective": 100.66014071793379,
    "classes": [
        "0",
        "1",
        "2",
        "3",
        "4",
        "5",
        "6",
        "7",
        "8",
        "9",
        "10",
        "11"
    ],
    "resources": [
        "0",
        "1",
        "2",
        "3",
        "4",
        "5",
        "6",
        "7",
        "8",
        "9"
    ],
    "demands": {
        "0_0": 0.2727,
        "3_0": 0.08858,
        "5_0": 0.12907,
        "7_0": 0.17793,
        "10_0": 0.81979,
        "0_1": 0.35219,
        "3_1": 0.04213,
        "8_1": 0.14044,
        "10_1": 0.12666,
        "0_2": 1.31831,
        "7_2": 1.09391,
        "3_3": 0.16779,
        "5_3": 0.02609,
        "9_3": 0.34033,
        "10_3": 0.99898,
        "0_4": 0.05303,
        "2_4": 0.23472,
        "4_4": 0.05694,
        "5_4": 0.23509,
        "8_4": 0.14443,
        "11_4": 0.17523,
        "0_5": 0.34232,
        "1_5": 0.01825,
        "7_5": 0.48938,
        "8_5": 0.05489,
        "10_5": 0.59478,
        "0_6": 0.17482,
        "1_6": 0.16137,
        "6_6": 0.00684,
        "8_6": 0.16425,
        "9_6": 0.01059,
        "10_6": 2.0788,
        "1_7": 0.12905,
        "3_7": 0.15494,
        "4_7": 0.17464,
        "8_7": 0.36739,
        "0_8": 0.31886,
        "3_8": 0.19856,
        "5_8": 0.23373,
        "9_8": 0.2152,
        "6_9": 0.38595,
        "7_9": 0.83574
    },
    "best": {
        "0": 14.09314980558961,
        "1": 7.644407183168268,
        "2": 12.804131239727262,
        "3": 14.460808098738118,
        "4": 3.1559625920565146,
        "5": 13.007464539484996,
        "6": 20.95860368682836,
        "7": 2.671889312831867,
        "8": 5.8434889259557785,
        "9": 6.02023533355301
    },
    "best_mrt": [
        300.0000000010843,
        82.02307006353236,
        100.14356235281991,
        150.90245128770115,
        122.55976950028035,
        157.93267022725468,
        72.59764760014463,
        300.0000000000862,
        300.00000000297126,
        67.75805022965339,
        300.0000000001462,
        74.76208431784522
    ],
    "SLA": 300
}