{
    "throughput": 6.0,
    "class_probs": {
        "0": 0.02656114035827761,
        "1": 0.04199072952693032,
        "2": 0.16880530568697208,
        "3": 0.17477253061314646,
        "4": 0.03364802818774036,
        "5": 0.03548116035989349,
        "6": 0.03147926994736706,
        "7": 0.14403860580049851,
        "8": 0.10232805111617149,
        "9": 0.035656110444128065,
        "10": 0.17326762336806953,
        "11": 0.03197144459080508
    },
    "best_objective": 109.92920239019386,
    "classes": [
        "0",
        "1",
        "2",
        "3",
        "4",
        "5",
        "6",
        "7",
        "8",
        "9",
        "10",
        "11"
    ],
    "resources": [
        "0",
        "1",
        "2",
        "3",
        "4",
        "5",
        "6",
        "7",
        "8",
        "9"
    ],
    "demands": {
        "2_0": 0.28368,
        "4_0": 1.34694,
        "8_0": 0.26065,
        "9_0": 0.05029,
        "11_0": 0.87037,
        "0_1": 0.76553,
        "1_1": 0.19178,
        "2_1": 0.04153,
        "3_1": 0.0641,
        "7_1": 0.0978,
        "8_1": 0.16278,
        "2_2": 0.29996,
        "4_2": 0.76305,
        "5_2": 0.54824,
        "7_2": 0.22553,
        "9_2": 0.15231,
        "2_3": 0.06664,
        "5_3": 0.66995,
        "6_3": 0.85162,
        "11_3": 0.45209,
        "7_4": 0.59056,
        "11_4": 1.43915,
        "1_5": 0.37549,
        "2_5": 0.0855,
        "6_5": 0.40796,
        "7_5": 0.07116,
        "10_5": 0.09066,
        "11_5": 0.53166,
        "0_6": 0.69923,
        "3_6": 0.03843,
        "7_6": 0.12919,
        "10_6": 0.09098,
        "6_7": 3.52459,
        "2_8": 0.4386,
        "3_8": 0.31013,
        "5_9": 3.78665
    },
    "best": {
        "0": 10.359855231938532,
        "1": 5.474783478230565,
        "2": 8.818830753667495,
        "3": 14.535258216431238,
        "4": 12.762476950725558,
        "5": 10.054377306521024,
        "6": 5.107473368880483,
        "7": 18.581143809731454,
        "8": 2.8518710739521507,
        "9": 21.38313220011535
    },
    "best_mrt": [
        300.000000002044,
        77.64012479419851,
        300.00000002537536,
        169.8109243271693,
        237.52155707338096,
        300.0000000023742,
        300.000000119676,
        131.62339956194234,
        60.03088922858267,
        24.31340554817289,
        28.660424877261452,
        300.0000001549055
    ],
    "SLA": 300
}