{
    "throughput": 7.0,
    "class_probs": {
        "0": 0.024065297244986798,
        "1": 0.010826731773477325,
        "2": 0.018768189729046383,
        "3": 0.025837481828083146,
        "4": 0.029167502610494028,
        "5": 0.009437777850459763,
        "6": 0.02690508806620574,
        "7": 0.02637192856628849,
        "8": 0.030244180157866854,
        "9": 0.042104974369882475,
        "10": 0.034399167516820706,
        "11": 0.027060608843850455,
        "12": 0.009495926596147827,
        "13": 0.03462354999349278,
        "14": 0.03893076771661095,
        "15": 0.035980814611991006,
        "16": 0.03472264000068631,
        "17": 0.017231886955550182,
        "18": 0.028141882157549616,
        "19": 0.023868971896944268,
        "20": 0.014545196418778755,
        "21": 0.035569376013960534,
        "22": 0.0410851642240546,
        "23": 0.03668832340790812,
        "24": 0.02425611698545893,
        "25": 0.014639093842386935,
        "26": 0.014447276714156259,
        "27": 0.037381092092387484,
        "28": 0.03543493220202706,
        "29": 0.03669345884896901,
        "30": 0.012156198591606838,
        "31": 0.025618845703282402,
        "32": 0.024879013088044133,
        "33": 0.020189473430817784,
        "34": 0.004946667515271883,
        "35": 0.03455121757058783,
        "36": 0.02087133493635487,
        "37": 0.016788714163528468,
        "38": 0.015314279553604832,
        "39": 0.005758856210378077
    },
    "best_objective": 884.1619050695175,
    "classes": [
        "0",
        "1",
        "2",
        "3",
        "4",
        "5",
        "6",
        "7",
        "8",
        "9",
        "10",
        "11",
        "12",
        "13",
        "14",
        "15",
        "16",
        "17",
        "18",
        "19",
        "20",
        "21",
        "22",
        "23",
        "24",
        "25",
        "26",
        "27",
        "28",
        "29",
        "30",
        "31",
        "32",
        "33",
        "34",
        "35",
        "36",
        "37",
        "38",
        "39"
    ],
    "resources": [
        "0",
        "1",
        "2",
        "3",
        "4",
        "5",
        "6",
        "7",
        "8",
        "9",
        "10",
        "11",
        "12",
        "13",
        "14",
        "15",
        "16",
        "17",
        "18",
        "19",
        "20",
        "21",
        "22",
        "23",
        "24",
        "25",
        "26",
        "27",
        "28",
        "29"
    ],
    "demands": {
        "14_0": 0.65588,
        "17_0": 1.57389,
        "20_0": 0.84472,
        "22_0": 0.30315,
        "3_1": 0.10562,
        "20_1": 1.47411,
        "22_1": 0.63436,
        "23_1": 0.20482,
        "24_1": 0.32336,
        "33_1": 1.36961,
        "15_2": 0.65675,
        "27_2": 0.14298,
        "30_2": 0.14141,
        "34_2": 4.19018,
        "35_2": 0.64806,
        "38_2": 0.72021,
        "3_3": 0.44255,
        "13_3": 0.10133,
        "16_3": 0.27746,
        "23_3": 0.03951,
        "30_3": 0.27546,
        "32_3": 0.07596,
        "34_3": 1.52231,
        "37_3": 0.67164,
        "38_3": 0.63289,
        "26_4": 0.43852,
        "27_4": 0.3308,
        "36_4": 0.67536,
        "39_4": 3.2464,
        "13_5": 1.13166,
        "14_5": 0.26428,
        "21_5": 0.69235,
        "22_5": 0.99748,
        "2_6": 0.95771,
        "9_6": 0.31238,
        "16_6": 0.00211,
        "27_6": 0.57289,
        "0_7": 1.51233,
        "6_7": 1.09098,
        "10_7": 0.56545,
        "24_7": 0.98843,
        "32_7": 0.22031,
        "7_8": 1.16761,
        "15_8": 1.1085,
        "24_8": 0.29079,
        "28_8": 0.09625,
        "29_8": 0.35234,
        "6_9": 0.41512,
        "8_9": 0.76176,
        "13_9": 0.28112,
        "24_9": 0.25387,
        "27_9": 0.15368,
        "30_9": 1.33646,
        "34_9": 4.7585,
        "38_9": 1.81115,
        "0_10": 0.4694,
        "6_10": 0.41847,
        "13_10": 0.20483,
        "18_10": 0.12378,
        "28_10": 0.30468,
        "30_10": 0.68542,
        "33_10": 0.7291,
        "38_10": 0.06976,
        "8_11": 0.05916,
        "17_11": 0.15221,
        "22_11": 0.24787,
        "28_11": 0.78256,
        "36_11": 1.1882,
        "37_11": 2.24592,
        "39_11": 3.39081,
        "12_12": 2.19613,
        "14_12": 0.39893,
        "22_12": 0.49652,
        "26_12": 0.08195,
        "33_12": 0.6525,
        "39_12": 1.93586,
        "12_13": 1.38358,
        "18_13": 0.1845,
        "23_13": 0.73229,
        "24_13": 1.12716,
        "34_13": 1.84627,
        "38_13": 0.36118,
        "39_13": 1.06994,
        "0_14": 1.02945,
        "9_14": 0.70966,
        "23_14": 0.39429,
        "28_14": 1.43226,
        "21_15": 0.28517,
        "25_15": 0.8625,
        "28_15": 1.89608,
        "3_16": 1.14309,
        "7_16": 0.03864,
        "17_16": 2.43171,
        "27_16": 1.13212,
        "39_16": 2.14611,
        "4_17": 0.24013,
        "16_17": 0.77654,
        "22_17": 0.02649,
        "31_17": 0.12819,
        "33_17": 1.37727,
        "39_17": 2.33324,
        "0_18": 0.30466,
        "5_18": 1.21405,
        "12_18": 1.93915,
        "20_18": 0.86713,
        "34_18": 2.81025,
        "36_18": 1.02231,
        "3_19": 0.71484,
        "6_19": 0.17264,
        "8_19": 0.87976,
        "22_19": 0.18183,
        "32_19": 0.40692,
        "0_20": 0.43281,
        "1_20": 0.87556,
        "7_20": 0.13608,
        "11_20": 0.37109,
        "24_20": 0.43823,
        "27_20": 0.26226,
        "34_20": 1.22951,
        "36_20": 0.0654,
        "11_21": 0.40271,
        "12_21": 0.87523,
        "29_21": 1.08276,
        "4_22": 1.23856,
        "19_22": 1.16614,
        "33_22": 1.71297,
        "1_23": 1.58266,
        "12_23": 1.18915,
        "28_23": 0.21719,
        "29_23": 0.246,
        "20_24": 3.95853,
        "23_24": 0.44919,
        "38_24": 0.76151,
        "13_25": 0.49666,
        "16_25": 1.4936,
        "23_25": 1.14582,
        "30_25": 0.15262,
        "5_26": 4.14674,
        "13_26": 0.21473,
        "21_26": 0.65533,
        "25_26": 0.38353,
        "31_26": 0.0254,
        "34_26": 2.11848,
        "35_26": 0.50104,
        "12_27": 2.05984,
        "24_27": 0.04941,
        "25_27": 0.69473,
        "26_27": 1.74016,
        "30_27": 1.68754,
        "32_27": 0.35932,
        "1_28": 0.74287,
        "10_28": 0.36813,
        "11_28": 0.70345,
        "19_28": 0.58284,
        "29_28": 0.18888,
        "2_29": 1.42047,
        "7_29": 0.9459,
        "16_29": 1.08735
    },
    "best": {
        "0": 13.221070411541284,
        "1": 21.4387768678189,
        "2": 73.18881931430373,
        "3": 44.328789355399024,
        "4": 49.30795594602119,
        "5": 6.684855621029014,
        "6": 6.039176735045682,
        "7": 9.542536270305703,
        "8": 6.26386864960969,
        "9": 78.24166465421219,
        "10": 12.132960408106623,
        "11": 51.83274748032231,
        "12": 46.92305821195331,
        "13": 59.89609516223466,
        "14": 15.30499209840414,
        "15": 15.058610603448512,
        "16": 40.696097823199665,
        "17": 44.25318153103097,
        "18": 65.87868406752932,
        "19": 3.515425472648091,
        "20": 40.26912639417294,
        "21": 16.279592858267605,
        "22": 14.28877081744502,
        "23": 20.209737597649934,
        "24": 27.13577919872544,
        "25": 9.317275638881267,
        "26": 52.345665596173376,
        "27": 24.940367737540893,
        "28": 4.167135121064681,
        "29": 11.459087425432406
    },