{
    "throughput": 7.0,
    "class_probs": {
        "0": 0.03527137684201275,
        "1": 0.03719472433011395,
        "2": 0.04037699271149678,
        "3": 0.03613101634465715,
        "4": 0.006804383012809386,
        "5": 0.038994363495314086,
        "6": 0.008444690926900898,
        "7": 0.034413335731355923,
        "8": 0.02088149727550436,
        "9": 0.007959976538652238,
        "10": 0.018350691172269364,
        "11": 0.03435278014603603,
        "12": 0.006501126272825777,
        "13": 0.04163455974775217,
        "14": 0.026577314973287122,
        "15": 0.02287445027373574,
        "16": 0.014318191795683473,
        "17": 0.02384354146273289,
        "18": 0.038109476162822446,
        "19": 0.006031993375937266,
        "20": 0.02361626154602149,
        "21": 0.012431042912780322,
        "22": 0.029659487510432254,
        "23": 0.01499307301083423,
        "24": 0.035346170789514984,
        "25": 0.014788496538575408,
        "26": 0.03725945631970414,
        "27": 0.02979182096911935,
        "28": 0.02668953373125711,
        "29": 0.031877443778335124,
        "30": 0.0226547004532064,
        "31": 0.016235001687619852,
        "32": 0.03100211267596879,
        "33": 0.017673016048051875,
        "34": 0.038946066232827696,
        "35": 0.03729172562165122,
        "36": 0.03289119604082992,
        "37": 0.014926063788600806,
        "38": 0.024746084194223535,
        "39": 0.008114763558545708
    },
    "best_objective": 846.901077260851,
    "classes": [
        "0",
        "1",
        "2",
        "3",
        "4",
        "5",
        "6",
        "7",
        "8",
        "9",
        "10",
        "11",
        "12",
        "13",
        "14",
        "15",
        "16",
        "17",
        "18",
        "19",
        "20",
        "21",
        "22",
        "23",
        "24",
        "25",
        "26",
        "27",
        "28",
        "29",
        "30",
        "31",
        "32",
        "33",
        "34",
        "35",
        "36",
        "37",
        "38",
        "39"
    ],
    "resources": [
        "0",
        "1",
        "2",
        "3",
        "4",
        "5",
        "6",
        "7",
        "8",
        "9",
        "10",
        "11",
        "12",
        "13",
        "14",
        "15",
        "16",
        "17",
        "18",
        "19",
        "20",
        "21",
        "22",
        "23",
        "24",
        "25",
        "26",
        "27",
        "28",
        "29"
    ],
    "demands": {
        "3_0": 0.10006,
        "18_0": 1.4735,
        "19_0": 4.3841,
        "33_0": 1.03383,
        "8_1": 1.18509,
        "19_1": 3.99029,
        "24_1": 0.66185,
        "27_1": 0.75203,
        "38_1": 0.18858,
        "8_2": 0.74396,
        "9_2": 6.08339,
        "14_2": 1.03458,
        "29_2": 0.39073,
        "36_2": 0.18308,
        "9_3": 1.17692,
        "10_3": 0.13066,
        "19_3": 3.09688,
        "21_3": 1.27572,
        "22_3": 0.22129,
        "23_3": 0.93745,
        "27_3": 0.26257,
        "31_3": 0.7622,
        "34_3": 0.2454,
        "0_4": 0.15577,
        "1_4": 0.09406,
        "2_4": 0.71293,
        "5_4": 0.38438,
        "9_4": 1.42838,
        "10_4": 1.02232,
        "18_4": 0.69289,
        "22_4": 0.33141,
        "8_5": 0.58701,
        "16_5": 0.69952,
        "25_5": 0.70891,
        "28_5": 0.21867,
        "30_5": 0.08238,
        "31_5": 0.51405,
        "2_6": 0.25676,
        "9_6": 0.48852,
        "10_6": 0.38116,
        "11_6": 0.26156,
        "32_6": 0.33062,
        "33_6": 0.01074,
        "34_6": 0.2824,
        "26_7": 1.58275,
        "32_7": 2.18962,
        "1_8": 0.34117,
        "5_8": 0.76708,
        "6_8": 0.78123,
        "10_8": 0.31901,
        "15_8": 0.04225,
        "25_8": 1.21335,
        "28_8": 0.97334,
        "33_8": 1.12581,
        "35_8": 0.21987,
        "0_9": 0.31436,
        "17_9": 0.65483,
        "23_9": 0.89766,
        "28_9": 0.37833,
        "29_9": 0.60865,
        "36_9": 0.40732,
        "37_9": 1.37673,
        "1_10": 0.5072,
        "3_10": 0.08533,
        "6_10": 2.42359,
        "21_10": 1.48103,
        "7_11": 0.19151,
        "12_11": 1.02006,
        "16_11": 0.39441,
        "20_11": 0.38355,
        "23_11": 1.114,
        "27_11": 0.51863,
        "18_12": 0.54546,
        "25_12": 1.14679,
        "29_12": 0.60771,
        "37_12": 0.97926,
        "4_13": 0.35646,
        "15_13": 0.29226,
        "17_13": 0.18216,
        "18_13": 0.04982,
        "20_13": 0.34938,
        "31_13": 0.79046,
        "34_13": 0.22116,
        "36_13": 0.37059,
        "0_14": 0.29798,
        "2_14": 0.11549,
        "5_14": 0.7396,
        "6_14": 1.28048,
        "17_14": 0.15298,
        "22_14": 0.2554,
        "23_14": 0.34516,
        "31_14": 1.4025,
        "33_14": 1.00189,
        "6_15": 2.34053,
        "9_15": 0.82429,
        "13_15": 0.03279,
        "17_15": 0.55935,
        "18_15": 0.21317,
        "19_15": 3.43112,
        "20_15": 0.82107,
        "32_15": 0.02942,
        "11_16": 0.43171,
        "28_16": 0.79586,
        "39_16": 2.90277,
        "5_17": 0.46397,
        "17_17": 0.52131,
        "22_17": 0.63538,
        "15_18": 0.96085,
        "21_18": 0.47287,
        "26_18": 0.40386,
        "36_18": 0.06272,
        "37_18": 0.77457,
        "12_19": 3.52899,
        "25_19": 1.95921,
        "26_19": 0.65394,
        "31_19": 0.82976,
        "34_19": 0.03264,
        "2_20": 0.60256,
        "10_20": 1.56952,
        "15_20": 1.21866,
        "19_20": 1.05187,
        "24_20": 0.09042,
        "29_20": 0.1634,
        "30_20": 0.39816,
        "4_21": 0.34243,
        "6_21": 2.03612,
        "8_21": 0.289,
        "15_21": 0.62108,
        "19_21": 1.2133,
        "21_21": 1.4135,
        "22_21": 0.51058,
        "27_21": 0.60697,
        "34_21": 0.30397,
        "38_21": 0.3413,
        "0_22": 0.09199,
        "9_22": 1.69674,
        "24_22": 0.57163,
        "34_22": 0.49856,
        "1_23": 0.43859,
        "6_23": 2.20098,
        "16_23": 2.78511,
        "24_23": 0.69139,
        "31_23": 0.079,
        "37_23": 0.88113,
        "38_23": 0.25635,
        "0_24": 0.00472,
        "3_24": 0.31368,
        "5_24": 0.06965,
        "7_24": 0.04941,
        "15_24": 1.0681,
        "16_24": 1.30841,
        "21_24": 0.05631,
        "38_24": 0.47676,
        "13_25": 0.3356,
        "15_25": 0.44226,
        "19_25": 1.59242,
        "23_25": 0.50367,
        "28_25": 0.32931,
        "29_25": 0.1351,
        "33_25": 0.59542,
        "35_25": 0.02608,
        "37_25": 0.43093,
        "14_26": 0.34509,
        "29_26": 0.37826,
        "33_26": 1.43366,
        "36_26": 0.65599,
        "39_26": 2.69817,
        "2_27": 0.25643,
        "5_27": 0.72209,
        "35_27": 0.38267,
        "36_27": 0.52085,
        "13_28": 0.30418,
        "18_28": 0.74599,
        "21_28": 2.63642,
        "23_28": 0.45717,
        "25_28": 1.20762,
        "29_28": 0.404,
        "0_29": 0.23391,
        "11_29": 0.63518,
        "38_29": 1.44709
    },
    "best": {
        "0": 73.56698369323583,
        "1": 70.21617279008645,
        "2": 52.02750728450807,
        "3": 66.23902374930691,
        "4": 26.04530351111942,
        "5": 15.096662322375511,
        "6": 15.207632803186605,
        "7": 8.783266596435853,
        "8": 27.562733650621162,
        "9": 10.684573077544002,
        "10": 32.27952121421127,
        "11": 8.047044852675603,
        "12": 19.65714387605126,
        "13": 5.399274637521645,
        "14": 25.069653491488285,
        "15": 74.71608276097476,
        "16": 19.421957656702617,
        "17": 5.097135274666213,
        "18": 10.92450468926362,
        "19": 24.21450579766215,
        "20": 37.75841157921279,
        "21": 49.60305887981864,
        "22": 27.465110395613692,
        "23": 32.94263700659076,
        "24": 11.966385738464119,
        "25": 45.26465892009847,
        "26": 18.952835156894846,