{
    "throughput": 7.0,
    "class_probs": {
        "0": 0.029521984692718023,
        "1": 0.03549809729206446,
        "2": 0.020525299104470287,
        "3": 0.03429071496108363,
        "4": 0.03057133209787081,
        "5": 0.03575268002632558,
        "6": 0.03601090334569285,
        "7": 0.027392818853341168,
        "8": 0.02865202307220215,
        "9": 0.009101454243534432,
        "10": 0.02534447701044656,
        "11": 0.022758970003377687,
        "12": 0.029073861315996142,
        "13": 0.013093936804408126,
        "14": 0.03471869688042577,
        "15": 0.006589651231042323,
        "16": 0.03241524163060761,
        "17": 0.016446161203453394,
        "18": 0.031324096681000384,
        "19": 0.038445285166587954,
        "20": 0.012191847844593125,
        "21": 0.01535346983802745,
        "22": 0.031188213642077706,
        "23": 0.009408290192504755,
        "24": 0.022597458058166126,
        "25": 0.012742299830176267,
        "26": 0.010864169298567134,
        "27": 0.040786912265720725,
        "28": 0.019800000707927954,
        "29": 0.03755420920973497,
        "30": 0.009465190972916178,
        "31": 0.03654481636968773,
        "32": 0.02599730065350317,
        "33": 0.02935211365000634,
        "34": 0.036426808584930366,
        "35": 0.009634435864089652,
        "36": 0.037564239289842476,
        "37": 0.03322552118074915,
        "38": 0.025540425325534428,
        "39": 0.006234591604594912
    },
    "best_objective": 598.0820340060038,
    "classes": [
        "0",
        "1",
        "2",
        "3",
        "4",
        "5",
        "6",
        "7",
        "8",
        "9",
        "10",
        "11",
        "12",
        "13",
        "14",
        "15",
        "16",
        "17",
        "18",
        "19",
        "20",
        "21",
        "22",
        "23",
        "24",
        "25",
        "26",
        "27",
        "28",
        "29",
        "30",
        "31",
        "32",
        "33",
        "34",
        "35",
        "36",
        "37",
        "38",
        "39"
    ],
    "resources": [
        "0",
        "1",
        "2",
        "3",
        "4",
        "5",
        "6",
        "7",
        "8",
        "9",
        "10",
        "11",
        "12",
        "13",
        "14",
        "15",
        "16",
        "17",
        "18",
        "19",
        "20",
        "21",
        "22",
        "23",
        "24",
        "25",
        "26",
        "27",
        "28",
        "29"
    ],
    "demands": {
        "0_0": 0.28177,
        "4_0": 0.74559,
        "5_0": 0.07685,
        "12_0": 0.096,
        "13_0": 0.3849,
        "18_0": 0.54308,
        "24_0": 0.92147,
        "36_0": 0.58981,
        "6_1": 0.2601,
        "12_1": 0.5851,
        "15_1": 10.60722,
        "5_2": 0.41066,
        "8_2": 0.56331,
        "14_2": 0.44816,
        "17_2": 0.97944,
        "18_2": 0.50538,
        "23_2": 0.96342,
        "28_2": 0.29409,
        "4_3": 0.53253,
        "9_3": 0.61036,
        "11_3": 0.0572,
        "12_3": 0.61833,
        "19_3": 0.51851,
        "24_3": 0.3102,
        "26_3": 1.06304,
        "30_3": 1.11758,
        "36_3": 0.41445,
        "38_3": 0.69192,
        "14_4": 0.5853,
        "17_4": 0.65746,
        "19_4": 0.41708,
        "29_4": 0.49107,
        "30_4": 0.23171,
        "36_4": 0.02859,
        "7_5": 0.70127,
        "26_5": 2.78111,
        "35_5": 5.9755,
        "26_6": 1.81639,
        "27_6": 0.4798,
        "33_6": 0.92422,
        "3_7": 0.14916,
        "10_7": 0.06731,
        "12_7": 0.43488,
        "19_7": 0.13694,
        "20_7": 1.05617,
        "25_7": 0.07284,
        "37_7": 0.17913,
        "39_7": 0.04214,
        "3_8": 0.05296,
        "4_8": 1.43392,
        "9_8": 1.1664,
        "20_8": 1.56108,
        "24_8": 1.39025,
        "29_8": 0.39415,
        "3_9": 0.0409,
        "13_9": 1.6292,
        "17_9": 1.77004,
        "37_9": 0.49904,
        "39_9": 0.58015,
        "2_10": 0.76895,
        "16_10": 2.00062,
        "18_10": 0.21402,
        "0_11": 0.16152,
        "3_11": 0.10887,
        "4_11": 0.13359,
        "20_11": 0.76852,
        "24_11": 0.33164,
        "27_11": 0.28091,
        "38_11": 0.34877,
        "10_12": 0.546,
        "13_12": 1.56321,
        "16_12": 0.29123,
        "35_12": 2.08796,
        "0_13": 0.15403,
        "9_13": 1.97741,
        "34_13": 0.71365,
        "18_14": 0.76052,
        "20_14": 1.21774,
        "30_14": 3.61619,
        "7_15": 0.92431,
        "11_15": 1.31668,
        "14_15": 0.94091,
        "27_15": 0.05295,
        "1_16": 0.53726,
        "5_16": 0.55133,
        "6_16": 0.57871,
        "8_16": 0.10743,
        "14_16": 0.49784,
        "21_16": 1.32162,
        "29_16": 0.24662,
        "37_16": 0.21351,
        "11_17": 0.55346,
        "15_17": 0.48015,
        "28_17": 0.10709,
        "33_17": 0.48278,
        "34_17": 0.4615,
        "35_17": 0.47541,
        "37_17": 0.75359,
        "7_18": 0.34114,
        "10_18": 0.79663,
        "22_18": 0.4527,
        "30_18": 1.4597,
        "32_18": 0.87079,
        "35_18": 0.03301,
        "5_19": 1.11938,
        "14_19": 0.5652,
        "17_19": 1.16691,
        "34_19": 0.96141,
        "20_20": 0.29211,
        "24_20": 0.27099,
        "36_20": 2.31584,
        "38_20": 0.30686,
        "0_21": 0.08597,
        "9_21": 1.51928,
        "12_21": 0.00124,
        "13_21": 0.49927,
        "14_21": 0.07602,
        "26_21": 0.67823,
        "27_21": 0.3274,
        "28_21": 0.73669,
        "35_21": 0.00497,
        "3_22": 0.52217,
        "5_22": 0.21952,
        "12_22": 0.4251,
        "17_22": 0.78325,
        "25_22": 1.87475,
        "8_23": 0.87269,
        "10_23": 0.51757,
        "15_23": 0.81512,
        "23_23": 3.31341,
        "25_23": 1.72168,
        "36_23": 0.54325,
        "2_24": 0.41938,
        "12_24": 1.28079,
        "34_24": 1.12089,
        "14_25": 0.20063,
        "15_25": 0.47698,
        "30_25": 1.29726,
        "31_25": 0.69783,
        "34_25": 0.79189,
        "3_26": 0.12762,
        "8_26": 0.50407,
        "17_26": 0.92103,
        "28_26": 0.05547,
        "29_26": 0.16203,
        "38_26": 0.36107,
        "8_27": 0.05253,
        "27_27": 0.49206,
        "30_27": 0.95469,
        "31_27": 0.15789,
        "34_27": 0.55859,
        "35_27": 1.34831,
        "1_28": 0.21624,
        "4_28": 0.10459,
        "16_28": 0.37058,
        "37_28": 1.01472,
        "38_28": 0.69369,
        "39_28": 2.3243,
        "11_29": 0.24548,
        "21_29": 2.18233,
        "22_29": 0.05,
        "23_29": 1.7583,
        "29_29": 0.29166
    },
    "best": {
        "0": 7.051666615956031,
        "1": 49.5792298635024,
        "2": 22.143099473295027,
        "3": 25.349433702772767,
        "4": 19.114078934897552,
        "5": 44.68191778214876,
        "6": 12.560389098041988,
        "7": 12.230352647059783,
        "8": 19.634851046595674,
        "9": 25.97553659921978,
        "10": 8.79276691819628,
        "11": 10.475446280395426,
        "12": 25.061898293087733,
        "13": 17.326265683151526,
        "14": 39.10133871353602,
        "15": 6.937358916436891,
        "16": 9.043865079888203,
        "17": 17.04591693342459,
        "18": 23.907938847115044,
        "19": 23.16634023277763,
        "20": 14.760105060596333,
        "21": 16.15944606250269,
        "22": 17.272105657682168,
        "23": 24.008486478513245,
        "24": 8.873024177028809,
        "25": 25.840683976039642,
        "26": 18.51392768182825,
        "27": 28.224148761062423,
        "28": 9.114202423736275,
        "29": 16.136212065514844
    },