{
    "throughput": 5.0,
    "class_probs": {
        "0": 0.038729367743553504,
        "1": 0.04437295344175561,
        "2": 0.039094561833236875,
        "3": 0.030469679774344394,
        "4": 0.024938740231315506,
        "5": 0.01441240750508743,
        "6": 0.01904333422827918,
        "7": 0.022937683362932358,
        "8": 0.008897737662163521,
        "9": 0.019149088511497034,
        "10": 0.009147804105005297,
        "11": 0.04141196841736554,
        "12": 0.017075803150061172,
        "13": 0.03915391706313775,
        "14": 0.03261585274682503,
        "15": 0.015822916433829912,
        "16": 0.03224198141285751,
        "17": 0.030293361087598208,
        "18": 0.02592916935665855,
        "19": 0.023494895639575564,
        "20": 0.03479363840486233,
        "21": 0.04426218627996345,
        "22": 0.019954506989313198,
        "23": 0.03433870641945168,
        "24": 0.01091071452959624,
        "25": 0.020553538401472324,
        "26": 0.011164338220309973,
        "27": 0.02688408205017443,
        "28": 0.04403971828035213,
        "29": 0.012687894858166805,
        "30": 0.04298911006300637,
        "31": 0.023046499855066908,
        "32": 0.016223120159986597,
        "33": 0.017350477807104574,
        "34": 0.034842651229156064,
        "35": 0.019489101265668093,
        "36": 0.012781072287360775,
        "37": 0.01791436134444574,
        "38": 0.004813248950092444,
        "39": 0.021727808897370058
    },
    "best_objective": 1765.0120173002908,
    "classes": [
        "0",
        "1",
        "2",
        "3",
        "4",
        "5",
        "6",
        "7",
        "8",
        "9",
        "10",
        "11",
        "12",
        "13",
        "14",
        "15",
        "16",
        "17",
        "18",
        "19",
        "20",
        "21",
        "22",
        "23",
        "24",
        "25",
        "26",
        "27",
        "28",
        "29",
        "30",
        "31",
        "32",
        "33",
        "34",
        "35",
        "36",
        "37",
        "38",
        "39"
    ],
    "resources": [
        "0",
        "1",
        "2",
        "3",
        "4",
        "5",
        "6",
        "7",
        "8",
        "9",
        "10",
        "11",
        "12",
        "13",
        "14",
        "15",
        "16",
        "17",
        "18",
        "19",
        "20",
        "21",
        "22",
        "23",
        "24",
        "25",
        "26",
        "27",
        "28",
        "29"
    ],
    "demands": {
        "4_0": 0.5462,
        "16_0": 0.65578,
        "19_0": 0.40265,
        "20_0": 0.19452,
        "25_0": 0.02132,
        "26_0": 0.59745,
        "31_0": 1.00375,
        "8_1": 12.93524,
        "29_1": 3.38362,
        "1_2": 0.46339,
        "3_2": 0.48693,
        "6_2": 1.94037,
        "7_2": 0.60328,
        "30_2": 0.58544,
        "35_2": 0.77989,
        "0_3": 0.23154,
        "1_3": 0.51995,
        "3_3": 0.07432,
        "4_3": 0.89716,
        "8_3": 0.37262,
        "17_3": 0.78803,
        "19_3": 0.0497,
        "28_3": 0.23483,
        "31_3": 0.36862,
        "6_4": 0.04947,
        "24_4": 2.73398,
        "29_4": 1.82257,
        "35_4": 1.56041,
        "39_4": 0.77545,
        "1_5": 0.10143,
        "4_5": 1.37627,
        "5_5": 2.37303,
        "10_5": 3.62247,
        "12_5": 0.47207,
        "25_5": 2.05556,
        "31_5": 0.29565,
        "0_6": 0.52593,
        "13_6": 0.01575,
        "21_6": 0.4232,
        "23_6": 0.66452,
        "3_7": 0.5869,
        "11_7": 0.19478,
        "26_7": 0.31116,
        "29_7": 1.52931,
        "32_7": 0.07422,
        "34_7": 0.28636,
        "38_7": 0.97278,
        "39_7": 0.59535,
        "3_8": 0.29632,
        "4_8": 0.80266,
        "8_8": 1.33959,
        "17_8": 0.47401,
        "19_8": 0.43977,
        "26_8": 0.2611,
        "33_8": 1.08997,
        "38_8": 4.00247,
        "7_9": 0.73545,
        "9_9": 0.53605,
        "22_9": 1.41988,
        "24_9": 1.89638,
        "31_9": 1.49924,
        "37_9": 0.71821,
        "2_10": 0.75878,
        "10_10": 1.4873,
        "18_10": 0.73641,
        "30_10": 0.08713,
        "33_10": 0.84867,
        "34_10": 0.81444,
        "37_10": 0.82375,
        "5_11": 1.71533,
        "12_11": 0.74756,
        "13_11": 0.57688,
        "15_11": 0.59948,
        "19_11": 0.92252,
        "26_11": 1.0007,
        "4_12": 0.74156,
        "22_12": 0.80633,
        "25_12": 1.43186,
        "27_12": 1.17378,
        "37_12": 1.22709,
        "3_13": 0.0534,
        "5_13": 0.3386,
        "13_13": 0.2885,
        "23_13": 0.12398,
        "24_13": 1.57085,
        "25_13": 0.17776,
        "28_13": 0.41248,
        "35_13": 0.49706,
        "3_14": 0.79542,
        "4_14": 2.23356,
        "10_14": 1.16888,
        "14_14": 1.10863,
        "28_14": 0.43092,
        "36_14": 0.82321,
        "2_15": 0.52828,
        "6_15": 1.05626,
        "14_15": 1.06924,
        "17_15": 0.20733,
        "25_15": 0.66315,
        "32_15": 2.50698,
        "10_16": 5.0379,
        "23_16": 1.70092,
        "30_16": 0.38956,
        "35_16": 0.52393,
        "14_17": 1.814,
        "38_17": 10.69747,
        "1_18": 0.3215,
        "7_18": 0.86693,
        "8_18": 2.35012,
        "30_18": 0.58667,
        "31_18": 0.94601,
        "35_18": 0.42051,
        "36_18": 2.03857,
        "39_18": 0.24058,
        "2_19": 1.42227,
        "13_19": 0.10308,
        "38_19": 16.95742,
        "24_20": 3.87804,
        "34_20": 0.64073,
        "9_21": 1.48663,
        "12_21": 0.71241,
        "38_21": 9.21321,
        "24_22": 11.43627,
        "23_23": 1.30296,
        "30_23": 0.34629,
        "34_23": 0.42306,
        "35_23": 1.60022,
        "39_23": 1.01583,
        "2_24": 0.16282,
        "5_24": 0.4888,
        "7_24": 0.20128,
        "11_24": 0.30932,
        "12_24": 0.22142,
        "17_24": 0.45974,
        "18_24": 0.88502,
        "23_24": 0.56229,
        "26_24": 1.04463,
        "30_24": 0.23783,
        "1_25": 0.48246,
        "8_25": 2.01231,
        "15_25": 1.12166,
        "17_25": 0.21646,
        "19_25": 0.28863,
        "23_25": 0.11502,
        "27_25": 0.39066,
        "34_25": 0.42442,
        "0_26": 0.33322,
        "7_26": 2.09025,
        "11_26": 0.19255,
        "16_26": 0.66788,
        "18_26": 1.3459,
        "21_26": 0.98006,
        "8_27": 4.11618,
        "13_27": 0.27011,
        "18_27": 1.16694,
        "22_27": 1.20794,
        "35_27": 1.43359,
        "6_28": 0.45571,
        "20_28": 0.48845,
        "23_28": 0.73424,
        "26_28": 2.16258,
        "28_28": 0.2097,
        "31_28": 0.47868,
        "36_28": 0.4065,
        "38_28": 4.71383,
        "3_29": 1.40165,
        "17_29": 2.04041,
        "24_29": 2.38172
    },
    "best": {
        "0": 9.732946965852532,
        "1": 114.43935321654294,
        "2": 12.089740671156994,
        "3": 22.477283652815007,
        "4": 62.04190197275332,
        "5": 41.876429747335564,
        "6": 8.321030589509007,
        "7": 51.262800536001144,
        "8": 110.30246991135172,
        "9": 52.23801445902262,
        "10": 25.016072124563856,
        "11": 9.57855038212854,
        "12": 10.126565671744759,
        "13": 47.21340007005949,
        "14": 28.01761980193616,
        "15": 9.078554155793004,
        "16": 47.349703987619115,
        "17": 168.9053481023915,
        "18": 49.631946758581584,
        "19": 212.66820525297126,
        "20": 73.58781696399203,
        "21": 156.66172024208473,
        "22": 126.43831307269595,
        "23": 11.85198421949652,
        "24": 11.239169997534583,
        "25": 45.4475085316767,
        "26": 11.479360767327751,
        "27": 64.75760232414379,
        "28": 113.11199221568786,
        "29": 58.068610935520624
    },