{
    "throughput": 6.0,
    "class_probs": {
        "0": 0.009134136053589653,
        "1": 0.03637391837126976,
        "2": 0.014282648428362209,
        "3": 0.008846453002951015,
        "4": 0.03352016687203197,
        "5": 0.023321292900309442,
        "6": 0.04090356318152657,
        "7": 0.027325502850121624,
        "8": 0.04258777339710049,
        "9": 0.034194249363507324,
        "10": 0.004938431742203188,
        "11": 0.04179259908407714,
        "12": 0.021976719116237643,
        "13": 0.03424192969647257,
        "14": 0.015609500066156171,
        "15": 0.014393007564078991,
        "16": 0.010635374289283286,
        "17": 0.042822926459036535,
        "18": 0.0397537647160069,
        "19": 0.0065347144095449046,
        "20": 0.028895125533377773,
        "21": 0.03276724081395973,
        "22": 0.020510045419129586,
        "23": 0.01016053166601951,
        "24": 0.0412515303686903,
        "25": 0.035647136148535874,
        "26": 0.017890133298615468,
        "27": 0.008709625554431789,
        "28": 0.04470114829247788,
        "29": 0.011800826616215662,
        "30": 0.008889088997206855,
        "31": 0.020133896349322174,
        "32": 0.02071297053452971,
        "33": 0.0048162146812468064,
        "34": 0.0395644963382681,
        "35": 0.03395731608267926,
        "36": 0.03462768265121748,
        "37": 0.013990797414684501,
        "38": 0.02650556667214263,
        "39": 0.041279955003381476
    },
    "best_objective": 940.3971824577777,
    "classes": [
        "0",
        "1",
        "2",
        "3",
        "4",
        "5",
        "6",
        "7",
        "8",
        "9",
        "10",
        "11",
        "12",
        "13",
        "14",
        "15",
        "16",
        "17",
        "18",
        "19",
        "20",
        "21",
        "22",
        "23",
        "24",
        "25",
        "26",
        "27",
        "28",
        "29",
        "30",
        "31",
        "32",
        "33",
        "34",
        "35",
        "36",
        "37",
        "38",
        "39"
    ],
    "resources": [
        "0",
        "1",
        "2",
        "3",
        "4",
        "5",
        "6",
        "7",
        "8",
        "9",
        "10",
        "11",
        "12",
        "13",
        "14",
        "15",
        "16",
        "17",
        "18",
        "19",
        "20",
        "21",
        "22",
        "23",
        "24",
        "25",
        "26",
        "27",
        "28",
        "29"
    ],
    "demands": {
        "0_0": 2.37098,
        "4_0": 0.33867,
        "5_0": 0.88018,
        "11_0": 0.29059,
        "19_0": 1.34663,
        "22_0": 0.48521,
        "16_1": 3.07283,
        "23_1": 1.68199,
        "29_1": 2.23423,
        "32_1": 1.50052,
        "36_1": 0.76743,
        "7_2": 1.94765,
        "19_2": 9.10855,
        "13_3": 0.537,
        "14_3": 0.65496,
        "19_3": 2.27121,
        "22_3": 0.18187,
        "27_3": 1.87754,
        "35_3": 0.65173,
        "2_4": 2.32911,
        "4_4": 1.18754,
        "11_4": 0.57809,
        "13_4": 0.57456,
        "7_5": 0.88315,
        "8_5": 0.45792,
        "12_5": 1.52579,
        "16_5": 3.1234,
        "20_5": 0.07447,
        "25_5": 0.1499,
        "33_5": 1.67864,
        "0_6": 0.16229,
        "1_6": 0.65729,
        "13_6": 0.5514,
        "19_6": 0.6765,
        "20_6": 0.68631,
        "22_6": 0.5873,
        "30_6": 1.97165,
        "38_6": 0.10857,
        "0_7": 2.95056,
        "9_7": 0.34652,
        "10_7": 4.13372,
        "32_7": 1.13395,
        "34_7": 0.21173,
        "5_8": 0.47524,
        "10_8": 0.26621,
        "13_8": 0.2314,
        "17_8": 0.284,
        "24_8": 0.06358,
        "30_8": 0.79551,
        "34_8": 0.2022,
        "2_9": 0.93683,
        "10_9": 0.15218,
        "27_9": 1.46935,
        "33_9": 1.62666,
        "34_9": 0.09848,
        "38_9": 0.56285,
        "1_10": 0.20583,
        "3_10": 0.52706,
        "10_10": 3.49151,
        "12_10": 0.69128,
        "15_10": 0.26201,
        "21_10": 0.43657,
        "22_10": 0.84504,
        "30_10": 1.8055,
        "32_10": 0.22837,
        "34_10": 0.3383,
        "37_10": 1.06402,
        "6_11": 0.28359,
        "12_11": 0.75224,
        "24_11": 0.41238,
        "35_11": 0.31842,
        "39_11": 0.05822,
        "20_12": 1.19226,
        "22_12": 2.18206,
        "1_13": 0.4625,
        "5_13": 0.09869,
        "16_13": 1.68374,
        "25_13": 0.43305,
        "27_13": 0.59513,
        "29_13": 2.43308,
        "34_13": 0.6174,
        "5_14": 1.19743,
        "12_14": 1.77358,
        "31_14": 2.05979,
        "9_15": 2.57163,
        "0_16": 1.16136,
        "5_16": 0.46006,
        "14_16": 1.92352,
        "18_16": 0.94262,
        "7_17": 0.23107,
        "8_17": 0.3716,
        "27_17": 0.75291,
        "38_17": 1.14981,
        "1_18": 0.5454,
        "15_18": 0.21944,
        "16_18": 1.53114,
        "26_18": 0.31196,
        "27_18": 3.64794,
        "29_18": 0.64084,
        "33_18": 4.04534,
        "38_18": 0.30738,
        "1_19": 1.14354,
        "8_19": 0.38259,
        "33_19": 8.47806,
        "35_19": 7e-05,
        "0_20": 0.60249,
        "15_20": 1.88097,
        "24_20": 0.26033,
        "35_20": 0.1989,
        "3_21": 1.65132,
        "6_21": 0.37204,
        "13_21": 0.48348,
        "18_21": 0.46663,
        "20_21": 0.28888,
        "28_21": 0.22868,
        "29_21": 0.33281,
        "33_21": 0.0734,
        "35_21": 0.18597,
        "39_21": 0.104,
        "2_22": 0.82732,
        "7_22": 0.56338,
        "13_22": 0.1968,
        "26_22": 0.74807,
        "31_22": 0.4738,
        "37_22": 0.63479,
        "6_23": 0.20387,
        "15_23": 1.68473,
        "17_23": 0.53055,
        "24_23": 0.51085,
        "30_23": 0.49751,
        "36_24": 3.1508,
        "1_25": 0.31316,
        "9_25": 0.10277,
        "14_25": 0.18177,
        "16_25": 0.68665,
        "21_25": 0.30579,
        "23_25": 0.58447,
        "26_25": 0.50304,
        "31_25": 0.33001,
        "2_26": 1.44941,
        "21_26": 1.03436,
        "24_26": 0.48657,
        "29_26": 0.66739,
        "31_26": 0.11683,
        "33_26": 7.80168,
        "2_27": 2.43157,
        "13_27": 0.70873,
        "20_27": 0.91079,
        "26_27": 1.76459,
        "27_27": 0.15786,
        "1_28": 0.59618,
        "8_28": 0.31817,
        "14_28": 1.52094,
        "16_28": 0.51596,
        "28_28": 0.20911,
        "35_28": 0.38205,
        "2_29": 0.39719,
        "5_29": 1.73601,
        "7_29": 1.36637,
        "14_29": 1.00061,
        "16_29": 3.31754
    },
    "best": {
        "0": 31.584522828034356,
        "1": 49.29037720761815,
        "2": 60.62555309138744,
        "3": 31.84923819784675,
        "4": 24.511772302486747,
        "5": 65.75857319598101,
        "6": 21.58247423676855,
        "7": 32.61568178324429,
        "8": 9.245292571750719,
        "9": 45.04616360936045,
        "10": 26.087137801352473,
        "11": 8.003285668467523,
        "12": 10.521466255588779,
        "13": 36.66968994934912,
        "14": 12.401561040237299,
        "15": 9.560501444560767,
        "16": 14.740014390972275,
        "17": 5.924428892836228,
        "18": 75.0288346252755,
        "19": 94.53172022891533,
        "20": 14.570578385629137,
        "21": 9.331067025034644,
        "22": 14.58533332405878,
        "23": 11.361998724225272,
        "24": 11.742254617300684,
        "25": 23.185713355104202,
        "26": 92.78579197048097,
        "27": 25.171264628356678,
        "28": 20.262492598547954,
        "29": 51.82239850700582
    },