{
    "throughput": 8.0,
    "class_probs": {
        "0": 0.022856576951061868,
        "1": 0.014206178786188527,
        "2": 0.044400864019717635,
        "3": 0.019263714178110233,
        "4": 0.0463964267395056,
        "5": 0.005430387597469998,
        "6": 0.005890675913696634,
        "7": 0.03983789460127542,
        "8": 0.03673676929181394,
        "9": 0.00789710120091907,
        "10": 0.026897909746265273,
        "11": 0.0238587891922255,
        "12": 0.026540735380922803,
        "13": 0.011087638272981516,
        "14": 0.011644491058750714,
        "15": 0.028006392611055878,
        "16": 0.02879135542875567,
        "17": 0.046208113962670286,
        "18": 0.03199283465679785,
        "19": 0.03747303258090943,
        "20": 0.046271092979828524,
        "21": 0.005055063226806318,
        "22": 0.021011345255626875,
        "23": 0.014103573647886121,
        "24": 0.0432201278287375,
        "25": 0.016083433593242158,
        "26": 0.027296469095695098,
        "27": 0.021341629405325736,
        "28": 0.029821366654023868,
        "29": 0.02434661312286335,
        "30": 0.004900397684207257,
        "31": 0.035759977401190635,
        "32": 0.020668937860339954,
        "33": 0.018693993737979475,
        "34": 0.022042982899688045,
        "35": 0.04256356956202566,
        "36": 0.009976015520025737,
        "37": 0.016381994727056516,
        "38": 0.03589612994238637,
        "39": 0.02914740368397087
    },
    "best_objective": 1172.4234417322741,
    "classes": [
        "0",
        "1",
        "2",
        "3",
        "4",
        "5",
        "6",
        "7",
        "8",
        "9",
        "10",
        "11",
        "12",
        "13",
        "14",
        "15",
        "16",
        "17",
        "18",
        "19",
        "20",
        "21",
        "22",
        "23",
        "24",
        "25",
        "26",
        "27",
        "28",
        "29",
        "30",
        "31",
        "32",
        "33",
        "34",
        "35",
        "36",
        "37",
        "38",
        "39"
    ],
    "resources": [
        "0",
        "1",
        "2",
        "3",
        "4",
        "5",
        "6",
        "7",
        "8",
        "9",
        "10",
        "11",
        "12",
        "13",
        "14",
        "15",
        "16",
        "17",
        "18",
        "19",
        "20",
        "21",
        "22",
        "23",
        "24",
        "25",
        "26",
        "27",
        "28",
        "29"
    ],
    "demands": {
        "27_0": 1.885,
        "29_0": 1.2631,
        "32_0": 0.32737,
        "37_0": 0.65317,
        "6_1": 1.9487,
        "17_1": 0.14486,
        "26_1": 0.14799,
        "28_1": 0.05864,
        "35_1": 0.31333,
        "37_1": 0.61895,
        "39_1": 0.3644,
        "1_2": 0.10512,
        "2_2": 0.61982,
        "22_2": 1.6932,
        "31_2": 1.11725,
        "6_3": 0.67496,
        "8_3": 0.12157,
        "12_3": 0.30284,
        "18_3": 0.21119,
        "22_3": 0.3963,
        "34_3": 0.0165,
        "35_3": 0.15715,
        "38_3": 0.06046,
        "1_4": 1.40159,
        "5_4": 2.21489,
        "7_4": 0.0904,
        "27_4": 1.92015,
        "22_5": 0.68782,
        "24_5": 0.43596,
        "32_5": 0.66482,
        "37_5": 1.14535,
        "38_5": 0.04298,
        "5_6": 2.85541,
        "10_6": 2.31765,
        "3_7": 0.96093,
        "12_7": 0.69988,
        "15_7": 0.70985,
        "21_7": 2.05232,
        "36_7": 0.42184,
        "13_8": 4.25873,
        "32_8": 0.98179,
        "6_9": 2.21103,
        "17_9": 0.24975,
        "19_9": 0.04951,
        "21_9": 1.31283,
        "22_9": 0.44604,
        "24_9": 0.02125,
        "28_9": 0.33209,
        "34_9": 0.48867,
        "27_10": 0.06314,
        "32_10": 0.3335,
        "37_10": 3.07099,
        "5_11": 1.64925,
        "6_11": 4.93777,
        "15_11": 0.1239,
        "27_11": 1.03885,
        "35_11": 0.06087,
        "0_12": 0.11453,
        "1_12": 1.2323,
        "8_12": 0.49299,
        "20_12": 0.48007,
        "27_12": 0.89014,
        "35_12": 0.59511,
        "0_13": 0.31994,
        "2_13": 0.32091,
        "6_13": 3.17733,
        "7_13": 0.31888,
        "12_13": 0.29456,
        "16_13": 0.39091,
        "32_13": 0.47109,
        "0_14": 0.86358,
        "1_14": 2.48638,
        "20_14": 0.09094,
        "33_14": 1.98679,
        "10_15": 1.11145,
        "29_15": 0.97902,
        "0_16": 0.698,
        "5_16": 1.04842,
        "17_16": 0.37271,
        "29_16": 0.92079,
        "32_16": 0.06576,
        "1_17": 0.61084,
        "2_17": 0.03931,
        "3_17": 0.45427,
        "9_17": 0.34401,
        "22_17": 0.32329,
        "25_17": 0.59815,
        "29_17": 0.37767,
        "36_17": 0.60611,
        "37_17": 0.09193,
        "8_18": 0.06053,
        "16_18": 0.19318,
        "21_18": 1.62063,
        "26_18": 0.01941,
        "27_18": 0.88738,
        "35_18": 0.3833,
        "4_19": 0.03943,
        "5_19": 7.97934,
        "10_19": 0.75518,
        "13_19": 0.11085,
        "23_19": 0.77167,
        "28_19": 0.56218,
        "1_20": 0.2853,
        "6_20": 3.25099,
        "8_20": 0.32383,
        "14_20": 3.24934,
        "17_20": 0.27052,
        "23_20": 0.57752,
        "39_20": 0.40095,
        "12_21": 0.34952,
        "13_21": 0.70551,
        "17_21": 0.15945,
        "19_21": 0.06731,
        "20_21": 0.17374,
        "23_21": 0.50379,
        "31_21": 0.28994,
        "1_22": 0.25094,
        "9_22": 1.29578,
        "11_22": 0.02272,
        "18_22": 0.37591,
        "21_22": 2.06263,
        "23_22": 0.78813,
        "29_22": 0.00954,
        "30_22": 0.49518,
        "35_22": 0.31468,
        "5_23": 3.40441,
        "11_23": 0.81974,
        "29_23": 0.76217,
        "35_23": 0.12601,
        "39_23": 0.73551,
        "0_24": 0.13735,
        "4_24": 0.27278,
        "5_24": 3.00776,
        "11_24": 0.55148,
        "14_24": 0.19778,
        "15_24": 0.43587,
        "16_24": 0.80634,
        "0_25": 0.34174,
        "8_25": 0.11473,
        "10_25": 0.21391,
        "20_25": 0.16686,
        "23_25": 0.17774,
        "29_25": 0.09108,
        "33_25": 0.14223,
        "37_25": 0.43975,
        "39_25": 0.14838,
        "3_26": 0.187,
        "15_26": 0.45216,
        "22_26": 0.0324,
        "36_26": 1.92076,
        "39_26": 0.21796,
        "3_27": 0.53447,
        "21_27": 3.9285,
        "33_27": 2.12656,
        "6_28": 2.42275,
        "14_28": 0.004,
        "15_28": 0.05699,
        "21_28": 3.09789,
        "28_28": 0.90535,
        "30_28": 2.78893,
        "36_28": 1.95095,
        "2_29": 0.05486,
        "3_29": 0.31823,
        "10_29": 0.2195,
        "22_29": 0.8734,
        "23_29": 1.19677,
        "28_29": 0.31424
    },
    "best": {
        "0": 14.744224414599357,
        "1": 48.40508433309995,
        "2": 14.822630329029016,
        "3": 28.51132714667091,
        "4": 58.285284476330354,
        "5": 18.007798988537722,
        "6": 63.87067715563833,
        "7": 38.23146106165226,
        "8": 20.583781428490823,
        "9": 58.89844107471561,
        "10": 25.43655958229123,
        "11": 88.93704582420536,
        "12": 14.847771527075848,
        "13": 60.1731292667009,
        "14": 20.67114799950443,
        "15": 7.496852271770658,
        "16": 39.433939450683766,
        "17": 14.331057375819109,
        "18": 33.68474186611786,
        "19": 106.5335605398525,
        "20": 61.42311064611871,
        "21": 8.578116474489711,
        "22": 38.581219428620685,
        "23": 70.00914789517746,
        "24": 65.57737329224568,
        "25": 10.046285800163512,
        "26": 9.179973719505986,
        "27": 52.359634289921246,
        "28": 70.68386548505356,
        "29": 10.078198588191816
    },