{
    "throughput": 5.0,
    "class_probs": {
        "0": 0.019591076415284448,
        "1": 0.011333843605306603,
        "2": 0.011830022212941233,
        "3": 0.02897354176383583,
        "4": 0.009200718214492159,
        "5": 0.03483600289396312,
        "6": 0.030824303712320752,
        "7": 0.01578302811354825,
        "8": 0.018195099276453464,
        "9": 0.031171157952890202,
        "10": 0.025603312957275894,
        "11": 0.034547292791399606,
        "12": 0.037509749251639746,
        "13": 0.03424752301006471,
        "14": 0.010362249042474713,
        "15": 0.02409432721863934,
        "16": 0.029052654017255354,
        "17": 0.020913547683771395,
        "18": 0.03343614598455644,
        "19": 0.024283696529287795,
        "20": 0.017804638119950235,
        "21": 0.037673318721296103,
        "22": 0.012441334083329567,
        "23": 0.034572381456374986,
        "24": 0.01042706002471706,
        "25": 0.04352241927388956,
        "26": 0.03983404288013232,
        "27": 0.024509915500646746,
        "28": 0.036428493789472466,
        "29": 0.006438420368349721,
        "30": 0.021521526204366755,
        "31": 0.03576411315788653,
        "32": 0.027986863190760426,
        "33": 0.038973044024034655,
        "34": 0.030436632927952425,
        "35": 0.021371606252125534,
        "36": 0.015882917493990695,
        "37": 0.011091804434614883,
        "38": 0.008571436338338234,
        "39": 0.03895873911036997
    },
    "best_objective": 1061.8455740378643,
    "classes": [
        "0",
        "1",
        "2",
        "3",
        "4",
        "5",
        "6",
        "7",
        "8",
        "9",
        "10",
        "11",
        "12",
        "13",
        "14",
        "15",
        "16",
        "17",
        "18",
        "19",
        "20",
        "21",
        "22",
        "23",
        "24",
        "25",
        "26",
        "27",
        "28",
        "29",
        "30",
        "31",
        "32",
        "33",
        "34",
        "35",
        "36",
        "37",
        "38",
        "39"
    ],
    "resources": [
        "0",
        "1",
        "2",
        "3",
        "4",
        "5",
        "6",
        "7",
        "8",
        "9",
        "10",
        "11",
        "12",
        "13",
        "14",
        "15",
        "16",
        "17",
        "18",
        "19",
        "20",
        "21",
        "22",
        "23",
        "24",
        "25",
        "26",
        "27",
        "28",
        "29"
    ],
    "demands": {
        "12_0": 1.65332,
        "17_0": 1.16782,
        "27_0": 0.20717,
        "31_0": 1.66398,
        "0_1": 0.64951,
        "1_1": 1.5023,
        "11_1": 0.83261,
        "18_1": 0.55526,
        "34_1": 0.90348,
        "3_2": 0.3956,
        "8_2": 0.05995,
        "9_2": 0.08353,
        "10_2": 0.50669,
        "12_2": 0.4267,
        "31_2": 0.55058,
        "36_2": 1.25877,
        "2_3": 2.03044,
        "19_3": 0.524,
        "30_3": 1.9266,
        "38_3": 4.64998,
        "8_4": 3.1984,
        "14_4": 2.68248,
        "29_4": 6.60775,
        "31_4": 1.04078,
        "32_4": 0.25804,
        "3_5": 1.04011,
        "4_5": 0.71772,
        "9_5": 0.79544,
        "16_5": 0.29794,
        "17_5": 0.9975,
        "18_5": 0.37631,
        "32_5": 0.18805,
        "33_5": 0.21473,
        "35_5": 1.32684,
        "38_5": 3.29335,
        "0_6": 1.69009,
        "10_6": 0.4957,
        "17_6": 1.41187,
        "24_6": 2.97977,
        "33_6": 0.99417,
        "39_6": 0.05479,
        "0_7": 1.54357,
        "5_7": 1.40829,
        "11_7": 0.26925,
        "15_7": 0.59699,
        "23_7": 0.17492,
        "26_7": 0.87186,
        "33_7": 0.7493,
        "6_8": 0.29174,
        "24_8": 4.53159,
        "30_8": 2.02589,
        "4_9": 1.90253,
        "6_9": 0.83226,
        "15_9": 0.55804,
        "20_9": 2.19262,
        "25_9": 0.75717,
        "30_9": 0.59289,
        "1_10": 3.45212,
        "19_10": 0.69883,
        "23_10": 1.05009,
        "25_10": 0.57963,
        "37_10": 2.03517,
        "4_11": 2.16664,
        "20_11": 0.78206,
        "24_11": 2.90129,
        "28_11": 0.41168,
        "30_11": 0.43032,
        "35_11": 1.33764,
        "8_12": 5.07828,
        "35_12": 0.73829,
        "0_13": 1.3137,
        "7_13": 1.95548,
        "10_13": 0.12292,
        "13_13": 0.09784,
        "22_13": 2.20989,
        "26_13": 0.1862,
        "27_13": 0.54752,
        "36_13": 0.50325,
        "10_14": 1.44861,
        "17_14": 1.64615,
        "18_14": 0.99627,
        "38_14": 5.81975,
        "9_15": 0.95821,
        "20_15": 1.85785,
        "32_15": 0.41858,
        "33_15": 0.4841,
        "35_15": 1.2769,
        "38_15": 3.06896,
        "5_16": 1.07762,
        "25_16": 0.88994,
        "26_16": 0.63422,
        "36_16": 0.82778,
        "37_16": 0.78142,
        "4_17": 0.48245,
        "26_17": 1.07782,
        "28_17": 1.7751,
        "5_18": 2.6009,
        "16_18": 2.59239,
        "1_19": 0.84464,
        "3_19": 0.09106,
        "7_19": 0.81221,
        "10_19": 0.38983,
        "26_19": 0.04086,
        "32_19": 0.44722,
        "33_19": 0.02277,
        "37_19": 0.29834,
        "38_19": 1.44756,
        "0_20": 0.76068,
        "16_20": 0.71783,
        "17_20": 1.03052,
        "19_20": 0.58487,
        "21_20": 0.57505,
        "33_20": 0.05429,
        "5_21": 0.08234,
        "9_21": 0.67854,
        "13_21": 0.40196,
        "25_21": 0.19035,
        "35_21": 1.61598,
        "39_21": 0.83911,
        "0_22": 0.85732,
        "6_22": 0.41482,
        "21_22": 0.79427,
        "24_22": 3.63023,
        "7_23": 0.2784,
        "9_23": 0.22102,
        "12_23": 0.59746,
        "14_23": 1.50765,
        "17_23": 0.50827,
        "37_23": 2.57739,
        "8_24": 1.16095,
        "14_24": 0.55354,
        "15_24": 1.15517,
        "16_24": 0.88009,
        "18_24": 0.13648,
        "19_24": 0.06572,
        "21_24": 0.53906,
        "31_24": 0.52844,
        "33_24": 0.50725,
        "1_25": 0.58308,
        "4_25": 1.67482,
        "9_25": 0.58043,
        "11_25": 0.40257,
        "27_25": 0.75376,
        "35_25": 0.50751,
        "37_25": 1.43379,
        "3_26": 0.26463,
        "5_26": 1.81858,
        "7_26": 0.19913,
        "16_26": 0.19446,
        "32_26": 0.71584,
        "34_26": 0.19929,
        "36_26": 0.70709,
        "37_26": 2.26814,
        "38_26": 1.66686,
        "5_27": 0.99556,
        "7_27": 3.71393,
        "8_27": 0.01217,
        "17_27": 2.0412,
        "18_27": 0.47618,
        "24_27": 1.78648,
        "37_27": 0.49725,
        "0_28": 0.04477,
        "2_28": 0.64873,
        "10_28": 0.53407,
        "11_28": 0.05103,
        "14_28": 1.10475,
        "21_28": 0.3124,
        "22_28": 0.59774,
        "27_28": 0.31308,
        "29_28": 2.18376,
        "4_29": 2.74732,
        "11_29": 0.6125,
        "14_29": 1.06973,
        "16_29": 0.56872,
        "22_29": 0.75323,
        "30_29": 0.32333,
        "35_29": 0.30994
    },
    "best": {
        "0": 12.001850520965034,
        "1": 12.344148811924418,
        "2": 6.180974284846555,
        "3": 74.07865310168572,
        "4": 40.74079792219091,
        "5": 65.57479302242263,
        "6": 52.16176400398139,
        "7": 24.71746602835381,
        "8": 58.276060416254815,
        "9": 26.538143771108732,
        "10": 27.43331373558303,
        "11": 54.8706802492699,
        "12": 36.2203618180738,
        "13": 17.41095381480538,
        "14": 83.59440867546579,
        "15": 60.83481350089807,
        "16": 21.964440488805796,
        "17": 13.568099836358376,
        "18": 21.744340412807375,
        "19": 42.5895138909287,
        "20": 15.522139613960267,
        "21": 9.17335490698946,
        "22": 53.9529929589549,
        "23": 31.035789565460508,
        "24": 18.114821593931847,
        "25": 33.809329336490414,
        "26": 55.90344696628048,
        "27": 43.13343213076663,
        "28": 16.643141795558716,