{
    "throughput": 7.0,
    "class_probs": {
        "0": 0.042565407116479735,
        "1": 0.013699610089714737,
        "2": 0.014029456788462086,
        "3": 0.02607886781339115,
        "4": 0.017265284561793905,
        "5": 0.022023850050306094,
        "6": 0.018591014324457086,
        "7": 0.04282461301667256,
        "8": 0.032018659918352545,
        "9": 0.004934205624542296,
        "10": 0.005003468651433903,
        "11": 0.04545670966027013,
        "12": 0.03912929200541745,
        "13": 0.027780154374708797,
        "14": 0.031495851299849865,
        "15": 0.005422961953588646,
        "16": 0.03277852249629928,
        "17": 0.03058178339199019,
        "18": 0.028974203704714454,
        "19": 0.015892825923376423,
        "20": 0.022500018415787852,
        "21": 0.0062386871610736,
        "22": 0.03971755578436662,
        "23": 0.03885536858708563,
        "24": 0.013684654912394756,
        "25": 0.01512028413008789,
        "26": 0.040120135363255774,
        "27": 0.03969325242098165,
        "28": 0.04295931629627152,
        "29": 0.04518219372785369,
        "30": 0.024269270203563124,
        "31": 0.01910935197120817,
        "32": 0.016644628615687943,
        "33": 0.016237920000611375,
        "34": 0.03896219426826261,
        "35": 0.019712375307760863,
        "36": 0.02010966568602858,
        "37": 0.011278563259833115,
        "38": 0.02071565674531997,
        "39": 0.012342164376743948
    },
    "best_objective": 861.6402681219485,
    "classes": [
        "0",
        "1",
        "2",
        "3",
        "4",
        "5",
        "6",
        "7",
        "8",
        "9",
        "10",
        "11",
        "12",
        "13",
        "14",
        "15",
        "16",
        "17",
        "18",
        "19",
        "20",
        "21",
        "22",
        "23",
        "24",
        "25",
        "26",
        "27",
        "28",
        "29",
        "30",
        "31",
        "32",
        "33",
        "34",
        "35",
        "36",
        "37",
        "38",
        "39"
    ],
    "resources": [
        "0",
        "1",
        "2",
        "3",
        "4",
        "5",
        "6",
        "7",
        "8",
        "9",
        "10",
        "11",
        "12",
        "13",
        "14",
        "15",
        "16",
        "17",
        "18",
        "19",
        "20",
        "21",
        "22",
        "23",
        "24",
        "25",
        "26",
        "27",
        "28",
        "29"
    ],
    "demands": {
        "15_0": 2.25285,
        "19_0": 0.66934,
        "20_0": 0.62474,
        "21_0": 1.04651,
        "23_0": 0.48788,
        "25_0": 1.62404,
        "27_0": 0.44082,
        "32_0": 1.01124,
        "39_0": 0.16518,
        "0_1": 0.01843,
        "16_1": 1.2401,
        "17_1": 1.16614,
        "18_1": 0.13713,
        "24_1": 1.94045,
        "33_1": 1.07501,
        "15_2": 4.67552,
        "18_2": 0.64669,
        "25_2": 2.62461,
        "29_2": 0.227,
        "34_2": 0.23496,
        "3_3": 1.52093,
        "10_3": 6.47918,
        "38_3": 0.07707,
        "39_3": 1.68132,
        "0_4": 0.19262,
        "10_4": 1.38572,
        "11_4": 0.12733,
        "15_4": 2.16104,
        "21_4": 2.17233,
        "29_4": 0.43886,
        "36_4": 0.08137,
        "8_5": 1.46896,
        "23_5": 0.95743,
        "9_6": 1.55752,
        "16_6": 1.2281,
        "30_6": 0.81505,
        "34_6": 0.32281,
        "2_7": 0.96966,
        "7_7": 0.39758,
        "11_7": 0.00927,
        "25_7": 1.2671,
        "31_7": 2.61134,
        "36_7": 0.40692,
        "0_8": 0.12195,
        "1_8": 0.58666,
        "12_8": 0.15747,
        "19_8": 0.75144,
        "25_8": 0.7838,
        "28_8": 0.20991,
        "30_8": 0.22678,
        "31_8": 0.46237,
        "5_9": 0.93487,
        "8_9": 0.39004,
        "12_9": 0.20857,
        "14_9": 0.155,
        "17_9": 0.12048,
        "28_9": 0.14567,
        "7_10": 0.10055,
        "17_10": 0.41278,
        "22_10": 0.78415,
        "24_10": 1.38828,
        "25_10": 0.72193,
        "34_10": 0.80008,
        "22_11": 0.74032,
        "24_11": 3.34511,
        "25_11": 3.00023,
        "4_12": 2.77856,
        "12_12": 1.48107,
        "31_12": 1.08432,
        "5_13": 1.53804,
        "9_13": 3.85484,
        "14_13": 0.20847,
        "17_13": 0.38025,
        "30_13": 0.92054,
        "33_13": 1.90677,
        "10_14": 2.22456,
        "13_14": 0.29167,
        "31_14": 0.24788,
        "35_14": 0.67813,
        "36_14": 0.53275,
        "7_15": 0.88748,
        "15_15": 0.82963,
        "21_15": 1.55148,
        "29_15": 0.64242,
        "35_15": 0.84546,
        "36_15": 0.04465,
        "37_15": 0.81191,
        "17_16": 2.29029,
        "8_17": 0.81662,
        "29_17": 0.65206,
        "38_17": 1.04009,
        "1_18": 1.02489,
        "2_18": 0.82134,
        "4_18": 0.68903,
        "15_18": 1.91753,
        "20_18": 0.72404,
        "32_18": 1.06446,
        "38_18": 0.59715,
        "6_19": 1.10259,
        "7_19": 0.48724,
        "31_19": 1.33359,
        "39_19": 0.27183,
        "4_20": 0.74445,
        "6_20": 1.26083,
        "19_20": 4.05496,
        "1_21": 0.40342,
        "3_21": 0.69242,
        "9_21": 0.26112,
        "20_21": 0.61092,
        "23_21": 0.19619,
        "34_21": 0.10223,
        "35_21": 0.88252,
        "38_22": 3.96148,
        "0_23": 0.30065,
        "8_23": 0.40802,
        "12_23": 0.28642,
        "29_23": 0.80369,
        "1_24": 0.51117,
        "7_24": 0.14084,
        "16_24": 0.07016,
        "17_24": 0.34827,
        "29_24": 0.36101,
        "30_24": 0.21208,
        "32_24": 0.84285,
        "33_24": 0.64489,
        "35_24": 0.43631,
        "39_24": 1.17091,
        "1_25": 0.56664,
        "7_25": 0.07837,
        "8_25": 0.35875,
        "11_25": 0.0903,
        "13_25": 0.13125,
        "20_25": 0.61776,
        "22_25": 0.19786,
        "25_25": 0.25865,
        "26_25": 0.07165,
        "34_25": 0.20777,
        "2_26": 1.44952,
        "10_26": 2.68839,
        "26_26": 0.71529,
        "27_26": 0.33703,
        "28_26": 0.66344,
        "6_27": 0.3794,
        "12_27": 0.28826,
        "14_27": 0.66322,
        "27_27": 0.65698,
        "29_27": 0.178,
        "31_27": 0.3593,
        "15_28": 10.45828,
        "19_28": 1.50969,
        "20_28": 0.01806,
        "34_28": 1.08544,
        "0_29": 1.28164,
        "10_29": 0.30489,
        "22_29": 0.93769,
        "35_29": 1.12941
    },
    "best": {
        "0": 56.62216131257589,
        "1": 17.045549529879118,
        "2": 79.07433238538246,
        "3": 57.343188363364824,
        "4": 56.84714231678762,
        "5": 14.451484243876811,
        "6": 15.181893812232012,
        "7": 31.711618668856005,
        "8": 20.050937956797508,
        "9": 8.602113853518254,
        "10": 19.072445854536795,
        "11": 32.956135996784504,
        "12": 16.638542137724432,
        "13": 24.968319857553933,
        "14": 34.63882978494165,
        "15": 32.07133796955649,
        "16": 18.135497128440637,
        "17": 14.621902391750307,
        "18": 48.24081888190927,
        "19": 17.96044402325345,
        "20": 17.89129437936718,
        "21": 8.26864461063917,
        "22": 19.24045525452117,
        "23": 7.819280372305644,
        "24": 8.389753514963026,
        "25": 11.447526546384992,
        "26": 37.2037572816079,
        "27": 9.628921375966076,
        "28": 111.18734017681345,
        "29": 14.328598139657828
    },