{
    "throughput": 9.0,
    "class_probs": {
        "0": 0.030063200612178608,
        "1": 0.04118961108756337,
        "2": 0.030681595095511653,
        "3": 0.015406334010181882,
        "4": 0.04095267512318136,
        "5": 0.02600177298654706,
        "6": 0.03622262334011452,
        "7": 0.0267749992573266,
        "8": 0.0262829625466128,
        "9": 0.028739808170214487,
        "10": 0.023609132066228854,
        "11": 0.04040110425384159,
        "12": 0.031778253293054975,
        "13": 0.02126105265547024,
        "14": 0.013064250204018975,
        "15": 0.007183000240816279,
        "16": 0.03106371786193242,
        "17": 0.006517283647362945,
        "18": 0.031832243394919246,
        "19": 0.025298817301777715,
        "20": 0.02035381312211254,
        "21": 0.034705879699475924,
        "22": 0.022329918910994048,
        "23": 0.005967326460879816,
        "24": 0.025397945260025177,
        "25": 0.02503589873967238,
        "26": 0.030004179817044816,
        "27": 0.026319909952698596,
        "28": 0.02404412589868623,
        "29": 0.03716340026158831,
        "30": 0.036444305966309376,
        "31": 0.014895256240895929,
        "32": 0.01268788008719087,
        "33": 0.03403623224122133,
        "34": 0.014717462568031397,
        "35": 0.02211558900340119,
        "36": 0.004656726870273833,
        "37": 0.020514857273964994,
        "38": 0.029856618894955063,
        "39": 0.024428235581722656
    },
    "best_objective": 1142.7403494961636,
    "classes": [
        "0",
        "1",
        "2",
        "3",
        "4",
        "5",
        "6",
        "7",
        "8",
        "9",
        "10",
        "11",
        "12",
        "13",
        "14",
        "15",
        "16",
        "17",
        "18",
        "19",
        "20",
        "21",
        "22",
        "23",
        "24",
        "25",
        "26",
        "27",
        "28",
        "29",
        "30",
        "31",
        "32",
        "33",
        "34",
        "35",
        "36",
        "37",
        "38",
        "39"
    ],
    "resources": [
        "0",
        "1",
        "2",
        "3",
        "4",
        "5",
        "6",
        "7",
        "8",
        "9",
        "10",
        "11",
        "12",
        "13",
        "14",
        "15",
        "16",
        "17",
        "18",
        "19",
        "20",
        "21",
        "22",
        "23",
        "24",
        "25",
        "26",
        "27",
        "28",
        "29"
    ],
    "demands": {
        "2_0": 0.60101,
        "7_0": 0.75825,
        "22_0": 2.12151,
        "8_1": 1.73044,
        "12_1": 0.24625,
        "19_1": 0.25068,
        "35_1": 1.42228,
        "0_2": 0.07327,
        "9_2": 0.46808,
        "13_2": 1.14108,
        "19_2": 1.10977,
        "23_2": 0.18714,
        "34_2": 0.49406,
        "2_3": 0.37659,
        "8_3": 0.22972,
        "24_3": 0.95133,
        "31_3": 1.08792,
        "18_4": 2.83526,
        "0_5": 0.5875,
        "1_5": 0.41242,
        "13_5": 0.21285,
        "27_5": 0.28195,
        "32_5": 1.5459,
        "37_5": 0.47842,
        "38_5": 0.52364,
        "2_6": 0.84235,
        "33_6": 0.73265,
        "35_6": 0.6689,
        "3_7": 2.69377,
        "34_7": 1.06599,
        "24_8": 2.88109,
        "7_9": 1.70435,
        "30_9": 0.65767,
        "5_10": 0.49655,
        "15_10": 4.21012,
        "26_10": 0.57719,
        "28_10": 0.35399,
        "37_10": 0.81688,
        "17_11": 1.72048,
        "18_11": 0.52665,
        "30_11": 0.6047,
        "13_12": 0.32074,
        "20_12": 1.55767,
        "39_12": 0.33742,
        "15_13": 1.80765,
        "23_13": 5.57632,
        "33_13": 0.00058,
        "2_14": 0.08595,
        "6_14": 0.32168,
        "13_14": 0.32099,
        "17_14": 1.5539,
        "20_14": 0.54195,
        "25_14": 0.46368,
        "26_14": 0.23983,
        "29_14": 0.23524,
        "37_14": 0.42019,
        "39_14": 0.42442,
        "10_15": 0.50567,
        "13_15": 0.65512,
        "18_15": 0.41138,
        "24_15": 0.53904,
        "30_15": 0.34219,
        "37_15": 0.24672,
        "38_15": 0.43084,
        "36_16": 19.04435,
        "3_17": 0.72292,
        "18_17": 0.10914,
        "19_17": 0.23716,
        "20_17": 0.82254,
        "22_17": 0.66665,
        "28_17": 0.1474,
        "8_18": 0.1378,
        "9_18": 0.2103,
        "17_18": 1.04668,
        "29_18": 0.10353,
        "30_18": 0.28383,
        "32_18": 0.71306,
        "0_19": 0.54244,
        "3_19": 0.49513,
        "8_19": 0.6203,
        "19_19": 0.05019,
        "25_19": 0.17679,
        "27_19": 0.41551,
        "1_20": 0.27348,
        "3_20": 0.47313,
        "7_20": 0.48572,
        "11_20": 0.3133,
        "14_20": 0.40959,
        "36_20": 2.65407,
        "3_21": 0.33459,
        "7_21": 0.41794,
        "8_21": 0.37812,
        "14_21": 0.3069,
        "16_21": 0.34058,
        "7_22": 1.31242,
        "30_22": 0.91752,
        "18_23": 0.02923,
        "24_23": 1.62893,
        "36_23": 5.95925,
        "0_24": 0.12028,
        "5_24": 0.59373,
        "10_24": 0.56191,
        "34_24": 0.76527,
        "36_24": 3.13302,
        "0_25": 0.01838,
        "4_25": 0.31445,
        "6_25": 0.4381,
        "15_25": 2.19748,
        "7_26": 0.24891,
        "11_26": 0.12428,
        "14_26": 0.03556,
        "19_26": 0.39764,
        "30_26": 0.22548,
        "36_26": 2.23639,
        "10_27": 0.26883,
        "21_27": 0.51498,
        "36_27": 2.9412,
        "9_28": 0.0084,
        "11_28": 0.28664,
        "12_28": 0.27517,
        "13_28": 0.70885,
        "16_28": 0.11512,
        "36_28": 4.32264,
        "11_29": 0.39279,
        "18_29": 0.86659,
        "21_29": 0.42896,
        "31_29": 1.53371,
        "39_29": 0.37058
    },
    "best": {
        "0": 12.15813614510584,
        "1": 11.167175586197914,
        "2": 8.488867301413562,
        "3": 11.50434127945185,
        "4": 20.391706155822728,
        "5": 7.274552752586144,
        "6": 4.705335024194144,
        "7": 18.70497113841003,
        "8": 19.008714614814014,
        "9": 17.692497513192464,
        "10": 34.139904088223275,
        "11": 16.84349055353285,
        "12": 8.591436011113341,
        "13": 22.281205702679756,
        "14": 15.38705176474972,
        "15": 13.139591126546055,
        "16": 225.60381807993244,
        "17": 11.893886323101638,
        "18": 12.180474830277042,
        "19": 9.801091279263133,
        "20": 85.31681429478513,
        "21": 11.683602401008365,
        "22": 15.593029706962836,
        "23": 127.15425718725177,
        "24": 91.7048471310266,
        "25": 24.51305344003479,
        "26": 77.67990154623209,
        "27": 88.68715285246729,
        "28": 107.81272062924309,
        "29": 11.636723036543513
    },
    "best_mrt": [
        160.95836353507536,
        67.17136784506191,
        297.673789937767,
        300.00000000000006,
        13.043767046970071,
        21.392448478869728,
        40.224232941783825,
        300.0,
        299.99999999999994,
        77.86485814371505,
        50.01113505382025,
        44.26267451951439,
        26.36359886740767,
        300.0,
        32.4138199574148,
        299.99999999999994,
        31.170962820085034,
        300.0,
        300.0,
        197.84323016127536,
        299.99999999999994,
        45.4575122475771,
        244.8936716209137,
        279.02556826175646,
        300.0,
        50.81715151742678,
        33.73804288994987,
        88.44592223530607,
        23.547684508037612,
        24.88251642676506,
        191.2269643632989,
        240.7454000204688,
        300.0,
        178.06311389104994,
        130.32432590195722,
        300.0,
        299.99999999999994,
        147.37233337419548,
        115.95639996060942,
        104.62643550174634
    ],
    "SLA": 300
}