{
    "throughput": 6.0,
    "class_probs": {
        "0": 0.04108681199541247,
        "1": 0.02710347937071993,
        "2": 0.010609830024846027,
        "3": 0.02076861660725431,
        "4": 0.02663379457207992,
        "5": 0.02970487143878954,
        "6": 0.03780737542639513,
        "7": 0.02883085240859845,
        "8": 0.012267179171125948,
        "9": 0.033298559159307656,
        "10": 0.025987983824440123,
        "11": 0.04017706048012365,
        "12": 0.01048684290558258,
        "13": 0.02009970116351823,
        "14": 0.026299647226891425,
        "15": 0.03728576449082516,
        "16": 0.03716841960323223,
        "17": 0.022768891413897367,
        "18": 0.037957793581708664,
        "19": 0.010173357785348107,
        "20": 0.017162355052176972,
        "21": 0.03471298152243773,
        "22": 0.03332090455099351,
        "23": 0.005751465769249583,
        "24": 0.03761384353856754,
        "25": 0.01042319219857088,
        "26": 0.041516010235134744,
        "27": 0.00896670618144441,
        "28": 0.017723910997635012,
        "29": 0.028896445403064196,
        "30": 0.00852426345758476,
        "31": 0.030724599234099193,
        "32": 0.041836257225794184,
        "33": 0.02272931774479221,
        "34": 0.03816509911530959,
        "35": 0.014871474520437447,
        "36": 0.008110065287705234,
        "37": 0.022836380949702834,
        "38": 0.019618414906066094,
        "39": 0.01997947945913709
    },
    "best_objective": 657.9087759091332,
    "classes": [
        "0",
        "1",
        "2",
        "3",
        "4",
        "5",
        "6",
        "7",
        "8",
        "9",
        "10",
        "11",
        "12",
        "13",
        "14",
        "15",
        "16",
        "17",
        "18",
        "19",
        "20",
        "21",
        "22",
        "23",
        "24",
        "25",
        "26",
        "27",
        "28",
        "29",
        "30",
        "31",
        "32",
        "33",
        "34",
        "35",
        "36",
        "37",
        "38",
        "39"
    ],
    "resources": [
        "0",
        "1",
        "2",
        "3",
        "4",
        "5",
        "6",
        "7",
        "8",
        "9",
        "10",
        "11",
        "12",
        "13",
        "14",
        "15",
        "16",
        "17",
        "18",
        "19",
        "20",
        "21",
        "22",
        "23",
        "24",
        "25",
        "26",
        "27",
        "28",
        "29"
    ],
    "demands": {
        "1_0": 0.43981,
        "3_0": 0.41814,
        "8_0": 0.60116,
        "13_0": 0.10564,
        "15_0": 0.05501,
        "16_0": 0.25332,
        "20_0": 0.1612,
        "29_0": 0.08176,
        "34_0": 0.00361,
        "35_0": 0.67545,
        "36_0": 1.12378,
        "37_0": 0.45695,
        "18_1": 0.28183,
        "22_1": 1.53047,
        "23_1": 0.19576,
        "34_1": 0.45726,
        "7_2": 1.24854,
        "19_2": 2.81784,
        "28_2": 0.24241,
        "29_2": 0.88254,
        "12_3": 1.55937,
        "15_3": 0.08437,
        "32_3": 0.26632,
        "33_3": 0.95056,
        "36_3": 2.35463,
        "15_4": 0.86176,
        "27_4": 4.14405,
        "29_4": 2.04217,
        "36_4": 0.03046,
        "11_5": 0.94554,
        "14_5": 0.28583,
        "33_5": 0.24874,
        "35_5": 0.81777,
        "39_5": 0.20601,
        "11_6": 1.42111,
        "14_6": 0.14345,
        "17_6": 1.78865,
        "25_6": 4.54961,
        "31_6": 0.01987,
        "22_7": 0.41394,
        "35_7": 1.16298,
        "38_7": 2.15585,
        "5_8": 0.24708,
        "9_8": 0.18207,
        "10_8": 0.48511,
        "16_8": 0.32013,
        "22_8": 0.21569,
        "23_8": 1.6344,
        "27_8": 1.1677,
        "30_8": 0.9316,
        "31_8": 0.17958,
        "37_8": 0.20631,
        "38_8": 0.35196,
        "5_9": 0.01771,
        "9_9": 0.86915,
        "12_9": 1.17309,
        "38_9": 1.96521,
        "14_10": 0.50627,
        "16_10": 0.28547,
        "19_10": 1.24406,
        "35_10": 0.80436,
        "36_10": 1.30269,
        "2_11": 0.48544,
        "6_11": 0.84509,
        "14_11": 0.55899,
        "19_11": 0.88989,
        "31_11": 0.66597,
        "2_12": 0.71768,
        "6_12": 0.25129,
        "8_12": 0.76474,
        "14_12": 0.07055,
        "17_12": 0.33937,
        "19_12": 0.92334,
        "21_12": 0.2637,
        "31_12": 0.28805,
        "32_12": 0.0372,
        "33_12": 0.15368,
        "0_13": 0.60678,
        "8_13": 2.54613,
        "11_13": 0.29935,
        "23_13": 1.07949,
        "24_13": 0.48228,
        "38_13": 0.12387,
        "1_14": 0.36176,
        "11_14": 0.20017,
        "32_14": 0.54936,
        "34_14": 0.3686,
        "37_14": 0.56871,
        "0_15": 0.07052,
        "13_15": 0.56933,
        "15_15": 0.05943,
        "16_15": 0.43618,
        "22_15": 0.26087,
        "24_15": 0.42468,
        "33_15": 0.1708,
        "0_16": 0.62926,
        "27_16": 0.9106,
        "28_16": 0.67769,
        "34_16": 0.6605,
        "37_16": 0.94622,
        "3_17": 1.80025,
        "8_17": 0.41527,
        "30_17": 1.08141,
        "37_17": 1.20422,
        "39_17": 1.24921,
        "7_18": 0.17619,
        "13_18": 0.59409,
        "26_18": 0.64364,
        "28_18": 2.15678,
        "37_18": 0.49063,
        "15_19": 0.57842,
        "16_19": 0.50393,
        "25_19": 1.76285,
        "27_19": 1.62918,
        "28_19": 0.99574,
        "33_19": 0.53317,
        "35_19": 0.01455,
        "38_19": 0.44318,
        "2_20": 3.52115,
        "4_20": 0.13162,
        "10_20": 1.49087,
        "13_20": 0.36611,
        "20_20": 1.33827,
        "38_20": 0.94276,
        "0_21": 0.18725,
        "2_21": 1.22652,
        "11_21": 0.21512,
        "13_21": 0.41236,
        "28_21": 0.20873,
        "33_21": 0.48128,
        "10_22": 0.89853,
        "19_22": 2.15039,
        "23_22": 4.66714,
        "27_22": 3.05129,
        "33_22": 0.93332,
        "2_23": 0.67642,
        "3_23": 0.25828,
        "7_23": 0.64169,
        "27_23": 2.58985,
        "31_23": 0.77861,
        "1_24": 0.84801,
        "4_24": 0.45396,
        "10_24": 0.0955,
        "11_24": 0.08039,
        "21_24": 0.33263,
        "31_24": 0.53133,
        "37_24": 0.02377,
        "4_25": 0.5775,
        "14_25": 0.26833,
        "15_25": 0.40763,
        "16_25": 0.45006,
        "18_25": 0.00871,
        "26_25": 0.34809,
        "32_25": 0.32528,
        "13_26": 2.10124,
        "35_26": 0.53994,
        "4_27": 0.77481,
        "10_27": 1.09892,
        "21_27": 0.70779,
        "22_27": 1.10264,
        "28_27": 0.28833,
        "32_27": 0.544,
        "0_28": 0.13734,
        "11_28": 0.32111,
        "12_28": 2.93182,
        "30_28": 4.04957,
        "31_28": 0.838,
        "38_28": 0.00997,
        "4_29": 0.48126,
        "7_29": 1.48158,
        "12_29": 1.0822,
        "13_29": 2.40425,
        "34_29": 0.29184
    },
    "best": {
        "0": 12.790042622204027,
        "1": 11.01091889944869,
        "2": 28.615878935562005,
        "3": 18.397486558588504,
        "4": 57.25752123921409,
        "5": 7.736892938564191,
        "6": 18.874334011952023,
        "7": 16.887845981705837,
        "8": 31.54149325885522,
        "9": 20.540696893173592,
        "10": 20.172270572020054,
        "11": 17.948292227484192,
        "12": 20.395288943485067,
        "13": 14.927883990161162,
        "14": 7.5324662078027504,
        "15": 13.546551484595964,
        "16": 28.537404398537383,
        "17": 12.272999252625244,
        "18": 14.839025583643146,
        "19": 38.24751143885355,
        "20": 25.084206248494006,
        "21": 16.324576656558317,
        "22": 55.03524450321312,
        "23": 45.99536295014235,
        "24": 5.253236794393657,
        "25": 5.628706654597927,
        "26": 24.83153407260033,
        "27": 11.563962569987208,
        "28": 25.366606450497354,
        "29": 30.752533570172254
    },