{
    "throughput": 9.0,
    "class_probs": {
        "0": 0.02732131812598454,
        "1": 0.045876227340688705,
        "2": 0.05087473814089781,
        "3": 0.03721860122528954,
        "4": 0.03096210323653681,
        "5": 0.04192971666372327,
        "6": 0.009500947915198796,
        "7": 0.04078772285902666,
        "8": 0.02857118573837267,
        "9": 0.018233653059978955,
        "10": 0.02119076879041669,
        "11": 0.028652831410598545,
        "12": 0.023985166825187493,
        "13": 0.019628227475229777,
        "14": 0.007047906345953953,
        "15": 0.015939609796835622,
        "16": 0.04038015008688805,
        "17": 0.026274549502147193,
        "18": 0.030575872280345816,
        "19": 0.006417312407702346,
        "20": 0.006177824121677544,
        "21": 0.025278597677133363,
        "22": 0.05099489317980097,
        "23": 0.03141707313983409,
        "24": 0.010993489322510293,
        "25": 0.019046428972716335,
        "26": 0.015433833122105747,
        "27": 0.03581806671912123,
        "28": 0.011900511069602444,
        "29": 0.014420254472263982,
        "30": 0.04696536161506412,
        "31": 0.0355041885572942,
        "32": 0.00602761496859774,
        "33": 0.030035362414812094,
        "34": 0.01071991603927325,
        "35": 0.007921180351461218,
        "36": 0.01725994516506468,
        "37": 0.0181195874737192,
        "38": 0.020652212695698377,
        "39": 0.033945049695245956
    },
    "best_objective": 828.6443383911326,
    "classes": [
        "0",
        "1",
        "2",
        "3",
        "4",
        "5",
        "6",
        "7",
        "8",
        "9",
        "10",
        "11",
        "12",
        "13",
        "14",
        "15",
        "16",
        "17",
        "18",
        "19",
        "20",
        "21",
        "22",
        "23",
        "24",
        "25",
        "26",
        "27",
        "28",
        "29",
        "30",
        "31",
        "32",
        "33",
        "34",
        "35",
        "36",
        "37",
        "38",
        "39"
    ],
    "resources": [
        "0",
        "1",
        "2",
        "3",
        "4",
        "5",
        "6",
        "7",
        "8",
        "9",
        "10",
        "11",
        "12",
        "13",
        "14",
        "15",
        "16",
        "17",
        "18",
        "19",
        "20",
        "21",
        "22",
        "23",
        "24",
        "25",
        "26",
        "27",
        "28",
        "29"
    ],
    "demands": {
        "2_0": 0.10056,
        "5_0": 0.16398,
        "8_0": 0.16764,
        "12_0": 0.14248,
        "18_0": 0.52968,
        "20_0": 0.14261,
        "25_0": 0.08361,
        "36_0": 0.37967,
        "6_1": 1.5029,
        "8_1": 0.00756,
        "15_1": 0.74741,
        "18_1": 0.34281,
        "32_1": 2.29733,
        "29_2": 1.25621,
        "31_2": 0.53565,
        "35_2": 1.82568,
        "11_3": 1.04379,
        "20_3": 3.32914,
        "34_3": 0.55925,
        "1_4": 0.17718,
        "5_4": 0.45658,
        "16_4": 0.46662,
        "19_5": 2.88215,
        "24_5": 0.73273,
        "34_5": 4.28959,
        "36_5": 0.84812,
        "2_6": 0.09686,
        "3_6": 0.08869,
        "4_6": 0.11695,
        "6_6": 0.22906,
        "7_6": 0.10617,
        "9_6": 0.37995,
        "14_6": 0.09995,
        "15_6": 0.20143,
        "17_6": 0.15803,
        "19_6": 0.48589,
        "27_6": 0.07731,
        "29_6": 0.40696,
        "38_6": 0.2395,
        "2_7": 0.20831,
        "13_7": 2.22581,
        "37_7": 2.06226,
        "5_8": 0.29341,
        "6_8": 2.93273,
        "15_8": 0.28601,
        "16_8": 0.49054,
        "28_8": 0.34418,
        "29_8": 1.9071,
        "0_9": 0.34248,
        "7_9": 0.14391,
        "14_9": 1.45759,
        "24_9": 0.64151,
        "25_9": 0.77102,
        "28_9": 0.94587,
        "35_9": 1.36998,
        "36_9": 0.76781,
        "39_9": 0.3778,
        "6_10": 4.06115,
        "23_10": 0.79844,
        "1_11": 0.50228,
        "3_11": 0.87385,
        "20_11": 0.16245,
        "29_11": 1.19895,
        "4_12": 0.89682,
        "11_12": 0.98079,
        "28_12": 0.94514,
        "32_12": 3.71984,
        "36_12": 0.13446,
        "0_13": 0.40164,
        "7_13": 0.56913,
        "8_13": 0.07677,
        "14_13": 3.23825,
        "19_13": 0.23719,
        "28_13": 1.40805,
        "39_13": 0.53377,
        "19_14": 2.43423,
        "22_14": 0.09763,
        "32_14": 4.74227,
        "38_14": 0.91316,
        "0_15": 0.0232,
        "3_15": 0.13528,
        "9_15": 0.59065,
        "10_15": 0.00538,
        "14_15": 0.99582,
        "15_15": 0.419,
        "19_15": 1.59625,
        "27_15": 0.27453,
        "37_15": 0.25876,
        "2_16": 0.09393,
        "5_16": 0.26469,
        "7_16": 0.32044,
        "8_16": 0.42876,
        "10_16": 0.18644,
        "14_16": 0.2223,
        "17_16": 0.19649,
        "21_16": 0.09672,
        "37_16": 0.01694,
        "12_17": 0.92863,
        "13_17": 0.21364,
        "15_17": 0.24628,
        "27_17": 1.60442,
        "36_17": 0.37449,
        "7_18": 0.27613,
        "10_18": 1.38894,
        "11_18": 0.43454,
        "16_18": 0.14836,
        "27_18": 0.4746,
        "32_18": 2.10968,
        "2_19": 0.09118,
        "3_19": 0.0873,
        "7_19": 0.23303,
        "11_19": 0.30385,
        "15_19": 0.51364,
        "25_19": 0.16772,
        "34_19": 0.83172,
        "38_19": 0.46809,
        "27_20": 0.32799,
        "29_20": 1.98575,
        "34_20": 2.29926,
        "38_20": 1.37966,
        "7_21": 0.28243,
        "9_21": 0.23117,
        "10_21": 0.84927,
        "11_21": 0.46394,
        "25_21": 0.34507,
        "26_21": 1.20238,
        "32_21": 2.09659,
        "34_21": 0.39031,
        "36_21": 0.0733,
        "20_22": 4.11139,
        "26_22": 2.61814,
        "35_22": 2.40114,
        "6_23": 0.38779,
        "10_23": 0.51191,
        "17_23": 0.15495,
        "20_23": 0.60872,
        "23_23": 0.5084,
        "5_24": 0.33496,
        "12_24": 0.68686,
        "14_24": 2.63776,
        "17_24": 0.3023,
        "23_24": 0.36661,
        "24_24": 1.64397,
        "26_24": 0.24768,
        "35_24": 1.11201,
        "1_25": 0.22531,
        "5_25": 0.12924,
        "10_25": 0.14227,
        "12_25": 0.4703,
        "14_25": 0.3424,
        "19_25": 0.99131,
        "21_25": 0.25669,
        "22_25": 0.16851,
        "24_25": 0.77126,
        "30_25": 0.22438,
        "31_25": 0.08139,
        "39_25": 0.20669,
        "1_26": 0.03866,
        "3_26": 0.34842,
        "9_26": 0.26064,
        "21_26": 0.46999,
        "24_26": 1.06061,
        "26_26": 0.6495,
        "30_26": 0.03152,
        "33_26": 0.40916,
        "24_27": 1.57756,
        "25_27": 1.54288,
        "33_27": 1.17904,
        "37_27": 0.65837,
        "2_28": 0.20943,
        "5_28": 0.82239,
        "6_28": 3.63099,
        "26_28": 0.86179,
        "35_28": 0.69297,
        "1_29": 0.35844,
        "3_29": 0.22919,
        "16_29": 0.42836,
        "28_29": 1.93066,
        "37_29": 1.33749
    },
    "best": {
        "0": 6.563114543366814,
        "1": 50.823638394544524,
        "2": 15.121999662362205,
        "3": 31.573733624550506,
        "4": 2.63216348715072,
        "5": 33.332428547153306,
        "6": 15.96708345800073,
        "7": 15.681155870466933,
        "8": 44.684690675210646,
        "9": 28.514309819756,
        "10": 47.50832481056027,
        "11": 16.355100005106912,
        "12": 53.62470008644636,
        "13": 39.072670129467,
        "14": 60.22637317633676,
        "15": 22.478553854403692,
        "16": 10.733793549206393,
        "17": 7.034457829612791,
        "18": 40.70329181264533,
        "19": 13.979676288755254,
        "20": 29.98630274414044,
        "21": 41.51084826833039,
        "22": 33.02868675094937,
        "23": 19.436548189607976,
        "24": 39.217050048603454,
        "25": 17.630976643739935,
        "26": 13.937782415831428,