{
    "throughput": 8.0,
    "class_probs": {
        "0": 0.03171280209197159,
        "1": 0.014185918311302493,
        "2": 0.018436606023701885,
        "3": 0.00865791199387198,
        "4": 0.026051830675985266,
        "5": 0.03904356821952629,
        "6": 0.006438601211260879,
        "7": 0.016815772977397312,
        "8": 0.03468140651386474,
        "9": 0.029257289977604097,
        "10": 0.01570797777772602,
        "11": 0.017146777602390615,
        "12": 0.009462632454827636,
        "13": 0.03102847092751574,
        "14": 0.03582496969032956,
        "15": 0.03609106852972518,
        "16": 0.034190396416724105,
        "17": 0.03673362607638057,
        "18": 0.028710785181974185,
        "19": 0.038810511538520075,
        "20": 0.031088404033845714,
        "21": 0.03738304467464022,
        "22": 0.010873154620726992,
        "23": 0.012830537746039771,
        "24": 0.027505421937829892,
        "25": 0.04051498516011566,
        "26": 0.01102102547357464,
        "27": 0.010005612789293327,
        "28": 0.015333835562827648,
        "29": 0.015973257368395218,
        "30": 0.015844657687723,
        "31": 0.02873168557859538,
        "32": 0.03988458729399114,
        "33": 0.01654520631936783,
        "34": 0.01687500379485179,
        "35": 0.03964154005787142,
        "36": 0.0403816869768112,
        "37": 0.00911221386233068,
        "38": 0.030167107723070123,
        "39": 0.041298107145498114
    },
    "best_objective": 458.83261877593026,
    "classes": [
        "0",
        "1",
        "2",
        "3",
        "4",
        "5",
        "6",
        "7",
        "8",
        "9",
        "10",
        "11",
        "12",
        "13",
        "14",
        "15",
        "16",
        "17",
        "18",
        "19",
        "20",
        "21",
        "22",
        "23",
        "24",
        "25",
        "26",
        "27",
        "28",
        "29",
        "30",
        "31",
        "32",
        "33",
        "34",
        "35",
        "36",
        "37",
        "38",
        "39"
    ],
    "resources": [
        "0",
        "1",
        "2",
        "3",
        "4",
        "5",
        "6",
        "7",
        "8",
        "9",
        "10",
        "11",
        "12",
        "13",
        "14",
        "15",
        "16",
        "17",
        "18",
        "19",
        "20",
        "21",
        "22",
        "23",
        "24",
        "25",
        "26",
        "27",
        "28",
        "29"
    ],
    "demands": {
        "8_0": 0.38926,
        "28_0": 3.06709,
        "31_0": 1.64244,
        "5_1": 0.34355,
        "29_1": 1.6405,
        "32_1": 0.44676,
        "35_1": 0.82554,
        "2_2": 0.32547,
        "9_2": 0.34446,
        "19_2": 0.02365,
        "22_2": 0.74834,
        "26_2": 0.80499,
        "34_2": 0.38413,
        "25_3": 1.50711,
        "28_3": 0.03655,
        "35_3": 0.66857,
        "36_3": 0.28118,
        "7_4": 0.55288,
        "8_4": 0.88006,
        "12_4": 0.20036,
        "26_4": 1.67952,
        "39_4": 0.76117,
        "10_5": 0.66235,
        "12_5": 1.24157,
        "14_5": 0.18263,
        "25_5": 0.22604,
        "27_5": 1.0844,
        "2_6": 0.06433,
        "4_6": 0.00302,
        "22_6": 1.3042,
        "27_6": 2.87519,
        "36_6": 0.79115,
        "37_6": 3.20764,
        "1_7": 0.56389,
        "6_7": 1.21205,
        "12_7": 0.31675,
        "13_7": 0.07109,
        "15_7": 0.08227,
        "17_7": 0.08715,
        "27_7": 0.33978,
        "29_7": 0.42002,
        "32_7": 0.18302,
        "36_7": 0.08788,
        "38_7": 0.0701,
        "0_8": 0.50656,
        "7_8": 0.29635,
        "10_8": 1.22503,
        "31_8": 0.1334,
        "7_9": 0.8414,
        "8_9": 0.80156,
        "18_9": 0.3967,
        "29_9": 1.47644,
        "34_9": 1.86245,
        "4_10": 0.0737,
        "7_10": 0.50086,
        "11_10": 0.40489,
        "14_10": 0.24127,
        "21_10": 0.03625,
        "24_10": 0.05636,
        "32_10": 0.0518,
        "36_10": 0.11929,
        "39_10": 0.08431,
        "4_11": 0.29547,
        "13_11": 0.48176,
        "23_11": 2.57323,
        "28_11": 0.7477,
        "34_11": 0.31754,
        "1_12": 0.25814,
        "8_12": 0.22609,
        "14_12": 0.21218,
        "15_12": 0.22608,
        "19_12": 0.12718,
        "25_12": 0.11289,
        "31_12": 0.17825,
        "0_13": 0.61651,
        "1_13": 0.5651,
        "20_13": 1.17767,
        "1_14": 0.79568,
        "9_14": 0.39295,
        "11_14": 0.31249,
        "14_14": 0.28267,
        "15_14": 0.12269,
        "16_14": 0.24568,
        "9_15": 0.65764,
        "12_15": 0.43369,
        "28_15": 0.34876,
        "31_15": 0.39988,
        "1_16": 1.21959,
        "5_16": 0.05928,
        "6_16": 2.47567,
        "22_16": 1.19405,
        "24_16": 0.16861,
        "31_16": 0.68398,
        "34_16": 0.65455,
        "4_17": 0.05865,
        "18_17": 2.22042,
        "31_17": 0.07574,
        "0_18": 0.0633,
        "7_18": 0.62678,
        "13_18": 0.18155,
        "17_18": 0.1751,
        "18_18": 0.02913,
        "23_18": 1.30048,
        "35_18": 0.01526,
        "38_18": 0.41428,
        "20_19": 0.25104,
        "32_19": 0.75676,
        "35_19": 0.69787,
        "6_20": 1.85693,
        "19_20": 0.3362,
        "22_20": 0.09986,
        "28_20": 0.52388,
        "30_20": 0.46641,
        "37_20": 1.68333,
        "10_21": 1.28693,
        "15_21": 0.29118,
        "16_21": 0.33321,
        "22_21": 0.93056,
        "33_21": 0.67316,
        "39_21": 0.46175,
        "3_22": 0.79183,
        "4_22": 0.14685,
        "9_22": 0.13749,
        "18_22": 0.54889,
        "20_22": 0.26476,
        "38_22": 0.61967,
        "10_23": 0.67506,
        "11_23": 0.94812,
        "12_23": 0.1318,
        "28_23": 0.80486,
        "39_23": 0.5019,
        "1_24": 0.75901,
        "5_24": 0.13851,
        "17_24": 0.24053,
        "20_24": 0.0747,
        "21_24": 0.03347,
        "34_24": 0.38491,
        "36_24": 0.31472,
        "3_25": 1.3011,
        "6_25": 2.70442,
        "14_25": 0.14288,
        "36_25": 0.36265,
        "11_26": 0.9324,
        "31_26": 0.38296,
        "33_26": 0.42926,
        "35_26": 0.26358,
        "36_26": 0.27404,
        "39_26": 0.15308,
        "3_27": 2.94894,
        "14_27": 0.47228,
        "17_27": 0.75232,
        "32_27": 0.28162,
        "39_27": 0.60633,
        "2_28": 1.9378,
        "11_28": 1.16074,
        "16_28": 0.65193,
        "30_28": 0.30359,
        "34_28": 1.09474,
        "39_28": 0.12538,
        "1_29": 2.13804,
        "9_29": 0.42677,
        "20_29": 0.33686
    },
    "best": {
        "0": 23.2033705350238,
        "1": 9.618817043379343,
        "2": 8.866057587067598,
        "3": 8.481112762817231,
        "4": 8.895689335532992,
        "5": 12.878430749987908,
        "6": 15.336395328829,
        "7": 23.376816529193487,
        "8": 12.267009595070661,
        "9": 16.03450265739014,
        "10": 6.656998061504853,
        "11": 17.82995618918762,
        "12": 9.638731932521802,
        "13": 14.278706820416966,
        "14": 17.667220252197193,
        "15": 7.855260303458235,
        "16": 34.032672812651754,
        "17": 10.81900656648933,
        "18": 9.064176456255403,
        "19": 7.97122934810503,
        "20": 24.138319556860782,
        "21": 12.870851605106997,
        "22": 10.537880147156367,
        "23": 17.908676419577954,
        "24": 17.575937638059905,
        "25": 28.965989084666376,
        "26": 11.153970270062754,
        "27": 17.614916170885817,
        "28": 16.09257624669656,
        "29": 27.201340769776397
    },