{
    "throughput": 7.0,
    "class_probs": {
        "0": 0.022816630113525648,
        "1": 0.020646698881746577,
        "2": 0.015702617590832496,
        "3": 0.023732199953361833,
        "4": 0.02190505640383166,
        "5": 0.022633401910302185,
        "6": 0.030825571246091227,
        "7": 0.03664302009329065,
        "8": 0.010167410199318942,
        "9": 0.01915179254529349,
        "10": 0.011730617863062556,
        "11": 0.0267554070916874,
        "12": 0.021524842608806796,
        "13": 0.022969956681172812,
        "14": 0.014394987798554096,
        "15": 0.04058351544258212,
        "16": 0.014176127611139023,
        "17": 0.02561691373860396,
        "18": 0.010811584521475527,
        "19": 0.03959388302892826,
        "20": 0.013159373078744931,
        "21": 0.04202963098746532,
        "22": 0.009892543104870956,
        "23": 0.04377703764741446,
        "24": 0.006943549676579612,
        "25": 0.030691112560283812,
        "26": 0.016699255916832016,
        "27": 0.019371253623839423,
        "28": 0.03883107954004926,
        "29": 0.03303677715841021,
        "30": 0.04360645901130745,
        "31": 0.04403095018271768,
        "32": 0.028074254153086214,
        "33": 0.028674646392448346,
        "34": 0.019235567034489632,
        "35": 0.02038986367554666,
        "36": 0.007079951267650729,
        "37": 0.04208433699519945,
        "38": 0.044221900194688836,
        "39": 0.015788222474767702
    },
    "best_objective": 650.9431189424928,
    "classes": [
        "0",
        "1",
        "2",
        "3",
        "4",
        "5",
        "6",
        "7",
        "8",
        "9",
        "10",
        "11",
        "12",
        "13",
        "14",
        "15",
        "16",
        "17",
        "18",
        "19",
        "20",
        "21",
        "22",
        "23",
        "24",
        "25",
        "26",
        "27",
        "28",
        "29",
        "30",
        "31",
        "32",
        "33",
        "34",
        "35",
        "36",
        "37",
        "38",
        "39"
    ],
    "resources": [
        "0",
        "1",
        "2",
        "3",
        "4",
        "5",
        "6",
        "7",
        "8",
        "9",
        "10",
        "11",
        "12",
        "13",
        "14",
        "15",
        "16",
        "17",
        "18",
        "19",
        "20",
        "21",
        "22",
        "23",
        "24",
        "25",
        "26",
        "27",
        "28",
        "29"
    ],
    "demands": {
        "2_0": 0.62869,
        "3_0": 0.37651,
        "8_0": 1.01825,
        "12_0": 0.60814,
        "20_0": 0.50982,
        "29_0": 0.18398,
        "33_0": 0.41301,
        "34_0": 0.24354,
        "36_0": 1.11922,
        "37_0": 0.13436,
        "38_0": 0.18415,
        "1_1": 0.56414,
        "7_1": 0.12232,
        "10_1": 0.29672,
        "14_1": 0.73959,
        "16_1": 1.14707,
        "18_1": 0.72531,
        "21_1": 0.01598,
        "24_1": 2.41063,
        "1_2": 0.66151,
        "3_2": 0.54313,
        "14_2": 0.74003,
        "19_2": 0.13045,
        "23_2": 0.40217,
        "28_2": 0.22237,
        "32_2": 0.63448,
        "34_2": 0.07334,
        "37_2": 0.1861,
        "0_3": 0.46183,
        "9_3": 0.77633,
        "17_3": 1.04222,
        "19_3": 0.32492,
        "34_3": 1.49162,
        "39_3": 1.8943,
        "4_4": 0.61924,
        "5_4": 0.79048,
        "18_4": 0.23852,
        "23_4": 0.42068,
        "0_5": 0.68723,
        "5_5": 0.83946,
        "6_5": 0.56237,
        "21_5": 0.10092,
        "35_5": 0.68511,
        "3_6": 1.20029,
        "9_6": 0.41736,
        "12_6": 1.15714,
        "14_6": 0.35265,
        "17_6": 0.58596,
        "19_6": 0.21706,
        "20_6": 0.20756,
        "1_7": 0.05009,
        "24_7": 2.55117,
        "31_7": 0.3642,
        "32_7": 0.4317,
        "33_7": 0.53987,
        "34_7": 0.80524,
        "35_7": 0.59041,
        "1_8": 0.37956,
        "3_8": 0.35673,
        "4_8": 0.02411,
        "8_8": 0.64013,
        "15_8": 0.17012,
        "21_8": 0.17964,
        "27_8": 0.224,
        "30_8": 0.13867,
        "32_8": 0.29172,
        "36_8": 1.21615,
        "38_8": 0.05758,
        "26_9": 2.89424,
        "28_9": 1.43704,
        "13_10": 0.02867,
        "25_10": 2.05539,
        "33_10": 1.45029,
        "1_11": 2.04511,
        "5_11": 1.7464,
        "14_11": 0.95786,
        "4_12": 1.32553,
        "11_12": 0.4209,
        "13_12": 0.08227,
        "14_12": 0.76015,
        "16_12": 1.18073,
        "31_12": 0.30303,
        "36_12": 2.61489,
        "1_13": 0.37037,
        "19_13": 0.35726,
        "21_13": 0.17544,
        "26_13": 0.5834,
        "31_13": 0.04594,
        "33_13": 0.28766,
        "39_13": 0.30501,
        "0_14": 0.62992,
        "6_14": 1.24329,
        "30_14": 0.1646,
        "0_15": 0.23827,
        "23_15": 0.66786,
        "24_15": 1.19738,
        "26_15": 1.29933,
        "27_15": 0.34457,
        "29_15": 0.6518,
        "33_15": 0.61304,
        "3_16": 0.367,
        "4_16": 0.47205,
        "11_16": 0.61579,
        "18_16": 1.20113,
        "31_16": 0.04063,
        "2_17": 0.14121,
        "3_17": 0.54063,
        "17_17": 0.48765,
        "18_17": 0.74729,
        "19_17": 0.11623,
        "22_17": 0.90196,
        "26_17": 0.413,
        "37_17": 0.21757,
        "0_18": 1.26898,
        "8_18": 0.40032,
        "17_18": 0.62177,
        "21_18": 0.43679,
        "23_18": 0.77425,
        "35_18": 0.72097,
        "38_18": 0.2221,
        "11_19": 0.82853,
        "23_19": 0.33295,
        "24_19": 1.57746,
        "25_19": 0.73183,
        "10_20": 5.14171,
        "24_20": 2.49054,
        "27_20": 1.62938,
        "1_21": 0.77166,
        "12_21": 0.12634,
        "19_21": 0.09673,
        "27_21": 0.72312,
        "29_21": 0.1893,
        "34_21": 0.34179,
        "4_22": 0.19973,
        "7_22": 1.71166,
        "2_23": 1.45433,
        "32_23": 3.55643,
        "8_24": 0.77916,
        "18_24": 0.18379,
        "20_24": 1.19451,
        "30_24": 0.31442,
        "36_24": 0.21134,
        "37_24": 0.42702,
        "39_24": 1.14628,
        "18_25": 1.7402,
        "31_25": 0.42147,
        "35_25": 0.74991,
        "7_26": 0.28139,
        "9_26": 0.04998,
        "14_26": 0.87588,
        "15_26": 0.24964,
        "33_26": 0.46559,
        "22_27": 1.52373,
        "24_27": 3.76429,
        "25_27": 0.87688,
        "35_27": 1.13694,
        "3_28": 0.54878,
        "5_28": 1.1273,
        "19_28": 0.60021,
        "27_28": 1.03573,
        "35_28": 0.62887,
        "36_28": 3.00448,
        "9_29": 4.94451,
        "32_29": 1.13337
    },
    "best": {
        "0": 21.43545045771259,
        "1": 48.57366967851429,
        "2": 13.777031243982293,
        "3": 13.037302631581852,
        "4": 8.922179930481192,
        "5": 10.743852185142131,
        "6": 9.092430809275418,
        "7": 48.474790728009744,
        "8": 23.34098379321613,
        "9": 17.065892820683082,
        "10": 9.505340784974036,
        "11": 19.57502220476909,
        "12": 31.900460181280664,
        "13": 11.168649806281925,
        "14": 8.51722324887816,
        "15": 35.62742811861255,
        "16": 14.906392503727435,
        "17": 13.568860533233961,
        "18": 12.373990287423732,
        "19": 37.46511245236113,
        "20": 47.22259405926396,
        "21": 10.281966770059,
        "22": 7.010648619511678,
        "23": 19.73020443934488,
        "24": 10.978385871604461,
        "25": 17.78657968311355,
        "26": 8.197507157621086,
        "27": 57.75529201815781,
        "28": 34.61887265432755,
        "29": 28.289003269347297
    },