{
    "throughput": 6.0,
    "class_probs": {
        "0": 0.01590208657351506,
        "1": 0.033802006520473195,
        "2": 0.02119412822246204,
        "3": 0.0360433304757272,
        "4": 0.02353233221011958,
        "5": 0.04359336041472886,
        "6": 0.03691770067125322,
        "7": 0.01990887390296496,
        "8": 0.014646029502761681,
        "9": 0.011187662125215006,
        "10": 0.035263649351443965,
        "11": 0.034276351822541254,
        "12": 0.04033129097873557,
        "13": 0.037875476527497766,
        "14": 0.012496673942256653,
        "15": 0.005866733412680635,
        "16": 0.007319607077441581,
        "17": 0.00577736186635877,
        "18": 0.009737639297642379,
        "19": 0.02592742725402351,
        "20": 0.02264492503090155,
        "21": 0.014652986561686874,
        "22": 0.03936492081955014,
        "23": 0.03895198670227654,
        "24": 0.04105658513256856,
        "25": 0.0053810948057143775,
        "26": 0.03764922813100546,
        "27": 0.03310373049708883,
        "28": 0.006137952282840638,
        "29": 0.03995063877986747,
        "30": 0.013915335812021524,
        "31": 0.009227645818906328,
        "32": 0.039751808386839046,
        "33": 0.029318254753849565,
        "34": 0.030914002592625594,
        "35": 0.026035895617827078,
        "36": 0.014901776489589711,
        "37": 0.036985911891167095,
        "38": 0.04334872861407076,
        "39": 0.005106869129759825
    },
    "best_objective": 1074.8081257443218,
    "classes": [
        "0",
        "1",
        "2",
        "3",
        "4",
        "5",
        "6",
        "7",
        "8",
        "9",
        "10",
        "11",
        "12",
        "13",
        "14",
        "15",
        "16",
        "17",
        "18",
        "19",
        "20",
        "21",
        "22",
        "23",
        "24",
        "25",
        "26",
        "27",
        "28",
        "29",
        "30",
        "31",
        "32",
        "33",
        "34",
        "35",
        "36",
        "37",
        "38",
        "39"
    ],
    "resources": [
        "0",
        "1",
        "2",
        "3",
        "4",
        "5",
        "6",
        "7",
        "8",
        "9",
        "10",
        "11",
        "12",
        "13",
        "14",
        "15",
        "16",
        "17",
        "18",
        "19",
        "20",
        "21",
        "22",
        "23",
        "24",
        "25",
        "26",
        "27",
        "28",
        "29"
    ],
    "demands": {
        "2_0": 0.8537,
        "3_0": 0.24475,
        "5_0": 0.67813,
        "10_0": 0.03312,
        "11_0": 0.166,
        "25_0": 7.45081,
        "35_0": 0.8373,
        "37_0": 0.35143,
        "3_1": 0.83077,
        "9_1": 1.10901,
        "10_1": 0.59218,
        "12_1": 0.00133,
        "18_1": 3.15206,
        "20_1": 1.06703,
        "22_1": 0.6699,
        "36_1": 0.04246,
        "6_2": 0.76389,
        "12_2": 0.4161,
        "21_2": 0.88265,
        "24_2": 0.64624,
        "28_2": 1.86417,
        "29_2": 0.58888,
        "17_3": 1.84162,
        "18_3": 0.00477,
        "25_3": 0.81607,
        "29_3": 0.73804,
        "33_3": 0.61546,
        "1_4": 0.79894,
        "4_4": 0.28997,
        "17_4": 3.34868,
        "22_4": 0.15868,
        "31_4": 3.61857,
        "36_4": 1.46098,
        "0_5": 0.29964,
        "1_5": 0.10081,
        "18_5": 0.28119,
        "21_5": 0.61921,
        "22_5": 0.1163,
        "23_5": 0.14122,
        "27_5": 0.16396,
        "28_5": 1.20102,
        "29_5": 0.12725,
        "32_5": 0.22309,
        "0_6": 0.50602,
        "5_6": 0.84735,
        "10_6": 0.43531,
        "13_6": 1.23762,
        "8_7": 0.67646,
        "9_7": 0.81049,
        "17_7": 5.2589,
        "19_7": 0.98828,
        "34_7": 0.24417,
        "35_7": 0.05998,
        "14_8": 2.37293,
        "16_8": 3.72787,
        "27_8": 0.65473,
        "28_8": 4.07505,
        "2_9": 0.02041,
        "7_9": 0.07954,
        "17_9": 1.93025,
        "26_9": 0.54549,
        "32_9": 0.10872,
        "38_9": 0.31014,
        "7_10": 0.51136,
        "13_10": 0.83883,
        "17_10": 5.68814,
        "29_10": 0.7613,
        "30_10": 0.49575,
        "28_11": 7.44788,
        "37_11": 2.03849,
        "4_12": 0.37042,
        "9_12": 0.85107,
        "11_12": 0.08464,
        "15_12": 1.81864,
        "24_12": 0.39331,
        "26_12": 0.43073,
        "1_13": 0.69055,
        "10_13": 0.73058,
        "16_13": 3.50967,
        "18_13": 1.34424,
        "30_13": 1.41247,
        "34_13": 0.65296,
        "36_13": 1.3816,
        "0_14": 1.45392,
        "13_14": 0.57799,
        "19_14": 0.70256,
        "23_14": 0.46545,
        "25_14": 5.03365,
        "27_14": 0.66986,
        "33_14": 0.27755,
        "3_15": 0.35202,
        "4_15": 0.69986,
        "6_15": 0.40154,
        "37_15": 0.2323,
        "1_16": 1.8385,
        "4_16": 0.0749,
        "32_16": 0.45033,
        "2_17": 0.64414,
        "10_17": 0.78262,
        "28_17": 4.32054,
        "32_17": 0.08131,
        "39_17": 3.10757,
        "0_18": 1.82721,
        "15_18": 3.2244,
        "30_18": 1.33008,
        "31_18": 3.25008,
        "37_18": 1.12165,
        "16_19": 3.00155,
        "24_19": 1.54969,
        "37_19": 0.46029,
        "39_19": 4.26161,
        "3_20": 0.15546,
        "6_20": 0.04783,
        "14_20": 0.78948,
        "19_20": 0.1439,
        "23_20": 0.13657,
        "26_20": 0.316,
        "32_20": 0.03642,
        "33_20": 0.32384,
        "36_20": 0.82671,
        "7_21": 0.2733,
        "8_21": 0.1606,
        "18_21": 0.58269,
        "19_21": 0.93996,
        "20_21": 0.30785,
        "23_21": 0.40159,
        "24_21": 0.25373,
        "30_21": 0.65836,
        "2_22": 0.95206,
        "4_22": 1.53224,
        "13_22": 1.04369,
        "17_22": 0.91148,
        "24_22": 0.09045,
        "38_22": 0.15909,
        "39_22": 5.89616,
        "6_23": 0.45564,
        "9_23": 1.52362,
        "11_23": 0.41472,
        "21_23": 0.05716,
        "26_23": 0.34679,
        "7_24": 1.55353,
        "9_24": 0.58893,
        "10_24": 0.70192,
        "15_24": 3.52137,
        "5_25": 0.47696,
        "12_25": 0.01783,
        "21_25": 2.87954,
        "26_25": 1.42658,
        "1_26": 0.20396,
        "2_26": 0.62888,
        "10_26": 0.53222,
        "24_26": 0.01487,
        "25_26": 2.11141,
        "27_26": 0.19489,
        "39_26": 1.99019,
        "2_27": 0.70162,
        "3_27": 0.30287,
        "11_27": 0.12222,
        "19_27": 0.03964,
        "29_27": 0.1375,
        "35_27": 0.90597,
        "4_28": 0.85911,
        "8_28": 1.95397,
        "13_28": 0.68444,
        "21_28": 2.48003,
        "27_28": 0.67926,
        "2_29": 0.49339,
        "19_29": 0.39796,
        "27_29": 0.1727,
        "31_29": 1.7791,
        "35_29": 0.35766,
        "38_29": 0.51357
    },
    "best": {
        "0": 59.41851963625292,
        "1": 21.08178727700197,
        "2": 42.675033896765065,
        "3": 47.72482165562083,
        "4": 62.031218134843414,
        "5": 34.65360886164915,
        "6": 6.138900053945865,
        "7": 73.76101841144018,
        "8": 62.20712649418536,
        "9": 44.54146018194048,
        "10": 76.7387925110988,
        "11": 81.17110761672966,
        "12": 22.418739143232187,
        "13": 21.805451534083055,
        "14": 49.054784786330295,
        "15": 3.824235892006621,
        "16": 7.9621494146735765,
        "17": 70.41513769676277,
        "18": 33.44642782292809,
        "19": 42.62848999788383,
        "20": 4.342721099983152,
        "21": 8.632411828996027,
        "22": 56.72954972053863,
        "23": 9.04842050958689,
        "24": 30.186305639347353,
        "25": 22.13522574264045,
        "26": 41.635883323941286,
        "27": 3.892976165596426,
        "28": 21.47447541118526,
        "29": 13.031345283132469
    },