{
    "throughput": 10.0,
    "class_probs": {
        "0": 0.03491519524477678,
        "1": 0.01609785399725401,
        "2": 0.015422487551991009,
        "3": 0.017517085178180285,
        "4": 0.02030756691447437,
        "5": 0.036572015898506165,
        "6": 0.02296277996701739,
        "7": 0.03262963333989087,
        "8": 0.012525435694149996,
        "9": 0.022690380241656857,
        "10": 0.006071844935814428,
        "11": 0.029974991741605398,
        "12": 0.02641818937577355,
        "13": 0.031616123413234554,
        "14": 0.030639008283991485,
        "15": 0.029822897076222928,
        "16": 0.02538344058531207,
        "17": 0.012148072755193237,
        "18": 0.03623704203927526,
        "19": 0.014084942049568007,
        "20": 0.004514207111128016,
        "21": 0.03654450146338826,
        "22": 0.015388402619614616,
        "23": 0.03547615086678946,
        "24": 0.03192015477699167,
        "25": 0.036131638831430814,
        "26": 0.03434515939491163,
        "27": 0.02000434138453064,
        "28": 0.008385624120611017,
        "29": 0.006126907784034933,
        "30": 0.029331560095056518,
        "31": 0.03669040359272642,
        "32": 0.011286418249873144,
        "33": 0.03800392781941784,
        "34": 0.025995113771330444,
        "35": 0.02851096627729905,
        "36": 0.02551688906958862,
        "37": 0.036093950057961934,
        "38": 0.02971212453552463,
        "39": 0.03598457189390175
    },
    "best_objective": 485.39699057012365,
    "classes": [
        "0",
        "1",
        "2",
        "3",
        "4",
        "5",
        "6",
        "7",
        "8",
        "9",
        "10",
        "11",
        "12",
        "13",
        "14",
        "15",
        "16",
        "17",
        "18",
        "19",
        "20",
        "21",
        "22",
        "23",
        "24",
        "25",
        "26",
        "27",
        "28",
        "29",
        "30",
        "31",
        "32",
        "33",
        "34",
        "35",
        "36",
        "37",
        "38",
        "39"
    ],
    "resources": [
        "0",
        "1",
        "2",
        "3",
        "4",
        "5",
        "6",
        "7",
        "8",
        "9",
        "10",
        "11",
        "12",
        "13",
        "14",
        "15",
        "16",
        "17",
        "18",
        "19",
        "20",
        "21",
        "22",
        "23",
        "24",
        "25",
        "26",
        "27",
        "28",
        "29"
    ],
    "demands": {
        "0_0": 0.08492,
        "3_0": 0.45749,
        "6_0": 0.55537,
        "11_0": 0.58006,
        "14_0": 0.01611,
        "19_0": 0.8795,
        "21_0": 0.06384,
        "37_0": 0.35814,
        "39_0": 0.22295,
        "2_1": 1.78229,
        "6_1": 0.44692,
        "11_1": 0.86038,
        "22_1": 0.96053,
        "26_1": 0.03622,
        "32_1": 0.62205,
        "33_1": 0.06903,
        "3_2": 0.02057,
        "5_2": 0.11572,
        "12_2": 0.17104,
        "13_2": 0.29005,
        "25_2": 0.19358,
        "27_2": 0.00534,
        "29_2": 0.0084,
        "33_2": 0.17853,
        "38_2": 0.19338,
        "11_3": 1.88276,
        "14_3": 0.03366,
        "30_3": 0.13363,
        "3_4": 0.14186,
        "9_4": 0.99006,
        "29_4": 0.45068,
        "36_4": 0.65968,
        "8_5": 1.91698,
        "18_5": 0.55565,
        "31_5": 0.28241,
        "38_5": 0.15827,
        "39_5": 0.41941,
        "6_6": 0.46713,
        "9_6": 0.44535,
        "17_6": 0.60512,
        "18_6": 0.16246,
        "31_6": 0.36157,
        "1_7": 0.0788,
        "7_7": 0.21244,
        "8_7": 0.06743,
        "24_7": 0.08959,
        "28_7": 0.19742,
        "29_7": 1.02987,
        "31_7": 0.19042,
        "32_7": 0.11518,
        "38_7": 0.24786,
        "0_8": 0.33237,
        "1_8": 0.909,
        "17_8": 0.26972,
        "23_8": 0.19048,
        "32_8": 0.68325,
        "38_8": 0.33548,
        "39_8": 0.17162,
        "19_9": 1.07408,
        "21_9": 0.2103,
        "24_9": 0.29124,
        "30_9": 0.23558,
        "38_9": 0.03483,
        "39_9": 0.92927,
        "8_10": 3.15258,
        "15_10": 0.23156,
        "30_10": 0.65058,
        "1_11": 0.4619,
        "5_11": 0.17975,
        "8_11": 0.4744,
        "9_11": 0.13701,
        "13_11": 0.04634,
        "18_11": 0.15089,
        "21_11": 0.10154,
        "26_11": 0.18826,
        "30_11": 0.08804,
        "36_11": 0.13453,
        "0_12": 0.53509,
        "6_12": 0.1666,
        "9_12": 0.28213,
        "13_12": 0.4992,
        "36_12": 0.20116,
        "0_13": 0.67551,
        "7_13": 0.02103,
        "10_13": 2.39259,
        "12_13": 0.77323,
        "15_13": 0.07014,
        "21_13": 0.28906,
        "36_13": 0.60643,
        "1_14": 0.50288,
        "14_14": 0.90286,
        "23_14": 0.32917,
        "33_14": 0.31803,
        "4_15": 0.79717,
        "7_15": 0.16064,
        "24_15": 0.64348,
        "28_15": 2.55986,
        "35_15": 0.58991,
        "7_16": 0.49303,
        "10_16": 2.44909,
        "16_16": 0.34448,
        "20_16": 1.48231,
        "38_16": 0.30886,
        "5_17": 0.19954,
        "9_17": 0.40439,
        "13_17": 0.17222,
        "14_17": 0.23975,
        "23_17": 0.29689,
        "31_17": 0.2386,
        "37_17": 0.01841,
        "1_18": 0.96231,
        "12_18": 0.45793,
        "13_18": 0.19963,
        "27_18": 0.13602,
        "31_18": 0.13382,
        "33_18": 0.18614,
        "34_18": 0.21162,
        "39_18": 0.30083,
        "0_19": 0.09594,
        "7_19": 0.28432,
        "12_19": 0.16348,
        "14_19": 0.0892,
        "19_19": 0.68127,
        "32_19": 0.37937,
        "34_19": 0.40837,
        "39_19": 0.1079,
        "2_20": 2.94693,
        "31_20": 0.05152,
        "33_20": 0.55849,
        "14_21": 0.44487,
        "21_21": 0.29885,
        "23_21": 0.44521,
        "16_22": 0.97516,
        "27_22": 0.09648,
        "28_22": 2.37684,
        "2_23": 2.22069,
        "6_23": 0.42928,
        "19_23": 0.47426,
        "22_23": 1.59534,
        "35_23": 0.06809,
        "2_24": 1.14646,
        "6_24": 0.52476,
        "14_24": 0.10084,
        "18_24": 0.25851,
        "22_24": 0.18372,
        "23_24": 0.3578,
        "5_25": 0.00125,
        "21_25": 0.21232,
        "34_25": 2.15939,
        "39_25": 0.68035,
        "0_26": 0.58538,
        "1_26": 0.80927,
        "4_26": 0.34208,
        "9_26": 1.10936,
        "25_26": 0.15228,
        "0_27": 0.44489,
        "23_27": 0.229,
        "27_27": 0.34576,
        "28_27": 0.5026,
        "2_28": 1.79041,
        "10_28": 1.19681,
        "18_28": 0.43119,
        "20_28": 1.08054,
        "27_28": 0.55456,
        "31_28": 0.58648,
        "13_29": 0.44733,
        "34_29": 1.1829
    },
    "best": {
        "0": 10.142786991778282,
        "1": 31.723740920930044,
        "2": 2.305745831864368,
        "3": 9.57137456187569,
        "4": 12.723989225677867,
        "5": 17.95781464560898,
        "6": 8.708424706633645,
        "7": 8.152950747523983,
        "8": 12.161363238046015,
        "9": 9.50446160280451,
        "10": 22.731039914514533,
        "11": 13.21724539608807,
        "12": 7.52297955651178,
        "13": 19.128632745822603,
        "14": 10.092671830849092,
        "15": 23.23132902846449,
        "16": 19.025060325994872,
        "17": 8.744578780736731,
        "18": 13.582515149365076,
        "19": 10.239432983121162,
        "20": 39.564783388244045,
        "21": 3.234950786424224,
        "22": 22.078267500777724,
        "23": 35.022294580365006,
        "24": 24.864502487325236,
        "25": 16.284035614072437,
        "26": 17.678586310507466,
        "27": 10.286110920575343,
        "28": 33.82022051517664,
        "29": 12.09510028244371
    },