{
    "throughput": 8.0,
    "class_probs": {
        "0": 0.010894468640608385,
        "1": 0.0177803213660345,
        "2": 0.014605865745942881,
        "3": 0.010431981236036874,
        "4": 0.007778942199293794,
        "5": 0.016402541214304633,
        "6": 0.02937042022762919,
        "7": 0.042596956102714814,
        "8": 0.04096597208628757,
        "9": 0.016702531182569258,
        "10": 0.00804023315154616,
        "11": 0.02598363679201714,
        "12": 0.033461735573635465,
        "13": 0.01763601125671907,
        "14": 0.030027870235806876,
        "15": 0.021066466728319203,
        "16": 0.04308988604342613,
        "17": 0.040457722769768584,
        "18": 0.03382321981173217,
        "19": 0.029450739225522472,
        "20": 0.036575557143395464,
        "21": 0.004491289594607166,
        "22": 0.021706639812846464,
        "23": 0.03066674252907746,
        "24": 0.04107919194422941,
        "25": 0.017979919075795436,
        "26": 0.012731390566574095,
        "27": 0.005568824592944306,
        "28": 0.03887364656623973,
        "29": 0.009194481913294859,
        "30": 0.029369552090197756,
        "31": 0.010320431692337689,
        "32": 0.031130069960327626,
        "33": 0.016446051993822437,
        "34": 0.04036798832021674,
        "35": 0.020982510719670288,
        "36": 0.029692618273361275,
        "37": 0.04190703728757146,
        "38": 0.029224399662270608,
        "39": 0.04112413467130445
    },
    "best_objective": 959.3113572452118,
    "classes": [
        "0",
        "1",
        "2",
        "3",
        "4",
        "5",
        "6",
        "7",
        "8",
        "9",
        "10",
        "11",
        "12",
        "13",
        "14",
        "15",
        "16",
        "17",
        "18",
        "19",
        "20",
        "21",
        "22",
        "23",
        "24",
        "25",
        "26",
        "27",
        "28",
        "29",
        "30",
        "31",
        "32",
        "33",
        "34",
        "35",
        "36",
        "37",
        "38",
        "39"
    ],
    "resources": [
        "0",
        "1",
        "2",
        "3",
        "4",
        "5",
        "6",
        "7",
        "8",
        "9",
        "10",
        "11",
        "12",
        "13",
        "14",
        "15",
        "16",
        "17",
        "18",
        "19",
        "20",
        "21",
        "22",
        "23",
        "24",
        "25",
        "26",
        "27",
        "28",
        "29"
    ],
    "demands": {
        "14_0": 0.31034,
        "16_0": 0.18067,
        "17_0": 0.02057,
        "26_0": 0.38413,
        "27_0": 0.48552,
        "29_0": 0.94945,
        "30_0": 0.04735,
        "32_0": 0.20455,
        "37_0": 0.06929,
        "38_0": 0.04261,
        "0_1": 1.18754,
        "3_1": 0.96145,
        "9_1": 0.58664,
        "19_1": 0.13835,
        "21_1": 2.53304,
        "26_1": 0.11641,
        "32_1": 0.34501,
        "34_1": 0.37492,
        "35_1": 0.73903,
        "7_2": 0.63825,
        "18_2": 0.12115,
        "26_2": 1.3153,
        "34_2": 0.62358,
        "39_2": 0.44158,
        "10_3": 0.14422,
        "12_3": 0.53436,
        "29_3": 1.01774,
        "30_3": 0.31379,
        "32_3": 0.05998,
        "33_3": 0.92297,
        "35_3": 0.48016,
        "38_3": 0.46716,
        "0_4": 1.17157,
        "1_4": 0.00245,
        "4_4": 0.72694,
        "12_4": 0.17284,
        "22_4": 0.2979,
        "24_4": 0.36103,
        "31_4": 0.05163,
        "36_4": 0.14342,
        "37_4": 0.34201,
        "0_5": 0.53614,
        "3_5": 0.27372,
        "4_5": 1.05075,
        "17_5": 0.23263,
        "25_5": 0.72705,
        "27_5": 2.06768,
        "31_5": 0.13573,
        "2_6": 0.2855,
        "5_6": 0.49982,
        "14_6": 0.39891,
        "15_6": 0.36338,
        "20_6": 0.34436,
        "23_6": 0.26287,
        "28_6": 0.26763,
        "31_6": 0.16927,
        "32_6": 0.43516,
        "34_6": 0.1401,
        "36_6": 0.25247,
        "2_7": 1.17372,
        "14_7": 0.44269,
        "26_7": 1.73463,
        "36_7": 1.09102,
        "38_7": 0.20839,
        "12_8": 0.928,
        "16_8": 0.14919,
        "21_8": 3.3511,
        "27_8": 4.71677,
        "3_9": 2.03953,
        "5_9": 1.99068,
        "9_9": 0.3532,
        "21_9": 5.28408,
        "22_9": 0.98349,
        "26_9": 0.59412,
        "9_10": 0.4359,
        "19_10": 0.6934,
        "22_10": 0.75334,
        "34_10": 0.72773,
        "38_10": 0.43589,
        "39_10": 0.1946,
        "0_11": 0.36278,
        "2_11": 0.08074,
        "5_11": 0.27693,
        "9_11": 0.38198,
        "11_11": 0.33702,
        "17_11": 0.19283,
        "18_11": 0.23515,
        "20_11": 0.18758,
        "25_11": 0.18766,
        "26_11": 0.63801,
        "28_11": 0.19493,
        "0_12": 1.03061,
        "1_12": 0.77824,
        "6_12": 0.41613,
        "10_12": 1.6562,
        "11_12": 0.33647,
        "23_12": 0.1404,
        "27_12": 0.40117,
        "28_12": 0.31033,
        "12_13": 3.23452,
        "7_14": 0.74734,
        "19_14": 2.63306,
        "1_15": 0.96016,
        "7_15": 1.59154,
        "5_16": 0.71964,
        "24_16": 0.26305,
        "27_16": 3.06686,
        "32_16": 0.35316,
        "35_16": 0.16635,
        "36_16": 0.51852,
        "37_16": 0.13238,
        "39_16": 0.34523,
        "15_17": 3.46367,
        "16_17": 0.88531,
        "3_18": 2.13119,
        "9_18": 0.20821,
        "15_18": 0.56357,
        "29_18": 2.5234,
        "33_18": 1.3839,
        "36_18": 0.34257,
        "1_19": 0.39633,
        "4_19": 1.82237,
        "7_19": 0.17046,
        "24_19": 0.4014,
        "28_19": 0.12503,
        "31_19": 1.35858,
        "1_20": 1.24702,
        "21_20": 3.38723,
        "23_20": 0.15659,
        "28_20": 0.48028,
        "36_20": 0.20811,
        "37_20": 0.04229,
        "38_20": 0.67278,
        "39_20": 0.3137,
        "6_21": 0.458,
        "7_21": 0.29621,
        "18_21": 0.79822,
        "28_21": 0.68283,
        "0_22": 1.17359,
        "4_22": 1.48236,
        "15_22": 0.60913,
        "23_22": 0.39824,
        "24_22": 0.16531,
        "33_22": 0.70432,
        "34_22": 0.34384,
        "36_22": 0.39628,
        "39_22": 0.0504,
        "1_23": 0.87915,
        "4_23": 1.16478,
        "8_23": 0.01557,
        "14_23": 0.58839,
        "16_23": 0.02267,
        "18_23": 0.22231,
        "24_23": 0.57207,
        "29_23": 2.59227,
        "12_24": 0.85832,
        "13_24": 0.39532,
        "15_24": 1.02122,
        "17_24": 0.46905,
        "26_24": 1.18553,
        "28_24": 0.19912,
        "32_24": 0.0366,
        "9_25": 1.34794,
        "13_25": 1.20477,
        "14_25": 0.07009,
        "21_25": 4.3579,
        "25_25": 0.74429,
        "27_25": 2.42431,
        "6_26": 0.03776,
        "13_26": 1.36879,
        "22_26": 0.54661,
        "25_26": 0.36607,
        "27_26": 2.8778,
        "31_26": 0.83305,
        "32_26": 0.25695,
        "8_27": 0.18003,
        "11_27": 0.4816,
        "19_27": 0.11422,
        "30_27": 0.37792,
        "39_27": 0.10531,
        "1_28": 0.09572,
        "6_28": 0.34764,
        "11_28": 0.35351,
        "12_28": 0.53631,
        "16_28": 0.27613,
        "19_28": 0.26193,
        "21_28": 4.14455,
        "25_28": 0.54706,
        "29_28": 0.09113,
        "4_29": 0.56542,
        "9_29": 2.46081,
        "33_29": 1.31181
    },
    "best": {
        "0": 25.21348507211429,
        "1": 58.990992642465116,
        "2": 18.509145162811496,
        "3": 16.186189129806895,
        "4": 15.263600967475696,
        "5": 42.888365895070706,
        "6": 8.081213332307895,
        "7": 19.552932078404954,
        "8": 89.8175399173938,
        "9": 85.2519656868798,
        "10": 8.499195936024337,
        "11": 12.251666869798274,
        "12": 17.741736072021375,
        "13": 17.320547828369484,
        "14": 16.77826439357839,
        "15": 11.545778568727048,
        "16": 48.04482085200144,
        "17": 23.57842389052847,