{
    "throughput": 6.0,
    "class_probs": {
        "0": 0.033963111819295067,
        "1": 0.008930278836982683,
        "2": 0.012894841146042698,
        "3": 0.024994860314272654,
        "4": 0.04496136083157316,
        "5": 0.021677807025878716,
        "6": 0.03226064034611762,
        "7": 0.01676989513164259,
        "8": 0.033968110643966265,
        "9": 0.025216850831392662,
        "10": 0.026850639151999072,
        "11": 0.022647982987190878,
        "12": 0.014895090289271795,
        "13": 0.00497239091679784,
        "14": 0.013669703068410283,
        "15": 0.02018931695076264,
        "16": 0.03762104450577216,
        "17": 0.014598228280741294,
        "18": 0.03242323110398423,
        "19": 0.03878669241671346,
        "20": 0.006682325155049166,
        "21": 0.0234765308604993,
        "22": 0.01764295011796365,
        "23": 0.02217793742886477,
        "24": 0.00610276727007145,
        "25": 0.03292449039982447,
        "26": 0.024598213088662543,
        "27": 0.04309699562123827,
        "28": 0.03592419145517501,
        "29": 0.004710537216976669,
        "30": 0.040441580453830235,
        "31": 0.0267800605648278,
        "32": 0.04084791988645314,
        "33": 0.029630131438708032,
        "34": 0.02906534252616451,
        "35": 0.012174070768154249,
        "36": 0.0383080494442234,
        "37": 0.019358281298240073,
        "38": 0.038182061839778764,
        "39": 0.02558348656648683
    },
    "best_objective": 1246.9442212511851,
    "classes": [
        "0",
        "1",
        "2",
        "3",
        "4",
        "5",
        "6",
        "7",
        "8",
        "9",
        "10",
        "11",
        "12",
        "13",
        "14",
        "15",
        "16",
        "17",
        "18",
        "19",
        "20",
        "21",
        "22",
        "23",
        "24",
        "25",
        "26",
        "27",
        "28",
        "29",
        "30",
        "31",
        "32",
        "33",
        "34",
        "35",
        "36",
        "37",
        "38",
        "39"
    ],
    "resources": [
        "0",
        "1",
        "2",
        "3",
        "4",
        "5",
        "6",
        "7",
        "8",
        "9",
        "10",
        "11",
        "12",
        "13",
        "14",
        "15",
        "16",
        "17",
        "18",
        "19",
        "20",
        "21",
        "22",
        "23",
        "24",
        "25",
        "26",
        "27",
        "28",
        "29"
    ],
    "demands": {
        "5_0": 0.1501,
        "7_0": 4.87324,
        "14_1": 2.1588,
        "16_1": 0.72662,
        "23_1": 1.10796,
        "38_1": 0.10553,
        "7_2": 1.39541,
        "8_2": 0.65135,
        "9_2": 0.17896,
        "17_2": 1.01452,
        "19_2": 0.42827,
        "37_2": 1.02776,
        "1_3": 1.83248,
        "13_3": 3.13253,
        "16_3": 0.26899,
        "20_3": 1.17857,
        "21_3": 0.53765,
        "27_3": 0.03284,
        "37_3": 0.56297,
        "39_3": 0.65961,
        "3_4": 0.96479,
        "5_4": 0.5009,
        "6_4": 0.67036,
        "7_4": 0.84394,
        "21_4": 0.16653,
        "24_4": 4.4622,
        "32_4": 0.04468,
        "1_5": 2.61655,
        "8_5": 0.67433,
        "17_5": 1.35467,
        "18_5": 0.18586,
        "22_5": 0.7656,
        "25_5": 0.46434,
        "27_5": 0.27345,
        "29_5": 4.82813,
        "0_6": 0.00204,
        "2_6": 0.98631,
        "3_6": 0.83748,
        "8_6": 0.40508,
        "12_6": 0.97979,
        "25_6": 0.75046,
        "37_6": 0.34201,
        "1_7": 2.27625,
        "7_7": 1.484,
        "10_7": 1.02977,
        "37_7": 0.15884,
        "38_7": 1.08421,
        "13_8": 6.6345,
        "15_8": 0.23281,
        "19_8": 0.66093,
        "24_8": 3.88699,
        "28_8": 0.79908,
        "39_8": 0.67767,
        "0_9": 0.62872,
        "10_9": 1.14198,
        "12_9": 0.73373,
        "18_9": 0.82288,
        "23_9": 0.95606,
        "28_9": 0.06591,
        "33_9": 0.64506,
        "35_9": 0.34274,
        "6_10": 0.12581,
        "8_10": 1.79929,
        "11_10": 0.64277,
        "26_10": 0.3582,
        "2_11": 0.15282,
        "4_11": 0.00285,
        "5_11": 0.0984,
        "6_11": 0.40042,
        "15_11": 0.17926,
        "21_11": 0.23874,
        "22_11": 1.13563,
        "23_11": 0.7844,
        "25_11": 0.47696,
        "30_11": 0.38736,
        "36_11": 0.02707,
        "38_11": 0.03418,
        "39_11": 0.74318,
        "1_12": 2.62573,
        "10_12": 1.71922,
        "17_12": 0.3357,
        "30_12": 0.35675,
        "10_13": 1.66754,
        "25_13": 1.3758,
        "28_13": 0.58119,
        "32_13": 0.02773,
        "35_13": 1.61742,
        "38_13": 0.02402,
        "1_14": 2.54422,
        "3_14": 0.30564,
        "6_14": 0.98277,
        "21_14": 0.61462,
        "25_14": 0.5416,
        "26_14": 0.30491,
        "27_14": 0.23861,
        "32_14": 0.02173,
        "0_15": 0.0301,
        "5_15": 0.02236,
        "12_15": 1.16119,
        "18_15": 0.58819,
        "22_15": 0.55433,
        "24_15": 1.17692,
        "39_15": 0.44812,
        "0_16": 1.00202,
        "1_16": 3.16293,
        "10_16": 0.6597,
        "15_16": 1.34973,
        "33_16": 0.54622,
        "34_16": 0.5512,
        "2_17": 1.44668,
        "5_17": 0.09823,
        "10_17": 0.63545,
        "16_17": 0.12795,
        "22_17": 1.02548,
        "24_17": 0.67803,
        "26_17": 0.97041,
        "27_17": 0.51279,
        "39_17": 0.54081,
        "2_18": 1.60164,
        "11_18": 2.1629,
        "21_18": 1.89083,
        "6_19": 0.42591,
        "20_19": 2.38703,
        "25_19": 0.44452,
        "27_19": 0.35193,
        "36_19": 0.41098,
        "2_20": 6.19617,
        "19_20": 0.43425,
        "2_21": 3.072,
        "9_21": 1.92737,
        "25_21": 0.36904,
        "27_21": 0.83984,
        "4_22": 0.04764,
        "9_22": 0.16959,
        "20_22": 1.91469,
        "23_22": 1.3462,
        "28_22": 0.28718,
        "32_22": 0.06083,
        "34_22": 1.35016,
        "0_23": 0.85266,
        "11_23": 0.85906,
        "13_23": 2.13807,
        "18_23": 0.2391,
        "22_23": 0.56895,
        "29_23": 2.32001,
        "30_23": 0.38759,
        "31_23": 1.21073,
        "36_23": 0.23112,
        "0_24": 0.60937,
        "7_24": 1.23359,
        "10_24": 0.01778,
        "14_24": 0.391,
        "24_24": 3.06035,
        "32_24": 0.4031,
        "34_24": 0.24406,
        "1_25": 3.48958,
        "5_25": 0.23546,
        "6_25": 0.07156,
        "7_25": 0.07188,
        "13_25": 2.6688,
        "23_25": 0.28757,
        "26_25": 0.41725,
        "31_25": 0.01561,
        "5_26": 0.72107,
        "12_26": 0.62671,
        "16_26": 0.0126,
        "21_26": 0.72138,
        "29_26": 3.33545,
        "32_26": 0.38198,
        "39_26": 0.11206,
        "0_27": 0.20432,
        "8_27": 0.32712,
        "11_27": 0.3747,
        "29_27": 4.66903,
        "30_27": 0.56799,
        "6_28": 0.6647,
        "29_28": 0.73455,
        "30_28": 0.08073,
        "34_28": 1.29218,
        "9_29": 2.1142,
        "24_29": 3.87408,
        "26_29": 1.11674,
        "27_29": 0.88859
    },
    "best": {
        "0": 31.477252963377698,
        "1": 11.966623065781516,
        "2": 17.8211115466129,
        "3": 49.81318907591427,
        "4": 67.33108389730398,
        "5": 82.73617665627181,
        "6": 26.26301010475838,
        "7": 57.839509074991845,
        "8": 61.88658068543633,
        "9": 15.042014866990792,
        "10": 8.272064392186769,
        "11": 14.596939898485651,
        "12": 59.44251301224553,
        "13": 12.201939344978411,
        "14": 57.53367196299174,
        "15": 34.01202053262669,
        "16": 64.63432818606329,
        "17": 41.3648443208006,
        "18": 33.10115108922101,
        "19": 14.579339945634098,
        "20": 64.3409595645239,
        "21": 45.71464471933068,
        "22": 18.48136647485412,
        "23": 41.077094604703824,
        "24": 56.94819568220656,