{
    "throughput": 5.0,
    "class_probs": {
        "0": 0.006820065243287355,
        "1": 0.028493350053744818,
        "2": 0.013071642627777021,
        "3": 0.01754039867544349,
        "4": 0.014628812500994902,
        "5": 0.01699684843716742,
        "6": 0.038622623009902296,
        "7": 0.01943239082532101,
        "8": 0.033287604969648964,
        "9": 0.026142889713879177,
        "10": 0.05082549564661011,
        "11": 0.02990134155808911,
        "12": 0.006070904420411438,
        "13": 0.024103750531809093,
        "14": 0.023974497977537,
        "15": 0.006366004310368152,
        "16": 0.03377412117694842,
        "17": 0.028141930409494056,
        "18": 0.03249555649641154,
        "19": 0.016122798791794915,
        "20": 0.043873815825797136,
        "21": 0.03168936786080266,
        "22": 0.01088840228254225,
        "23": 0.01627818169555896,
        "24": 0.046613881328700944,
        "25": 0.044367094595814525,
        "26": 0.026733053655372048,
        "27": 0.04482471036438248,
        "28": 0.012786156100685907,
        "29": 0.005423116430264407,
        "30": 0.007936596056997725,
        "31": 0.00626514067938706,
        "32": 0.04882991592161279,
        "33": 0.03224176685120672,
        "34": 0.005478262473385057,
        "35": 0.035214230004606564,
        "36": 0.0489312196128294,
        "37": 0.03674504973338519,
        "38": 0.010545480654299598,
        "39": 0.01752153049572826
    },
    "best_objective": 1553.877838485247,
    "classes": [
        "0",
        "1",
        "2",
        "3",
        "4",
        "5",
        "6",
        "7",
        "8",
        "9",
        "10",
        "11",
        "12",
        "13",
        "14",
        "15",
        "16",
        "17",
        "18",
        "19",
        "20",
        "21",
        "22",
        "23",
        "24",
        "25",
        "26",
        "27",
        "28",
        "29",
        "30",
        "31",
        "32",
        "33",
        "34",
        "35",
        "36",
        "37",
        "38",
        "39"
    ],
    "resources": [
        "0",
        "1",
        "2",
        "3",
        "4",
        "5",
        "6",
        "7",
        "8",
        "9",
        "10",
        "11",
        "12",
        "13",
        "14",
        "15",
        "16",
        "17",
        "18",
        "19",
        "20",
        "21",
        "22",
        "23",
        "24",
        "25",
        "26",
        "27",
        "28",
        "29"
    ],
    "demands": {
        "4_0": 0.77212,
        "6_0": 0.55138,
        "8_0": 0.65198,
        "9_0": 0.93758,
        "19_0": 1.60301,
        "31_0": 4.19725,
        "37_0": 0.44832,
        "38_0": 0.03303,
        "39_0": 0.95891,
        "14_1": 7.18585,
        "13_2": 0.77268,
        "14_2": 0.28961,
        "17_2": 1.15933,
        "32_2": 0.71935,
        "4_3": 3.62752,
        "19_3": 3.68609,
        "13_4": 1.49434,
        "15_4": 7.99131,
        "27_4": 0.43305,
        "31_4": 6.26378,
        "33_4": 0.55155,
        "7_5": 0.30508,
        "11_5": 0.15962,
        "19_5": 0.57065,
        "26_5": 0.04785,
        "32_5": 0.55781,
        "33_5": 0.7783,
        "37_5": 0.854,
        "28_6": 4.66525,
        "36_6": 2.04588,
        "2_7": 1.0916,
        "11_7": 0.44728,
        "15_7": 2.58159,
        "35_7": 0.48805,
        "5_8": 1.72024,
        "7_8": 0.08842,
        "9_8": 0.53728,
        "16_8": 0.59599,
        "26_8": 0.23387,
        "30_8": 1.08638,
        "32_8": 0.28346,
        "38_8": 2.75571,
        "3_9": 2.25609,
        "12_9": 2.13636,
        "21_9": 0.56504,
        "27_9": 0.07943,
        "31_9": 4.82714,
        "33_9": 0.66534,
        "0_10": 0.31228,
        "11_10": 0.27847,
        "14_10": 0.00021,
        "15_10": 2.84856,
        "17_10": 0.48714,
        "22_10": 1.38533,
        "23_10": 0.09101,
        "24_10": 0.35451,
        "27_10": 0.27114,
        "3_11": 0.24667,
        "14_11": 0.78038,
        "26_11": 0.17758,
        "35_11": 0.61064,
        "38_11": 2.35372,
        "3_12": 0.62656,
        "6_12": 0.13085,
        "10_12": 0.38192,
        "14_12": 0.09026,
        "23_12": 0.31279,
        "25_12": 0.35903,
        "32_12": 0.08448,
        "34_12": 0.07503,
        "11_13": 1.11481,
        "21_13": 0.8141,
        "23_13": 1.63669,
        "33_13": 0.7763,
        "1_14": 0.25583,
        "4_14": 2.99169,
        "5_14": 3.99944,
        "32_14": 0.50414,
        "4_15": 3.11104,
        "13_15": 0.05543,
        "16_15": 1.20599,
        "37_15": 0.38038,
        "0_16": 4.08242,
        "2_16": 1.21873,
        "30_16": 8.34498,
        "38_16": 2.12349,
        "8_17": 0.40377,
        "13_17": 1.70476,
        "18_17": 0.7648,
        "25_17": 0.83265,
        "31_17": 8.72174,
        "6_18": 0.35051,
        "8_18": 0.12116,
        "15_18": 3.74237,
        "19_18": 0.89941,
        "27_18": 0.72539,
        "28_18": 2.32129,
        "36_18": 0.05779,
        "5_19": 0.20242,
        "6_19": 0.51169,
        "8_19": 0.37582,
        "15_19": 4.48928,
        "27_19": 0.19234,
        "28_19": 2.41518,
        "29_19": 2.57477,
        "36_19": 0.40069,
        "38_19": 0.37074,
        "39_19": 0.11374,
        "15_20": 3.53262,
        "17_20": 0.90078,
        "22_20": 2.09849,
        "24_20": 0.03494,
        "31_20": 5.04117,
        "34_20": 1.23274,
        "39_20": 0.63519,
        "17_21": 1.91854,
        "26_21": 2.34996,
        "6_22": 1.45923,
        "19_22": 2.76769,
        "23_22": 1.46032,
        "37_22": 0.40511,
        "12_23": 1.20865,
        "20_23": 0.41622,
        "21_23": 0.80676,
        "26_23": 0.2198,
        "30_23": 2.49158,
        "31_23": 1.22103,
        "32_23": 0.03934,
        "39_23": 1.6144,
        "1_24": 1.40709,
        "2_24": 2.17775,
        "9_24": 1.21141,
        "14_24": 0.15308,
        "31_24": 5.34495,
        "35_24": 0.85731,
        "38_24": 0.45608,
        "5_25": 1.59792,
        "8_25": 0.1808,
        "10_25": 0.54574,
        "16_25": 1.61557,
        "0_26": 7.1402,
        "3_26": 4.42878,
        "16_26": 1.33468,
        "3_27": 0.02955,
        "6_27": 0.27983,
        "7_27": 0.49115,
        "12_27": 0.80419,
        "13_27": 0.19372,
        "21_27": 0.22403,
        "24_27": 0.29063,
        "26_27": 0.35991,
        "34_27": 1.34478,
        "39_27": 0.65301,
        "18_28": 0.67371,
        "23_28": 2.71625,
        "38_28": 5.31322,
        "0_29": 2.28113,
        "1_29": 0.57822,
        "6_29": 0.28655,
        "12_29": 0.03836,
        "20_29": 0.51776
    },
    "best": {
        "0": 102.09638600543921,
        "1": 31.79487974790567,
        "2": 10.380820693718482,
        "3": 39.46107740479158,
        "4": 152.8283846374093,
        "5": 10.070252928318402,
        "6": 20.985689789960134,
        "7": 52.70021446028075,
        "8": 37.745299784473914,
        "9": 106.73759686579551,
        "10": 56.852999237311245,
        "11": 34.23020463462846,
        "12": 6.727169754771169,
        "13": 12.672071685609266,
        "14": 34.37363260067328,
        "15": 28.731401014771574,
        "16": 50.78373951127465,
        "17": 143.48428732898813,
        "18": 66.3675103074595,
        "19": 72.59819956659034,
        "20": 125.42050858849814,
        "21": 12.057766347626014,
        "22": 24.56723901743483,
        "23": 53.96885699041552,
        "24": 113.50664186169209,
        "25": 12.681049518417522,
        "26": 53.32320749889618,
        "27": 5.227528479758073,
        "28": 51.51802950261995,
        "29": 29.98519271971776
    },