{
    "throughput": 10.0,
    "class_probs": {
        "0": 0.015911728162752648,
        "1": 0.0066905797739829345,
        "2": 0.005473029436009781,
        "3": 0.04512915975873577,
        "4": 0.03811348772972812,
        "5": 0.01022669176537889,
        "6": 0.03880813086603092,
        "7": 0.03294761040625093,
        "8": 0.04270186053129237,
        "9": 0.019955591179423856,
        "10": 0.014872861841838796,
        "11": 0.02368205369463149,
        "12": 0.013400090721075265,
        "13": 0.008256557921203792,
        "14": 0.0219293266438193,
        "15": 0.04238539547196655,
        "16": 0.01794932003298352,
        "17": 0.027675642898374545,
        "18": 0.036538344399571564,
        "19": 0.013912094423752889,
        "20": 0.016045606914239154,
        "21": 0.03414745357525111,
        "22": 0.02168354514560846,
        "23": 0.042863687493874016,
        "24": 0.00966289043902621,
        "25": 0.03951898890113526,
        "26": 0.004725975559462362,
        "27": 0.018745592210479913,
        "28": 0.017572442252553024,
        "29": 0.02451239875109768,
        "30": 0.02133025650825641,
        "31": 0.04366893937632837,
        "32": 0.045117304237766324,
        "33": 0.039559194416440756,
        "34": 0.042949178320202834,
        "35": 0.027031396381145344,
        "36": 0.024568377309998418,
        "37": 0.02448169771369559,
        "38": 0.01625786186566247,
        "39": 0.008997654968972462
    },
    "best_objective": 484.2831164044318,
    "classes": [
        "0",
        "1",
        "2",
        "3",
        "4",
        "5",
        "6",
        "7",
        "8",
        "9",
        "10",
        "11",
        "12",
        "13",
        "14",
        "15",
        "16",
        "17",
        "18",
        "19",
        "20",
        "21",
        "22",
        "23",
        "24",
        "25",
        "26",
        "27",
        "28",
        "29",
        "30",
        "31",
        "32",
        "33",
        "34",
        "35",
        "36",
        "37",
        "38",
        "39"
    ],
    "resources": [
        "0",
        "1",
        "2",
        "3",
        "4",
        "5",
        "6",
        "7",
        "8",
        "9",
        "10",
        "11",
        "12",
        "13",
        "14",
        "15",
        "16",
        "17",
        "18",
        "19",
        "20",
        "21",
        "22",
        "23",
        "24",
        "25",
        "26",
        "27",
        "28",
        "29"
    ],
    "demands": {
        "13_0": 1.5911,
        "23_0": 0.22762,
        "38_0": 0.01944,
        "39_0": 2.19067,
        "8_1": 0.01006,
        "12_1": 0.86305,
        "16_1": 0.34464,
        "29_1": 0.97457,
        "38_1": 1.1238,
        "4_2": 0.1952,
        "5_2": 3.35087,
        "12_2": 3.16415,
        "1_3": 0.14151,
        "6_3": 0.03838,
        "8_3": 0.1644,
        "9_3": 0.00608,
        "12_3": 0.32959,
        "15_3": 0.0643,
        "24_3": 0.17849,
        "28_3": 0.36947,
        "30_3": 0.29081,
        "11_4": 0.28188,
        "15_4": 0.15654,
        "17_4": 0.24747,
        "28_4": 0.03375,
        "35_4": 0.21194,
        "37_4": 0.36833,
        "21_5": 0.96333,
        "32_5": 0.02771,
        "1_6": 0.59405,
        "7_6": 0.37344,
        "8_6": 0.008,
        "11_6": 0.00377,
        "15_6": 0.35702,
        "27_6": 0.40612,
        "28_6": 0.569,
        "32_6": 0.07097,
        "33_6": 0.23221,
        "38_6": 0.55723,
        "7_7": 0.76291,
        "10_7": 0.15397,
        "27_7": 0.49815,
        "36_7": 1.25452,
        "38_7": 0.42436,
        "8_8": 0.0408,
        "13_8": 0.25034,
        "15_8": 0.30307,
        "23_8": 0.23123,
        "27_8": 0.1637,
        "37_8": 0.24177,
        "8_9": 0.19053,
        "17_9": 0.31063,
        "22_9": 0.39841,
        "23_9": 0.09529,
        "24_9": 0.56384,
        "26_9": 1.39094,
        "32_9": 0.15525,
        "9_10": 0.28151,
        "12_10": 3.09781,
        "25_10": 0.52431,
        "0_11": 0.57181,
        "9_11": 0.50411,
        "27_11": 0.82734,
        "30_11": 0.7749,
        "31_11": 0.21235,
        "33_11": 0.34122,
        "11_12": 1.92604,
        "32_12": 0.7272,
        "35_12": 0.21536,
        "1_13": 1.05595,
        "3_13": 0.12556,
        "12_13": 0.29587,
        "13_13": 0.40348,
        "26_13": 0.97637,
        "36_13": 0.03923,
        "37_13": 0.23038,
        "2_14": 1.18472,
        "5_14": 0.13975,
        "7_14": 0.11925,
        "10_14": 0.23323,
        "13_14": 0.18511,
        "15_14": 0.1196,
        "18_14": 0.03894,
        "39_14": 0.92032,
        "0_15": 0.08983,
        "14_15": 0.10736,
        "24_15": 0.84593,
        "27_15": 1.09373,
        "30_15": 0.4727,
        "37_15": 0.23273,
        "38_15": 1.22588,
        "5_16": 1.4718,
        "9_16": 0.42176,
        "13_16": 0.36779,
        "16_16": 0.58024,
        "19_16": 1.01078,
        "24_16": 0.24461,
        "4_17": 0.538,
        "7_17": 0.00787,
        "34_17": 0.34816,
        "35_17": 0.66991,
        "36_17": 0.32052,
        "7_18": 0.4695,
        "18_18": 0.10892,
        "22_18": 0.24904,
        "26_18": 0.4769,
        "34_18": 0.00633,
        "35_18": 0.19299,
        "1_19": 0.5503,
        "19_19": 1.54001,
        "26_19": 2.01672,
        "27_19": 1.81337,
        "29_19": 0.09969,
        "10_20": 1.4027,
        "12_20": 1.0135,
        "13_20": 0.13329,
        "26_20": 2.0824,
        "0_21": 0.5693,
        "5_21": 1.2727,
        "20_21": 0.0428,
        "22_21": 0.5256,
        "31_21": 0.31857,
        "33_21": 0.65477,
        "34_21": 0.16055,
        "1_22": 1.95467,
        "9_22": 0.47011,
        "17_22": 0.17158,
        "21_22": 0.04038,
        "25_22": 0.01678,
        "30_22": 0.23365,
        "35_22": 0.03008,
        "2_23": 0.00367,
        "5_23": 1.30885,
        "14_23": 0.14814,
        "18_23": 0.39372,
        "25_23": 0.39037,
        "37_23": 0.51712,
        "15_24": 1.45905,
        "31_24": 0.35003,
        "3_25": 0.17754,
        "9_25": 0.0039,
        "11_25": 0.08483,
        "19_25": 0.51894,
        "22_25": 0.27713,
        "29_25": 0.42983,
        "32_25": 0.24635,
        "1_26": 2.46508,
        "17_26": 0.17918,
        "22_26": 0.91394,
        "25_26": 0.16462,
        "18_27": 0.33517,
        "19_27": 1.16844,
        "24_27": 1.83345,
        "28_27": 0.08549,
        "7_28": 0.00873,
        "14_28": 0.32751,
        "20_28": 0.64973,
        "22_28": 0.10631,
        "30_28": 0.31715,
        "31_28": 0.03422,
        "34_28": 0.23759,
        "37_28": 0.2477,
        "38_28": 0.60169,
        "4_29": 0.57372,
        "6_29": 0.4034,
        "15_29": 0.12004,
        "36_29": 1.80295
    },
    "best": {
        "0": 11.171282954289904,
        "1": 18.91391414719531,
        "2": 43.61385959097468,
        "3": 12.014139579504075,
        "4": 4.763883596700575,
        "5": 3.5723806121200536,
        "6": 16.722417410364763,
        "7": 14.704011340965724,
        "8": 6.419687014632464,
        "9": 18.867739646591296,
        "10": 30.8804327940396,
        "11": 10.903763732652079,
        "12": 9.51284381349668,
        "13": 24.469724864091315,
        "14": 9.896158066142778,
        "15": 15.941441690769615,
        "16": 22.095580134132387,
        "17": 5.722243781053303,
        "18": 11.007133767598944,
        "19": 31.505755318278133,
        "20": 28.677931398555497,
        "21": 19.274919001335416,
        "22": 22.28549638381422,
        "23": 19.317940303880665,
        "24": 9.638663683104802,
        "25": 6.6459381750312705,
        "26": 25.099527458699104,
        "27": 10.266248014032463,
        "28": 7.1365375077535225,
        "29": 13.241520622631093
    },