{
    "throughput": 7.0,
    "class_probs": {
        "0": 0.0052617631373268,
        "1": 0.012583974732611672,
        "2": 0.0399005443574985,
        "3": 0.038683696701644725,
        "4": 0.031004102856596386,
        "5": 0.03596294651527325,
        "6": 0.023371984550121183,
        "7": 0.011290661846418833,
        "8": 0.027338361323874707,
        "9": 0.04285915706466737,
        "10": 0.03301227852847357,
        "11": 0.0158865075908859,
        "12": 0.043421882933284875,
        "13": 0.02821042972791815,
        "14": 0.010332611701597992,
        "15": 0.024375875102736935,
        "16": 0.023927904384081825,
        "17": 0.022081328218490803,
        "18": 0.028240383440071164,
        "19": 0.017610336258721784,
        "20": 0.012263196698935176,
        "21": 0.04328244364422842,
        "22": 0.004391645050949251,
        "23": 0.006871141910658787,
        "24": 0.02939288304481078,
        "25": 0.023284472072433136,
        "26": 0.025211406037521273,
        "27": 0.04035674355196772,
        "28": 0.029536205237445132,
        "29": 0.00876516395439545,
        "30": 0.025170284799356082,
        "31": 0.02774244688300372,
        "32": 0.03624036627949954,
        "33": 0.03073390069506282,
        "34": 0.015815378655763886,
        "35": 0.021840217314695053,
        "36": 0.006489152882106618,
        "37": 0.03283159565163743,
        "38": 0.0302633494761029,
        "39": 0.034161275187130385
    },
    "best_objective": 1042.5703372943087,
    "classes": [
        "0",
        "1",
        "2",
        "3",
        "4",
        "5",
        "6",
        "7",
        "8",
        "9",
        "10",
        "11",
        "12",
        "13",
        "14",
        "15",
        "16",
        "17",
        "18",
        "19",
        "20",
        "21",
        "22",
        "23",
        "24",
        "25",
        "26",
        "27",
        "28",
        "29",
        "30",
        "31",
        "32",
        "33",
        "34",
        "35",
        "36",
        "37",
        "38",
        "39"
    ],
    "resources": [
        "0",
        "1",
        "2",
        "3",
        "4",
        "5",
        "6",
        "7",
        "8",
        "9",
        "10",
        "11",
        "12",
        "13",
        "14",
        "15",
        "16",
        "17",
        "18",
        "19",
        "20",
        "21",
        "22",
        "23",
        "24",
        "25",
        "26",
        "27",
        "28",
        "29"
    ],
    "demands": {
        "1_0": 0.494,
        "8_0": 0.60397,
        "13_0": 0.57735,
        "14_0": 1.51473,
        "18_0": 0.45492,
        "23_0": 1.06743,
        "25_0": 0.6433,
        "28_0": 0.2952,
        "32_0": 0.40705,
        "2_1": 0.67856,
        "27_1": 0.04084,
        "32_1": 1.08809,
        "2_2": 0.15296,
        "19_2": 1.09153,
        "23_2": 3.3122,
        "26_2": 0.05829,
        "33_2": 0.38672,
        "34_2": 1.44172,
        "1_3": 1.13857,
        "10_3": 1.23938,
        "14_3": 1.4396,
        "18_3": 0.03635,
        "27_3": 0.32725,
        "37_3": 0.89957,
        "8_4": 0.18109,
        "15_4": 0.0951,
        "17_4": 1.166,
        "20_4": 2.4827,
        "26_4": 0.91552,
        "27_4": 0.68141,
        "0_5": 6.81794,
        "2_5": 0.08023,
        "13_5": 1.06056,
        "18_5": 1.12259,
        "26_5": 0.42605,
        "34_5": 0.62598,
        "0_6": 3.35069,
        "19_6": 1.97818,
        "22_6": 2.74471,
        "29_6": 1.6246,
        "31_6": 0.71762,
        "12_7": 0.20867,
        "31_7": 1.15044,
        "35_7": 1.74944,
        "36_7": 1.48421,
        "38_7": 0.50777,
        "3_8": 0.68404,
        "13_8": 0.46907,
        "18_8": 0.15395,
        "23_8": 1.151,
        "37_8": 0.86235,
        "2_9": 0.39525,
        "8_9": 0.29426,
        "9_9": 0.40121,
        "19_9": 0.3443,
        "26_9": 0.48596,
        "29_9": 0.13461,
        "31_9": 0.12161,
        "33_9": 0.03701,
        "34_9": 0.55744,
        "7_10": 1.08703,
        "37_10": 1.2155,
        "3_11": 0.75195,
        "22_11": 5.01479,
        "27_11": 0.12471,
        "29_11": 3.75831,
        "37_11": 0.22037,
        "7_12": 1.07478,
        "11_12": 0.36699,
        "22_12": 1.24769,
        "25_12": 0.97237,
        "30_12": 0.3136,
        "3_13": 0.16619,
        "20_13": 2.03209,
        "33_13": 1.14071,
        "36_13": 3.43228,
        "9_14": 0.28217,
        "15_14": 0.50248,
        "16_14": 0.34583,
        "24_14": 0.28147,
        "29_14": 1.05363,
        "34_14": 0.35086,
        "39_14": 0.24769,
        "0_15": 4.16601,
        "7_15": 1.4801,
        "10_15": 0.01765,
        "13_15": 0.20045,
        "19_15": 1.10287,
        "20_15": 0.74902,
        "22_15": 3.58432,
        "24_15": 0.20228,
        "27_15": 0.48042,
        "35_15": 0.24743,
        "6_16": 0.2547,
        "7_16": 1.42411,
        "21_16": 0.82691,
        "27_16": 0.31397,
        "30_16": 1.67806,
        "37_16": 0.12443,
        "1_17": 1.16215,
        "4_17": 0.51286,
        "16_17": 0.68105,
        "21_17": 0.15554,
        "30_17": 0.57222,
        "37_17": 0.08014,
        "4_18": 3.91628,
        "1_19": 0.21427,
        "6_19": 0.4884,
        "11_19": 0.53085,
        "13_19": 0.94208,
        "15_19": 0.06583,
        "26_19": 0.25493,
        "32_19": 0.71822,
        "36_19": 2.82187,
        "39_19": 0.49849,
        "2_20": 0.41778,
        "7_20": 0.93544,
        "10_20": 0.02918,
        "16_20": 0.03178,
        "19_20": 1.28627,
        "22_20": 4.28493,
        "33_20": 0.20375,
        "35_20": 0.26148,
        "15_21": 2.62382,
        "20_21": 2.04219,
        "23_21": 0.79963,
        "33_21": 0.31371,
        "6_22": 0.16006,
        "15_22": 0.42296,
        "18_22": 1.34907,
        "24_22": 1.3916,
        "0_23": 6.73789,
        "8_23": 0.99368,
        "14_23": 4.44832,
        "0_24": 1.36601,
        "10_24": 0.45757,
        "12_24": 0.14007,
        "16_24": 0.2681,
        "17_24": 0.28623,
        "19_24": 0.28609,
        "20_24": 0.81392,
        "23_24": 1.1902,
        "24_24": 0.07201,
        "34_24": 0.21618,
        "38_24": 0.37537,
        "5_25": 0.50841,
        "8_25": 1.00328,
        "13_25": 1.54753,
        "22_25": 1.44027,
        "8_26": 0.23248,
        "15_26": 0.02777,
        "19_26": 0.45666,
        "20_26": 1.67085,
        "29_26": 2.33184,
        "38_26": 0.36833,
        "1_27": 0.58488,
        "4_27": 0.62428,
        "5_27": 0.41265,
        "6_27": 0.35839,
        "32_27": 0.1743,
        "35_27": 0.7878,
        "36_27": 2.84904,
        "37_27": 0.56821,
        "10_28": 0.68244,
        "13_28": 1.25619,
        "16_28": 0.18765,
        "29_28": 3.97641,
        "30_28": 0.13829,
        "6_29": 0.64643,
        "11_29": 1.09859,
        "14_29": 0.07888,
        "16_29": 0.77278,
        "17_29": 0.00318,
        "20_29": 1.11833,
        "28_29": 0.17738,
        "30_29": 0.66937,
        "35_29": 0.30247
    },
    "best": {
        "0": 18.401883909885626,
        "1": 4.820841665767693,
        "2": 28.28516514069296,
        "3": 10.193770462036722,
        "4": 33.754144465309814,
        "5": 78.68660412310403,
        "6": 76.76617706969847,
        "7": 24.888372385523713,
        "8": 17.564095828312333,
        "9": 7.807532070471823,
        "10": 11.038350760931328,
        "11": 74.65512992015984,
        "12": 33.19960917261899,
        "13": 47.93563961032296,
        "14": 20.84634505111507,
        "15": 84.390010287276,
        "16": 11.620157102769596,
        "17": 9.605163112520573,
        "18": 18.19962809038886,
        "19": 34.44299911610665,
        "20": 59.56141073191479,
        "21": 33.570395956869056,
        "22": 6.117175642232334,
        "23": 78.51007702114933,
        "24": 43.470459827959786,
        "25": 34.49713264377541,
        "26": 41.111444361609614,
        "27": 35.48765340046368,
        "28": 40.331172034014855,