{
    "throughput": 6.0,
    "class_probs": {
        "0": 0.042541123090161906,
        "1": 0.03889802248101219,
        "2": 0.011817336997280459,
        "3": 0.036063432061188026,
        "4": 0.009617601623892878,
        "5": 0.026986413760992697,
        "6": 0.023737021495802913,
        "7": 0.018085355723200865,
        "8": 0.04161538733289642,
        "9": 0.007694474275124472,
        "10": 0.018724690685333528,
        "11": 0.03511694029156165,
        "12": 0.01238124310372787,
        "13": 0.04067087988647375,
        "14": 0.032945166403673155,
        "15": 0.01326424448606662,
        "16": 0.022561940342783592,
        "17": 0.007180745615955491,
        "18": 0.030939294628478133,
        "19": 0.03679672768063146,
        "20": 0.029036843331399234,
        "21": 0.025922458615750547,
        "22": 0.02034043428398405,
        "23": 0.027999997995123045,
        "24": 0.016996820186131974,
        "25": 0.03249039636605608,
        "26": 0.01862190028102561,
        "27": 0.010232986150751832,
        "28": 0.013020653792135174,
        "29": 0.032056780221843904,
        "30": 0.03300304239040185,
        "31": 0.026543582720371828,
        "32": 0.04226713951676722,
        "33": 0.04015005939009906,
        "34": 0.01769790163235164,
        "35": 0.02544546319236737,
        "36": 0.018029610724846625,
        "37": 0.012984064582004486,
        "38": 0.029387545541660755,
        "39": 0.02013427711868969
    },
    "best_objective": 763.8326572958667,
    "classes": [
        "0",
        "1",
        "2",
        "3",
        "4",
        "5",
        "6",
        "7",
        "8",
        "9",
        "10",
        "11",
        "12",
        "13",
        "14",
        "15",
        "16",
        "17",
        "18",
        "19",
        "20",
        "21",
        "22",
        "23",
        "24",
        "25",
        "26",
        "27",
        "28",
        "29",
        "30",
        "31",
        "32",
        "33",
        "34",
        "35",
        "36",
        "37",
        "38",
        "39"
    ],
    "resources": [
        "0",
        "1",
        "2",
        "3",
        "4",
        "5",
        "6",
        "7",
        "8",
        "9",
        "10",
        "11",
        "12",
        "13",
        "14",
        "15",
        "16",
        "17",
        "18",
        "19",
        "20",
        "21",
        "22",
        "23",
        "24",
        "25",
        "26",
        "27",
        "28",
        "29"
    ],
    "demands": {
        "7_0": 0.4627,
        "20_0": 0.32989,
        "26_0": 0.64357,
        "31_0": 0.00144,
        "34_0": 1.17507,
        "36_0": 1.3666,
        "37_0": 0.00079,
        "16_1": 0.73981,
        "20_1": 2.38405,
        "29_1": 0.75458,
        "34_1": 1.40046,
        "6_2": 0.13822,
        "16_2": 0.35232,
        "18_2": 0.52417,
        "27_2": 1.72849,
        "28_2": 0.11455,
        "37_2": 1.68523,
        "6_3": 1.23753,
        "13_3": 0.17362,
        "19_3": 0.55845,
        "22_3": 0.57084,
        "26_3": 1.63624,
        "7_4": 1.19852,
        "11_4": 0.14019,
        "14_4": 0.64441,
        "17_4": 3.26595,
        "21_4": 0.56357,
        "22_4": 1.26953,
        "26_4": 1.37713,
        "30_4": 0.36631,
        "1_5": 0.43191,
        "2_5": 1.02606,
        "4_5": 0.35444,
        "5_5": 0.59378,
        "15_5": 0.73174,
        "25_5": 0.39342,
        "19_6": 0.94684,
        "20_6": 0.73455,
        "21_6": 1.81296,
        "27_6": 0.84897,
        "12_7": 2.39358,
        "14_7": 0.01758,
        "23_7": 0.16464,
        "27_7": 0.14918,
        "34_7": 0.42666,
        "36_7": 1.06195,
        "0_8": 0.57525,
        "4_8": 1.02914,
        "9_8": 2.25854,
        "11_8": 0.58424,
        "11_9": 0.36381,
        "20_9": 0.42408,
        "21_9": 1.30591,
        "37_9": 2.76742,
        "38_9": 1.12533,
        "6_10": 0.6484,
        "19_10": 1.68978,
        "32_10": 1.10626,
        "0_11": 0.35431,
        "12_11": 0.31121,
        "23_11": 0.37377,
        "25_11": 0.31952,
        "30_11": 0.03288,
        "31_11": 0.71037,
        "39_11": 0.92149,
        "2_12": 3.24345,
        "3_12": 0.17607,
        "34_12": 0.65529,
        "38_12": 1.01251,
        "2_13": 1.57727,
        "3_13": 0.40032,
        "13_13": 0.43644,
        "14_13": 1.22069,
        "17_13": 2.02733,
        "30_13": 1.10476,
        "37_13": 0.22575,
        "3_14": 0.10136,
        "7_14": 0.19534,
        "11_14": 0.16082,
        "19_14": 0.38871,
        "27_14": 1.82504,
        "35_14": 0.05657,
        "36_14": 1.06726,
        "0_15": 0.20709,
        "6_15": 0.29948,
        "9_15": 1.12026,
        "14_15": 0.20697,
        "17_15": 1.35499,
        "25_15": 0.11337,
        "28_15": 0.44497,
        "39_15": 0.34507,
        "3_16": 0.49581,
        "4_16": 2.17679,
        "6_16": 0.32449,
        "9_16": 2.44048,
        "19_16": 0.22641,
        "20_16": 0.03733,
        "21_16": 0.57079,
        "24_16": 1.29967,
        "25_16": 0.55542,
        "29_16": 0.31138,
        "19_17": 0.05761,
        "26_17": 1.6561,
        "32_17": 0.15258,
        "39_17": 2.7034,
        "0_18": 0.32342,
        "7_18": 1.9947,
        "27_18": 2.53919,
        "38_18": 1.70368,
        "13_19": 0.20137,
        "17_19": 1.35342,
        "18_19": 0.3197,
        "26_19": 0.56068,
        "34_19": 0.87906,
        "35_19": 0.61134,
        "0_20": 0.18116,
        "3_20": 0.00575,
        "5_20": 0.29633,
        "10_20": 0.74812,
        "11_20": 0.42915,
        "27_20": 1.27779,
        "28_20": 0.76907,
        "1_21": 0.56044,
        "2_21": 0.04279,
        "8_21": 0.34183,
        "15_21": 3.52069,
        "21_21": 0.02053,
        "28_21": 0.91679,
        "33_21": 0.82266,
        "3_22": 0.5064,
        "17_22": 2.22566,
        "20_22": 0.15372,
        "25_22": 0.49788,
        "31_22": 0.71708,
        "32_22": 0.50564,
        "34_22": 1.37957,
        "24_23": 7.13313,
        "2_24": 3.38216,
        "4_24": 3.80177,
        "16_24": 0.86005,
        "28_24": 0.62195,
        "7_25": 1.5734,
        "8_25": 0.28455,
        "18_25": 0.40745,
        "24_25": 0.80941,
        "26_25": 0.09421,
        "33_25": 0.06779,
        "35_25": 0.17394,
        "36_25": 0.49236,
        "39_25": 0.42527,
        "0_26": 0.94445,
        "4_26": 5.83759,
        "7_26": 0.10944,
        "12_26": 0.73392,
        "19_27": 0.40688,
        "21_27": 0.70761,
        "24_27": 0.53178,
        "30_27": 0.67468,
        "8_28": 0.24071,
        "9_28": 1.24689,
        "13_28": 0.22463,
        "15_28": 0.60825,
        "20_28": 0.18482,
        "26_28": 0.38248,
        "32_28": 0.07354,
        "37_28": 0.35144,
        "21_29": 1.17416,
        "25_29": 1.05401
    },
    "best": {
        "0": 17.386483074779996,
        "1": 15.317327821230787,
        "2": 27.996609854506737,
        "3": 18.116989785391763,
        "4": 43.3941418159041,
        "5": 20.29377592540153,
        "6": 28.25152088542221,
        "7": 11.771306380582297,
        "8": 24.674150224622295,
        "9": 16.44421167695241,
        "10": 9.78168712946851,
        "11": 7.6414638182219035,
        "12": 25.274744682224952,
        "13": 34.91608092855533,
        "14": 29.073885314565402,
        "15": 26.07981297241705,
        "16": 40.50088603187095,
        "17": 21.470919544411235,
        "18": 34.18989596545503,
        "19": 29.310439024555826,
        "20": 24.126480762635936,
        "21": 17.260570191275338,
        "22": 35.43426481677791,
        "23": 40.34756190774334,
        "24": 50.04776653716505,
        "25": 15.322350906873416,
        "26": 54.74546750827276,
        "27": 16.814756563116266,
        "28": 12.594274290414814,
        "29": 15.252830955051436
    },