{
    "throughput": 10.0,
    "class_probs": {
        "0": 0.03649411698739055,
        "1": 0.007670729720673909,
        "2": 0.013299316243786549,
        "3": 0.030742754337504254,
        "4": 0.030123441050269647,
        "5": 0.007505791808106089,
        "6": 0.006238875508019714,
        "7": 0.005794541787703668,
        "8": 0.030726906863358334,
        "9": 0.03414749365312973,
        "10": 0.024027950697902745,
        "11": 0.01925780013812182,
        "12": 0.035029520831688324,
        "13": 0.01285462654039283,
        "14": 0.025359556304545953,
        "15": 0.023530611706893436,
        "16": 0.030909209845516167,
        "17": 0.03551170442761951,
        "18": 0.03016901186915489,
        "19": 0.034968358320232276,
        "20": 0.041979641644298266,
        "21": 0.035472410693387066,
        "22": 0.020695357473125783,
        "23": 0.02892664290898661,
        "24": 0.03623446163894637,
        "25": 0.025758794817770735,
        "26": 0.038230760119530825,
        "27": 0.0331370317896969,
        "28": 0.02553572621971535,
        "29": 0.02785643101612867,
        "30": 0.03028439153386353,
        "31": 0.029634789277806287,
        "32": 0.023682743090673607,
        "33": 0.012680344891706377,
        "34": 0.016226985589579735,
        "35": 0.032835786107383046,
        "36": 0.011593515444346014,
        "37": 0.01418137632480614,
        "38": 0.016782044729418633,
        "39": 0.023908446046819687
    },
    "best_objective": 425.79889787454454,
    "classes": [
        "0",
        "1",
        "2",
        "3",
        "4",
        "5",
        "6",
        "7",
        "8",
        "9",
        "10",
        "11",
        "12",
        "13",
        "14",
        "15",
        "16",
        "17",
        "18",
        "19",
        "20",
        "21",
        "22",
        "23",
        "24",
        "25",
        "26",
        "27",
        "28",
        "29",
        "30",
        "31",
        "32",
        "33",
        "34",
        "35",
        "36",
        "37",
        "38",
        "39"
    ],
    "resources": [
        "0",
        "1",
        "2",
        "3",
        "4",
        "5",
        "6",
        "7",
        "8",
        "9",
        "10",
        "11",
        "12",
        "13",
        "14",
        "15",
        "16",
        "17",
        "18",
        "19",
        "20",
        "21",
        "22",
        "23",
        "24",
        "25",
        "26",
        "27",
        "28",
        "29"
    ],
    "demands": {
        "1_0": 1.94455,
        "9_0": 0.1372,
        "11_0": 0.30245,
        "19_0": 0.07333,
        "21_0": 0.41227,
        "22_0": 0.52241,
        "36_0": 1.21465,
        "1_1": 0.35015,
        "5_1": 1.33297,
        "15_1": 0.57763,
        "18_1": 0.12203,
        "33_1": 0.52864,
        "34_1": 0.71802,
        "35_1": 0.39571,
        "5_2": 0.33962,
        "13_2": 0.00125,
        "14_2": 0.2944,
        "25_2": 0.13902,
        "28_2": 0.48923,
        "29_2": 0.21035,
        "34_2": 0.72675,
        "0_3": 0.36674,
        "9_3": 0.48348,
        "18_3": 0.12721,
        "26_3": 0.13079,
        "27_3": 0.63472,
        "28_3": 0.32273,
        "34_3": 0.15922,
        "4_4": 0.78902,
        "8_4": 0.2603,
        "16_4": 0.29075,
        "28_4": 0.0857,
        "8_5": 0.39851,
        "17_5": 0.5124,
        "23_5": 0.69915,
        "30_5": 0.60815,
        "3_6": 0.32817,
        "4_6": 0.1785,
        "11_6": 0.16278,
        "13_6": 0.78707,
        "28_6": 0.54823,
        "31_6": 0.15548,
        "32_6": 0.31336,
        "39_6": 0.08427,
        "0_7": 0.8322,
        "11_7": 1.05203,
        "27_7": 0.09678,
        "0_8": 0.3113,
        "5_8": 1.56026,
        "8_8": 0.01114,
        "10_8": 0.55723,
        "11_8": 0.07164,
        "13_8": 0.02368,
        "19_8": 0.09494,
        "20_8": 0.00492,
        "21_8": 0.44757,
        "33_8": 0.21643,
        "1_9": 1.77966,
        "11_9": 0.62653,
        "23_9": 0.25627,
        "24_9": 0.28515,
        "27_9": 0.32338,
        "39_9": 0.28236,
        "2_10": 0.00768,
        "5_10": 1.33481,
        "10_10": 0.21018,
        "11_10": 0.65601,
        "27_10": 0.33733,
        "0_11": 0.02863,
        "5_11": 1.2987,
        "9_11": 0.18814,
        "10_11": 0.47026,
        "18_11": 0.24612,
        "22_11": 0.5763,
        "28_11": 0.27868,
        "31_11": 0.40378,
        "2_12": 0.34505,
        "5_12": 0.33261,
        "7_12": 0.79619,
        "20_12": 0.17498,
        "26_12": 0.18977,
        "31_12": 0.20922,
        "35_12": 0.25989,
        "38_12": 0.52948,
        "19_13": 1.3667,
        "4_14": 0.13781,
        "10_14": 0.03306,
        "12_14": 0.08028,
        "16_14": 0.28787,
        "22_14": 0.31858,
        "27_14": 0.1279,
        "34_14": 0.03166,
        "37_14": 0.54719,
        "1_15": 1.48384,
        "4_15": 0.05295,
        "6_15": 1.85826,
        "13_15": 0.3967,
        "14_15": 0.49068,
        "21_15": 0.11056,
        "22_15": 0.6907,
        "38_15": 0.79627,
        "8_16": 0.40098,
        "13_16": 0.44674,
        "17_16": 0.30332,
        "18_16": 0.24358,
        "30_16": 0.07757,
        "31_16": 0.2524,
        "36_16": 0.33326,
        "4_17": 0.50081,
        "14_17": 0.10179,
        "15_17": 0.24788,
        "23_17": 0.01716,
        "30_17": 0.24233,
        "36_17": 1.22144,
        "37_17": 0.24093,
        "20_18": 0.52877,
        "25_18": 1.30542,
        "34_18": 0.61422,
        "39_18": 0.63286,
        "3_19": 0.25575,
        "4_19": 0.31995,
        "8_19": 0.02597,
        "18_19": 0.00495,
        "20_19": 0.34149,
        "23_19": 0.20598,
        "0_20": 0.21708,
        "7_20": 0.56785,
        "12_20": 0.28434,
        "18_20": 0.30132,
        "21_20": 0.04639,
        "35_20": 0.16324,
        "4_21": 0.12235,
        "11_21": 0.65121,
        "13_21": 1.54793,
        "14_21": 0.49064,
        "17_21": 0.11009,
        "18_21": 0.20897,
        "23_21": 0.47923,
        "36_21": 0.00231,
        "10_22": 0.16887,
        "13_22": 2.81117,
        "30_22": 0.3695,
        "33_22": 1.16892,
        "35_22": 0.4329,
        "2_23": 0.91793,
        "7_23": 1.21054,
        "12_23": 0.48226,
        "14_23": 0.03187,
        "16_23": 0.2664,
        "34_23": 1.14197,
        "37_23": 0.88649,
        "6_24": 1.41049,
        "7_24": 1.51611,
        "9_24": 0.46411,
        "21_24": 0.36327,
        "25_24": 0.51949,
        "27_24": 0.47522,
        "33_24": 0.72268,
        "16_25": 0.89123,
        "37_25": 1.26169,
        "38_25": 0.34441,
        "0_26": 0.21814,
        "7_26": 1.42315,
        "20_26": 0.17302,
        "21_26": 0.23075,
        "22_26": 0.04018,
        "27_26": 0.18506,
        "29_26": 0.18153,
        "31_26": 0.01556,
        "32_26": 0.34494,
        "35_26": 0.27607,
        "10_27": 0.53461,
        "17_27": 0.5555,
        "28_27": 0.29271,
        "0_28": 0.30914,
        "20_28": 0.12286,
        "22_28": 0.1731,
        "24_28": 0.91147,
        "30_28": 0.12214,
        "35_28": 0.73254,
        "37_28": 0.24506,
        "2_29": 1.38222,
        "7_29": 0.03173,
        "15_29": 0.94863,
        "20_29": 0.06453,
        "34_29": 0.92661
    },
    "best": {
        "0": 19.02506459705606,
        "1": 24.50299414263768,
        "2": 15.029965076612477,
        "3": 6.3855570061420215,
        "4": 7.163133056845795,
        "5": 4.609172782484175,
        "6": 15.049005418215847,
        "7": 6.752944515265739,
        "8": 22.67441058080383,
        "9": 18.323193806365648,
        "10": 20.779344957827373,
        "11": 20.491483866441968,
        "12": 17.783081835542426,
        "13": 5.163178864205625,
        "14": 8.370369486063678,
        "15": 19.542031747694082,
        "16": 11.47738190951525,
        "17": 7.662128262955443,
        "18": 10.453078294186072,
        "19": 4.675389611651699,
        "20": 12.46525601525976,
        "21": 20.94866060044955,