{
    "throughput": 7.0,
    "class_probs": {
        "0": 0.03996583269086727,
        "1": 0.03252210267783408,
        "2": 0.024493937778629165,
        "3": 0.0385422897436203,
        "4": 0.03904553384426557,
        "5": 0.02099796468172224,
        "6": 0.019064731964720895,
        "7": 0.026786587303928758,
        "8": 0.006251046522869163,
        "9": 0.024459672323707427,
        "10": 0.023194986377241815,
        "11": 0.029464104499426748,
        "12": 0.016827344446172537,
        "13": 0.01973911749595383,
        "14": 0.009547100341561568,
        "15": 0.005780149669060294,
        "16": 0.009896058051008674,
        "17": 0.01704468499215229,
        "18": 0.04003729476072712,
        "19": 0.03759126739820453,
        "20": 0.03641127955587857,
        "21": 0.040698492497605994,
        "22": 0.03727808749230638,
        "23": 0.03198837078324186,
        "24": 0.018611856264202694,
        "25": 0.014939995821807581,
        "26": 0.025416110974405128,
        "27": 0.028404143051209606,
        "28": 0.03293062698517201,
        "29": 0.030675034206743952,
        "30": 0.039071838139941084,
        "31": 0.025125257920696562,
        "32": 0.018480597263982403,
        "33": 0.025558236222476705,
        "34": 0.028387271417334273,
        "35": 0.010804860240690477,
        "36": 0.010477862129097302,
        "37": 0.041103819516733704,
        "38": 0.009677594325993062,
        "39": 0.0127068576268063
    },
    "best_objective": 1005.4399521970281,
    "classes": [
        "0",
        "1",
        "2",
        "3",
        "4",
        "5",
        "6",
        "7",
        "8",
        "9",
        "10",
        "11",
        "12",
        "13",
        "14",
        "15",
        "16",
        "17",
        "18",
        "19",
        "20",
        "21",
        "22",
        "23",
        "24",
        "25",
        "26",
        "27",
        "28",
        "29",
        "30",
        "31",
        "32",
        "33",
        "34",
        "35",
        "36",
        "37",
        "38",
        "39"
    ],
    "resources": [
        "0",
        "1",
        "2",
        "3",
        "4",
        "5",
        "6",
        "7",
        "8",
        "9",
        "10",
        "11",
        "12",
        "13",
        "14",
        "15",
        "16",
        "17",
        "18",
        "19",
        "20",
        "21",
        "22",
        "23",
        "24",
        "25",
        "26",
        "27",
        "28",
        "29"
    ],
    "demands": {
        "6_0": 2.67235,
        "13_0": 1.09368,
        "23_0": 1.0812,
        "2_1": 0.69624,
        "4_1": 0.81985,
        "33_1": 0.5026,
        "39_1": 1.86976,
        "0_2": 0.21165,
        "2_2": 0.43167,
        "3_2": 0.22557,
        "8_2": 1.6315,
        "12_2": 0.34182,
        "14_2": 0.62284,
        "16_2": 1.12305,
        "21_2": 0.14018,
        "33_2": 0.00436,
        "34_2": 0.32628,
        "0_3": 0.39742,
        "3_3": 0.35308,
        "12_3": 0.27129,
        "13_3": 1.09335,
        "15_3": 0.57536,
        "24_3": 0.7904,
        "32_3": 1.15383,
        "36_3": 1.50639,
        "39_3": 0.19063,
        "8_4": 3.34759,
        "12_4": 2.31985,
        "13_4": 1.34032,
        "26_4": 1.65489,
        "2_5": 1.45672,
        "7_5": 0.16507,
        "9_5": 0.22504,
        "16_5": 0.19286,
        "22_5": 0.25257,
        "24_5": 1.16761,
        "36_5": 1.46935,
        "11_6": 1.26942,
        "15_6": 5.90983,
        "27_6": 0.6675,
        "32_6": 0.33045,
        "34_6": 0.31448,
        "15_7": 7.65262,
        "16_7": 2.45167,
        "22_7": 0.81788,
        "27_7": 0.14102,
        "39_7": 1.05564,
        "1_8": 0.7562,
        "5_8": 0.23019,
        "15_8": 4.74335,
        "38_8": 1.46394,
        "6_9": 1.03624,
        "7_9": 0.65737,
        "20_9": 0.30198,
        "23_9": 0.6263,
        "34_9": 0.37183,
        "6_10": 0.50322,
        "7_10": 0.13735,
        "9_10": 0.40948,
        "10_10": 0.09975,
        "11_10": 0.01033,
        "15_10": 0.86105,
        "28_10": 0.35736,
        "36_10": 0.45394,
        "37_10": 0.17266,
        "1_11": 0.31625,
        "6_11": 0.00461,
        "13_11": 0.20594,
        "17_11": 0.25928,
        "20_11": 0.0003,
        "21_11": 0.2081,
        "28_11": 0.30702,
        "33_11": 0.2469,
        "35_11": 0.23444,
        "38_11": 0.06752,
        "2_12": 0.77505,
        "6_12": 0.01503,
        "16_12": 3.3785,
        "22_12": 0.5892,
        "35_12": 2.8175,
        "10_13": 0.33667,
        "19_13": 1.10463,
        "24_13": 0.73721,
        "27_13": 0.74554,
        "33_13": 1.62896,
        "4_14": 0.36304,
        "5_14": 0.26501,
        "13_14": 0.75467,
        "17_14": 0.80137,
        "19_14": 0.25856,
        "20_14": 0.34917,
        "22_14": 0.31663,
        "7_15": 0.10458,
        "16_15": 0.72156,
        "21_15": 0.08144,
        "23_15": 0.43065,
        "37_15": 0.44008,
        "4_16": 0.35002,
        "7_16": 2.28765,
        "38_16": 1.22152,
        "1_17": 0.08226,
        "4_17": 0.23216,
        "12_17": 0.63457,
        "18_17": 0.4009,
        "31_17": 0.37018,
        "34_17": 0.53711,
        "39_17": 1.60935,
        "8_18": 4.29148,
        "14_18": 2.36375,
        "15_18": 1.71762,
        "19_18": 0.02272,
        "23_18": 0.90536,
        "36_18": 0.35262,
        "38_18": 1.76925,
        "5_19": 0.33519,
        "7_19": 0.32175,
        "8_19": 0.33363,
        "10_19": 0.14257,
        "20_19": 0.22043,
        "24_19": 0.23873,
        "32_19": 0.21951,
        "36_19": 0.81019,
        "8_20": 3.47193,
        "22_20": 0.83368,
        "24_20": 2.01653,
        "39_20": 2.155,
        "13_21": 0.95509,
        "26_21": 1.10289,
        "27_21": 0.73114,
        "30_21": 0.84843,
        "38_21": 2.80139,
        "1_22": 0.56935,
        "14_22": 1.58876,
        "20_22": 0.4841,
        "31_22": 0.27973,
        "32_22": 0.17499,
        "35_22": 1.51468,
        "37_22": 0.43752,
        "38_22": 1.64842,
        "4_23": 0.32985,
        "5_23": 0.58936,
        "19_23": 0.10437,
        "21_23": 0.2199,
        "22_23": 0.04161,
        "28_23": 0.14647,
        "39_23": 0.20871,
        "29_24": 2.8073,
        "36_24": 0.60575,
        "4_25": 0.43489,
        "9_25": 1.02453,
        "11_25": 0.61452,
        "30_25": 0.25291,
        "34_25": 0.51311,
        "18_26": 0.49987,
        "27_26": 0.00435,
        "33_26": 0.42348,
        "36_26": 1.98392,
        "2_27": 0.32695,
        "5_27": 0.85027,
        "9_27": 0.42672,
        "25_27": 0.11006,
        "26_27": 0.33283,
        "28_27": 0.43038,
        "29_27": 0.58412,
        "39_27": 1.40793,
        "8_28": 8.18823,
        "16_28": 1.25729,
        "27_28": 2.1387,
        "2_29": 0.05702,
        "21_29": 0.34514,
        "25_29": 0.75568,
        "32_29": 0.20012,
        "35_29": 1.45586,
        "38_29": 1.28065
    },
    "best": {
        "0": 16.887175641712798,
        "1": 24.271077157610204,
        "2": 43.75757403832801,
        "3": 33.348912149414105,
        "4": 60.662015863702045,
        "5": 21.548817540799245,
        "6": 74.6329753974582,
        "7": 88.74587704148762,
        "8": 71.31124408613493,
        "9": 9.420028316183192,
        "10": 31.451043654969542,
        "11": 7.27712376651883,
        "12": 22.85000208266663,
        "13": 8.112968997312272,
        "14": 6.883985806923556,
        "15": 10.523807905461469,
        "16": 23.57260347389419,
        "17": 22.226933352100495,
        "18": 84.05316441902612,
        "19": 24.24392370614324,
        "20": 66.07873510023116,
        "21": 36.3898270231459,
        "22": 27.46121284136575,
        "23": 8.124019502049048,
        "24": 13.56894335953689,
        "25": 4.607734208864391,
        "26": 24.03606441074126,
        "27": 21.082953592568877,
        "28": 94.38481137968722,
        "29": 23.924396380990927
    },