{
    "throughput": 10.0,
    "class_probs": {
        "0": 0.03244875599125231,
        "1": 0.03415033997876173,
        "2": 0.018754863848169143,
        "3": 0.02575481590842168,
        "4": 0.010291552850042743,
        "5": 0.019600985709976985,
        "6": 0.008940020685655196,
        "7": 0.024057013374327064,
        "8": 0.018775709412995334,
        "9": 0.008412761855491101,
        "10": 0.04541130643409786,
        "11": 0.012634471899990476,
        "12": 0.022170976488216847,
        "13": 0.02037340567982332,
        "14": 0.04619341803332977,
        "15": 0.026774545051080907,
        "16": 0.0374535563056574,
        "17": 0.03111633122379228,
        "18": 0.018190531584272085,
        "19": 0.03295394035889524,
        "20": 0.01765749974633175,
        "21": 0.02090702234006976,
        "22": 0.021290853680855645,
        "23": 0.015377616773418562,
        "24": 0.037406096512255765,
        "25": 0.01661513972159877,
        "26": 0.02533416256613592,
        "27": 0.02159290343608134,
        "28": 0.03608079929967779,
        "29": 0.020168424864417295,
        "30": 0.016892132056064428,
        "31": 0.036131959700203595,
        "32": 0.00618713858524454,
        "33": 0.03975370977922247,
        "34": 0.03888305366068475,
        "35": 0.022794173555154448,
        "36": 0.028246459547590082,
        "37": 0.030800933500384754,
        "38": 0.017860084683385794,
        "39": 0.035560533316972995
    },
    "best_objective": 638.6262899087126,
    "classes": [
        "0",
        "1",
        "2",
        "3",
        "4",
        "5",
        "6",
        "7",
        "8",
        "9",
        "10",
        "11",
        "12",
        "13",
        "14",
        "15",
        "16",
        "17",
        "18",
        "19",
        "20",
        "21",
        "22",
        "23",
        "24",
        "25",
        "26",
        "27",
        "28",
        "29",
        "30",
        "31",
        "32",
        "33",
        "34",
        "35",
        "36",
        "37",
        "38",
        "39"
    ],
    "resources": [
        "0",
        "1",
        "2",
        "3",
        "4",
        "5",
        "6",
        "7",
        "8",
        "9",
        "10",
        "11",
        "12",
        "13",
        "14",
        "15",
        "16",
        "17",
        "18",
        "19",
        "20",
        "21",
        "22",
        "23",
        "24",
        "25",
        "26",
        "27",
        "28",
        "29"
    ],
    "demands": {
        "0_0": 0.30215,
        "4_0": 1.75049,
        "7_0": 0.79842,
        "18_0": 0.17434,
        "35_0": 0.81355,
        "38_0": 0.29531,
        "39_0": 0.39991,
        "9_1": 0.88477,
        "26_1": 0.02914,
        "27_1": 0.76837,
        "30_1": 0.79896,
        "34_1": 0.31717,
        "3_2": 0.19149,
        "14_2": 0.00271,
        "19_2": 0.05525,
        "23_2": 0.69531,
        "31_2": 0.13031,
        "32_2": 1.2384,
        "34_2": 0.42468,
        "39_2": 0.01626,
        "6_3": 0.51781,
        "16_3": 0.07557,
        "17_3": 0.30816,
        "19_3": 0.15388,
        "20_3": 0.3949,
        "29_3": 0.11399,
        "33_3": 0.33852,
        "36_3": 0.17784,
        "8_4": 0.3902,
        "15_4": 0.1182,
        "19_4": 0.31173,
        "31_4": 0.62132,
        "32_4": 3.15633,
        "34_4": 0.32459,
        "8_5": 0.1074,
        "11_5": 1.53386,
        "16_5": 0.34894,
        "19_5": 0.64937,
        "32_5": 1.73874,
        "3_6": 0.27264,
        "12_6": 0.46348,
        "18_6": 0.64315,
        "27_6": 0.26656,
        "28_6": 0.25212,
        "32_6": 0.98918,
        "35_6": 0.39366,
        "36_6": 0.092,
        "4_7": 1.60514,
        "5_7": 1.02392,
        "13_7": 0.08482,
        "31_7": 0.07439,
        "36_7": 0.46133,
        "5_8": 0.48196,
        "18_8": 0.29641,
        "24_8": 0.37043,
        "27_8": 0.20449,
        "29_8": 0.08119,
        "33_8": 0.32349,
        "8_9": 0.51246,
        "13_9": 0.74231,
        "16_9": 0.48132,
        "27_9": 0.81001,
        "34_9": 0.35304,
        "37_9": 0.51438,
        "7_10": 0.08272,
        "29_10": 1.24105,
        "39_10": 0.64445,
        "9_11": 4.03964,
        "11_11": 3.21733,
        "18_11": 0.24067,
        "26_11": 0.05039,
        "35_11": 0.40012,
        "0_12": 0.03039,
        "10_12": 0.06362,
        "14_12": 0.04801,
        "23_12": 0.44094,
        "27_12": 0.09374,
        "28_12": 0.30704,
        "33_12": 0.12626,
        "34_12": 0.11642,
        "37_12": 0.30216,
        "6_13": 1.13766,
        "23_13": 1.18198,
        "32_13": 2.48555,
        "4_14": 0.3267,
        "6_14": 0.58266,
        "9_14": 0.73403,
        "20_14": 0.41489,
        "24_14": 0.18042,
        "27_14": 0.30242,
        "28_14": 0.05772,
        "33_14": 0.02486,
        "35_14": 0.32745,
        "10_15": 0.59383,
        "28_15": 1.44056,
        "37_16": 2.66549,
        "21_17": 0.92792,
        "25_17": 0.92346,
        "26_17": 0.74436,
        "27_17": 0.5401,
        "31_17": 0.04084,
        "34_17": 0.34768,
        "36_17": 0.13387,
        "17_18": 0.60464,
        "19_18": 0.59928,
        "20_18": 0.00102,
        "25_18": 0.01099,
        "29_18": 0.28447,
        "30_18": 0.64973,
        "34_18": 0.27737,
        "12_19": 0.6627,
        "13_19": 1.37942,
        "18_19": 1.17655,
        "26_19": 0.73085,
        "4_20": 1.50023,
        "25_20": 0.52068,
        "29_20": 1.01372,
        "15_21": 0.06352,
        "18_21": 1.2561,
        "20_21": 0.23555,
        "22_21": 0.00726,
        "37_21": 0.17641,
        "1_22": 0.24743,
        "6_22": 0.90831,
        "13_22": 1.35948,
        "15_22": 0.89245,
        "21_22": 0.92562,
        "38_22": 0.12197,
        "2_23": 0.83176,
        "9_23": 1.99458,
        "19_23": 0.47679,
        "29_23": 0.68849,
        "2_24": 1.03443,
        "9_24": 2.20021,
        "14_24": 0.04074,
        "25_24": 0.95495,
        "35_24": 0.22467,
        "36_24": 0.86378,
        "1_25": 0.06282,
        "4_25": 0.05983,
        "21_25": 0.00282,
        "31_25": 0.18977,
        "32_25": 0.82056,
        "33_25": 0.21192,
        "35_25": 0.39886,
        "38_25": 0.01194,
        "4_26": 2.8387,
        "22_26": 0.16527,
        "26_26": 0.64871,
        "38_26": 1.29577,
        "15_27": 0.0316,
        "20_27": 0.14295,
        "21_27": 0.42666,
        "28_27": 0.04988,
        "31_27": 0.23667,
        "33_27": 0.152,
        "36_27": 0.04445,
        "38_27": 0.36581,
        "26_28": 0.89621,
        "33_28": 1.25145,
        "2_29": 0.3912,
        "3_29": 0.67533,
        "9_29": 0.99146,
        "20_29": 1.5414,
        "25_29": 1.08181
    },
    "best": {
        "0": 26.3244248414333,
        "1": 24.25834558377747,
        "2": 28.738755667998756,
        "3": 6.0380744133430495,
        "4": 45.883344438326226,
        "5": 34.16189497585045,
        "6": 26.790868024653538,
        "7": 24.824010860796314,
        "8": 7.261452790927246,
        "9": 10.639542860053353,
        "10": 9.347753104915718,
        "11": 51.79468122582807,
        "12": 6.880922008857128,
        "13": 40.485418351217206,
        "14": 24.751115408969127,
        "15": 7.018105492614404,
        "16": 15.476334611163498,
        "17": 7.260133690810571,
        "18": 4.898918407931083,
        "19": 13.965762080490487,
        "20": 25.131360566969178,
        "21": 9.959713035484091,
        "22": 12.686264552208556,
        "23": 36.88652939761771,
        "24": 38.30793410259729,
        "25": 24.1170466720939,
        "26": 32.849116163604016,
        "27": 5.918283759102693,
        "28": 10.043890882532342,
        "29": 25.92629193654594
    },