{
    "throughput": 7.0,
    "class_probs": {
        "0": 0.027865704284193563,
        "1": 0.02644853513702993,
        "2": 0.018404997466632204,
        "3": 0.010973143299811085,
        "4": 0.04265441316207563,
        "5": 0.04384795149387286,
        "6": 0.005046870005830454,
        "7": 0.02117547945483359,
        "8": 0.03493402081903539,
        "9": 0.0449688455164035,
        "10": 0.014901927585110376,
        "11": 0.012889930161051145,
        "12": 0.0066753432884508095,
        "13": 0.042024469724156605,
        "14": 0.020479931419086918,
        "15": 0.019679543458670547,
        "16": 0.04116302385018353,
        "17": 0.009073436085684781,
        "18": 0.017647845268992705,
        "19": 0.03466586738833172,
        "20": 0.03273653827527087,
        "21": 0.03837864599002515,
        "22": 0.012871254940693244,
        "23": 0.03602515510824583,
        "24": 0.023166149510744114,
        "25": 0.02379016451584033,
        "26": 0.03995839224722053,
        "27": 0.035764632917169706,
        "28": 0.029648168011797985,
        "29": 0.018415335258336905,
        "30": 0.006602412485080528,
        "31": 0.018939055194370315,
        "32": 0.032903624430416265,
        "33": 0.008807787027278236,
        "34": 0.013460300316819678,
        "35": 0.017960371987086155,
        "36": 0.0354876744256432,
        "37": 0.006342429498859235,
        "38": 0.031834243364741374,
        "39": 0.04138638562492298
    },
    "best_objective": 771.4570447160739,
    "classes": [
        "0",
        "1",
        "2",
        "3",
        "4",
        "5",
        "6",
        "7",
        "8",
        "9",
        "10",
        "11",
        "12",
        "13",
        "14",
        "15",
        "16",
        "17",
        "18",
        "19",
        "20",
        "21",
        "22",
        "23",
        "24",
        "25",
        "26",
        "27",
        "28",
        "29",
        "30",
        "31",
        "32",
        "33",
        "34",
        "35",
        "36",
        "37",
        "38",
        "39"
    ],
    "resources": [
        "0",
        "1",
        "2",
        "3",
        "4",
        "5",
        "6",
        "7",
        "8",
        "9",
        "10",
        "11",
        "12",
        "13",
        "14",
        "15",
        "16",
        "17",
        "18",
        "19",
        "20",
        "21",
        "22",
        "23",
        "24",
        "25",
        "26",
        "27",
        "28",
        "29"
    ],
    "demands": {
        "4_0": 0.50642,
        "8_0": 0.16977,
        "15_0": 0.31518,
        "35_0": 0.86792,
        "37_0": 2.01505,
        "1_1": 0.54305,
        "6_1": 4.76386,
        "9_1": 0.32164,
        "12_1": 4.56431,
        "25_1": 0.50626,
        "0_2": 0.37288,
        "3_2": 1.4578,
        "5_2": 0.23625,
        "10_2": 0.98967,
        "11_2": 0.95365,
        "21_2": 0.33719,
        "29_2": 0.64446,
        "35_2": 0.46206,
        "36_2": 0.30564,
        "3_3": 1.79168,
        "5_3": 0.5828,
        "6_3": 4.69371,
        "23_3": 0.43294,
        "25_3": 0.67938,
        "39_3": 0.57344,
        "3_4": 1.36701,
        "8_4": 0.41812,
        "11_4": 0.59531,
        "21_4": 0.39295,
        "25_4": 0.51337,
        "38_4": 0.9518,
        "5_5": 0.51825,
        "7_5": 0.74551,
        "11_5": 0.38737,
        "20_5": 0.58265,
        "21_5": 0.47047,
        "26_5": 0.53838,
        "37_5": 2.48466,
        "2_6": 0.59613,
        "7_6": 0.1491,
        "26_6": 0.53396,
        "33_6": 2.44613,
        "34_6": 0.22059,
        "35_6": 0.10542,
        "13_7": 0.77502,
        "16_7": 0.95547,
        "27_7": 0.33005,
        "39_7": 0.96813,
        "7_8": 0.69246,
        "12_8": 1.21847,
        "18_8": 0.97234,
        "24_8": 0.17554,
        "28_8": 1.13281,
        "34_8": 0.38207,
        "4_9": 0.26252,
        "10_9": 0.60374,
        "13_9": 0.06646,
        "16_9": 0.02113,
        "21_9": 0.09601,
        "35_9": 0.66262,
        "37_9": 2.58527,
        "7_10": 0.49257,
        "9_10": 0.31355,
        "24_10": 0.64979,
        "30_10": 1.78764,
        "32_10": 0.00306,
        "38_10": 0.52015,
        "3_11": 1.28701,
        "6_11": 1.98924,
        "19_11": 1.22609,
        "33_11": 1.89723,
        "39_11": 0.24114,
        "1_12": 0.48255,
        "2_12": 1.35848,
        "7_12": 0.71492,
        "8_12": 0.06648,
        "12_12": 1.26304,
        "22_12": 0.19476,
        "25_12": 1.1766,
        "2_13": 0.66027,
        "10_13": 1.18365,
        "15_13": 1.34653,
        "17_13": 1.50325,
        "23_13": 0.54169,
        "27_13": 0.22522,
        "38_13": 0.49736,
        "9_14": 0.156,
        "21_14": 0.62513,
        "24_14": 0.88368,
        "29_14": 0.65378,
        "38_14": 0.87363,
        "5_15": 0.1094,
        "13_15": 0.30312,
        "20_15": 0.6384,
        "31_15": 0.20006,
        "36_15": 0.38367,
        "39_15": 0.50244,
        "0_16": 0.42707,
        "9_16": 0.02479,
        "12_16": 3.52898,
        "29_16": 2.12384,
        "36_16": 0.24601,
        "0_17": 0.6344,
        "12_17": 2.27387,
        "14_17": 0.30753,
        "17_17": 3.52359,
        "19_17": 0.37096,
        "8_18": 0.07083,
        "14_18": 0.29147,
        "18_18": 0.9569,
        "24_18": 0.39009,
        "27_18": 0.48824,
        "29_18": 0.92005,
        "3_19": 1.24115,
        "15_19": 0.75255,
        "26_19": 0.63468,
        "29_19": 1.68109,
        "37_19": 3.58583,
        "2_20": 4.14122,
        "4_21": 0.41807,
        "5_21": 0.21325,
        "12_21": 2.9037,
        "23_21": 0.77609,
        "29_21": 1.17565,
        "31_21": 0.75716,
        "11_22": 1.80006,
        "30_22": 3.29889,
        "35_22": 0.57511,
        "39_22": 0.05512,
        "9_23": 0.13848,
        "13_23": 0.26859,
        "19_23": 0.19373,
        "21_23": 0.12223,
        "24_23": 0.62945,
        "28_23": 0.06122,
        "31_23": 0.70186,
        "32_23": 0.07934,
        "39_23": 0.26467,
        "13_24": 1.08476,
        "19_24": 0.87879,
        "27_24": 0.90825,
        "0_25": 0.63896,
        "4_25": 0.13118,
        "8_25": 0.35256,
        "26_25": 0.26221,
        "36_25": 0.17831,
        "9_26": 0.31154,
        "15_26": 0.64775,
        "16_26": 0.8701,
        "19_26": 0.29854,
        "22_26": 3.54533,
        "2_27": 0.55064,
        "4_27": 0.17125,
        "19_27": 0.07202,
        "24_27": 0.75207,
        "36_27": 0.67856,
        "5_28": 0.71005,
        "21_28": 0.52596,
        "27_28": 0.50732,
        "2_29": 0.2832,
        "3_29": 1.45147,
        "8_29": 0.49224,
        "19_29": 0.51632,
        "34_29": 1.04842,
        "36_29": 0.45812,
        "39_29": 0.46359
    },
    "best": {
        "0": 29.881108522628207,
        "1": 67.75576233710318,
        "2": 26.508735502966715,
        "3": 31.975834554395085,
        "4": 25.539721703284588,
        "5": 33.5234447338024,
        "6": 13.084130470769658,
        "7": 9.185219057266865,
        "8": 34.954994677055275,
        "9": 33.782986862202534,
        "10": 16.061079058296613,
        "11": 26.12638925527699,
        "12": 40.37657828406614,
        "13": 14.593040771892879,
        "14": 10.516718992672214,
        "15": 5.233867150620529,
        "16": 58.64455523374883,
        "17": 47.22327439268376,
        "18": 8.943362109813211,
        "19": 46.63086590318963,
        "20": 33.877652032671534,
        "21": 53.403137091274694,
        "22": 18.20654307761145,
        "23": 9.74298116804739,
        "24": 10.511179082188388,
        "25": 2.7828173277098704,
        "26": 12.844027915753797,
        "27": 15.624414401239191,
        "28": 5.931584407122754,
        "29": 27.991038638719715
    },