{
    "throughput": 6.0,
    "class_probs": {
        "0": 0.006407447429825821,
        "1": 0.02886348997298868,
        "2": 0.02700455804930861,
        "3": 0.03369769643522094,
        "4": 0.016068727243620132,
        "5": 0.037912930122271905,
        "6": 0.03287282836688318,
        "7": 0.007160194612161821,
        "8": 0.010389374481616163,
        "9": 0.01714998130556776,
        "10": 0.038928005039569,
        "11": 0.013738275524270722,
        "12": 0.038849565017778455,
        "13": 0.025833368492252717,
        "14": 0.03626610623116319,
        "15": 0.027413097975421057,
        "16": 0.024669877193555508,
        "17": 0.014569177597553587,
        "18": 0.02290604806528365,
        "19": 0.03727489376687341,
        "20": 0.04046145041444876,
        "21": 0.02213536793409901,
        "22": 0.023033614803901353,
        "23": 0.035084169810974515,
        "24": 0.028283495385729752,
        "25": 0.024883010210211803,
        "26": 0.033393799210787355,
        "27": 0.02829239258895512,
        "28": 0.032069523014534335,
        "29": 0.025184882167073527,
        "30": 0.02848263596417091,
        "31": 0.015550543716909141,
        "32": 0.03216948224561605,
        "33": 0.012994097620515212,
        "34": 0.02239240801899275,
        "35": 0.026213910937907602,
        "36": 0.011495666809375709,
        "37": 0.020835751289383333,
        "38": 0.0328287575294986,
        "39": 0.006239397403728866
    },
    "best_objective": 888.1870260064799,
    "classes": [
        "0",
        "1",
        "2",
        "3",
        "4",
        "5",
        "6",
        "7",
        "8",
        "9",
        "10",
        "11",
        "12",
        "13",
        "14",
        "15",
        "16",
        "17",
        "18",
        "19",
        "20",
        "21",
        "22",
        "23",
        "24",
        "25",
        "26",
        "27",
        "28",
        "29",
        "30",
        "31",
        "32",
        "33",
        "34",
        "35",
        "36",
        "37",
        "38",
        "39"
    ],
    "resources": [
        "0",
        "1",
        "2",
        "3",
        "4",
        "5",
        "6",
        "7",
        "8",
        "9",
        "10",
        "11",
        "12",
        "13",
        "14",
        "15",
        "16",
        "17",
        "18",
        "19",
        "20",
        "21",
        "22",
        "23",
        "24",
        "25",
        "26",
        "27",
        "28",
        "29"
    ],
    "demands": {
        "7_0": 0.72793,
        "20_0": 0.22101,
        "22_0": 0.28086,
        "27_0": 0.29655,
        "28_0": 0.43064,
        "29_0": 0.50444,
        "30_0": 0.06518,
        "17_1": 3.59201,
        "35_1": 1.76405,
        "1_2": 1.3094,
        "4_2": 1.13854,
        "14_2": 0.44304,
        "15_2": 0.259,
        "16_2": 0.12942,
        "22_2": 0.94125,
        "31_2": 2.25046,
        "2_3": 0.74257,
        "8_3": 2.05895,
        "9_3": 1.13053,
        "17_3": 1.55176,
        "27_3": 0.67601,
        "4_4": 1.25174,
        "7_4": 2.98519,
        "14_4": 0.04234,
        "19_4": 0.67275,
        "23_4": 0.00776,
        "31_4": 0.08405,
        "37_4": 0.38165,
        "39_4": 0.55528,
        "15_5": 0.97384,
        "16_5": 1.65693,
        "23_5": 0.14797,
        "26_5": 1.07891,
        "3_6": 1.3902,
        "4_6": 1.62215,
        "11_6": 4.17096,
        "17_6": 0.63924,
        "5_7": 0.52856,
        "8_7": 0.93175,
        "11_7": 0.86208,
        "16_7": 0.31677,
        "19_7": 0.02208,
        "27_7": 0.41655,
        "33_7": 1.39935,
        "35_7": 0.61188,
        "39_7": 1.23765,
        "3_8": 0.64061,
        "4_8": 0.52347,
        "6_8": 0.57532,
        "9_8": 1.25306,
        "15_8": 0.64171,
        "19_8": 0.30944,
        "23_8": 0.50063,
        "34_8": 0.18923,
        "38_8": 0.26412,
        "2_9": 1.26199,
        "9_9": 2.10592,
        "13_9": 0.15573,
        "20_9": 0.23143,
        "33_9": 1.73895,
        "34_9": 1.11416,
        "7_10": 6.54455,
        "8_10": 7.96171,
        "25_10": 0.20217,
        "7_11": 0.57744,
        "8_11": 1.81128,
        "18_11": 0.67471,
        "23_11": 0.6887,
        "25_11": 0.3895,
        "32_11": 0.23618,
        "17_12": 0.65343,
        "24_12": 0.56445,
        "26_12": 0.97093,
        "34_12": 1.56994,
        "2_13": 0.42123,
        "20_13": 0.02732,
        "27_13": 1.09655,
        "30_13": 0.5771,
        "31_13": 1.14802,
        "35_13": 0.78196,
        "38_13": 1.34605,
        "31_14": 2.74992,
        "38_14": 1.45815,
        "1_15": 1.59791,
        "5_15": 0.17438,
        "24_15": 0.23663,
        "34_15": 0.08854,
        "35_15": 1.40043,
        "1_16": 0.36813,
        "24_16": 0.89753,
        "25_16": 1.82539,
        "30_16": 0.57436,
        "34_16": 1.44345,
        "10_17": 0.16272,
        "20_17": 0.64703,
        "25_17": 1.56156,
        "27_17": 0.30356,
        "29_17": 1.03507,
        "38_17": 0.24048,
        "0_18": 3.96512,
        "22_18": 0.38765,
        "24_18": 1.40385,
        "29_18": 0.24828,
        "32_18": 0.03942,
        "1_19": 0.81476,
        "12_19": 0.50873,
        "20_19": 0.28127,
        "25_19": 0.53418,
        "31_19": 1.12106,
        "32_19": 0.01027,
        "10_20": 0.11209,
        "23_20": 0.15112,
        "24_20": 0.14157,
        "27_20": 0.47068,
        "30_20": 0.40909,
        "31_20": 0.85995,
        "36_20": 1.1019,
        "37_20": 0.50479,
        "11_21": 0.25619,
        "17_21": 3.55856,
        "22_21": 2.45116,
        "1_22": 0.13586,
        "11_22": 1.13271,
        "15_22": 0.22894,
        "16_22": 0.35182,
        "22_22": 0.93836,
        "26_22": 0.63691,
        "36_22": 0.30637,
        "2_23": 0.19913,
        "7_23": 7.03477,
        "20_23": 0.67633,
        "21_23": 0.58541,
        "2_24": 0.99565,
        "12_24": 0.18551,
        "17_24": 2.74044,
        "22_24": 0.5256,
        "26_24": 0.6619,
        "6_25": 1.00559,
        "16_25": 0.39951,
        "20_25": 0.6993,
        "24_25": 0.32073,
        "30_25": 0.33775,
        "33_25": 2.53683,
        "39_25": 1.26991,
        "9_26": 3.62183,
        "16_26": 0.68633,
        "38_26": 1.85317,
        "3_27": 0.36178,
        "12_27": 0.34941,
        "13_27": 0.73006,
        "19_27": 0.01614,
        "22_27": 0.47725,
        "25_27": 0.5159,
        "26_27": 0.52691,
        "32_27": 0.26909,
        "34_27": 0.3949,
        "37_27": 0.89889,
        "38_27": 0.22472,
        "1_28": 0.21122,
        "11_28": 0.97524,
        "14_28": 0.3981,
        "15_28": 0.54221,
        "18_28": 0.54226,
        "21_28": 0.02735,
        "0_29": 0.93515,
        "3_29": 0.46207,
        "12_29": 0.21716,
        "14_29": 0.27207,
        "17_29": 0.66552,
        "24_29": 0.39066,
        "28_29": 0.58785,
        "30_29": 0.44694,
        "32_29": 0.46692,
        "35_29": 0.16469
    },
    "best": {
        "0": 24.472862152195482,
        "1": 55.0860107031702,
        "2": 32.33322036837335,
        "3": 40.122555136002845,
        "4": 49.700382909129324,
        "5": 8.57112427243687,
        "6": 38.36744395047462,
        "7": 18.79499111623088,
        "8": 18.33092097091268,
        "9": 26.999262495591253,
        "10": 73.38079167190809,
        "11": 23.385425451134715,
        "12": 23.800931217564504,
        "13": 22.559607667166645,
        "14": 34.13606966340847,
        "15": 9.41036538620336,
        "16": 18.460238178130492,
        "17": 16.559705597748597,
        "18": 15.625898821360234,
        "19": 24.72038876131535,
        "20": 19.236381704500122,
        "21": 55.40718795420523,
        "22": 16.57611454317798,
        "23": 75.58508712575991,
        "24": 48.248016787537416,
        "25": 16.978851359004906,
        "26": 31.109957238874255,
        "27": 9.90689443991128,
        "28": 15.069714195806567,
        "29": 25.250624167244226
    },