{
    "throughput": 6.0,
    "class_probs": {
        "0": 0.0410162278252168,
        "1": 0.005852975929178528,
        "2": 0.009575679041395528,
        "3": 0.03128183187655196,
        "4": 0.015898643284027767,
        "5": 0.028902552546582035,
        "6": 0.037982389771590575,
        "7": 0.01657268975557157,
        "8": 0.017058375246509137,
        "9": 0.011872356689099431,
        "10": 0.015479834340067392,
        "11": 0.030269098238701587,
        "12": 0.008663309655931734,
        "13": 0.023398213036454164,
        "14": 0.038553181933834064,
        "15": 0.014264895427599239,
        "16": 0.04054650423133603,
        "17": 0.027382491876413784,
        "18": 0.021306505881553677,
        "19": 0.03757253406073574,
        "20": 0.039807669372820945,
        "21": 0.010315872973374543,
        "22": 0.037849235985097714,
        "23": 0.02714289759846182,
        "24": 0.014186561421808642,
        "25": 0.007656968826672221,
        "26": 0.03686833325881785,
        "27": 0.03928472798853585,
        "28": 0.00968804631898942,
        "29": 0.034087701570294816,
        "30": 0.03690369235335225,
        "31": 0.0339060622733501,
        "32": 0.03957377613172021,
        "33": 0.018049937153689286,
        "34": 0.00933603059874189,
        "35": 0.02574698814426225,
        "36": 0.02832873010021566,
        "37": 0.042168306055978155,
        "38": 0.027463768889436253,
        "39": 0.008184402336029392
    },
    "best_objective": 762.2019237700719,
    "classes": [
        "0",
        "1",
        "2",
        "3",
        "4",
        "5",
        "6",
        "7",
        "8",
        "9",
        "10",
        "11",
        "12",
        "13",
        "14",
        "15",
        "16",
        "17",
        "18",
        "19",
        "20",
        "21",
        "22",
        "23",
        "24",
        "25",
        "26",
        "27",
        "28",
        "29",
        "30",
        "31",
        "32",
        "33",
        "34",
        "35",
        "36",
        "37",
        "38",
        "39"
    ],
    "resources": [
        "0",
        "1",
        "2",
        "3",
        "4",
        "5",
        "6",
        "7",
        "8",
        "9",
        "10",
        "11",
        "12",
        "13",
        "14",
        "15",
        "16",
        "17",
        "18",
        "19",
        "20",
        "21",
        "22",
        "23",
        "24",
        "25",
        "26",
        "27",
        "28",
        "29"
    ],
    "demands": {
        "3_0": 1.31364,
        "7_0": 0.19539,
        "12_0": 4.25904,
        "21_0": 0.9952,
        "33_0": 0.93509,
        "1_1": 2.64581,
        "5_1": 0.0558,
        "12_1": 1.05628,
        "15_1": 1.17121,
        "35_1": 0.30975,
        "39_1": 1.3769,
        "14_2": 0.23092,
        "24_2": 1.19109,
        "27_2": 0.21229,
        "29_2": 0.44123,
        "36_2": 0.51588,
        "38_2": 0.30498,
        "5_3": 0.26286,
        "11_3": 0.54321,
        "13_3": 0.71316,
        "15_3": 0.28772,
        "22_3": 0.13711,
        "28_3": 1.23895,
        "31_3": 0.32677,
        "34_3": 0.16341,
        "6_4": 0.00891,
        "11_4": 0.60831,
        "19_4": 0.50094,
        "23_4": 0.49266,
        "29_4": 0.38021,
        "39_4": 1.13345,
        "3_5": 0.80444,
        "27_5": 2.99529,
        "2_6": 0.87867,
        "6_6": 0.58682,
        "20_6": 0.53198,
        "22_6": 0.66513,
        "25_6": 2.81384,
        "29_6": 0.16834,
        "32_6": 0.06113,
        "1_7": 7.67344,
        "11_7": 0.94395,
        "15_7": 1.88115,
        "17_7": 0.66581,
        "35_7": 0.40661,
        "36_7": 0.13821,
        "4_8": 0.65672,
        "6_8": 0.43863,
        "7_8": 0.9208,
        "8_8": 0.15127,
        "10_8": 0.26535,
        "22_8": 0.04117,
        "36_8": 0.70137,
        "39_8": 1.63947,
        "3_9": 0.76595,
        "10_9": 0.42254,
        "19_9": 0.11662,
        "20_9": 0.84514,
        "26_9": 0.912,
        "29_9": 0.0465,
        "34_9": 1.04006,
        "36_9": 0.19404,
        "2_10": 4.78045,
        "12_10": 3.99467,
        "27_10": 1.243,
        "34_10": 1.88392,
        "0_11": 0.35665,
        "6_11": 0.35006,
        "9_11": 1.49629,
        "11_11": 0.44301,
        "13_11": 0.33389,
        "20_11": 0.27511,
        "22_11": 0.92598,
        "37_11": 0.65291,
        "28_12": 9.0102,
        "5_13": 3.71495,
        "12_13": 1.05035,
        "22_13": 0.63402,
        "3_14": 0.86338,
        "14_14": 0.50358,
        "23_14": 0.59926,
        "26_14": 0.17835,
        "36_14": 0.18185,
        "11_15": 0.5141,
        "14_15": 0.54255,
        "26_15": 0.64806,
        "29_15": 1.13771,
        "2_16": 3.51394,
        "7_16": 2.04909,
        "16_16": 0.21639,
        "23_16": 0.23636,
        "27_16": 0.54728,
        "29_16": 0.77583,
        "2_17": 3.89911,
        "3_17": 0.56993,
        "9_17": 1.12276,
        "14_17": 0.30157,
        "16_17": 0.25554,
        "21_17": 2.89819,
        "10_18": 0.45363,
        "13_18": 1.07316,
        "15_18": 1.65898,
        "17_18": 0.92486,
        "18_18": 0.39831,
        "26_18": 0.82685,
        "28_18": 1.8204,
        "31_18": 0.00479,
        "10_19": 0.33268,
        "22_19": 0.00398,
        "29_19": 0.59904,
        "34_19": 1.99137,
        "37_19": 0.37868,
        "8_20": 0.97087,
        "18_20": 0.41366,
        "26_20": 0.17399,
        "32_20": 0.51786,
        "39_20": 1.76041,
        "1_21": 3.41021,
        "8_21": 0.78422,
        "9_21": 0.7699,
        "31_21": 1.50866,
        "36_21": 0.98875,
        "4_22": 0.07012,
        "9_22": 2.19414,
        "16_22": 0.49545,
        "20_22": 0.77266,
        "5_23": 0.81073,
        "11_23": 0.34633,
        "19_23": 0.45547,
        "20_23": 0.31062,
        "26_23": 0.28587,
        "38_23": 0.58618,
        "3_24": 0.62359,
        "8_24": 0.26171,
        "11_24": 0.42217,
        "18_24": 1.61276,
        "19_24": 0.41946,
        "23_24": 1.24252,
        "32_24": 0.0733,
        "33_24": 0.29053,
        "0_25": 0.24707,
        "18_25": 2.08017,
        "22_25": 0.23783,
        "24_25": 0.24097,
        "25_25": 1.97025,
        "26_25": 0.39538,
        "35_25": 1.74927,
        "18_26": 1.0046,
        "19_26": 0.0088,
        "23_26": 0.77726,
        "27_26": 1.03797,
        "30_26": 0.25176,
        "14_27": 0.47957,
        "23_27": 0.73517,
        "30_27": 0.25265,
        "31_27": 0.10832,
        "7_28": 0.23181,
        "12_28": 1.59632,
        "13_28": 0.93583,
        "16_28": 0.03273,
        "27_28": 0.70802,
        "28_28": 1.44891,
        "5_29": 1.36472,
        "6_29": 0.46316,
        "7_29": 0.06163,
        "14_29": 0.49981,
        "16_29": 1.17139,
        "37_29": 0.55549
    },
    "best": {
        "0": 35.304891991652994,
        "1": 39.61653193617624,
        "2": 7.572133212603424,
        "3": 24.797482397216086,
        "4": 16.449962085024904,
        "5": 19.867031657559505,
        "6": 20.68938836634062,
        "7": 55.08426229960426,
        "8": 16.953634176272942,
        "9": 10.436482020593514,
        "10": 59.87504903056671,
        "11": 13.89113633280813,
        "12": 63.18443131761547,
        "13": 30.592070791058248,
        "14": 9.55006888062885,
        "15": 8.960693762656021,
        "16": 41.981853001068195,
        "17": 44.12005666820211,
        "18": 29.946452027072198,
        "19": 13.260477810834846,
        "20": 19.036906005822008,
        "21": 38.11062689886052,
        "22": 16.269056192627314,
        "23": 11.973638039741132,
        "24": 19.654278617593725,
        "25": 17.743363301144388,
        "26": 18.632033690473694,
        "27": 8.582212643196735,
        "28": 34.34215250288977,
        "29": 15.723566112167346
    },