{
    "throughput": 9.0,
    "class_probs": {
        "0": 0.01609879900256927,
        "1": 0.032516421397410025,
        "2": 0.03167182195825487,
        "3": 0.037509929404644544,
        "4": 0.03093753910621346,
        "5": 0.00837658049587697,
        "6": 0.026201628694898386,
        "7": 0.019281714337293317,
        "8": 0.021482264775773845,
        "9": 0.008312970182442894,
        "10": 0.030203704693472944,
        "11": 0.02732900399431468,
        "12": 0.018300848918022892,
        "13": 0.008112479751294189,
        "14": 0.027802489169598734,
        "15": 0.02525180658598737,
        "16": 0.008736081074774226,
        "17": 0.019197884387925728,
        "18": 0.019477626216472477,
        "19": 0.02682502878263313,
        "20": 0.016846947619925987,
        "21": 0.042288613247383894,
        "22": 0.0055591544618263855,
        "23": 0.038352536301595755,
        "24": 0.03110159317862389,
        "25": 0.0061163538468531125,
        "26": 0.009590505959017524,
        "27": 0.030329738188866574,
        "28": 0.018145055484700297,
        "29": 0.04162755418934595,
        "30": 0.03149876016805977,
        "31": 0.02804430139847893,
        "32": 0.0456476744863592,
        "33": 0.03697671101209786,
        "34": 0.02471388692073287,
        "35": 0.02314222823251432,
        "36": 0.044876122471094,
        "37": 0.02737017959022155,
        "38": 0.03830357791466379,
        "39": 0.015841882397764424
    },
    "best_objective": 493.751333893387,
    "classes": [
        "0",
        "1",
        "2",
        "3",
        "4",
        "5",
        "6",
        "7",
        "8",
        "9",
        "10",
        "11",
        "12",
        "13",
        "14",
        "15",
        "16",
        "17",
        "18",
        "19",
        "20",
        "21",
        "22",
        "23",
        "24",
        "25",
        "26",
        "27",
        "28",
        "29",
        "30",
        "31",
        "32",
        "33",
        "34",
        "35",
        "36",
        "37",
        "38",
        "39"
    ],
    "resources": [
        "0",
        "1",
        "2",
        "3",
        "4",
        "5",
        "6",
        "7",
        "8",
        "9",
        "10",
        "11",
        "12",
        "13",
        "14",
        "15",
        "16",
        "17",
        "18",
        "19",
        "20",
        "21",
        "22",
        "23",
        "24",
        "25",
        "26",
        "27",
        "28",
        "29"
    ],
    "demands": {
        "1_0": 0.27585,
        "10_0": 0.50724,
        "17_0": 0.54626,
        "18_0": 0.55839,
        "20_0": 0.01599,
        "6_1": 0.24012,
        "12_1": 0.22615,
        "22_1": 1.18183,
        "24_1": 0.13755,
        "26_1": 0.37481,
        "30_1": 0.26322,
        "38_1": 0.12956,
        "0_2": 0.02103,
        "7_2": 1.23461,
        "16_2": 2.73904,
        "31_2": 0.83456,
        "2_3": 0.45287,
        "10_3": 0.3739,
        "18_3": 0.88941,
        "23_3": 0.37929,
        "32_3": 0.18396,
        "33_3": 0.14185,
        "36_3": 0.03921,
        "37_3": 0.33307,
        "0_4": 0.69363,
        "1_4": 0.3315,
        "3_4": 0.16992,
        "6_4": 0.35971,
        "15_4": 0.23907,
        "18_4": 0.3288,
        "9_5": 1.6405,
        "18_5": 0.14041,
        "27_5": 0.15393,
        "29_5": 0.16071,
        "34_5": 0.59689,
        "2_6": 0.29002,
        "6_6": 0.10183,
        "8_6": 0.64732,
        "10_6": 0.03979,
        "13_6": 1.85496,
        "28_6": 0.1496,
        "33_6": 0.42332,
        "0_7": 0.30102,
        "20_7": 1.11305,
        "27_7": 0.29255,
        "28_7": 0.60316,
        "32_7": 0.23014,
        "10_8": 0.03661,
        "20_8": 0.51657,
        "28_8": 2.20471,
        "31_8": 0.59632,
        "7_9": 0.17677,
        "12_9": 0.16503,
        "14_9": 0.54517,
        "15_9": 0.0117,
        "21_9": 0.27916,
        "25_9": 2.03356,
        "1_10": 0.15521,
        "20_10": 0.95096,
        "21_10": 0.58149,
        "22_10": 2.2975,
        "24_10": 0.14854,
        "37_10": 0.37578,
        "39_10": 0.06602,
        "30_11": 1.57438,
        "33_11": 1.14715,
        "15_12": 0.47773,
        "18_12": 0.73878,
        "33_12": 0.3443,
        "11_13": 0.07542,
        "14_13": 0.33622,
        "16_13": 1.12148,
        "33_13": 0.32961,
        "34_13": 0.36438,
        "38_13": 0.27974,
        "0_14": 0.03496,
        "4_14": 0.2233,
        "6_14": 0.17608,
        "12_14": 0.43576,
        "23_14": 0.35836,
        "27_14": 0.47549,
        "38_14": 0.25751,
        "2_15": 0.30468,
        "16_15": 1.39596,
        "23_15": 0.24815,
        "25_15": 2.80166,
        "26_15": 1.79546,
        "34_15": 0.30552,
        "39_15": 1.23372,
        "28_16": 4.39463,
        "6_17": 0.17739,
        "14_17": 0.19896,
        "20_17": 0.68176,
        "23_17": 0.02896,
        "24_17": 0.1784,
        "25_17": 1.66822,
        "31_17": 0.03957,
        "33_17": 0.10932,
        "37_17": 0.45084,
        "38_17": 0.02878,
        "1_18": 0.23393,
        "7_18": 0.28407,
        "11_18": 0.11373,
        "13_18": 0.33505,
        "24_18": 0.14565,
        "25_18": 0.93976,
        "39_18": 0.3291,
        "7_19": 0.17794,
        "9_19": 0.34775,
        "10_19": 0.13484,
        "12_19": 0.2627,
        "13_19": 0.78837,
        "17_19": 0.14213,
        "18_19": 0.08748,
        "26_19": 0.57714,
        "27_19": 0.11118,
        "34_19": 0.00374,
        "38_19": 0.10695,
        "0_20": 0.9339,
        "4_20": 0.56673,
        "8_20": 0.29528,
        "27_20": 0.947,
        "38_20": 0.47156,
        "5_21": 1.06574,
        "8_21": 0.67815,
        "26_21": 1.3803,
        "35_21": 0.52563,
        "39_21": 0.64506,
        "4_22": 0.47089,
        "8_22": 0.10228,
        "11_22": 0.20842,
        "14_22": 0.01975,
        "19_22": 0.60295,
        "34_22": 0.43924,
        "17_23": 0.75679,
        "25_23": 1.54815,
        "33_23": 0.23335,
        "34_23": 1.75078,
        "9_24": 1.1151,
        "12_24": 0.6369,
        "16_24": 0.39536,
        "19_24": 0.42186,
        "28_24": 0.666,
        "37_24": 0.34023,
        "39_24": 0.70623,
        "0_25": 0.43714,
        "7_25": 0.50335,
        "19_25": 0.09193,
        "21_25": 0.33361,
        "28_25": 0.36859,
        "29_25": 0.11637,
        "32_25": 0.2633,
        "36_25": 0.07186,
        "3_26": 0.26631,
        "9_26": 0.49377,
        "35_26": 0.2113,
        "36_26": 0.12872,
        "37_26": 0.28813,
        "39_26": 0.38904,
        "5_27": 0.20438,
        "7_27": 0.22381,
        "10_27": 0.30858,
        "11_27": 0.11036,
        "13_27": 0.66172,
        "15_27": 0.14158,
        "19_27": 0.27888,
        "20_27": 0.58093,
        "24_27": 0.32097,
        "27_27": 0.05179,
        "37_27": 0.17923,
        "9_28": 0.31594,
        "27_28": 1.14782,
        "10_29": 1.08804,
        "18_29": 1.14672
    },
    "best": {
        "0": 11.390537736789472,
        "1": 10.350152606402315,
        "2": 18.61460785439361,
        "3": 14.74685808596134,
        "4": 8.875120694962025,
        "5": 14.659089378667218,
        "6": 14.856202598163202,
        "7": 16.41392168261618,
        "8": 29.12096759340373,
        "9": 30.816473988619208,
        "10": 13.300008145776486,
        "11": 6.730938658464428,
        "12": 13.38666619367563,
        "13": 12.677611932488098,
        "14": 7.639629235405946,
        "15": 39.951255388430305,
        "16": 40.9863604581223,
        "17": 28.10970579416777,
        "18": 21.565788031186244,
        "19": 12.508915325361365,
        "20": 10.814899952460745,
        "21": 8.691318297177808,
        "22": 3.266969151434904,
        "23": 27.928887117000457,
        "24": 20.409517844620478,
        "25": 12.20297365973983,
        "26": 6.9862219481435295,
        "27": 7.919283796704058,
        "28": 12.60279564782758,
        "29": 16.227655095220715
    },