{
    "throughput": 9.0,
    "class_probs": {
        "0": 0.018994751321010615,
        "1": 0.010092371432024856,
        "2": 0.03517403689283708,
        "3": 0.044080446504364844,
        "4": 0.04513522662262119,
        "5": 0.013498225229582779,
        "6": 0.034036141307056705,
        "7": 0.037512320763701264,
        "8": 0.00992675382277072,
        "9": 0.010382699371790028,
        "10": 0.01769415127255743,
        "11": 0.005996831287377833,
        "12": 0.01879228743821855,
        "13": 0.004817383702407468,
        "14": 0.038082995713963626,
        "15": 0.015251604534541536,
        "16": 0.036962808549300806,
        "17": 0.03591404745660861,
        "18": 0.014069542342413364,
        "19": 0.043364227038678156,
        "20": 0.028085926182288497,
        "21": 0.025401526148868314,
        "22": 0.009955877131523162,
        "23": 0.034216940953194906,
        "24": 0.042732004592385055,
        "25": 0.007391206010110066,
        "26": 0.03257573799297793,
        "27": 0.03031410032115989,
        "28": 0.024390454794696606,
        "29": 0.034517374898576945,
        "30": 0.030577579409250294,
        "31": 0.020425292993268833,
        "32": 0.02727950776750281,
        "33": 0.03703079479072388,
        "34": 0.009980778551902339,
        "35": 0.015677628939146163,
        "36": 0.029693866742093223,
        "37": 0.013566573358855515,
        "38": 0.015274390171955865,
        "39": 0.04113358564569228
    },
    "best_objective": 442.32944277358393,
    "classes": [
        "0",
        "1",
        "2",
        "3",
        "4",
        "5",
        "6",
        "7",
        "8",
        "9",
        "10",
        "11",
        "12",
        "13",
        "14",
        "15",
        "16",
        "17",
        "18",
        "19",
        "20",
        "21",
        "22",
        "23",
        "24",
        "25",
        "26",
        "27",
        "28",
        "29",
        "30",
        "31",
        "32",
        "33",
        "34",
        "35",
        "36",
        "37",
        "38",
        "39"
    ],
    "resources": [
        "0",
        "1",
        "2",
        "3",
        "4",
        "5",
        "6",
        "7",
        "8",
        "9",
        "10",
        "11",
        "12",
        "13",
        "14",
        "15",
        "16",
        "17",
        "18",
        "19",
        "20",
        "21",
        "22",
        "23",
        "24",
        "25",
        "26",
        "27",
        "28",
        "29"
    ],
    "demands": {
        "16_0": 0.15685,
        "17_0": 0.17691,
        "20_0": 0.10113,
        "26_0": 0.11606,
        "31_0": 0.33191,
        "33_0": 0.28146,
        "34_0": 0.72977,
        "36_0": 0.02483,
        "37_0": 0.60408,
        "38_0": 0.21668,
        "39_0": 0.05734,
        "21_1": 0.06823,
        "30_1": 0.35795,
        "31_1": 1.04459,
        "34_1": 2.22335,
        "3_2": 0.30356,
        "16_2": 0.28779,
        "17_2": 0.44757,
        "27_2": 1.15043,
        "35_2": 0.48723,
        "5_3": 0.42538,
        "6_3": 0.37851,
        "20_3": 0.39694,
        "25_3": 1.03142,
        "29_3": 0.04357,
        "30_3": 0.23785,
        "37_3": 0.57132,
        "38_3": 0.45671,
        "3_4": 0.25776,
        "8_4": 0.56596,
        "10_4": 1.06919,
        "26_4": 0.313,
        "31_4": 0.35618,
        "1_5": 0.04759,
        "4_5": 0.01161,
        "10_5": 0.26343,
        "12_5": 0.20536,
        "14_5": 0.06623,
        "17_5": 0.15957,
        "21_5": 0.24778,
        "26_5": 0.0029,
        "28_5": 0.11191,
        "34_5": 0.43437,
        "35_5": 0.48173,
        "4_6": 0.81898,
        "11_6": 2.97526,
        "23_6": 0.18043,
        "1_7": 0.68098,
        "2_7": 0.15394,
        "4_7": 0.357,
        "15_7": 0.96884,
        "26_7": 0.16856,
        "38_7": 0.254,
        "12_8": 0.49004,
        "30_8": 0.86728,
        "32_8": 0.66465,
        "36_8": 0.88507,
        "1_9": 2.05466,
        "4_9": 0.11283,
        "10_9": 0.27764,
        "14_9": 0.47709,
        "39_9": 0.35901,
        "0_10": 0.59486,
        "22_10": 1.41813,
        "26_10": 0.27757,
        "28_10": 0.37442,
        "30_10": 0.36447,
        "16_11": 0.3267,
        "19_11": 0.24613,
        "21_11": 0.85148,
        "2_12": 0.29018,
        "7_12": 0.18642,
        "18_12": 0.22151,
        "26_12": 0.24965,
        "34_12": 0.36029,
        "36_12": 0.05628,
        "3_13": 0.25994,
        "12_13": 1.38777,
        "19_13": 0.47195,
        "30_13": 0.12991,
        "34_13": 1.2268,
        "13_14": 2.21912,
        "16_14": 0.91276,
        "22_14": 0.10877,
        "23_14": 0.23984,
        "31_14": 1.35368,
        "0_15": 0.32526,
        "9_15": 1.44715,
        "12_15": 0.81402,
        "15_15": 0.42197,
        "17_15": 0.4749,
        "19_15": 0.05382,
        "21_15": 0.38663,
        "4_16": 0.10299,
        "8_16": 1.20726,
        "15_16": 0.34851,
        "17_16": 0.1126,
        "19_16": 0.20047,
        "33_16": 0.13376,
        "39_16": 0.1673,
        "9_17": 3.58721,
        "15_17": 1.26265,
        "19_17": 0.05523,
        "33_17": 1.10751,
        "4_18": 0.13114,
        "11_18": 1.79227,
        "26_18": 0.26106,
        "29_18": 0.06615,
        "36_18": 0.30001,
        "3_19": 0.23283,
        "5_19": 0.41245,
        "10_19": 0.74622,
        "18_19": 0.28175,
        "21_19": 0.66578,
        "32_19": 0.11121,
        "1_20": 2.71729,
        "5_20": 0.83763,
        "6_20": 0.5234,
        "19_20": 0.58142,
        "21_20": 0.22676,
        "34_20": 0.09327,
        "35_21": 3.97864,
        "7_22": 0.28917,
        "12_22": 0.66379,
        "28_22": 0.36397,
        "29_22": 0.61935,
        "16_23": 0.28017,
        "20_23": 0.72251,
        "38_23": 1.15524,
        "2_24": 0.02771,
        "5_24": 0.67505,
        "8_24": 0.11934,
        "17_24": 0.17516,
        "24_24": 0.15888,
        "25_24": 0.65808,
        "31_24": 0.162,
        "32_24": 0.0462,
        "36_24": 0.36789,
        "37_24": 1.29525,
        "38_24": 0.21754,
        "1_25": 0.10075,
        "10_25": 0.46535,
        "34_25": 1.01485,
        "37_25": 0.18183,
        "38_25": 0.95841,
        "5_26": 0.39265,
        "16_26": 0.50368,
        "17_26": 0.21338,
        "18_26": 1.58934,
        "24_26": 0.15703,
        "33_26": 0.79316,
        "14_27": 0.04279,
        "20_27": 1.19173,
        "35_27": 1.64427,
        "3_28": 0.194,
        "10_28": 0.58814,
        "13_28": 1.39668,
        "15_28": 1.45633,
        "18_28": 0.95561,
        "22_28": 1.75526,
        "5_29": 0.42963,
        "9_29": 0.65177,
        "16_29": 0.02219,
        "18_29": 0.49642,
        "30_29": 0.16523,
        "31_29": 0.3839,
        "35_29": 0.55669
    },
    "best": {
        "0": 16.172246890698784,
        "1": 26.46719563537448,
        "2": 12.397974188896123,
        "3": 7.828498028110641,
        "4": 8.482573145066276,
        "5": 17.955534922036296,
        "6": 18.163739977064875,
        "7": 14.16261704535639,
        "8": 6.839118376187567,
        "9": 18.36713550371845,
        "10": 7.937014167661722,
        "11": 5.213528714157498,
        "12": 11.26892792114016,
        "13": 22.505219839484248,
        "14": 10.750630849806312,
        "15": 16.467661784002384,
        "16": 6.080187550246209,
        "17": 22.246333941781433,
        "18": 13.998880092876162,
        "19": 9.80446585788887,
        "20": 22.16614684384094,
        "21": 33.86526425000299,
        "22": 7.602499333977821,
        "23": 9.4079721300591,
        "24": 8.032994228694161,
        "25": 20.76370111869685,
        "26": 10.438911312991658,
        "27": 21.95778255593189,
        "28": 18.502845812866003,
        "29": 16.481840754967596
    },