{
    "throughput": 9.0,
    "class_probs": {
        "0": 0.022809382806846315,
        "1": 0.01888083550102626,
        "2": 0.030718053535881456,
        "3": 0.011829336698817632,
        "4": 0.03501924298612074,
        "5": 0.011164791047159936,
        "6": 0.03630774267915237,
        "7": 0.039076373650273756,
        "8": 0.012743952349426518,
        "9": 0.025154216225703945,
        "10": 0.008124075140721268,
        "11": 0.009697904900500062,
        "12": 0.0075238841900126885,
        "13": 0.04342361671433575,
        "14": 0.04334376344817036,
        "15": 0.03575280433241961,
        "16": 0.04104432135134433,
        "17": 0.010189326917817099,
        "18": 0.01722242407994894,
        "19": 0.019372080063126233,
        "20": 0.02457490116642301,
        "21": 0.02540429093280919,
        "22": 0.018892328107210612,
        "23": 0.018707497465428824,
        "24": 0.01475786807398083,
        "25": 0.028770808407672675,
        "26": 0.02617335180606286,
        "27": 0.02391035652509279,
        "28": 0.03065178754922722,
        "29": 0.024832025276968196,
        "30": 0.026320683006281896,
        "31": 0.013570651058451547,
        "32": 0.042737313439444084,
        "33": 0.04080375319646998,
        "34": 0.024896343994101754,
        "35": 0.04030160002989915,
        "36": 0.037963876835109815,
        "37": 0.035572050380778535,
        "38": 0.013743739434190138,
        "39": 0.008016644695591574
    },
    "best_objective": 569.5348875831284,
    "classes": [
        "0",
        "1",
        "2",
        "3",
        "4",
        "5",
        "6",
        "7",
        "8",
        "9",
        "10",
        "11",
        "12",
        "13",
        "14",
        "15",
        "16",
        "17",
        "18",
        "19",
        "20",
        "21",
        "22",
        "23",
        "24",
        "25",
        "26",
        "27",
        "28",
        "29",
        "30",
        "31",
        "32",
        "33",
        "34",
        "35",
        "36",
        "37",
        "38",
        "39"
    ],
    "resources": [
        "0",
        "1",
        "2",
        "3",
        "4",
        "5",
        "6",
        "7",
        "8",
        "9",
        "10",
        "11",
        "12",
        "13",
        "14",
        "15",
        "16",
        "17",
        "18",
        "19",
        "20",
        "21",
        "22",
        "23",
        "24",
        "25",
        "26",
        "27",
        "28",
        "29"
    ],
    "demands": {
        "10_0": 0.36219,
        "15_0": 0.13026,
        "19_0": 0.68394,
        "30_0": 0.51955,
        "34_0": 0.17606,
        "37_0": 0.05877,
        "2_1": 0.1285,
        "11_1": 0.68314,
        "13_1": 0.12585,
        "21_1": 0.63935,
        "22_1": 0.87403,
        "25_1": 0.29257,
        "29_1": 0.13128,
        "33_1": 0.40132,
        "35_1": 0.39151,
        "2_2": 0.8065,
        "12_2": 0.14076,
        "19_2": 0.15714,
        "30_2": 0.15844,
        "38_2": 1.28895,
        "21_3": 0.47864,
        "23_3": 0.59342,
        "24_3": 0.79399,
        "26_3": 0.15661,
        "28_3": 0.38306,
        "32_3": 0.28202,
        "36_3": 0.23729,
        "37_3": 0.09725,
        "38_3": 0.23464,
        "10_4": 3.41907,
        "32_4": 0.40928,
        "34_4": 0.72928,
        "35_4": 0.20009,
        "2_5": 0.02553,
        "3_5": 0.90789,
        "17_5": 1.63528,
        "19_5": 1.72159,
        "27_5": 1.42751,
        "8_6": 0.94276,
        "17_6": 0.56011,
        "20_6": 0.19463,
        "21_6": 0.17934,
        "33_6": 0.29273,
        "39_6": 1.41641,
        "2_7": 0.38246,
        "14_7": 0.20073,
        "21_7": 0.3515,
        "23_7": 0.59676,
        "26_7": 0.25976,
        "39_7": 1.60354,
        "8_8": 0.03911,
        "10_8": 3.21108,
        "22_8": 0.23428,
        "36_8": 0.23323,
        "7_9": 0.18301,
        "10_9": 0.80545,
        "12_9": 1.54042,
        "20_9": 0.36989,
        "27_9": 0.02624,
        "29_9": 0.17507,
        "33_9": 9e-05,
        "8_10": 0.50925,
        "22_10": 1.42426,
        "28_10": 0.96387,
        "30_10": 1.07931,
        "0_11": 0.38845,
        "20_11": 0.26522,
        "22_11": 0.62218,
        "32_11": 0.08395,
        "38_11": 0.45997,
        "9_12": 0.36011,
        "14_12": 0.04106,
        "16_12": 0.32792,
        "31_12": 0.88595,
        "39_12": 0.12482,
        "1_13": 0.77836,
        "4_13": 0.42629,
        "5_13": 1.09779,
        "13_13": 0.16147,
        "20_13": 0.11938,
        "33_13": 0.07147,
        "38_13": 0.5686,
        "0_14": 0.25394,
        "2_14": 0.55765,
        "7_14": 0.01623,
        "16_14": 0.10591,
        "19_14": 0.68476,
        "22_14": 0.32291,
        "29_14": 0.12569,
        "34_14": 0.86799,
        "39_14": 0.32715,
        "0_15": 0.71266,
        "1_15": 0.01929,
        "7_15": 0.05804,
        "27_15": 0.93899,
        "29_15": 0.10059,
        "36_15": 0.59765,
        "37_15": 0.33029,
        "6_16": 0.74079,
        "31_16": 1.00396,
        "33_16": 0.39139,
        "34_16": 1.31298,
        "7_17": 0.50538,
        "14_17": 0.27354,
        "28_17": 0.31687,
        "27_18": 0.56358,
        "32_18": 0.28574,
        "34_18": 0.11516,
        "36_18": 0.35424,
        "14_19": 0.70489,
        "18_19": 0.80302,
        "32_19": 0.24071,
        "38_19": 1.75077,
        "39_19": 0.97726,
        "5_20": 0.26319,
        "30_20": 1.01589,
        "34_20": 0.60952,
        "5_21": 1.00654,
        "14_21": 0.54567,
        "28_21": 0.14792,
        "33_21": 0.2834,
        "35_21": 0.44131,
        "4_22": 1.06824,
        "15_22": 0.43212,
        "5_23": 0.1468,
        "6_23": 0.59524,
        "14_23": 0.32374,
        "22_23": 1.80599,
        "1_24": 0.08734,
        "10_24": 2.71328,
        "17_24": 1.93908,
        "30_24": 1.19861,
        "14_25": 1.80501,
        "8_26": 0.40247,
        "9_26": 0.19651,
        "17_26": 1.19245,
        "20_26": 0.13282,
        "21_26": 0.14693,
        "24_26": 0.41861,
        "25_26": 0.30224,
        "26_26": 0.26002,
        "37_26": 0.46207,
        "39_26": 1.32427,
        "17_27": 3.08467,
        "19_27": 0.93237,
        "21_27": 1.03804,
        "38_27": 1.6086,
        "3_28": 1.6752,
        "9_28": 0.4105,
        "12_28": 2.28788,
        "18_28": 1.00248,
        "19_28": 0.37273,
        "37_28": 0.34684,
        "39_28": 0.51393,
        "12_29": 5.20322,
        "20_29": 0.64358,
        "30_29": 0.13352,
        "32_29": 0.01952
    },
    "best": {
        "0": 13.417746635353083,
        "1": 14.569193087812293,
        "2": 18.341390860004193,
        "3": 7.919417168316385,
        "4": 39.55373170522489,
        "5": 21.51433001481499,
        "6": 21.90257519760392,
        "7": 20.68369925377207,
        "8": 37.828058528262225,
        "9": 27.074743713191467,
        "10": 18.3560538729798,
        "11": 15.7045894954652,
        "12": 6.214346412586966,
        "13": 12.07988937390882,
        "14": 15.986225271036322,
        "15": 7.441337127123219,
        "16": 12.265060401185988,
        "17": 6.029808653286232,
        "18": 6.604099383848611,
        "19": 27.30373432661172,
        "20": 8.21351138242127,
        "21": 8.610188293284036,
        "22": 4.537697363912949,
        "23": 21.3241239788104,
        "24": 40.267350588410004,
        "25": 15.23824244474337,
        "26": 24.709399346050343,
        "27": 32.99235052539653,
        "28": 26.811116895544348,
        "29": 36.040876282166586
    },