{
    "throughput": 8.0,
    "class_probs": {
        "0": 0.01994865070619767,
        "1": 0.029538072499300853,
        "2": 0.03848294515981886,
        "3": 0.020641806851737592,
        "4": 0.009947087879369348,
        "5": 0.030474549960429503,
        "6": 0.00723601252375296,
        "7": 0.011996257122590254,
        "8": 0.02779650790687561,
        "9": 0.036352542908528664,
        "10": 0.011130654875127443,
        "11": 0.011991717761796795,
        "12": 0.0065731004221143245,
        "13": 0.02927454247555549,
        "14": 0.029256570670954617,
        "15": 0.005890185671471484,
        "16": 0.04469237868721615,
        "17": 0.0065554032773064205,
        "18": 0.03165701302134873,
        "19": 0.043404838364081,
        "20": 0.0360878382279271,
        "21": 0.01625803422345429,
        "22": 0.03953960798469633,
        "23": 0.03164261164829274,
        "24": 0.021871535967553302,
        "25": 0.029602708269375697,
        "26": 0.030258258973037296,
        "27": 0.019811864415147998,
        "28": 0.03556310039583215,
        "29": 0.005791907658431824,
        "30": 0.04003150733092629,
        "31": 0.035029810037791785,
        "32": 0.03323983050239507,
        "33": 0.015629651747143966,
        "34": 0.04567964587851699,
        "35": 0.017092627601464783,
        "36": 0.014969185868321204,
        "37": 0.022976925296618652,
        "38": 0.042501327298670524,
        "39": 0.013581181928828326
    },
    "best_objective": 828.4517404018283,
    "classes": [
        "0",
        "1",
        "2",
        "3",
        "4",
        "5",
        "6",
        "7",
        "8",
        "9",
        "10",
        "11",
        "12",
        "13",
        "14",
        "15",
        "16",
        "17",
        "18",
        "19",
        "20",
        "21",
        "22",
        "23",
        "24",
        "25",
        "26",
        "27",
        "28",
        "29",
        "30",
        "31",
        "32",
        "33",
        "34",
        "35",
        "36",
        "37",
        "38",
        "39"
    ],
    "resources": [
        "0",
        "1",
        "2",
        "3",
        "4",
        "5",
        "6",
        "7",
        "8",
        "9",
        "10",
        "11",
        "12",
        "13",
        "14",
        "15",
        "16",
        "17",
        "18",
        "19",
        "20",
        "21",
        "22",
        "23",
        "24",
        "25",
        "26",
        "27",
        "28",
        "29"
    ],
    "demands": {
        "1_0": 0.29101,
        "11_0": 0.74119,
        "12_0": 1.64744,
        "25_0": 0.44449,
        "30_0": 0.26244,
        "34_0": 0.05503,
        "35_0": 0.44798,
        "11_1": 0.96521,
        "13_1": 0.23519,
        "23_1": 0.49408,
        "24_1": 0.62204,
        "25_1": 0.42073,
        "26_1": 0.17204,
        "34_1": 0.16409,
        "7_2": 0.01936,
        "12_2": 1.63049,
        "16_2": 0.63044,
        "20_2": 0.28553,
        "27_2": 1.51475,
        "29_2": 5.01603,
        "14_3": 0.54172,
        "15_3": 1.92083,
        "20_3": 0.22948,
        "26_3": 0.49513,
        "29_3": 2.76779,
        "35_3": 0.64651,
        "39_3": 0.39923,
        "8_4": 0.62785,
        "13_4": 0.30633,
        "14_4": 0.00578,
        "18_4": 0.03389,
        "19_4": 0.10477,
        "22_4": 0.39096,
        "27_4": 0.4517,
        "33_4": 0.05955,
        "7_5": 1.17552,
        "20_5": 0.68052,
        "21_5": 1.47903,
        "23_5": 0.49549,
        "34_5": 0.35321,
        "2_6": 0.04116,
        "6_6": 1.54971,
        "7_6": 0.10343,
        "8_6": 0.16493,
        "9_6": 0.20467,
        "11_6": 0.81476,
        "17_6": 1.03513,
        "18_6": 0.05969,
        "22_6": 0.12043,
        "26_6": 0.18465,
        "28_6": 0.04166,
        "33_6": 0.24221,
        "38_6": 0.07388,
        "1_7": 0.28753,
        "5_7": 0.49686,
        "19_7": 0.2891,
        "25_7": 0.66964,
        "31_7": 0.18665,
        "5_8": 0.15439,
        "9_8": 0.20296,
        "12_8": 0.48014,
        "13_8": 0.13962,
        "16_8": 0.01394,
        "21_8": 0.1877,
        "25_8": 0.0394,
        "31_8": 0.12738,
        "34_8": 0.13674,
        "35_8": 0.16822,
        "11_9": 2.0406,
        "16_9": 0.11379,
        "21_9": 1.44872,
        "34_9": 0.7335,
        "35_9": 0.98645,
        "2_10": 0.04351,
        "6_10": 2.44777,
        "30_10": 0.41784,
        "32_10": 0.15853,
        "37_10": 0.71151,
        "8_11": 2.72439,
        "24_11": 1.49661,
        "2_12": 0.26496,
        "8_12": 0.27119,
        "11_12": 0.37811,
        "18_12": 0.32272,
        "21_12": 0.02047,
        "26_12": 0.08118,
        "38_12": 0.18588,
        "17_13": 12.68406,
        "0_14": 0.03796,
        "4_14": 0.91199,
        "20_14": 1.02563,
        "22_14": 0.15352,
        "28_14": 0.50199,
        "29_14": 1.14855,
        "33_14": 0.57286,
        "39_14": 1.75091,
        "7_15": 0.55864,
        "15_15": 4.9336,
        "23_15": 0.35691,
        "25_15": 0.20837,
        "29_15": 0.66555,
        "34_15": 0.16989,
        "37_15": 1.27416,
        "1_16": 0.33649,
        "7_16": 0.95899,
        "22_16": 0.01903,
        "29_16": 2.86525,
        "33_16": 1.27059,
        "36_16": 0.18503,
        "1_17": 0.19688,
        "3_17": 0.49579,
        "5_17": 0.05067,
        "34_17": 0.37728,
        "35_17": 0.30794,
        "36_17": 0.13887,
        "0_18": 1.1202,
        "1_18": 0.12363,
        "4_18": 1.20897,
        "23_18": 0.29472,
        "38_18": 0.57002,
        "0_19": 0.34237,
        "1_19": 0.14457,
        "14_19": 0.41509,
        "16_19": 0.21653,
        "19_19": 0.05917,
        "36_19": 0.39823,
        "37_19": 0.48477,
        "5_20": 1.01027,
        "15_20": 0.59142,
        "25_20": 0.92146,
        "36_20": 2.49589,
        "7_21": 2.60788,
        "8_21": 0.05937,
        "19_21": 0.54716,
        "28_21": 0.492,
        "37_21": 0.11436,
        "4_22": 1.58482,
        "5_22": 0.16762,
        "10_22": 1.44901,
        "15_22": 1.74118,
        "20_22": 0.21672,
        "22_22": 0.24255,
        "28_22": 0.29701,
        "38_22": 0.40542,
        "39_22": 0.98174,
        "7_23": 0.9192,
        "32_23": 0.86566,
        "37_23": 1.93154,
        "3_24": 0.28969,
        "8_24": 0.33831,
        "14_24": 0.30302,
        "19_24": 0.1881,
        "27_24": 0.19469,
        "28_24": 0.08741,
        "1_25": 1.20557,
        "12_25": 1.56089,
        "24_25": 0.48339,
        "27_25": 1.51809,
        "29_25": 2.5136,
        "37_25": 0.27208,
        "8_26": 0.40579,
        "14_26": 0.05197,
        "15_26": 2.0133,
        "33_26": 1.19589,
        "39_26": 0.00581,
        "12_27": 2.54523,
        "14_27": 0.57008,
        "23_27": 0.26858,
        "39_27": 2.19603,
        "5_28": 0.7903,
        "23_28": 0.61311,
        "26_28": 0.02622,
        "29_28": 2.644,
        "30_28": 0.22629,
        "35_28": 0.88045,
        "36_28": 0.60785,
        "39_28": 0.72792,
        "11_29": 1.92204,
        "12_29": 2.80874,
        "21_29": 0.7651,
        "28_29": 0.36079,
        "30_29": 0.1777,
        "31_29": 0.77312
    },
    "best": {
        "0": 28.534860833955275,
        "1": 16.12763938701433,
        "2": 78.07356656511148,
        "3": 61.19695845006071,
        "4": 9.977667742596626,
        "5": 14.494421854508259,
        "6": 22.595116435370116,
        "7": 3.9248704138758645,
        "8": 13.534524735439113,
        "9": 23.08287678441879,
        "10": 11.11162226489013,
        "11": 20.69300134825054,
        "12": 11.78645135752849,
        "13": 50.772445621229004,
        "14": 36.27511160239234,
        "15": 52.60912594434747,
        "16": 57.25974604906927,
        "17": 2.253692092197795,
        "18": 6.23633946189211,
        "19": 6.534608458854549,
        "20": 17.68570110720953,
        "21": 21.450055403212502,
        "22": 26.923270591652106,
        "23": 16.893449021717064,
        "24": 7.332392223804807,