{
    "throughput": 6.0,
    "class_probs": {
        "0": 0.012105641295380859,
        "1": 0.04022544931761511,
        "2": 0.03535869780131438,
        "3": 0.041247330468877366,
        "4": 0.0066268890766721196,
        "5": 0.005606962794956375,
        "6": 0.014268275906372974,
        "7": 0.018486783408501885,
        "8": 0.02115176110018813,
        "9": 0.020443320051670558,
        "10": 0.029118217158501453,
        "11": 0.005334229343312603,
        "12": 0.029758424707054983,
        "13": 0.04173231358656208,
        "14": 0.011928117572643114,
        "15": 0.04491030054480645,
        "16": 0.02588745549503418,
        "17": 0.042736628045451114,
        "18": 0.018132455079395936,
        "19": 0.03177297462731275,
        "20": 0.01334888108583357,
        "21": 0.04455858462289646,
        "22": 0.026236524273919534,
        "23": 0.04018309738501897,
        "24": 0.034991917358162754,
        "25": 0.021251539939847013,
        "26": 0.022429267703921934,
        "27": 0.006289634171614097,
        "28": 0.012782139918301362,
        "29": 0.0375548314924771,
        "30": 0.006466500978899287,
        "31": 0.03037032445641466,
        "32": 0.034067313965971534,
        "33": 0.015391465690599527,
        "34": 0.02806631844306683,
        "35": 0.0378987086753243,
        "36": 0.014092198114420425,
        "37": 0.021509358644666896,
        "38": 0.015359300205661576,
        "39": 0.0403198654913578
    },
    "best_objective": 1143.7265750651343,
    "classes": [
        "0",
        "1",
        "2",
        "3",
        "4",
        "5",
        "6",
        "7",
        "8",
        "9",
        "10",
        "11",
        "12",
        "13",
        "14",
        "15",
        "16",
        "17",
        "18",
        "19",
        "20",
        "21",
        "22",
        "23",
        "24",
        "25",
        "26",
        "27",
        "28",
        "29",
        "30",
        "31",
        "32",
        "33",
        "34",
        "35",
        "36",
        "37",
        "38",
        "39"
    ],
    "resources": [
        "0",
        "1",
        "2",
        "3",
        "4",
        "5",
        "6",
        "7",
        "8",
        "9",
        "10",
        "11",
        "12",
        "13",
        "14",
        "15",
        "16",
        "17",
        "18",
        "19",
        "20",
        "21",
        "22",
        "23",
        "24",
        "25",
        "26",
        "27",
        "28",
        "29"
    ],
    "demands": {
        "14_0": 0.85891,
        "15_0": 0.2129,
        "17_0": 0.72933,
        "18_0": 2.02701,
        "27_0": 1.94596,
        "32_0": 0.11476,
        "38_0": 1.48724,
        "9_1": 0.12346,
        "14_1": 1.07968,
        "30_1": 2.90236,
        "33_1": 2.22698,
        "38_1": 3.34921,
        "1_2": 0.47507,
        "3_2": 0.40553,
        "4_2": 1.61322,
        "10_2": 0.18954,
        "13_2": 0.4117,
        "16_2": 0.19702,
        "31_2": 0.50313,
        "9_3": 1.00436,
        "32_3": 0.24292,
        "33_3": 0.45193,
        "36_3": 1.45287,
        "11_4": 4.46541,
        "13_4": 0.16421,
        "14_4": 2.50303,
        "30_4": 0.46105,
        "23_5": 1.37838,
        "24_5": 2.2478,
        "38_5": 0.91153,
        "0_6": 0.22371,
        "4_6": 0.09917,
        "8_6": 1.13789,
        "14_6": 2.35717,
        "15_6": 0.24162,
        "19_6": 0.29515,
        "25_6": 0.39067,
        "26_6": 1.02914,
        "1_7": 1.29183,
        "3_7": 0.01588,
        "5_7": 5.91791,
        "13_7": 0.04349,
        "15_7": 0.2189,
        "9_8": 0.14916,
        "17_8": 0.21973,
        "21_8": 0.80729,
        "29_8": 1.00678,
        "34_8": 0.50532,
        "2_9": 0.32116,
        "5_9": 1.73625,
        "7_9": 0.33934,
        "11_9": 1.11565,
        "12_9": 0.12983,
        "19_9": 0.25553,
        "28_9": 0.45751,
        "33_9": 0.76523,
        "3_10": 0.48836,
        "5_10": 0.34765,
        "7_10": 0.0204,
        "23_10": 0.61127,
        "36_10": 1.26496,
        "39_10": 0.33044,
        "1_11": 0.32403,
        "10_11": 0.47596,
        "12_11": 0.74122,
        "20_11": 0.79052,
        "23_11": 0.05303,
        "32_11": 0.74279,
        "38_11": 1.37077,
        "1_12": 0.67968,
        "7_12": 1.25578,
        "12_12": 0.15651,
        "20_12": 3.02002,
        "25_12": 1.4742,
        "0_13": 0.9987,
        "1_13": 0.29568,
        "2_13": 0.00259,
        "13_13": 0.13007,
        "24_13": 0.37422,
        "37_13": 0.22564,
        "39_13": 0.1569,
        "0_14": 1.91879,
        "14_14": 2.34651,
        "31_14": 0.82841,
        "8_15": 0.77939,
        "13_15": 0.78421,
        "14_15": 1.34624,
        "16_15": 1.20966,
        "20_15": 0.05844,
        "32_15": 0.48493,
        "34_15": 0.03178,
        "35_15": 0.30237,
        "4_16": 1.14121,
        "8_16": 0.2472,
        "12_16": 0.565,
        "14_16": 0.51554,
        "21_16": 0.00128,
        "23_16": 0.59497,
        "24_16": 0.27432,
        "36_16": 1.63473,
        "6_17": 0.72816,
        "18_17": 0.94458,
        "24_17": 0.03896,
        "32_17": 0.26226,
        "34_17": 0.75902,
        "22_18": 1.69594,
        "23_18": 0.90868,
        "24_18": 1.62983,
        "37_18": 0.36686,
        "4_19": 10.86062,
        "23_19": 0.61992,
        "4_20": 5.03791,
        "18_20": 1.31788,
        "26_20": 1.95788,
        "11_21": 9.91607,
        "31_21": 2.93088,
        "21_22": 0.47586,
        "32_22": 1.31723,
        "33_22": 2.24298,
        "18_23": 1.75933,
        "22_23": 1.60804,
        "31_23": 1.17801,
        "38_23": 2.45546,
        "4_24": 1.2672,
        "6_24": 1.13459,
        "10_24": 0.36478,
        "18_24": 0.00868,
        "28_24": 2.44174,
        "34_24": 0.18307,
        "9_25": 0.67239,
        "17_25": 0.31439,
        "20_25": 0.99253,
        "25_25": 0.48307,
        "29_25": 0.37217,
        "31_25": 0.35313,
        "34_25": 0.1941,
        "36_25": 0.5689,
        "3_26": 0.48448,
        "4_26": 7.47034,
        "5_26": 0.03016,
        "13_26": 0.59718,
        "21_26": 0.42335,
        "27_26": 0.41162,
        "35_26": 0.46024,
        "11_27": 6.03755,
        "15_27": 0.18549,
        "16_27": 0.80292,
        "17_27": 0.31346,
        "23_27": 0.03407,
        "35_27": 0.63671,
        "1_28": 0.57061,
        "20_28": 1.81248,
        "35_28": 0.65625,
        "36_28": 0.16687,
        "1_29": 0.87947,
        "3_29": 0.47142,
        "10_29": 0.29323,
        "17_29": 0.30699,
        "31_29": 1.07865,
        "37_29": 0.75748
    },
    "best": {
        "0": 31.808828787442394,
        "1": 43.12689588840525,
        "2": 50.465810833124905,
        "3": 12.73158531565007,
        "4": 67.93280404623394,
        "5": 23.80883153773936,
        "6": 34.72300195682575,
        "7": 27.588090018467607,
        "8": 4.237570127835236,
        "9": 33.78245524533504,
        "10": 12.629819368974708,
        "11": 26.53149526848859,
        "12": 26.52235870437998,
        "13": 7.249069929458088,
        "14": 32.16135557093312,
        "15": 25.023214323356207,
        "16": 46.734911937882735,
        "17": 6.187288118276477,
        "18": 12.92314391599703,
        "19": 129.51488338464995,
        "20": 88.6635691385646,
        "21": 88.89970949427877,
        "22": 12.52703124344819,
        "23": 31.42811686968793,
        "24": 44.47489489322457,
        "25": 16.684278814235686,
        "26": 107.7490079655983,
        "27": 69.3052077043079,
        "28": 20.957225133766915,
        "29": 7.35411952856497
    },