{
    "throughput": 9.0,
    "class_probs": {
        "0": 0.013968257772752287,
        "1": 0.01296184270484952,
        "2": 0.006517986248537876,
        "3": 0.01063882742237231,
        "4": 0.004501897233925443,
        "5": 0.01132852201435698,
        "6": 0.014999043650404685,
        "7": 0.01918718569313484,
        "8": 0.005570561338887238,
        "9": 0.015679340415943415,
        "10": 0.018971169941102147,
        "11": 0.012565777428031416,
        "12": 0.01033776749999978,
        "13": 0.013564299121251087,
        "14": 0.01106484877632634,
        "15": 0.006621497204918467,
        "16": 0.015514255734454334,
        "17": 0.0068791432543077536,
        "18": 0.011731355670421148,
        "19": 0.006553261391983218,
        "20": 0.014892142595479569,
        "21": 0.01682298453246743,
        "22": 0.015492244824054827,
        "23": 0.005582276996640068,
        "24": 0.0149256098255061,
        "25": 0.003982993752712782,
        "26": 0.01549852589708192,
        "27": 0.011378235294013777,
        "28": 0.018595938442820124,
        "29": 0.01202557804790393,
        "30": 0.011351461541244546,
        "31": 0.0189748553666244,
        "32": 0.008585994741278764,
        "33": 0.015187500247226465,
        "34": 0.0033135609098640796,
        "35": 0.01784427464944926,
        "36": 0.02062964086212327,
        "37": 0.008407027607321252,
        "38": 0.010420397416013574,
        "39": 0.010206704891901187,
        "40": 0.009103280083499265,
        "41": 0.013265922492897233,
        "42": 0.004267966698398532,
        "43": 0.007155388149734938,
        "44": 0.010443407067000771,
        "45": 0.0028496024155046993,
        "46": 0.015316200658416487,
        "47": 0.015017731140722917,
        "48": 0.016785273834325418,
        "49": 0.01381091064573981,
        "50": 0.013731631107053955,
        "51": 0.002563321799585291,
        "52": 0.017820065883398753,
        "53": 0.008829284340105057,
        "54": 0.012717937796276772,
        "55": 0.01703666092188729,
        "56": 0.004924239341733152,
        "57": 0.014268414243825323,
        "58": 0.013611835372746291,
        "59": 0.01129757816118986,
        "60": 0.015974121027987023,
        "61": 0.004459863480807014,
        "62": 0.005089813667694997,
        "63": 0.012117928197816942,
        "64": 0.010535298981496855,
        "65": 0.0028340928279711407,
        "66": 0.006721819375425149,
        "67": 0.004448663529166439,
        "68": 0.01342454118601289,
        "69": 0.00475369775620656,
        "70": 0.010324965833391292,
        "71": 0.0181498033185786,
        "72": 0.008391323398508637,
        "73": 0.01612015121383377,
        "74": 0.009106834844346046,
        "75": 0.004308635774084683,
        "76": 0.0050943395805809095,
        "77": 0.010506737275787275,
        "78": 0.019033259818165966,
        "79": 0.011757329309227772,
        "80": 0.0031179296783017557,
        "81": 0.0026218122279120237,
        "82": 0.006871738640447609,
        "83": 0.012223317555849503,
        "84": 0.0064723153187510344,
        "85": 0.005745307573967149,
        "86": 0.008853404040687407,
        "87": 0.013398962121722448,
        "88": 0.019016350420947098,
        "89": 0.020434200910594696
    },
    "best_objective": 373.58759155126415,
    "classes": [
        "0",
        "1",
        "2",
        "3",
        "4",
        "5",
        "6",
        "7",
        "8",
        "9",
        "10",
        "11",
        "12",
        "13",
        "14",
        "15",
        "16",
        "17",
        "18",
        "19",
        "20",
        "21",
        "22",
        "23",
        "24",
        "25",
        "26",
        "27",
        "28",
        "29",
        "30",
        "31",
        "32",
        "33",
        "34",
        "35",
        "36",
        "37",
        "38",
        "39",
        "40",
        "41",
        "42",
        "43",
        "44",
        "45",
        "46",
        "47",
        "48",
        "49",
        "50",
        "51",
        "52",
        "53",
        "54",
        "55",
        "56",
        "57",
        "58",
        "59",
        "60",
        "61",
        "62",
        "63",
        "64",
        "65",
        "66",
        "67",
        "68",
        "69",
        "70",
        "71",
        "72",
        "73",
        "74",
        "75",
        "76",
        "77",
        "78",
        "79",
        "80",
        "81",
        "82",
        "83",
        "84",
        "85",
        "86",
        "87",
        "88",
        "89"
    ],
    "resources": [
        "0",
        "1",
        "2",
        "3",
        "4",
        "5",
        "6",
        "7",
        "8",
        "9",
        "10",
        "11",
        "12",
        "13",
        "14",
        "15",
        "16",
        "17",
        "18",
        "19",
        "20",
        "21",
        "22",
        "23",
        "24",
        "25",
        "26",
        "27",
        "28",
        "29",
        "30",
        "31",
        "32",
        "33",
        "34",
        "35",
        "36",
        "37",
        "38",
        "39"
    ],
    "demands": {
        "3_0": 1.48851,
        "5_0": 0.32227,
        "15_0": 0.93535,
        "16_0": 1.0635,
        "30_0": 0.18523,
        "31_0": 0.57439,
        "40_0": 0.18502,
        "41_0": 0.53501,
        "7_1": 0.52679,
        "21_1": 0.4421,
        "32_1": 1.57257,
        "40_1": 0.5841,
        "47_1": 0.47496,
        "63_1": 0.68399,
        "69_1": 2.66446,
        "71_1": 0.13905,
        "75_1": 2.66798,
        "87_1": 1.02793,
        "1_2": 0.10993,
        "2_2": 0.78671,
        "13_2": 0.37704,
        "23_2": 0.51495,
        "32_2": 0.94153,
        "35_2": 0.3655,
        "45_2": 1.41932,
        "49_2": 0.48285,
        "53_2": 0.6229,
        "55_2": 0.12293,
        "65_2": 2.36188,
        "72_2": 0.22668,
        "5_3": 0.49158,
        "6_3": 0.00885,
        "13_3": 0.41595,
        "17_3": 0.52964,
        "20_3": 0.05098,
        "22_3": 0.03617,
        "43_3": 0.74553,
        "46_3": 0.47965,
        "49_3": 0.46487,
        "50_3": 0.27824,
        "52_3": 0.18466,
        "74_3": 0.62625,
        "75_3": 0.42921,
        "84_3": 0.29854,
        "11_4": 0.46613,
        "12_4": 0.59599,
        "20_4": 0.27186,
        "30_4": 0.33598,
        "31_4": 0.15453,
        "34_4": 1.44504,
        "44_4": 0.31281,
        "55_4": 0.24428,
        "63_4": 0.18984,
        "65_4": 0.85772,
        "75_4": 0.90023,
        "79_4": 0.06897,
        "87_4": 0.12503,
        "6_5": 0.0168,
        "7_5": 0.44602,
        "25_5": 3.10517,
        "38_5": 0.18247,
        "39_5": 1.05953,
        "51_5": 2.74143,
        "56_5": 1.6788,
        "57_5": 0.43596,
        "60_5": 0.55813,
        "61_5": 1.7182,
        "75_5": 2.14706,
        "87_5": 0.85879,
        "9_6": 0.35217,
        "10_6": 0.47231,
        "26_6": 0.52851,
        "28_6": 0.29018,
        "34_6": 1.21614,
        "38_6": 0.15226,
        "40_6": 0.91884,
        "41_6": 0.44235,
        "45_6": 0.33031,
        "56_6": 0.33332,
        "60_6": 0.54013,
        "12_7": 0.19973,
        "14_7": 0.56419,
        "28_7": 0.08614,
        "33_7": 0.38442,
        "46_7": 0.46705,
        "61_7": 0.34324,
        "74_7": 0.7823,
        "80_7": 1.08376,
        "88_7": 0.3389,
        "89_7": 0.30506,
        "4_8": 0.42228,
        "5_8": 0.07348,
        "12_8": 0.20764,
        "16_8": 0.58907,
        "18_8": 0.67158,
        "54_8": 0.26578,
        "59_8": 0.8232,
        "61_8": 1.62762,
        "65_8": 1.31755,
        "80_8": 1.184,
        "82_8": 0.19535,
        "88_8": 0.44774,
        "35_9": 0.25823,
        "44_9": 0.42984,
        "50_9": 0.85602,
        "52_9": 0.8071,
        "54_9": 1.06641,
        "86_9": 0.74484,
        "27_10": 0.96675,
        "36_10": 0.50914,
        "45_10": 0.14668,
        "46_10": 0.52821,
        "63_10": 0.43145,