{
    "throughput": 8.0,
    "class_probs": {
        "0": 0.011043152368005151,
        "1": 0.004801456258503904,
        "2": 0.008965006938254961,
        "3": 0.016639274521327418,
        "4": 0.017368531476761408,
        "5": 0.01903752885121733,
        "6": 0.015843713991460912,
        "7": 0.01651637048511789,
        "8": 0.018283415483790987,
        "9": 0.01866758475158659,
        "10": 0.013980412109249931,
        "11": 0.01656899750661521,
        "12": 0.0052550146041826905,
        "13": 0.008891118462481976,
        "14": 0.008178075961656454,
        "15": 0.0036576939800899103,
        "16": 0.010427471277430026,
        "17": 0.008537869674503104,
        "18": 0.018797391328343283,
        "19": 0.010590650866182034,
        "20": 0.00629467836958986,
        "21": 0.012487654032240048,
        "22": 0.018431317697657143,
        "23": 0.01477786658453091,
        "24": 0.0081630861083978,
        "25": 0.0076104952447368915,
        "26": 0.018791640462501192,
        "27": 0.010677738853188871,
        "28": 0.018865975738569702,
        "29": 0.017219441463078824,
        "30": 0.012283505007313672,
        "31": 0.011766744025913323,
        "32": 0.015206355349226371,
        "33": 0.009854097065682419,
        "34": 0.0037144870186193537,
        "35": 0.00619626454575573,
        "36": 0.005457240622670391,
        "37": 0.006481068038596382,
        "38": 0.012626971774117821,
        "39": 0.007819610003383942,
        "40": 0.006365855072909705,
        "41": 0.01570722771442835,
        "42": 0.007518851886245106,
        "43": 0.004174896068556285,
        "44": 0.0023967845886657883,
        "45": 0.01676626328142256,
        "46": 0.008125981884910675,
        "47": 0.011112500177782958,
        "48": 0.00555399569015531,
        "49": 0.013116116198242914,
        "50": 0.018998174226942926,
        "51": 0.011989103170046585,
        "52": 0.01113616640989854,
        "53": 0.004189517891460622,
        "54": 0.00921985967813447,
        "55": 0.005837124657091355,
        "56": 0.014044807417380727,
        "57": 0.014720890214720507,
        "58": 0.004183439254217434,
        "59": 0.01798276504080545,
        "60": 0.007669334511252981,
        "61": 0.002797416606867655,
        "62": 0.01754454698325772,
        "63": 0.015793706396746945,
        "64": 0.005039281870646658,
        "65": 0.018284216543724068,
        "66": 0.013087576813729398,
        "67": 0.015114552623735003,
        "68": 0.009731270940252024,
        "69": 0.01237170714489744,
        "70": 0.011433151761290198,
        "71": 0.014408623309611035,
        "72": 0.009526335585585589,
        "73": 0.010102573550503355,
        "74": 0.011941798341574727,
        "75": 0.014135479210435462,
        "76": 0.004805426365417294,
        "77": 0.008059687678690983,
        "78": 0.01007445130641364,
        "79": 0.00790199236126694,
        "80": 0.013471042377281498,
        "81": 0.0037285369688560078,
        "82": 0.008551991282525767,
        "83": 0.015804965123154935,
        "84": 0.017966618854160253,
        "85": 0.0041602699708080644,
        "86": 0.005857965976933631,
        "87": 0.0037081160999805577,
        "88": 0.01785523713847604,
        "89": 0.009154836875374188
    },
    "best_objective": 489.65042716531633,
    "classes": [
        "0",
        "1",
        "2",
        "3",
        "4",
        "5",
        "6",
        "7",
        "8",
        "9",
        "10",
        "11",
        "12",
        "13",
        "14",
        "15",
        "16",
        "17",
        "18",
        "19",
        "20",
        "21",
        "22",
        "23",
        "24",
        "25",
        "26",
        "27",
        "28",
        "29",
        "30",
        "31",
        "32",
        "33",
        "34",
        "35",
        "36",
        "37",
        "38",
        "39",
        "40",
        "41",
        "42",
        "43",
        "44",
        "45",
        "46",
        "47",
        "48",
        "49",
        "50",
        "51",
        "52",
        "53",
        "54",
        "55",
        "56",
        "57",
        "58",
        "59",
        "60",
        "61",
        "62",
        "63",
        "64",
        "65",
        "66",
        "67",
        "68",
        "69",
        "70",
        "71",
        "72",
        "73",
        "74",
        "75",
        "76",
        "77",
        "78",
        "79",
        "80",
        "81",
        "82",
        "83",
        "84",
        "85",
        "86",
        "87",
        "88",
        "89"
    ],
    "resources": [
        "0",
        "1",
        "2",
        "3",
        "4",
        "5",
        "6",
        "7",
        "8",
        "9",
        "10",
        "11",
        "12",
        "13",
        "14",
        "15",
        "16",
        "17",
        "18",
        "19",
        "20",
        "21",
        "22",
        "23",
        "24",
        "25",
        "26",
        "27",
        "28",
        "29",
        "30",
        "31",
        "32",
        "33",
        "34",
        "35",
        "36",
        "37",
        "38",
        "39"
    ],
    "demands": {
        "2_0": 1.55886,
        "3_0": 0.49449,
        "14_0": 0.56047,
        "32_0": 0.88888,
        "34_0": 2.98872,
        "37_0": 0.1508,
        "46_0": 1.45948,
        "66_0": 0.00862,
        "68_0": 0.29907,
        "75_0": 0.44757,
        "76_0": 0.69659,
        "78_0": 0.72163,
        "82_0": 1.45311,
        "12_1": 1.08859,
        "23_1": 0.43266,
        "29_1": 0.8716,
        "35_1": 0.15819,
        "37_1": 1.42729,
        "41_1": 0.53754,
        "47_1": 1.16025,
        "58_1": 1.01519,
        "61_1": 1.57319,
        "65_1": 0.18137,
        "66_1": 0.31779,
        "69_1": 0.97241,
        "72_1": 1.3619,
        "86_1": 0.34193,
        "3_2": 0.66383,
        "13_2": 0.55965,
        "29_2": 0.00139,
        "33_2": 1.62629,
        "48_2": 0.96423,
        "68_2": 0.16808,
        "72_2": 0.06877,
        "73_2": 0.09429,
        "80_2": 1.00633,
        "87_2": 3.22431,
        "21_3": 0.85832,
        "22_3": 0.49271,
        "33_3": 0.26244,
        "42_3": 0.40624,
        "45_3": 0.59624,
        "54_3": 0.01792,
        "62_3": 0.42876,
        "82_3": 1.22128,
        "13_4": 0.42225,
        "21_4": 0.28448,
        "52_4": 0.55889,
        "56_4": 0.25694,
        "60_4": 1.80048,
        "63_4": 1.36095,
        "65_4": 0.33317,
        "68_4": 2.58353,
        "76_4": 0.21491,
        "22_5": 0.88855,
        "30_5": 1.40563,
        "43_5": 3.97919,
        "59_5": 0.41827,
        "66_5": 0.92702,
        "73_5": 1.19606,
        "87_5": 3.28705,
        "15_6": 0.05069,
        "23_6": 0.6715,
        "47_6": 0.72451,
        "52_6": 0.51547,
        "55_6": 0.42927,
        "61_6": 2.77384,
        "81_6": 2.13033,
        "17_7": 6.77488,
        "28_7": 0.54846,
        "42_7": 2.50271,
        "63_7": 0.83355,
        "4_8": 0.4144,
        "12_8": 2.4911,
        "15_8": 4.4524,
        "22_8": 0.29464,
        "53_8": 3.34894,
        "59_8": 0.27153,
        "71_8": 0.41918,
        "84_8": 1.26315,
        "89_8": 0.14378,
        "14_9": 0.85238,
        "22_9": 0.24085,
        "30_9": 0.07556,
        "36_9": 0.87772,
        "41_9": 0.49363,
        "54_9": 0.95535,
        "69_9": 0.35309,
        "73_9": 0.89178,
        "82_9": 1.10809,
        "23_10": 0.70889,
        "55_10": 2.97525,
        "64_10": 3.42616,
        "77_10": 1.21351,
        "87_10": 5.66392,
        "4_11": 0.31659,
        "28_11": 0.17308,
        "35_11": 1.61804,
        "57_11": 0.70659,
        "62_11": 0.31321,
        "68_11": 0.84889,
        "69_11": 1.03939,
        "80_11": 0.55724,
        "83_11": 0.70571,
        "1_12": 0.9031,
        "5_12": 0.16337,
        "8_12": 0.1314,
        "24_12": 0.03971,
        "25_12": 0.09833,
        "28_12": 0.4206,
        "36_12": 1.48299,
        "42_12": 1.07752,