{
    "throughput": 10.0,
    "class_probs": {
        "0": 0.017147183026884692,
        "1": 0.008840475043150267,
        "2": 0.012153559143845612,
        "3": 0.015147263893215196,
        "4": 0.004607214831739832,
        "5": 0.013165468994545317,
        "6": 0.01767989731557645,
        "7": 0.009814513902387459,
        "8": 0.0029294317206319163,
        "9": 0.010319988669108994,
        "10": 0.011649565134285193,
        "11": 0.008453785430993762,
        "12": 0.005322740247010068,
        "13": 0.008309469932046459,
        "14": 0.009360356445796742,
        "15": 0.0123819175688774,
        "16": 0.0057969148264039325,
        "17": 0.004797386251883368,
        "18": 0.015668744946640865,
        "19": 0.01626465584497855,
        "20": 0.011582152380625942,
        "21": 0.007602141606060987,
        "22": 0.0068811364315838714,
        "23": 0.005511393583039429,
        "24": 0.008623579077930064,
        "25": 0.009321572674304848,
        "26": 0.002421247444590191,
        "27": 0.006467485833622696,
        "28": 0.009804868701161384,
        "29": 0.019484005815126527,
        "30": 0.010548144512208323,
        "31": 0.007645351768146851,
        "32": 0.0059927222444226,
        "33": 0.01810067619845728,
        "34": 0.012879216641648742,
        "35": 0.016271982829504286,
        "36": 0.005519682148563626,
        "37": 0.017492347111295967,
        "38": 0.012733485036144956,
        "39": 0.01740515989861522,
        "40": 0.011328347292522693,
        "41": 0.016876007290127018,
        "42": 0.0032949258910793984,
        "43": 0.016688390585803126,
        "44": 0.010143586787115058,
        "45": 0.018572147314063123,
        "46": 0.014074261444535338,
        "47": 0.01955346235161619,
        "48": 0.012579161787756872,
        "49": 0.01790195676579273,
        "50": 0.010219930782482938,
        "51": 0.009588030952857382,
        "52": 0.01224195826008402,
        "53": 0.014045950533771995,
        "54": 0.006505742890398598,
        "55": 0.0035794102818927183,
        "56": 0.013921198594527725,
        "57": 0.00907463262059611,
        "58": 0.002494007379351205,
        "59": 0.015084576401727022,
        "60": 0.007213266851822209,
        "61": 0.004472468146673754,
        "62": 0.01069336403613871,
        "63": 0.01819399457974561,
        "64": 0.00773567079139101,
        "65": 0.005404154682341993,
        "66": 0.0033473117112875488,
        "67": 0.0029346307784138305,
        "68": 0.014203837955751262,
        "69": 0.016727791284825065,
        "70": 0.015080147651784939,
        "71": 0.004492631463349863,
        "72": 0.010766478245645087,
        "73": 0.01625940448821791,
        "74": 0.013772908906661791,
        "75": 0.019348645850760637,
        "76": 0.015910220448148788,
        "77": 0.007854628686541442,
        "78": 0.013314927173073855,
        "79": 0.01800340346219944,
        "80": 0.0068935975005001374,
        "81": 0.016686727508700518,
        "82": 0.011122291507579481,
        "83": 0.017264669398646574,
        "84": 0.004819525413403938,
        "85": 0.01436334597398467,
        "86": 0.01200941707336609,
        "87": 0.014472093370824272,
        "88": 0.0057805484100403445,
        "89": 0.010991325333022052
    },
    "best_objective": 364.8540195143295,
    "classes": [
        "0",
        "1",
        "2",
        "3",
        "4",
        "5",
        "6",
        "7",
        "8",
        "9",
        "10",
        "11",
        "12",
        "13",
        "14",
        "15",
        "16",
        "17",
        "18",
        "19",
        "20",
        "21",
        "22",
        "23",
        "24",
        "25",
        "26",
        "27",
        "28",
        "29",
        "30",
        "31",
        "32",
        "33",
        "34",
        "35",
        "36",
        "37",
        "38",
        "39",
        "40",
        "41",
        "42",
        "43",
        "44",
        "45",
        "46",
        "47",
        "48",
        "49",
        "50",
        "51",
        "52",
        "53",
        "54",
        "55",
        "56",
        "57",
        "58",
        "59",
        "60",
        "61",
        "62",
        "63",
        "64",
        "65",
        "66",
        "67",
        "68",
        "69",
        "70",
        "71",
        "72",
        "73",
        "74",
        "75",
        "76",
        "77",
        "78",
        "79",
        "80",
        "81",
        "82",
        "83",
        "84",
        "85",
        "86",
        "87",
        "88",
        "89"
    ],
    "resources": [
        "0",
        "1",
        "2",
        "3",
        "4",
        "5",
        "6",
        "7",
        "8",
        "9",
        "10",
        "11",
        "12",
        "13",
        "14",
        "15",
        "16",
        "17",
        "18",
        "19",
        "20",
        "21",
        "22",
        "23",
        "24",
        "25",
        "26",
        "27",
        "28",
        "29",
        "30",
        "31",
        "32",
        "33",
        "34",
        "35",
        "36",
        "37",
        "38",
        "39"
    ],
    "demands": {
        "2_0": 0.41027,
        "24_0": 0.50093,
        "33_0": 0.04946,
        "39_0": 0.17903,
        "50_0": 0.6345,
        "53_0": 0.30179,
        "65_0": 0.64171,
        "77_0": 0.85563,
        "83_0": 0.5539,
        "88_0": 0.79592,
        "1_1": 1.08424,
        "16_1": 1.92864,
        "32_1": 1.62243,
        "45_1": 0.29834,
        "49_1": 0.33224,
        "63_1": 0.55209,
        "64_1": 1.51868,
        "67_1": 4.03335,
        "82_1": 0.69335,
        "84_1": 0.34361,
        "8_2": 3.67224,
        "10_2": 1.13498,
        "11_2": 0.67419,
        "50_2": 0.10366,
        "69_2": 0.42745,
        "71_2": 2.64197,
        "80_2": 0.92326,
        "82_2": 0.71047,
        "0_3": 0.35094,
        "5_3": 0.2951,
        "6_3": 0.00024,
        "11_3": 0.5051,
        "24_3": 0.32333,
        "34_3": 0.42664,
        "44_3": 0.51131,
        "51_3": 0.21587,
        "52_3": 0.4846,
        "57_3": 0.64602,
        "63_3": 0.05858,
        "4_4": 2.66944,
        "11_4": 0.07621,
        "31_4": 0.23913,
        "32_4": 0.2083,
        "39_4": 0.0241,
        "43_4": 0.14522,
        "46_4": 0.2835,
        "48_4": 0.51257,
        "54_4": 1.664,
        "62_4": 1.13119,
        "78_4": 0.09977,
        "80_4": 0.06,
        "89_4": 0.29935,
        "9_5": 0.17625,
        "22_5": 1.43728,
        "32_5": 0.23023,
        "38_5": 0.53414,
        "41_5": 0.30719,
        "42_5": 1.23449,
        "58_5": 2.08391,
        "63_5": 0.3563,
        "83_5": 0.24524,
        "87_5": 0.18378,
        "89_5": 0.6057,
        "3_6": 0.64511,
        "12_6": 2.39647,
        "13_6": 0.22203,
        "18_6": 0.44509,
        "24_6": 1.24962,
        "26_6": 0.80175,
        "34_6": 0.82324,
        "47_6": 0.36034,
        "65_6": 1.64831,
        "71_6": 2.36657,
        "9_7": 0.95241,
        "30_7": 1.6138,
        "31_7": 0.42522,
        "37_7": 0.20547,
        "40_7": 1.09015,
        "47_7": 0.6597,
        "53_7": 0.40326,
        "56_7": 1.71808,
        "7_8": 1.58365,
        "8_8": 2.62995,
        "26_8": 3.6364,
        "30_8": 1.24101,
        "36_8": 1.30337,
        "57_8": 0.32499,
        "66_8": 0.77424,
        "67_8": 2.51107,
        "83_8": 0.17381,
        "88_8": 1.58454,
        "1_9": 1.79025,
        "32_9": 2.80009,
        "38_9": 1.46526,
        "50_9": 0.54336,
        "63_9": 0.03714,
        "72_9": 0.17004,
        "76_9": 1.10318,
        "9_10": 0.8705,
        "25_10": 2.03568,
        "38_10": 0.69387,
        "40_10": 1.33811,
        "62_10": 0.60992,
        "13_11": 0.24363,
        "15_11": 0.4587,
        "20_11": 0.08653,
        "23_11": 1.92666,
        "25_11": 0.99798,
        "34_11": 0.6587,
        "55_11": 0.18484,
        "59_11": 0.63333,
        "67_11": 1.86237,
        "70_11": 0.33819,