{
    "throughput": 7.0,
    "class_probs": {
        "0": 0.006812607380122516,
        "1": 0.014590495292042921,
        "2": 0.013494340562676864,
        "3": 0.0035565530945364195,
        "4": 0.001971383157414616,
        "5": 0.011070982006033025,
        "6": 0.006166953394674231,
        "7": 0.015430538461980711,
        "8": 0.017051985613311133,
        "9": 0.010157731430366457,
        "10": 0.01431105982123242,
        "11": 0.019575129333345705,
        "12": 0.013130198955262254,
        "13": 0.016117353186484686,
        "14": 0.008908988821311314,
        "15": 0.00259557034890573,
        "16": 0.0027115592928103733,
        "17": 0.011821429841418681,
        "18": 0.011306050705665299,
        "19": 0.003508802974090291,
        "20": 0.018826593964086306,
        "21": 0.012111042733632234,
        "22": 0.004031218130272774,
        "23": 0.017955814304941885,
        "24": 0.015137348534340145,
        "25": 0.006414298717450361,
        "26": 0.00664673123666582,
        "27": 0.009947555376036211,
        "28": 0.019135306812012108,
        "29": 0.016786811461389457,
        "30": 0.01605389326610219,
        "31": 0.018259243713097326,
        "32": 0.015680145800653193,
        "33": 0.00893327030633235,
        "34": 0.00793704118551607,
        "35": 0.01531451958000951,
        "36": 0.011034905227740593,
        "37": 0.018023171764169583,
        "38": 0.01782773989258651,
        "39": 0.011137855848176195,
        "40": 0.003844137777851044,
        "41": 0.002736753461631466,
        "42": 0.007901818564933723,
        "43": 0.019452286140856662,
        "44": 0.015458055161266445,
        "45": 0.010002188259841198,
        "46": 0.008456085616655774,
        "47": 0.010832957074336574,
        "48": 0.015828087945357523,
        "49": 0.006292111900483552,
        "50": 0.0084275033152878,
        "51": 0.01601097689247394,
        "52": 0.003184128490021321,
        "53": 0.006843330565720153,
        "54": 0.00638993116276267,
        "55": 0.008103099525016613,
        "56": 0.007565417885195959,
        "57": 0.016881797075888095,
        "58": 0.01751409868865859,
        "59": 0.008399606703181461,
        "60": 0.0034451975174603308,
        "61": 0.010653718667856377,
        "62": 0.006573557667964306,
        "63": 0.002388061773589912,
        "64": 0.00780939376129265,
        "65": 0.014068693942112333,
        "66": 0.00780501552449978,
        "67": 0.01759210238086449,
        "68": 0.0022588192634041544,
        "69": 0.007786755374217113,
        "70": 0.00882318626610408,
        "71": 0.013961711121733741,
        "72": 0.014871015443386692,
        "73": 0.007794907289698908,
        "74": 0.016374018072843815,
        "75": 0.01716672893046339,
        "76": 0.014604126679548475,
        "77": 0.012818968585778863,
        "78": 0.006909654478058492,
        "79": 0.018391238596623442,
        "80": 0.018387628726474738,
        "81": 0.017947000110413527,
        "82": 0.005098313185192392,
        "83": 0.0028702034710919107,
        "84": 0.006978916279129689,
        "85": 0.009442722139099292,
        "86": 0.013060873592418056,
        "87": 0.013162863806173942,
        "88": 0.01688211823329497,
        "89": 0.01246389538289301
    },
    "best_objective": 523.8788725908844,
    "classes": [
        "0",
        "1",
        "2",
        "3",
        "4",
        "5",
        "6",
        "7",
        "8",
        "9",
        "10",
        "11",
        "12",
        "13",
        "14",
        "15",
        "16",
        "17",
        "18",
        "19",
        "20",
        "21",
        "22",
        "23",
        "24",
        "25",
        "26",
        "27",
        "28",
        "29",
        "30",
        "31",
        "32",
        "33",
        "34",
        "35",
        "36",
        "37",
        "38",
        "39",
        "40",
        "41",
        "42",
        "43",
        "44",
        "45",
        "46",
        "47",
        "48",
        "49",
        "50",
        "51",
        "52",
        "53",
        "54",
        "55",
        "56",
        "57",
        "58",
        "59",
        "60",
        "61",
        "62",
        "63",
        "64",
        "65",
        "66",
        "67",
        "68",
        "69",
        "70",
        "71",
        "72",
        "73",
        "74",
        "75",
        "76",
        "77",
        "78",
        "79",
        "80",
        "81",
        "82",
        "83",
        "84",
        "85",
        "86",
        "87",
        "88",
        "89"
    ],
    "resources": [
        "0",
        "1",
        "2",
        "3",
        "4",
        "5",
        "6",
        "7",
        "8",
        "9",
        "10",
        "11",
        "12",
        "13",
        "14",
        "15",
        "16",
        "17",
        "18",
        "19",
        "20",
        "21",
        "22",
        "23",
        "24",
        "25",
        "26",
        "27",
        "28",
        "29",
        "30",
        "31",
        "32",
        "33",
        "34",
        "35",
        "36",
        "37",
        "38",
        "39"
    ],
    "demands": {
        "1_0": 0.04706,
        "8_0": 0.11189,
        "10_0": 0.49132,
        "14_0": 0.29205,
        "18_0": 0.05355,
        "24_0": 1.28437,
        "26_0": 1.21613,
        "37_0": 0.33879,
        "41_0": 5.61601,
        "51_0": 0.06698,
        "71_0": 1.02446,
        "82_0": 3.09074,
        "89_0": 0.07378,
        "10_1": 0.05705,
        "13_1": 0.06092,
        "14_1": 1.03491,
        "27_1": 0.91931,
        "31_1": 0.2682,
        "35_1": 0.57778,
        "49_1": 1.41688,
        "53_1": 0.67187,
        "56_1": 1.15628,
        "0_2": 0.36492,
        "4_2": 2.47705,
        "8_2": 0.54019,
        "19_2": 2.29515,
        "36_2": 0.24265,
        "46_2": 0.57678,
        "55_2": 1.38646,
        "82_2": 1.02508,
        "83_2": 2.98107,
        "33_3": 4.04002,
        "34_3": 3.46175,
        "40_3": 2.42877,
        "70_3": 0.58414,
        "82_3": 3.79243,
        "83_3": 2.44495,
        "0_4": 0.00076,
        "2_4": 0.16915,
        "5_4": 0.29721,
        "29_4": 0.10101,
        "38_4": 0.36976,
        "44_4": 0.53849,
        "45_4": 0.53185,
        "56_4": 1.30051,
        "60_4": 2.15921,
        "61_4": 0.78234,
        "63_4": 1.61912,
        "65_4": 0.62538,
        "66_4": 0.12596,
        "68_4": 0.19044,
        "76_4": 0.59604,
        "78_4": 0.56192,
        "79_4": 0.42812,
        "16_5": 2.30264,
        "42_5": 4.81511,
        "46_5": 4.15055,
        "50_5": 0.62552,
        "61_5": 2.90349,
        "1_6": 0.45104,
        "12_6": 0.45967,
        "22_6": 2.90174,
        "36_6": 1.57151,
        "37_6": 0.30982,
        "39_6": 0.90475,
        "57_6": 0.18665,
        "59_6": 1.1301,
        "69_6": 1.79099,
        "84_6": 1.62021,
        "86_6": 0.1934,
        "87_6": 0.56183,
        "5_7": 0.89497,
        "20_7": 0.48498,
        "24_7": 0.81627,
        "28_7": 0.07305,
        "29_7": 0.7333,
        "30_7": 0.24862,
        "33_7": 0.34787,
        "41_7": 3.70194,
        "58_7": 0.20936,
        "63_7": 3.06532,
        "66_7": 0.62767,
        "77_7": 0.83227,
        "82_7": 1.82278,
        "8_8": 0.04755,
        "24_8": 1.89457,
        "29_8": 0.56217,
        "67_8": 1.12831,
        "74_8": 1.13243,
        "84_8": 4.05118,
        "13_9": 0.93518,
        "20_9": 0.49696,
        "22_9": 2.28254,
        "27_9": 0.61544,
        "30_9": 0.08022,
        "37_9": 0.81678,
        "38_9": 0.95255,
        "52_9": 5.63901,
        "69_9": 0.20172,
        "83_9": 3.43056,
        "84_9": 0.94632,
        "8_10": 2.39285,
        "15_10": 6.48632,
        "30_10": 1.80862,
        "40_10": 0.12497,
        "76_10": 0.10338,
        "8_11": 0.15453,
        "12_11": 0.01567,
        "13_11": 0.58311,
        "20_11": 0.43,
        "23_11": 0.65078,
        "28_11": 0.49393,
        "33_11": 0.25575,