{
    "throughput": 6.0,
    "class_probs": {
        "0": 0.00495421139276871,
        "1": 0.01655161939227678,
        "2": 0.004034115792182367,
        "3": 0.012183302294346506,
        "4": 0.008615315837354276,
        "5": 0.010464350071034767,
        "6": 0.008356052980329811,
        "7": 0.006685805093347794,
        "8": 0.01068861723705874,
        "9": 0.0034247116448381403,
        "10": 0.016325953308756216,
        "11": 0.0071802686092651185,
        "12": 0.007635229529756899,
        "13": 0.011359948076161714,
        "14": 0.003713185780414197,
        "15": 0.01564957853892966,
        "16": 0.012921027078599429,
        "17": 0.018834746085125104,
        "18": 0.011032180258586924,
        "19": 0.015915062361361004,
        "20": 0.014468903139716752,
        "21": 0.009187264755502175,
        "22": 0.015130275969295125,
        "23": 0.012996990721985553,
        "24": 0.016470390391868903,
        "25": 0.013897452350346642,
        "26": 0.017932392892241265,
        "27": 0.0036573595948354957,
        "28": 0.006467696892880712,
        "29": 0.01860395078097543,
        "30": 0.018058422036524312,
        "31": 0.007667986700283432,
        "32": 0.007094344576844287,
        "33": 0.00620060291561073,
        "34": 0.009485917651946445,
        "35": 0.016811409631133478,
        "36": 0.018478694975501236,
        "37": 0.016571063403138315,
        "38": 0.0023236113157639195,
        "39": 0.011721219479064118,
        "40": 0.01341916579774236,
        "41": 0.014859135298742778,
        "42": 0.006465760486391915,
        "43": 0.005550721305326993,
        "44": 0.005909180040891327,
        "45": 0.01501260168470951,
        "46": 0.011465358896455771,
        "47": 0.01488489504962909,
        "48": 0.017755661571192006,
        "49": 0.016199568176614068,
        "50": 0.01428975077318826,
        "51": 0.008732606568899598,
        "52": 0.014325968756716613,
        "53": 0.008566170056809692,
        "54": 0.012562005642011442,
        "55": 0.01114111974998873,
        "56": 0.017645594460649894,
        "57": 0.017858235607153838,
        "58": 0.005106971312920054,
        "59": 0.006996116947317142,
        "60": 0.004139196978865896,
        "61": 0.009786525183631729,
        "62": 0.008774502963197555,
        "63": 0.012621082575990447,
        "64": 0.0046145762826695896,
        "65": 0.014155170534876936,
        "66": 0.011623728228025935,
        "67": 0.006520038287560841,
        "68": 0.017032076471207244,
        "69": 0.0077123996923111875,
        "70": 0.00865983656432791,
        "71": 0.009017477762134542,
        "72": 0.009307667837555253,
        "73": 0.014982675252289553,
        "74": 0.016526079878056144,
        "75": 0.005041614221942379,
        "76": 0.013121205864360304,
        "77": 0.0038241591462494914,
        "78": 0.014656916466966681,
        "79": 0.017840153944751885,
        "80": 0.007244886666090619,
        "81": 0.013801849224343838,
        "82": 0.0043054654414695975,
        "83": 0.002990461398891147,
        "84": 0.014120447105117903,
        "85": 0.008073665660742283,
        "86": 0.01458776777600017,
        "87": 0.017030217624279906,
        "88": 0.006843222229763656,
        "89": 0.012547113015025953
    },
    "best_objective": 431.9640844322697,
    "classes": [
        "0",
        "1",
        "2",
        "3",
        "4",
        "5",
        "6",
        "7",
        "8",
        "9",
        "10",
        "11",
        "12",
        "13",
        "14",
        "15",
        "16",
        "17",
        "18",
        "19",
        "20",
        "21",
        "22",
        "23",
        "24",
        "25",
        "26",
        "27",
        "28",
        "29",
        "30",
        "31",
        "32",
        "33",
        "34",
        "35",
        "36",
        "37",
        "38",
        "39",
        "40",
        "41",
        "42",
        "43",
        "44",
        "45",
        "46",
        "47",
        "48",
        "49",
        "50",
        "51",
        "52",
        "53",
        "54",
        "55",
        "56",
        "57",
        "58",
        "59",
        "60",
        "61",
        "62",
        "63",
        "64",
        "65",
        "66",
        "67",
        "68",
        "69",
        "70",
        "71",
        "72",
        "73",
        "74",
        "75",
        "76",
        "77",
        "78",
        "79",
        "80",
        "81",
        "82",
        "83",
        "84",
        "85",
        "86",
        "87",
        "88",
        "89"
    ],
    "resources": [
        "0",
        "1",
        "2",
        "3",
        "4",
        "5",
        "6",
        "7",
        "8",
        "9",
        "10",
        "11",
        "12",
        "13",
        "14",
        "15",
        "16",
        "17",
        "18",
        "19",
        "20",
        "21",
        "22",
        "23",
        "24",
        "25",
        "26",
        "27",
        "28",
        "29",
        "30",
        "31",
        "32",
        "33",
        "34",
        "35",
        "36",
        "37",
        "38",
        "39"
    ],
    "demands": {
        "1_0": 0.52853,
        "2_0": 2.35752,
        "4_0": 0.21307,
        "19_0": 0.34259,
        "22_0": 0.39082,
        "24_0": 0.19637,
        "25_0": 0.69686,
        "41_0": 0.05261,
        "47_0": 0.01518,
        "53_0": 0.84022,
        "57_0": 0.10836,
        "58_0": 0.87884,
        "63_0": 0.27054,
        "64_0": 2.14544,
        "69_0": 0.65354,
        "13_1": 1.65019,
        "14_1": 4.6833,
        "63_1": 1.34532,
        "65_1": 1.77324,
        "68_1": 1.60045,
        "4_2": 0.86676,
        "5_2": 0.61981,
        "14_2": 2.01259,
        "26_2": 0.73561,
        "33_2": 2.59104,
        "36_2": 0.35842,
        "50_2": 0.1276,
        "51_2": 0.21885,
        "52_2": 0.23785,
        "58_2": 1.82406,
        "68_2": 1.10782,
        "76_2": 1.35348,
        "84_2": 0.17799,
        "85_2": 0.28136,
        "88_2": 0.77214,
        "12_3": 0.78508,
        "21_3": 0.79126,
        "30_3": 0.30575,
        "33_3": 1.0915,
        "35_3": 0.17314,
        "43_3": 1.27742,
        "53_3": 0.36204,
        "54_3": 0.08527,
        "61_3": 0.86226,
        "65_3": 0.36237,
        "73_3": 0.55027,
        "83_3": 2.77443,
        "18_4": 1.44033,
        "20_4": 0.88089,
        "44_4": 1.7089,
        "58_4": 0.25517,
        "59_4": 1.63784,
        "82_4": 5.48588,
        "84_4": 1.45799,
        "5_5": 0.47099,
        "19_5": 0.15197,
        "24_5": 0.57053,
        "29_5": 0.13946,
        "32_5": 0.79783,
        "33_5": 1.61094,
        "34_5": 1.16924,
        "36_5": 0.34977,
        "54_5": 0.68084,
        "60_5": 2.10019,
        "70_5": 0.94005,
        "82_5": 1.94975,
        "4_6": 1.67836,
        "17_6": 0.99984,
        "29_6": 0.24378,
        "36_6": 1.89303,
        "41_6": 0.79735,
        "67_6": 2.73369,
        "5_7": 0.25,
        "6_7": 0.18342,
        "9_7": 0.61554,
        "23_7": 0.53129,
        "30_7": 0.35334,
        "43_7": 1.59022,
        "48_7": 0.13754,
        "49_7": 0.13773,
        "52_7": 0.5234,
        "73_7": 0.60025,
        "79_7": 0.24035,
        "81_7": 0.05396,
        "3_8": 1.34222,
        "8_8": 2.65297,
        "42_8": 3.67428,
        "46_8": 3.60498,
        "79_8": 0.70065,
        "89_8": 0.30755,
        "28_9": 0.66258,
        "41_9": 0.10896,
        "44_9": 1.29873,
        "45_9": 0.35703,
        "46_9": 0.82616,
        "62_9": 0.8585,
        "82_9": 1.62587,
        "83_9": 2.45983,
        "84_9": 0.616,
        "86_9": 0.31889,
        "3_10": 0.37531,
        "6_10": 0.51541,
        "7_10": 0.50138,
        "12_10": 0.63663,
        "18_10": 0.21161,
        "39_10": 0.64627,
        "42_10": 0.14069,
        "52_10": 0.41655,
        "57_10": 0.09657,
        "64_10": 0.51788,
        "77_10": 1.97481,
        "84_10": 0.29764,
        "88_10": 0.08025,