{
    "throughput": 9.0,
    "class_probs": {
        "0": 0.018384284233127834,
        "1": 0.011568272026538536,
        "2": 0.00699129258911415,
        "3": 0.0056805092747538085,
        "4": 0.017078016664043728,
        "5": 0.010401131593345292,
        "6": 0.017801158010866423,
        "7": 0.0029429715564174568,
        "8": 0.00968734501680585,
        "9": 0.003273648209495064,
        "10": 0.008599685169652697,
        "11": 0.011092818051040745,
        "12": 0.0109371993448973,
        "13": 0.009308802276807297,
        "14": 0.019651697857107235,
        "15": 0.016422455223376025,
        "16": 0.01847937219173688,
        "17": 0.00441385830134876,
        "18": 0.018227991666617076,
        "19": 0.017098662074610176,
        "20": 0.005062465046247083,
        "21": 0.02035459108501098,
        "22": 0.007763125341007394,
        "23": 0.003717268133219994,
        "24": 0.020166508694753834,
        "25": 0.010902306011147294,
        "26": 0.004213359571925447,
        "27": 0.01330126194162024,
        "28": 0.01674686192246908,
        "29": 0.007330201557715655,
        "30": 0.012942712297281249,
        "31": 0.008749534073959874,
        "32": 0.014682331405349901,
        "33": 0.002696590070062328,
        "34": 0.009296947900881685,
        "35": 0.008619702233333318,
        "36": 0.010887475291415418,
        "37": 0.012145721913252262,
        "38": 0.010998507099421162,
        "39": 0.0053825992802257125,
        "40": 0.017615884106805972,
        "41": 0.006552817191298036,
        "42": 0.002085550614285236,
        "43": 0.016987477454797513,
        "44": 0.01963042804108419,
        "45": 0.014873231507853657,
        "46": 0.007025018301896696,
        "47": 0.006361135095031496,
        "48": 0.018847350850951582,
        "49": 0.015303890196039803,
        "50": 0.014725809106284547,
        "51": 0.012765227761689788,
        "52": 0.012945153261877356,
        "53": 0.008482944936005642,
        "54": 0.014694797994930422,
        "55": 0.010651522661378698,
        "56": 0.011337839295255144,
        "57": 0.00857742352394688,
        "58": 0.002206697834378281,
        "59": 0.016814568029276562,
        "60": 0.006528085729165202,
        "61": 0.020589788474893813,
        "62": 0.003429871907553499,
        "63": 0.007017073638159876,
        "64": 0.004804546617523084,
        "65": 0.006639553238263578,
        "66": 0.0054215735977047215,
        "67": 0.002118719353833252,
        "68": 0.009200151539814955,
        "69": 0.009084195818065575,
        "70": 0.020093783965167776,
        "71": 0.010514574673421886,
        "72": 0.008425331781908487,
        "73": 0.020292635940012172,
        "74": 0.008903657497325572,
        "75": 0.0049958842729204925,
        "76": 0.014963737027960266,
        "77": 0.013472031045349601,
        "78": 0.002389610337810007,
        "79": 0.013991081269126245,
        "80": 0.0037491790765384523,
        "81": 0.012321178855579921,
        "82": 0.020790817410023112,
        "83": 0.010282632052427177,
        "84": 0.00544186359689495,
        "85": 0.017052301059863117,
        "86": 0.009427788244855163,
        "87": 0.01187372928658475,
        "88": 0.015112870227423181,
        "89": 0.01858574249676035
    },
    "best_objective": 611.1238878416335,
    "classes": [
        "0",
        "1",
        "2",
        "3",
        "4",
        "5",
        "6",
        "7",
        "8",
        "9",
        "10",
        "11",
        "12",
        "13",
        "14",
        "15",
        "16",
        "17",
        "18",
        "19",
        "20",
        "21",
        "22",
        "23",
        "24",
        "25",
        "26",
        "27",
        "28",
        "29",
        "30",
        "31",
        "32",
        "33",
        "34",
        "35",
        "36",
        "37",
        "38",
        "39",
        "40",
        "41",
        "42",
        "43",
        "44",
        "45",
        "46",
        "47",
        "48",
        "49",
        "50",
        "51",
        "52",
        "53",
        "54",
        "55",
        "56",
        "57",
        "58",
        "59",
        "60",
        "61",
        "62",
        "63",
        "64",
        "65",
        "66",
        "67",
        "68",
        "69",
        "70",
        "71",
        "72",
        "73",
        "74",
        "75",
        "76",
        "77",
        "78",
        "79",
        "80",
        "81",
        "82",
        "83",
        "84",
        "85",
        "86",
        "87",
        "88",
        "89"
    ],
    "resources": [
        "0",
        "1",
        "2",
        "3",
        "4",
        "5",
        "6",
        "7",
        "8",
        "9",
        "10",
        "11",
        "12",
        "13",
        "14",
        "15",
        "16",
        "17",
        "18",
        "19",
        "20",
        "21",
        "22",
        "23",
        "24",
        "25",
        "26",
        "27",
        "28",
        "29",
        "30",
        "31",
        "32",
        "33",
        "34",
        "35",
        "36",
        "37",
        "38",
        "39"
    ],
    "demands": {
        "30_0": 0.27051,
        "32_0": 0.23754,
        "33_0": 9.09573,
        "34_0": 1.44301,
        "59_0": 0.57988,
        "80_0": 1.97662,
        "3_1": 1.81769,
        "17_1": 4.71922,
        "23_1": 1.3473,
        "26_1": 0.35031,
        "43_1": 0.2013,
        "47_1": 3.1918,
        "59_1": 0.5954,
        "0_2": 0.30655,
        "1_2": 0.86393,
        "7_2": 0.98228,
        "36_2": 1.37879,
        "44_2": 0.67846,
        "45_2": 0.51337,
        "60_2": 1.66718,
        "66_2": 0.91786,
        "76_2": 1.00074,
        "77_2": 0.20782,
        "80_2": 1.62095,
        "22_3": 1.21105,
        "30_3": 0.72957,
        "31_3": 0.41873,
        "33_3": 1.07019,
        "36_3": 0.60856,
        "42_3": 3.15049,
        "49_3": 0.59802,
        "60_3": 0.42452,
        "78_3": 2.74625,
        "84_3": 1.11601,
        "89_3": 0.39906,
        "10_4": 0.30285,
        "12_4": 0.38177,
        "23_4": 0.03049,
        "28_4": 0.3383,
        "37_4": 0.0417,
        "48_4": 0.01619,
        "52_4": 0.11115,
        "58_4": 0.30509,
        "70_4": 0.15559,
        "72_4": 0.13993,
        "73_4": 0.1167,
        "74_4": 0.75258,
        "84_4": 0.53419,
        "87_4": 0.34312,
        "0_5": 0.64939,
        "22_5": 0.20446,
        "26_5": 3.29957,
        "41_5": 0.60993,
        "42_5": 3.42518,
        "48_5": 0.26214,
        "71_5": 0.04152,
        "75_5": 2.68096,
        "79_5": 0.31649,
        "86_5": 0.83812,
        "5_6": 0.41918,
        "12_6": 0.47673,
        "16_6": 0.38315,
        "25_6": 0.50877,
        "27_6": 0.57681,
        "54_6": 0.38423,
        "58_6": 2.70886,
        "70_6": 0.31484,
        "7_7": 1.05395,
        "13_7": 0.08981,
        "27_7": 0.44797,
        "31_7": 0.00284,
        "40_7": 0.06711,
        "55_7": 0.51793,
        "68_7": 0.5373,
        "76_7": 0.3091,
        "78_7": 0.96166,
        "84_7": 1.05298,
        "0_8": 0.17935,
        "5_8": 0.28115,
        "13_8": 0.13264,
        "14_8": 0.59011,
        "24_8": 0.46346,
        "29_8": 0.00805,
        "58_8": 3.82217,
        "62_8": 2.68191,
        "74_8": 1.1046,
        "83_8": 0.41659,
        "85_8": 0.2017,
        "2_9": 1.22713,
        "39_9": 1.87945,
        "43_9": 0.26944,
        "50_9": 0.20794,
        "61_9": 0.66476,
        "73_9": 0.13083,
        "8_10": 0.20181,
        "10_10": 0.86615,
        "19_10": 0.06342,
        "27_10": 0.37409,
        "30_10": 0.23088,
        "33_10": 2.9169,
        "42_10": 0.15621,
        "43_10": 0.26454,
        "54_10": 0.45301,
        "65_10": 1.10386,
        "81_10": 0.5144,
        "87_10": 0.68404,
        "3_11": 0.93995,
        "5_11": 0.57557,
        "6_11": 0.37628,
        "7_11": 1.79571,
        "11_11": 0.47215,
        "13_11": 0.38613,
        "32_11": 0.0603,