{
    "throughput": 8.0,
    "class_probs": {
        "0": 0.007753067290725068,
        "1": 0.018446100600649946,
        "2": 0.01110777222846721,
        "3": 0.014658590749269812,
        "4": 0.014524520887742748,
        "5": 0.016912747558091225,
        "6": 0.0147021248923229,
        "7": 0.00479705238109404,
        "8": 0.01904222981082477,
        "9": 0.004820244194322766,
        "10": 0.0027437889761453673,
        "11": 0.008751096269328264,
        "12": 0.0069706093221604554,
        "13": 0.012125544128658157,
        "14": 0.009759825372077204,
        "15": 0.003960700074252077,
        "16": 0.010809320599485535,
        "17": 0.008419063499761185,
        "18": 0.014085456402444843,
        "19": 0.018896948997130014,
        "20": 0.0076892713115004245,
        "21": 0.012083741485823774,
        "22": 0.007941409087298831,
        "23": 0.017659363879697538,
        "24": 0.004709585991051641,
        "25": 0.017104868624267487,
        "26": 0.00940092337319037,
        "27": 0.010711673329554442,
        "28": 0.014567914590415988,
        "29": 0.0055794730559678785,
        "30": 0.018084057490712707,
        "31": 0.010699527724143681,
        "32": 0.013212624114218531,
        "33": 0.00926677618786348,
        "34": 0.016368532921402893,
        "35": 0.007930969667557417,
        "36": 0.004870252060404542,
        "37": 0.01076350044216011,
        "38": 0.0065194441519981485,
        "39": 0.01444036352449124,
        "40": 0.016640149849002937,
        "41": 0.0037629056107392933,
        "42": 0.008411092122391646,
        "43": 0.012491470545819706,
        "44": 0.01881460978802585,
        "45": 0.017892823869402313,
        "46": 0.019248829579073107,
        "47": 0.01127027167835475,
        "48": 0.017135954079223907,
        "49": 0.01804968872833349,
        "50": 0.006429663193551852,
        "51": 0.01329774376840028,
        "52": 0.007139822430440087,
        "53": 0.002583784958056973,
        "54": 0.014735845886370736,
        "55": 0.017997552387605108,
        "56": 0.014327553869956575,
        "57": 0.007352262077741691,
        "58": 0.01546621097086657,
        "59": 0.007258537340391107,
        "60": 0.004429990426135824,
        "61": 0.0035690349717339472,
        "62": 0.008214827985107993,
        "63": 0.007521560400939654,
        "64": 0.008739339295485843,
        "65": 0.005252488305522311,
        "66": 0.007588125115224377,
        "67": 0.010153610654761436,
        "68": 0.013652180468393893,
        "69": 0.014502992165252977,
        "70": 0.0025346044675325762,
        "71": 0.015307598712218084,
        "72": 0.015326108622059475,
        "73": 0.005001934831286449,
        "74": 0.015613147471638328,
        "75": 0.016485469904096935,
        "76": 0.01719946850657843,
        "77": 0.01688812363181032,
        "78": 0.01316560880808125,
        "79": 0.01651785216570665,
        "80": 0.003193996101777897,
        "81": 0.004006508249082504,
        "82": 0.0124053495380772,
        "83": 0.01706885283788811,
        "84": 0.008076857141604523,
        "85": 0.0069218235401415605,
        "86": 0.011005689440928864,
        "87": 0.010570888468025086,
        "88": 0.010260808467883617,
        "89": 0.005627309322601302
    },
    "best_objective": 392.58265680471305,
    "classes": [
        "0",
        "1",
        "2",
        "3",
        "4",
        "5",
        "6",
        "7",
        "8",
        "9",
        "10",
        "11",
        "12",
        "13",
        "14",
        "15",
        "16",
        "17",
        "18",
        "19",
        "20",
        "21",
        "22",
        "23",
        "24",
        "25",
        "26",
        "27",
        "28",
        "29",
        "30",
        "31",
        "32",
        "33",
        "34",
        "35",
        "36",
        "37",
        "38",
        "39",
        "40",
        "41",
        "42",
        "43",
        "44",
        "45",
        "46",
        "47",
        "48",
        "49",
        "50",
        "51",
        "52",
        "53",
        "54",
        "55",
        "56",
        "57",
        "58",
        "59",
        "60",
        "61",
        "62",
        "63",
        "64",
        "65",
        "66",
        "67",
        "68",
        "69",
        "70",
        "71",
        "72",
        "73",
        "74",
        "75",
        "76",
        "77",
        "78",
        "79",
        "80",
        "81",
        "82",
        "83",
        "84",
        "85",
        "86",
        "87",
        "88",
        "89"
    ],
    "resources": [
        "0",
        "1",
        "2",
        "3",
        "4",
        "5",
        "6",
        "7",
        "8",
        "9",
        "10",
        "11",
        "12",
        "13",
        "14",
        "15",
        "16",
        "17",
        "18",
        "19",
        "20",
        "21",
        "22",
        "23",
        "24",
        "25",
        "26",
        "27",
        "28",
        "29",
        "30",
        "31",
        "32",
        "33",
        "34",
        "35",
        "36",
        "37",
        "38",
        "39"
    ],
    "demands": {
        "38_0": 1.91643,
        "40_0": 1.18119,
        "43_0": 1.77747,
        "48_0": 0.71086,
        "57_0": 0.95356,
        "66_0": 0.4451,
        "0_1": 1.10706,
        "1_1": 0.22972,
        "7_1": 2.89741,
        "31_1": 2.26461,
        "45_1": 0.4135,
        "62_1": 0.83673,
        "70_1": 3.30414,
        "88_1": 0.36599,
        "15_2": 1.80866,
        "29_2": 0.48624,
        "50_2": 3.27986,
        "63_2": 1.72197,
        "71_2": 1.19584,
        "81_2": 1.29096,
        "83_2": 2.25064,
        "9_3": 0.64824,
        "18_3": 0.59374,
        "31_3": 0.57982,
        "34_3": 0.43799,
        "42_3": 0.20037,
        "45_3": 0.27553,
        "48_3": 0.20976,
        "56_3": 0.42418,
        "62_3": 0.0851,
        "63_3": 0.15456,
        "73_3": 0.70971,
        "76_3": 0.61845,
        "80_3": 0.07804,
        "0_4": 1.6099,
        "3_4": 0.02243,
        "5_4": 0.64513,
        "11_4": 0.70972,
        "27_4": 0.56459,
        "39_4": 0.65942,
        "41_4": 1.11787,
        "47_4": 1.05953,
        "53_4": 4.71839,
        "69_4": 0.60084,
        "82_4": 0.61591,
        "84_4": 1.57867,
        "89_4": 0.13156,
        "4_5": 0.97628,
        "23_5": 0.45623,
        "28_5": 1.55097,
        "30_5": 0.13109,
        "41_5": 1.71441,
        "48_5": 0.79157,
        "51_5": 0.46653,
        "55_5": 0.14477,
        "56_5": 0.4911,
        "62_5": 0.82125,
        "88_5": 0.26536,
        "0_6": 2.45669,
        "16_6": 1.39015,
        "26_6": 0.74948,
        "33_6": 1.10783,
        "42_6": 0.26273,
        "48_6": 1.21238,
        "72_6": 0.85651,
        "73_6": 0.31286,
        "75_6": 0.09655,
        "3_7": 0.5943,
        "9_7": 1.32901,
        "10_7": 1.71118,
        "24_7": 0.77243,
        "55_7": 0.31582,
        "60_7": 1.84349,
        "61_7": 0.25741,
        "62_7": 0.60813,
        "74_7": 0.82929,
        "2_8": 1.54916,
        "13_8": 0.43077,
        "14_8": 1.31296,
        "32_8": 0.25043,
        "49_8": 0.52242,
        "50_8": 1.11382,
        "77_8": 0.76721,
        "83_8": 0.88613,
        "87_8": 1.47317,
        "10_9": 1.59603,
        "12_9": 0.2844,
        "22_9": 0.68056,
        "23_9": 0.35169,
        "35_9": 0.27999,
        "53_9": 0.31142,
        "67_9": 0.59083,
        "69_9": 0.19652,
        "70_9": 1.54987,
        "71_9": 0.19809,
        "72_9": 0.07226,
        "84_9": 0.52982,
        "2_10": 0.79088,
        "4_10": 0.2161,
        "10_10": 1.09499,
        "16_10": 0.80467,
        "19_10": 0.22325,
        "36_10": 0.63217,
        "66_10": 0.69077,
        "72_10": 0.01678,
        "78_10": 0.36162,
        "89_10": 1.32594,
        "4_11": 0.66345,
        "13_11": 0.42886,
        "38_11": 1.48658,
        "51_11": 0.01515,
        "53_11": 4.56451,
        "66_11": 1.14606,