{
    "throughput": 9.0,
    "class_probs": {
        "0": 0.005181226076790938,
        "1": 0.00726657003275521,
        "2": 0.008413637129794196,
        "3": 0.01438788402848901,
        "4": 0.02115895938930796,
        "5": 0.006982008170705063,
        "6": 0.014023665598428279,
        "7": 0.013796356282695696,
        "8": 0.010969413326645316,
        "9": 0.004023057062336708,
        "10": 0.013325052780788516,
        "11": 0.021844307117309544,
        "12": 0.012905901687999646,
        "13": 0.0031973586948913293,
        "14": 0.020220902913374045,
        "15": 0.011748060639766977,
        "16": 0.004948968056509641,
        "17": 0.003132517484193529,
        "18": 0.00915885964738177,
        "19": 0.0037687751557691587,
        "20": 0.010668323319290478,
        "21": 0.019923709657484346,
        "22": 0.010651813172941081,
        "23": 0.010307676884539683,
        "24": 0.00356317377334587,
        "25": 0.020043437406084687,
        "26": 0.0050116226010882186,
        "27": 0.017398088931834706,
        "28": 0.01580768087857911,
        "29": 0.00992811245932158,
        "30": 0.013007465602267256,
        "31": 0.00687973531682543,
        "32": 0.013556383799209135,
        "33": 0.012523639197112933,
        "34": 0.009847303755214424,
        "35": 0.003356496498854054,
        "36": 0.011541028544154881,
        "37": 0.01800078979779438,
        "38": 0.00828112000373899,
        "39": 0.014946465263096826,
        "40": 0.016995011461329278,
        "41": 0.007094222337594606,
        "42": 0.0054375062084949894,
        "43": 0.00239939661863771,
        "44": 0.005474411155109309,
        "45": 0.010855335274126916,
        "46": 0.012281002886064025,
        "47": 0.01256164349695548,
        "48": 0.016251939298665575,
        "49": 0.012467720188919004,
        "50": 0.016519853567568122,
        "51": 0.005846052230462721,
        "52": 0.01884220133017818,
        "53": 0.0032052605960841488,
        "54": 0.012787676128005208,
        "55": 0.005476693599611365,
        "56": 0.013721205875858993,
        "57": 0.005012999735224411,
        "58": 0.012037061114745376,
        "59": 0.013890822987228128,
        "60": 0.015477623305400513,
        "61": 0.021199358187115575,
        "62": 0.01627215404199767,
        "63": 0.009283596129631595,
        "64": 0.004581640010184647,
        "65": 0.003158798973748357,
        "66": 0.014522348642578932,
        "67": 0.016918682745501883,
        "68": 0.016357637559052514,
        "69": 0.019034545379922507,
        "70": 0.01033221291667882,
        "71": 0.013228268302836781,
        "72": 0.01158425811572251,
        "73": 0.01135243706145837,
        "74": 0.0199408539206743,
        "75": 0.01123876707875436,
        "76": 0.0031131283823908327,
        "77": 0.008837977648717191,
        "78": 0.015469244958457508,
        "79": 0.009854004498066482,
        "80": 0.01166505703827606,
        "81": 0.01372520700891332,
        "82": 0.013784256068686433,
        "83": 0.0037358917146598793,
        "84": 0.005117667012386711,
        "85": 0.011953747463940113,
        "86": 0.006254958689123393,
        "87": 0.012470607075154733,
        "88": 0.005935050442220232,
        "89": 0.00874445539817351
    },
    "best_objective": 377.1522365403921,
    "classes": [
        "0",
        "1",
        "2",
        "3",
        "4",
        "5",
        "6",
        "7",
        "8",
        "9",
        "10",
        "11",
        "12",
        "13",
        "14",
        "15",
        "16",
        "17",
        "18",
        "19",
        "20",
        "21",
        "22",
        "23",
        "24",
        "25",
        "26",
        "27",
        "28",
        "29",
        "30",
        "31",
        "32",
        "33",
        "34",
        "35",
        "36",
        "37",
        "38",
        "39",
        "40",
        "41",
        "42",
        "43",
        "44",
        "45",
        "46",
        "47",
        "48",
        "49",
        "50",
        "51",
        "52",
        "53",
        "54",
        "55",
        "56",
        "57",
        "58",
        "59",
        "60",
        "61",
        "62",
        "63",
        "64",
        "65",
        "66",
        "67",
        "68",
        "69",
        "70",
        "71",
        "72",
        "73",
        "74",
        "75",
        "76",
        "77",
        "78",
        "79",
        "80",
        "81",
        "82",
        "83",
        "84",
        "85",
        "86",
        "87",
        "88",
        "89"
    ],
    "resources": [
        "0",
        "1",
        "2",
        "3",
        "4",
        "5",
        "6",
        "7",
        "8",
        "9",
        "10",
        "11",
        "12",
        "13",
        "14",
        "15",
        "16",
        "17",
        "18",
        "19",
        "20",
        "21",
        "22",
        "23",
        "24",
        "25",
        "26",
        "27",
        "28",
        "29",
        "30",
        "31",
        "32",
        "33",
        "34",
        "35",
        "36",
        "37",
        "38",
        "39"
    ],
    "demands": {
        "8_0": 0.00138,
        "10_0": 0.05902,
        "17_0": 0.53296,
        "20_0": 0.61109,
        "27_0": 0.34791,
        "40_0": 0.33505,
        "52_0": 0.15276,
        "54_0": 0.2863,
        "61_0": 0.24425,
        "65_0": 1.80249,
        "67_0": 0.00863,
        "68_0": 0.38884,
        "70_0": 0.48984,
        "80_0": 0.31936,
        "85_0": 0.56705,
        "89_0": 0.36157,
        "4_1": 0.2672,
        "8_1": 0.24282,
        "10_1": 0.19904,
        "30_1": 0.1375,
        "35_1": 0.62565,
        "37_1": 0.2864,
        "45_1": 0.46359,
        "55_1": 0.44438,
        "65_1": 1.75644,
        "79_1": 0.32167,
        "82_1": 0.38539,
        "83_1": 0.49619,
        "87_1": 0.24423,
        "88_1": 0.27653,
        "17_2": 2.74735,
        "19_2": 0.45203,
        "25_2": 0.72525,
        "34_2": 0.56659,
        "47_2": 0.94542,
        "62_2": 0.78392,
        "65_2": 0.44795,
        "74_2": 0.33763,
        "80_2": 0.05623,
        "85_2": 1.08389,
        "4_3": 0.31283,
        "21_3": 0.461,
        "24_3": 3.22847,
        "31_3": 1.60131,
        "39_3": 0.60526,
        "46_3": 0.39696,
        "49_3": 0.34964,
        "59_3": 0.0253,
        "74_3": 0.32241,
        "6_4": 1.30185,
        "46_4": 1.9207,
        "50_4": 0.22573,
        "51_4": 3.2026,
        "66_4": 1.20509,
        "67_4": 0.0714,
        "68_4": 0.4147,
        "72_4": 0.2319,
        "10_5": 0.15008,
        "21_5": 0.34313,
        "31_5": 1.74788,
        "45_5": 0.82889,
        "80_5": 0.71969,
        "2_6": 1.00125,
        "20_6": 1.65662,
        "31_6": 0.02639,
        "78_6": 0.72715,
        "4_7": 0.07914,
        "17_7": 4.33918,
        "27_7": 0.64313,
        "42_7": 1.14002,
        "43_7": 3.84615,
        "59_7": 0.28428,
        "60_7": 0.5332,
        "67_7": 0.18105,
        "70_7": 0.06625,
        "74_7": 0.38329,
        "75_7": 1.1594,
        "78_7": 0.3675,
        "82_7": 0.71624,
        "2_8": 0.8287,
        "4_8": 0.04442,
        "5_8": 0.65426,
        "10_8": 0.02071,
        "20_8": 0.22394,
        "28_8": 0.18016,
        "29_8": 0.14784,
        "33_8": 0.43485,
        "36_8": 0.08153,
        "44_8": 0.85189,
        "48_8": 0.03312,
        "58_8": 0.36842,
        "59_8": 0.30429,
        "67_8": 0.13297,
        "79_8": 0.23187,
        "88_8": 0.15776,
        "2_9": 0.88897,
        "9_9": 0.93078,
        "15_9": 0.85021,
        "23_9": 0.80321,
        "38_9": 1.18042,
        "39_9": 0.31408,
        "57_9": 0.93703,
        "78_9": 0.49915,
        "80_9": 0.77518,
        "84_9": 0.84885,
        "89_9": 0.55334,
        "0_10": 0.72294,
        "13_10": 1.92392,
        "20_10": 1.23685,
        "28_10": 0.76235,
        "38_10": 0.86194,
        "60_10": 0.62291,
        "64_10": 2.89011,
        "72_10": 1.18865,