{
    "throughput": 6.0,
    "class_probs": {
        "0": 0.14253118540911222,
        "1": 0.043123907732216304,
        "2": 0.09997763108509368,
        "3": 0.04115538179087697,
        "4": 0.019644601796759358,
        "5": 0.15213962488612756,
        "6": 0.05966889880339963,
        "7": 0.043054571989615834,
        "8": 0.16476027782064614,
        "9": 0.08108971376726849,
        "10": 0.08875355272686022,
        "11": 0.06410065219202365
    },
    "best_objective": 75.15157311611645,
    "classes": [
        "0",
        "1",
        "2",
        "3",
        "4",
        "5",
        "6",
        "7",
        "8",
        "9",
        "10",
        "11"
    ],
    "resources": [
        "0",
        "1",
        "2",
        "3",
        "4",
        "5",
        "6",
        "7",
        "8",
        "9"
    ],
    "demands": {
        "0_0": 0.00129,
        "1_0": 0.29431,
        "2_0": 0.00136,
        "3_0": 0.50149,
        "6_0": 0.43779,
        "7_0": 0.81158,
        "9_0": 0.13794,
        "11_0": 0.52498,
        "3_1": 0.28655,
        "4_1": 0.69491,
        "5_1": 0.11389,
        "7_1": 0.11919,
        "10_1": 0.16113,
        "0_2": 0.04902,
        "1_2": 0.17601,
        "2_2": 0.00577,
        "3_2": 0.20365,
        "5_2": 0.04803,
        "6_2": 0.23453,
        "8_2": 0.10951,
        "0_3": 0.20441,
        "2_3": 0.16148,
        "5_3": 0.13341,
        "7_3": 0.43693,
        "9_3": 0.51132,
        "0_4": 0.08015,
        "2_4": 0.57649,
        "3_4": 0.91166,
        "6_4": 0.36293,
        "8_4": 0.12572,
        "0_5": 0.14021,
        "3_5": 0.2195,
        "5_5": 0.09677,
        "6_5": 0.38119,
        "11_5": 0.37937,
        "1_6": 0.04464,
        "2_6": 0.25982,
        "4_6": 0.8695,
        "9_6": 0.07636,
        "10_6": 0.34484,
        "11_6": 0.56041,
        "5_7": 0.11319,
        "8_7": 0.09876,
        "9_7": 0.59578,
        "2_8": 0.1291,
        "4_8": 0.36244,
        "9_8": 0.42223,
        "11_8": 0.52092,
        "0_9": 0.08418,
        "4_9": 0.59375,
        "6_9": 0.2202,
        "8_9": 0.2431,
        "11_9": 0.34211
    },
    "best": {
        "0": 8.948486299567064,
        "1": 8.657892891203838,
        "2": 4.217260224419138,
        "3": 5.517975673768547,
        "4": 9.018322341264211,
        "5": 6.269701642235203,
        "6": 10.10004407056057,
        "7": 5.632034883962586,
        "8": 8.704499691253579,
        "9": 8.085355397881717
    },
    "best_mrt": [
        101.43352890305884,
        86.87272318808472,
        149.97382535031267,
        300.0000000625072,
        300.000000014795,
        93.18498872777518,
        255.69344365577146,
        206.1805571664827,
        95.64690437142723,
        300.00000005173735,
        56.15838719785838,
        300.0000000925636
    ],
    "SLA": 300
}