{
    "throughput": 8.0,
    "class_probs": {
        "0": 0.010515704005134317,
        "1": 0.013938836654365318,
        "2": 0.006601262228509796,
        "3": 0.007333645951687053,
        "4": 0.01619020921594406,
        "5": 0.003893962731318315,
        "6": 0.021773394924675588,
        "7": 0.005177004945702915,
        "8": 0.00826711361855062,
        "9": 0.016439641121151427,
        "10": 0.0038141419425529585,
        "11": 0.006082598350319524,
        "12": 0.01789065621052862,
        "13": 0.011834350815851465,
        "14": 0.00960991667242393,
        "15": 0.0037309076278949685,
        "16": 0.013698024852320224,
        "17": 0.022093591332760384,
        "18": 0.009840754049774147,
        "19": 0.01330072871008048,
        "20": 0.007891057617100667,
        "21": 0.017670310007407427,
        "22": 0.015014405695354232,
        "23": 0.012438130641784584,
        "24": 0.008011605598700938,
        "25": 0.009359289186328954,
        "26": 0.007870213816692815,
        "27": 0.0067777225318422915,
        "28": 0.005109889333933439,
        "29": 0.005612786480546342,
        "30": 0.011562914713381998,
        "31": 0.006487093937653902,
        "32": 0.012178907136885186,
        "33": 0.002712562412148074,
        "34": 0.017916552396504155,
        "35": 0.011937928208355212,
        "36": 0.011001068668418264,
        "37": 0.013891931890033637,
        "38": 0.013257616359456116,
        "39": 0.012731881071340321,
        "40": 0.006421609823489504,
        "41": 0.019370697058416896,
        "42": 0.008961154336921856,
        "43": 0.003173090962198607,
        "44": 0.01671362105249373,
        "45": 0.0031524662959522658,
        "46": 0.016213739043449943,
        "47": 0.00900860145553743,
        "48": 0.00990833106973444,
        "49": 0.0038598483049457175,
        "50": 0.020075729370049717,
        "51": 0.009514829994087256,
        "52": 0.0038665570146546833,
        "53": 0.016652194444848115,
        "54": 0.012262162944402532,
        "55": 0.005702498976213049,
        "56": 0.008354456921985848,
        "57": 0.0065321007161362075,
        "58": 0.010384017979810343,
        "59": 0.013848514966487814,
        "60": 0.009813970257866976,
        "61": 0.006361466995969135,
        "62": 0.021185114645375206,
        "63": 0.01914897211892086,
        "64": 0.007686128324512812,
        "65": 0.010292720474811402,
        "66": 0.020001104242000006,
        "67": 0.021983589335404997,
        "68": 0.006142857340540703,
        "69": 0.011451259016276673,
        "70": 0.009019841566050376,
        "71": 0.01725714887562471,
        "72": 0.0041507046474796964,
        "73": 0.014209929835293577,
        "74": 0.01637336207199014,
        "75": 0.007698217983770699,
        "76": 0.012864478357463717,
        "77": 0.0054814129728381145,
        "78": 0.006473480605958777,
        "79": 0.00861744382371263,
        "80": 0.015145359231616378,
        "81": 0.0158132175653028,
        "82": 0.008658269982214925,
        "83": 0.016289283503881206,
        "84": 0.0038455544625809303,
        "85": 0.01276068042114888,
        "86": 0.01893690606139912,
        "87": 0.017473492216216642,
        "88": 0.006693434711448814,
        "89": 0.012734061955098434
    },
    "best_objective": 413.42704397338497,
    "classes": [
        "0",
        "1",
        "2",
        "3",
        "4",
        "5",
        "6",
        "7",
        "8",
        "9",
        "10",
        "11",
        "12",
        "13",
        "14",
        "15",
        "16",
        "17",
        "18",
        "19",
        "20",
        "21",
        "22",
        "23",
        "24",
        "25",
        "26",
        "27",
        "28",
        "29",
        "30",
        "31",
        "32",
        "33",
        "34",
        "35",
        "36",
        "37",
        "38",
        "39",
        "40",
        "41",
        "42",
        "43",
        "44",
        "45",
        "46",
        "47",
        "48",
        "49",
        "50",
        "51",
        "52",
        "53",
        "54",
        "55",
        "56",
        "57",
        "58",
        "59",
        "60",
        "61",
        "62",
        "63",
        "64",
        "65",
        "66",
        "67",
        "68",
        "69",
        "70",
        "71",
        "72",
        "73",
        "74",
        "75",
        "76",
        "77",
        "78",
        "79",
        "80",
        "81",
        "82",
        "83",
        "84",
        "85",
        "86",
        "87",
        "88",
        "89"
    ],
    "resources": [
        "0",
        "1",
        "2",
        "3",
        "4",
        "5",
        "6",
        "7",
        "8",
        "9",
        "10",
        "11",
        "12",
        "13",
        "14",
        "15",
        "16",
        "17",
        "18",
        "19",
        "20",
        "21",
        "22",
        "23",
        "24",
        "25",
        "26",
        "27",
        "28",
        "29",
        "30",
        "31",
        "32",
        "33",
        "34",
        "35",
        "36",
        "37",
        "38",
        "39"
    ],
    "demands": {
        "15_0": 1.36084,
        "24_0": 0.31904,
        "26_0": 0.18405,
        "28_0": 0.83093,
        "44_0": 0.09219,
        "45_0": 3.31962,
        "51_0": 0.74311,
        "58_0": 0.41841,
        "60_0": 0.61099,
        "75_0": 0.41174,
        "18_1": 0.28366,
        "26_1": 2.03419,
        "29_1": 1.55739,
        "41_1": 0.82267,
        "45_1": 7.09762,
        "51_1": 0.66054,
        "56_1": 0.13688,
        "57_1": 3.84052,
        "2_2": 0.03736,
        "3_2": 1.07596,
        "7_2": 0.54825,
        "13_2": 0.22223,
        "21_2": 0.41768,
        "22_2": 0.2699,
        "23_2": 0.49326,
        "29_2": 0.12975,
        "42_2": 0.3871,
        "48_2": 0.51039,
        "67_2": 0.3629,
        "71_2": 0.21701,
        "77_2": 1.19863,
        "79_2": 0.77571,
        "84_2": 1.65384,
        "3_3": 0.54945,
        "6_3": 0.17866,
        "13_3": 0.23593,
        "19_3": 0.29838,
        "32_3": 0.24645,
        "33_3": 1.79672,
        "43_3": 2.09397,
        "46_3": 0.16309,
        "55_3": 0.71097,
        "63_3": 0.22983,
        "65_3": 0.34153,
        "71_3": 0.02072,
        "7_4": 3.63915,
        "35_4": 0.51052,
        "50_4": 0.5758,
        "53_4": 0.07205,
        "55_4": 0.70966,
        "65_4": 2.63763,
        "79_4": 2.82321,
        "89_4": 0.60158,
        "19_5": 0.79314,
        "30_5": 1.8154,
        "36_5": 0.44629,
        "65_5": 0.45198,
        "6_6": 0.8727,
        "21_6": 0.88604,
        "31_6": 1.48241,
        "48_6": 1.08049,
        "71_6": 0.73206,
        "74_6": 0.18403,
        "82_6": 0.05271,
        "83_6": 1.15139,
        "87_6": 0.77697,
        "28_7": 1.45194,
        "42_7": 0.72474,
        "43_7": 3.52986,
        "44_7": 0.30719,
        "47_7": 1.75437,
        "48_7": 1.12232,
        "60_7": 1.26867,
        "70_7": 1.57851,
        "84_7": 3.92006,
        "19_8": 0.1099,
        "20_8": 0.26616,
        "26_8": 1.48952,
        "30_8": 0.0349,
        "35_8": 0.5972,
        "40_8": 0.60899,
        "43_8": 1.28154,
        "66_8": 0.76322,
        "84_8": 1.55363,
        "86_8": 0.17271,
        "14_9": 0.11461,
        "19_9": 0.96899,
        "33_9": 4.16046,
        "38_9": 0.75826,
        "39_9": 1.33343,
        "46_9": 0.60735,
        "50_9": 0.28375,
        "82_9": 1.10678,
        "88_9": 2.87823,
        "89_9": 1.08637,
        "4_10": 0.08527,
        "35_10": 0.36525,
        "39_10": 0.88947,
        "43_10": 3.30233,
        "53_10": 0.60549,
        "68_10": 0.11098,
        "69_10": 0.97254,
        "74_10": 0.18806,
        "6_11": 0.07145,
        "8_11": 0.26976,
        "9_11": 0.39432,
        "11_11": 1.65322,
        "17_11": 0.46991,
        "18_11": 1.0506,
        "26_11": 0.3325,
        "57_11": 0.90504,
        "66_11": 0.80502,