{
    "throughput": 8.0,
    "class_probs": {
        "0": 0.012934430952379936,
        "1": 0.018019521305850463,
        "2": 0.01449032580984733,
        "3": 0.013020445032696686,
        "4": 0.013326663279059214,
        "5": 0.015512405899314559,
        "6": 0.01368938704445154,
        "7": 0.0029070546846290575,
        "8": 0.011771051600636517,
        "9": 0.018295127419199756,
        "10": 0.00553392358349907,
        "11": 0.006086248830913396,
        "12": 0.006627766160567825,
        "13": 0.010301677764417254,
        "14": 0.002340654169046853,
        "15": 0.0033653884157251028,
        "16": 0.006307411246823011,
        "17": 0.00723069568538538,
        "18": 0.014855960108460868,
        "19": 0.017439036943207142,
        "20": 0.02091240054319344,
        "21": 0.01619258158468588,
        "22": 0.017622521212196558,
        "23": 0.008513486695898026,
        "24": 0.01478888898689025,
        "25": 0.01976495342274836,
        "26": 0.004539427591853219,
        "27": 0.01085610107777839,
        "28": 0.010545409624323984,
        "29": 0.016566906185260702,
        "30": 0.013833073353782427,
        "31": 0.008442393936516301,
        "32": 0.013283003361408228,
        "33": 0.008114708916778695,
        "34": 0.004660293826239613,
        "35": 0.006839730772519474,
        "36": 0.0074746352414725515,
        "37": 0.01178804222486161,
        "38": 0.005246631360142897,
        "39": 0.010570893816596429,
        "40": 0.0026002329477995832,
        "41": 0.016441156540205032,
        "42": 0.00498705658889948,
        "43": 0.01501139765505314,
        "44": 0.008335547134034131,
        "45": 0.012552733423753126,
        "46": 0.010979200094269984,
        "47": 0.018276579677194194,
        "48": 0.018753466302547216,
        "49": 0.0047302136129628,
        "50": 0.009109432989581542,
        "51": 0.010622577613188565,
        "52": 0.009513293204973187,
        "53": 0.006390356655954364,
        "54": 0.018176471035681964,
        "55": 0.017471498620766062,
        "56": 0.014794169536804716,
        "57": 0.005774450842902428,
        "58": 0.019738478462187986,
        "59": 0.016201291872709005,
        "60": 0.010226466670628166,
        "61": 0.003924943421156575,
        "62": 0.017811010705565112,
        "63": 0.016932375146308964,
        "64": 0.01107547694083206,
        "65": 0.0029053763180159815,
        "66": 0.01725523741484717,
        "67": 0.0026477556962096797,
        "68": 0.007516462191957777,
        "69": 0.00758304544418734,
        "70": 0.0035875227944600725,
        "71": 0.006201053279032991,
        "72": 0.008035586333132613,
        "73": 0.014922007452774898,
        "74": 0.01620874500662473,
        "75": 0.019098067332375467,
        "76": 0.011710173400035448,
        "77": 0.007476132840421046,
        "78": 0.0043902489394015655,
        "79": 0.016076467897359968,
        "80": 0.007243881793903563,
        "81": 0.021739911020205026,
        "82": 0.0038168187202142975,
        "83": 0.014904541930546621,
        "84": 0.009393367638978991,
        "85": 0.0037181817376815284,
        "86": 0.005534404486296433,
        "87": 0.01749928816583052,
        "88": 0.0072588333450499,
        "89": 0.018235751453239073
    },
    "best_objective": 437.02937173877257,
    "classes": [
        "0",
        "1",
        "2",
        "3",
        "4",
        "5",
        "6",
        "7",
        "8",
        "9",
        "10",
        "11",
        "12",
        "13",
        "14",
        "15",
        "16",
        "17",
        "18",
        "19",
        "20",
        "21",
        "22",
        "23",
        "24",
        "25",
        "26",
        "27",
        "28",
        "29",
        "30",
        "31",
        "32",
        "33",
        "34",
        "35",
        "36",
        "37",
        "38",
        "39",
        "40",
        "41",
        "42",
        "43",
        "44",
        "45",
        "46",
        "47",
        "48",
        "49",
        "50",
        "51",
        "52",
        "53",
        "54",
        "55",
        "56",
        "57",
        "58",
        "59",
        "60",
        "61",
        "62",
        "63",
        "64",
        "65",
        "66",
        "67",
        "68",
        "69",
        "70",
        "71",
        "72",
        "73",
        "74",
        "75",
        "76",
        "77",
        "78",
        "79",
        "80",
        "81",
        "82",
        "83",
        "84",
        "85",
        "86",
        "87",
        "88",
        "89"
    ],
    "resources": [
        "0",
        "1",
        "2",
        "3",
        "4",
        "5",
        "6",
        "7",
        "8",
        "9",
        "10",
        "11",
        "12",
        "13",
        "14",
        "15",
        "16",
        "17",
        "18",
        "19",
        "20",
        "21",
        "22",
        "23",
        "24",
        "25",
        "26",
        "27",
        "28",
        "29",
        "30",
        "31",
        "32",
        "33",
        "34",
        "35",
        "36",
        "37",
        "38",
        "39"
    ],
    "demands": {
        "12_0": 3.95032,
        "24_0": 2.3947,
        "27_0": 1.44295,
        "67_0": 0.77125,
        "83_0": 0.32897,
        "0_1": 0.14873,
        "2_1": 0.49022,
        "15_1": 2.98327,
        "36_1": 0.02666,
        "37_1": 0.11186,
        "50_1": 0.14229,
        "62_1": 0.5454,
        "71_1": 0.46124,
        "77_1": 0.3891,
        "81_1": 0.33347,
        "85_1": 2.67387,
        "14_2": 1.43875,
        "25_2": 0.28447,
        "44_2": 1.12736,
        "54_2": 0.15799,
        "58_2": 0.57506,
        "73_2": 1.0409,
        "88_2": 1.51163,
        "5_3": 0.44517,
        "6_3": 1.07947,
        "10_3": 1.01881,
        "62_3": 0.26392,
        "66_3": 0.42655,
        "67_3": 3.48497,
        "73_3": 0.41874,
        "75_3": 0.81177,
        "79_3": 0.96714,
        "4_4": 0.81851,
        "12_4": 0.58771,
        "21_4": 0.85752,
        "29_4": 1.27418,
        "39_4": 0.48684,
        "49_4": 0.60069,
        "60_4": 1.2558,
        "67_4": 3.15592,
        "68_4": 0.71437,
        "82_4": 0.23372,
        "23_5": 2.18621,
        "30_5": 0.79503,
        "58_5": 0.05901,
        "64_5": 1.66124,
        "78_5": 2.81571,
        "3_6": 0.46579,
        "25_6": 0.51177,
        "28_6": 1.10643,
        "41_6": 0.41228,
        "42_6": 1.15803,
        "54_6": 0.76283,
        "69_6": 1.21898,
        "74_6": 0.61201,
        "4_7": 0.67573,
        "5_7": 0.31915,
        "11_7": 0.42322,
        "21_7": 0.38755,
        "23_7": 0.68903,
        "32_7": 0.34967,
        "39_7": 0.61219,
        "86_7": 2.66603,
        "1_8": 0.30361,
        "4_8": 0.38325,
        "23_8": 1.0971,
        "41_8": 0.46551,
        "43_8": 0.00052,
        "49_8": 2.10035,
        "55_8": 0.6503,
        "58_8": 0.10717,
        "62_8": 0.38577,
        "68_8": 0.57963,
        "69_8": 0.67111,
        "71_8": 1.63568,
        "72_8": 0.26125,
        "82_8": 1.18575,
        "83_8": 0.29146,
        "84_8": 0.32643,
        "87_8": 0.39553,
        "3_9": 1.4393,
        "20_9": 0.2902,
        "37_9": 2.18814,
        "45_9": 1.07995,
        "68_9": 0.31583,
        "72_9": 0.78845,
        "73_9": 0.3354,
        "77_9": 0.25647,
        "2_10": 1.28014,
        "37_10": 1.69274,
        "55_10": 0.69743,
        "59_10": 0.38567,
        "77_10": 2.59448,
        "29_11": 0.85897,
        "45_11": 0.44693,
        "59_11": 0.46778,
        "78_11": 1.22961,
        "81_11": 0.64229,
        "1_12": 0.24336,
        "4_12": 0.09971,
        "7_12": 2.83614,
        "8_12": 0.24883,
        "15_12": 3.64908,
        "16_12": 0.94203,
        "19_12": 0.57072,
        "24_12": 0.34347,
        "28_12": 1.07387,
        "34_12": 2.17816,
        "42_12": 0.25921,
        "52_12": 0.00592,
        "60_12": 0.07808,
        "67_12": 4.40005,