{
    "throughput": 6.0,
    "class_probs": {
        "0": 0.019295083511964527,
        "1": 0.005426570692810489,
        "2": 0.0027607812846261507,
        "3": 0.002442979507494916,
        "4": 0.014707339805924886,
        "5": 0.006385776604955995,
        "6": 0.010453897952987066,
        "7": 0.002643548026683817,
        "8": 0.016829357705515698,
        "9": 0.017616498064191854,
        "10": 0.008699716246323196,
        "11": 0.015149077598588499,
        "12": 0.0063543690775343725,
        "13": 0.008810483372946827,
        "14": 0.012163633550934142,
        "15": 0.019444317135417426,
        "16": 0.0167404073217792,
        "17": 0.015143790008370229,
        "18": 0.002938462325994484,
        "19": 0.014356271417405128,
        "20": 0.012749852999731682,
        "21": 0.016663067023162198,
        "22": 0.003989595839329103,
        "23": 0.009328624105062515,
        "24": 0.01589646393828749,
        "25": 0.011529665000685266,
        "26": 0.013273028465796142,
        "27": 0.010332652981814214,
        "28": 0.01797760420581883,
        "29": 0.01899713222244515,
        "30": 0.0026548734985819065,
        "31": 0.014143737280964273,
        "32": 0.0037209073559237612,
        "33": 0.015241760319831234,
        "34": 0.014478137687389623,
        "35": 0.01222298393624186,
        "36": 0.0038241770698752477,
        "37": 0.006989898680846292,
        "38": 0.015726271583691467,
        "39": 0.013152059667521912,
        "40": 0.018694913297572287,
        "41": 0.008731393932790375,
        "42": 0.015879999623267613,
        "43": 0.006184996421574391,
        "44": 0.012451619375575125,
        "45": 0.009857441624478075,
        "46": 0.00624795426331635,
        "47": 0.013541543186093503,
        "48": 0.007962888518303072,
        "49": 0.014437395880655568,
        "50": 0.008246933912266564,
        "51": 0.004764304856278034,
        "52": 0.011994252166264445,
        "53": 0.0055656523820481136,
        "54": 0.017681446634460408,
        "55": 0.011080714825582505,
        "56": 0.011457716765657787,
        "57": 0.009810647183488517,
        "58": 0.017763119028826747,
        "59": 0.011627345685941566,
        "60": 0.014966890316199109,
        "61": 0.009348999905012466,
        "62": 0.011997209604849611,
        "63": 0.019468403736313984,
        "64": 0.006290400081258026,
        "65": 0.003954664706175172,
        "66": 0.019386289144989244,
        "67": 0.013198717450039376,
        "68": 0.013276214084723592,
        "69": 0.017246253348439655,
        "70": 0.015086478030261523,
        "71": 0.005433765036161764,
        "72": 0.010369362348210627,
        "73": 0.013817464196240345,
        "74": 0.0074886923212149825,
        "75": 0.018572520061258466,
        "76": 0.003031307681378491,
        "77": 0.016448681446084742,
        "78": 0.0060714058103345705,
        "79": 0.009689075575696718,
        "80": 0.009811426585900805,
        "81": 0.012782067724188734,
        "82": 0.004847169829884376,
        "83": 0.002007154402854691,
        "84": 0.0039631861631311705,
        "85": 0.016617548380083683,
        "86": 0.009656780973917922,
        "87": 0.0036028203818851785,
        "88": 0.00962458745128049,
        "89": 0.016707328582140458
    },
    "best_objective": 523.1750498489076,
    "classes": [
        "0",
        "1",
        "2",
        "3",
        "4",
        "5",
        "6",
        "7",
        "8",
        "9",
        "10",
        "11",
        "12",
        "13",
        "14",
        "15",
        "16",
        "17",
        "18",
        "19",
        "20",
        "21",
        "22",
        "23",
        "24",
        "25",
        "26",
        "27",
        "28",
        "29",
        "30",
        "31",
        "32",
        "33",
        "34",
        "35",
        "36",
        "37",
        "38",
        "39",
        "40",
        "41",
        "42",
        "43",
        "44",
        "45",
        "46",
        "47",
        "48",
        "49",
        "50",
        "51",
        "52",
        "53",
        "54",
        "55",
        "56",
        "57",
        "58",
        "59",
        "60",
        "61",
        "62",
        "63",
        "64",
        "65",
        "66",
        "67",
        "68",
        "69",
        "70",
        "71",
        "72",
        "73",
        "74",
        "75",
        "76",
        "77",
        "78",
        "79",
        "80",
        "81",
        "82",
        "83",
        "84",
        "85",
        "86",
        "87",
        "88",
        "89"
    ],
    "resources": [
        "0",
        "1",
        "2",
        "3",
        "4",
        "5",
        "6",
        "7",
        "8",
        "9",
        "10",
        "11",
        "12",
        "13",
        "14",
        "15",
        "16",
        "17",
        "18",
        "19",
        "20",
        "21",
        "22",
        "23",
        "24",
        "25",
        "26",
        "27",
        "28",
        "29",
        "30",
        "31",
        "32",
        "33",
        "34",
        "35",
        "36",
        "37",
        "38",
        "39"
    ],
    "demands": {
        "9_0": 0.20357,
        "15_0": 0.09356,
        "20_0": 0.20812,
        "31_0": 0.50613,
        "35_0": 0.438,
        "48_0": 0.06686,
        "64_0": 1.02173,
        "65_0": 1.3341,
        "80_0": 0.90669,
        "82_0": 1.2749,
        "88_0": 0.50957,
        "6_1": 1.03759,
        "30_1": 1.54492,
        "36_1": 2.19745,
        "37_1": 0.8654,
        "40_1": 0.25504,
        "46_1": 0.28704,
        "53_1": 0.55363,
        "57_1": 0.87524,
        "61_1": 0.14858,
        "65_1": 0.48964,
        "76_1": 0.46885,
        "86_1": 0.47997,
        "1_2": 0.01449,
        "2_2": 2.58182,
        "4_2": 1.00392,
        "8_2": 0.51682,
        "9_2": 0.80379,
        "11_2": 0.20014,
        "18_2": 2.05836,
        "33_2": 0.45609,
        "52_2": 0.91755,
        "66_2": 0.92626,
        "80_2": 1.75755,
        "86_2": 1.40893,
        "21_3": 0.35477,
        "26_3": 1.88299,
        "35_3": 0.39722,
        "37_3": 2.34121,
        "72_3": 1.35076,
        "77_3": 1.47891,
        "78_3": 3.7861,
        "1_4": 0.14996,
        "17_4": 0.02987,
        "20_4": 0.71887,
        "23_4": 0.33137,
        "25_4": 0.64633,
        "31_4": 0.65118,
        "46_4": 1.31068,
        "69_4": 0.51359,
        "71_4": 1.50243,
        "77_4": 0.16897,
        "0_5": 0.22298,
        "12_5": 0.38382,
        "13_5": 0.82913,
        "18_5": 9.5109,
        "23_5": 3.17245,
        "25_5": 1.84304,
        "89_5": 0.51368,
        "5_6": 0.45006,
        "8_6": 0.24005,
        "10_6": 0.64008,
        "14_6": 0.00471,
        "19_6": 0.35068,
        "20_6": 0.44524,
        "31_6": 0.16058,
        "32_6": 0.89172,
        "34_6": 0.16959,
        "51_6": 0.52817,
        "58_6": 0.19283,
        "61_6": 0.52284,
        "67_6": 0.18553,
        "80_6": 0.38807,
        "83_6": 0.42674,
        "88_6": 0.26605,
        "5_7": 2.2721,
        "15_7": 0.63161,
        "16_7": 0.40339,
        "19_7": 0.55997,
        "45_7": 0.66195,
        "48_7": 0.56536,
        "53_7": 0.59617,
        "71_7": 0.10345,
        "72_7": 0.70929,
        "74_7": 0.76013,
        "83_7": 6.14353,
        "85_7": 0.66835,
        "10_8": 1.2465,
        "18_8": 1.24704,
        "26_8": 0.21384,
        "31_8": 0.78982,
        "33_8": 0.62202,
        "39_8": 0.10131,
        "40_8": 0.47889,
        "45_8": 1.01378,
        "74_8": 1.46087,
        "75_8": 0.57951,
        "76_8": 3.08706,
        "77_8": 0.24854,
        "78_8": 1.3549,
        "81_8": 0.12724,
        "85_8": 0.17903,
        "87_8": 1.07282,
        "8_9": 1.1547,
        "23_9": 0.42221,
        "25_9": 1.86542,
        "37_9": 3.08123,
        "55_9": 0.42229,
        "69_9": 0.47034,
        "72_9": 0.3716,
        "13_10": 2.62671,
        "21_10": 0.70701,
        "33_10": 0.90546,