{
    "throughput": 8.0,
    "class_probs": {
        "0": 0.009441568741521564,
        "1": 0.01989496423475857,
        "2": 0.01793773450331002,
        "3": 0.015478805516111773,
        "4": 0.0021388421834001676,
        "5": 0.013177361913734854,
        "6": 0.018960324219016337,
        "7": 0.0032713836222401267,
        "8": 0.008410807689424107,
        "9": 0.019703235480675294,
        "10": 0.014445172892890525,
        "11": 0.0060434635738132346,
        "12": 0.015276181475818617,
        "13": 0.00744896240734827,
        "14": 0.012108292686023467,
        "15": 0.013741802822988678,
        "16": 0.00217787753720846,
        "17": 0.010619778294692184,
        "18": 0.014509697871028281,
        "19": 0.009995104955714047,
        "20": 0.005794353964828322,
        "21": 0.006442631557859304,
        "22": 0.012925770691233572,
        "23": 0.017380625588742843,
        "24": 0.014521767551587047,
        "25": 0.0023705605077184292,
        "26": 0.014494693432137695,
        "27": 0.010995188608960304,
        "28": 0.004814474968066005,
        "29": 0.011131837140262313,
        "30": 0.002898766510267952,
        "31": 0.007653418538342218,
        "32": 0.012752477195099273,
        "33": 0.01846712263087943,
        "34": 0.019148462973930327,
        "35": 0.007399406208569419,
        "36": 0.004657283552798806,
        "37": 0.018962640780659557,
        "38": 0.01990226436997568,
        "39": 0.00468977881646054,
        "40": 0.006361738157315536,
        "41": 0.005882648128204807,
        "42": 0.017395527158888473,
        "43": 0.013894192285192187,
        "44": 0.009693454515706933,
        "45": 0.006541788430313015,
        "46": 0.002859764367482924,
        "47": 0.011813665587427307,
        "48": 0.01458509573738049,
        "49": 0.006894907488689414,
        "50": 0.016856252689217022,
        "51": 0.005399674454649792,
        "52": 0.01883807312568695,
        "53": 0.00763561048333827,
        "54": 0.009092578553316877,
        "55": 0.008046619841223852,
        "56": 0.01591153429009287,
        "57": 0.019257490267676567,
        "58": 0.00507254250508352,
        "59": 0.01827748114725571,
        "60": 0.018340917177237757,
        "61": 0.004973756986083582,
        "62": 0.0038647210208336605,
        "63": 0.013919586791043222,
        "64": 0.011629559091060416,
        "65": 0.014806667160327573,
        "66": 0.012309708549590969,
        "67": 0.015877562331616215,
        "68": 0.01927709059754786,
        "69": 0.004360244993133397,
        "70": 0.002862148010842302,
        "71": 0.017052001896991267,
        "72": 0.004788699584099077,
        "73": 0.0031146665301514855,
        "74": 0.011945743514095082,
        "75": 0.004744892333069627,
        "76": 0.00603422297186666,
        "77": 0.010719928385022372,
        "78": 0.013313790546506322,
        "79": 0.0024306915167974386,
        "80": 0.016380842450091998,
        "81": 0.009375386525025309,
        "82": 0.014878578396048774,
        "83": 0.003922955871517542,
        "84": 0.019287292224168476,
        "85": 0.01548658057192256,
        "86": 0.004480216366020607,
        "87": 0.01602403293551237,
        "88": 0.011614613580256556,
        "89": 0.019687373667279285
    },
    "best_objective": 472.10876637893347,
    "classes": [
        "0",
        "1",
        "2",
        "3",
        "4",
        "5",
        "6",
        "7",
        "8",
        "9",
        "10",
        "11",
        "12",
        "13",
        "14",
        "15",
        "16",
        "17",
        "18",
        "19",
        "20",
        "21",
        "22",
        "23",
        "24",
        "25",
        "26",
        "27",
        "28",
        "29",
        "30",
        "31",
        "32",
        "33",
        "34",
        "35",
        "36",
        "37",
        "38",
        "39",
        "40",
        "41",
        "42",
        "43",
        "44",
        "45",
        "46",
        "47",
        "48",
        "49",
        "50",
        "51",
        "52",
        "53",
        "54",
        "55",
        "56",
        "57",
        "58",
        "59",
        "60",
        "61",
        "62",
        "63",
        "64",
        "65",
        "66",
        "67",
        "68",
        "69",
        "70",
        "71",
        "72",
        "73",
        "74",
        "75",
        "76",
        "77",
        "78",
        "79",
        "80",
        "81",
        "82",
        "83",
        "84",
        "85",
        "86",
        "87",
        "88",
        "89"
    ],
    "resources": [
        "0",
        "1",
        "2",
        "3",
        "4",
        "5",
        "6",
        "7",
        "8",
        "9",
        "10",
        "11",
        "12",
        "13",
        "14",
        "15",
        "16",
        "17",
        "18",
        "19",
        "20",
        "21",
        "22",
        "23",
        "24",
        "25",
        "26",
        "27",
        "28",
        "29",
        "30",
        "31",
        "32",
        "33",
        "34",
        "35",
        "36",
        "37",
        "38",
        "39"
    ],
    "demands": {
        "12_0": 0.23378,
        "15_0": 0.28203,
        "25_0": 0.29766,
        "41_0": 0.43753,
        "61_0": 1.98407,
        "67_0": 0.52678,
        "73_0": 1.38656,
        "75_0": 1.32161,
        "84_0": 0.14892,
        "0_1": 0.96747,
        "16_1": 3.94503,
        "20_1": 1.33063,
        "26_1": 0.13691,
        "47_1": 0.13373,
        "57_1": 0.00494,
        "62_1": 2.3239,
        "69_1": 1.89185,
        "71_1": 0.57244,
        "72_1": 1.1526,
        "77_1": 0.54697,
        "1_2": 0.72388,
        "7_2": 1.78412,
        "13_2": 1.56451,
        "19_2": 1.19742,
        "35_2": 1.19531,
        "44_2": 0.79712,
        "51_2": 1.25494,
        "52_2": 0.6456,
        "62_2": 3.96192,
        "0_3": 1.26102,
        "14_3": 0.77819,
        "18_3": 0.64634,
        "20_3": 1.49735,
        "23_3": 0.17253,
        "34_3": 0.69924,
        "36_3": 2.69031,
        "60_3": 0.47816,
        "76_3": 0.55117,
        "87_3": 0.20352,
        "1_4": 0.16211,
        "14_4": 0.71252,
        "15_4": 1.06221,
        "16_4": 0.49765,
        "24_4": 0.34107,
        "30_4": 2.17937,
        "37_4": 0.02318,
        "49_4": 0.49644,
        "55_4": 1.25101,
        "60_4": 0.73454,
        "73_4": 2.25775,
        "78_4": 0.56483,
        "83_4": 3.90626,
        "0_5": 0.227,
        "9_5": 0.41811,
        "32_5": 0.24808,
        "33_5": 0.00496,
        "40_5": 0.16346,
        "46_5": 2.44646,
        "48_5": 0.53105,
        "56_5": 0.4901,
        "63_5": 0.5552,
        "67_5": 0.52747,
        "73_5": 0.71143,
        "76_5": 1.59104,
        "81_5": 0.48213,
        "83_5": 2.0983,
        "88_5": 0.26333,
        "9_6": 0.60688,
        "13_6": 0.24397,
        "15_6": 0.72424,
        "19_6": 0.06691,
        "25_6": 5.02831,
        "44_6": 0.87156,
        "45_6": 2.50136,
        "20_7": 2.22039,
        "26_7": 0.16223,
        "35_7": 2.33629,
        "55_7": 1.29671,
        "59_7": 0.20476,
        "63_7": 0.49473,
        "65_7": 0.22687,
        "68_7": 0.70466,
        "75_7": 1.07261,
        "4_8": 2.75249,
        "6_8": 0.83202,
        "13_8": 1.55678,
        "18_8": 0.67516,
        "34_8": 0.20862,
        "57_8": 1.1772,
        "60_8": 0.01196,
        "64_8": 1.34798,
        "2_9": 0.9583,
        "5_9": 0.79487,
        "30_9": 0.26649,
        "55_9": 0.64312,
        "59_9": 0.90794,
        "69_9": 3.28462,
        "70_9": 4.4965,
        "82_9": 0.21479,
        "88_9": 1.41241,
        "1_10": 0.07968,
        "13_10": 1.13597,
        "14_10": 0.65408,
        "30_10": 1.39626,
        "36_10": 1.11844,
        "42_10": 0.09873,
        "63_10": 0.788,
        "67_10": 0.62478,
        "1_11": 1.02555,
        "7_11": 6.45253,
        "16_11": 7.96792,
        "37_11": 0.42328,
        "63_11": 0.8332,