{
    "throughput": 6.0,
    "class_probs": {
        "0": 0.004263796379309099,
        "1": 0.009598464302569193,
        "2": 0.014709032968687336,
        "3": 0.006189369964159504,
        "4": 0.015016370019589114,
        "5": 0.003971910472570566,
        "6": 0.011533121259662901,
        "7": 0.0026569070055616688,
        "8": 0.016813240233514597,
        "9": 0.015826095779558028,
        "10": 0.006949105280538869,
        "11": 0.0022156891121810317,
        "12": 0.01642062176696956,
        "13": 0.013995121078048275,
        "14": 0.015117572732118395,
        "15": 0.002538033919339689,
        "16": 0.014149454346111557,
        "17": 0.005617345253097279,
        "18": 0.01797591856658072,
        "19": 0.005108775007645575,
        "20": 0.017047717452871508,
        "21": 0.012818715027759406,
        "22": 0.013121023165460823,
        "23": 0.002356838868167344,
        "24": 0.0123851039001844,
        "25": 0.008388250314315527,
        "26": 0.010640357249614549,
        "27": 0.010861531234947949,
        "28": 0.017010205273631944,
        "29": 0.005430253759278119,
        "30": 0.013212922929334079,
        "31": 0.017273881494557924,
        "32": 0.006089699260882477,
        "33": 0.009801647011111846,
        "34": 0.007815711889984043,
        "35": 0.00936027468682116,
        "36": 0.0165093274958518,
        "37": 0.010153252121525272,
        "38": 0.007327238260569136,
        "39": 0.01560334096357223,
        "40": 0.008517839704744562,
        "41": 0.0096090574549551,
        "42": 0.01690878042950476,
        "43": 0.008841266286744717,
        "44": 0.017770768507551875,
        "45": 0.01649549378957047,
        "46": 0.016070090015436387,
        "47": 0.013711322813757141,
        "48": 0.016106188090514936,
        "49": 0.013946567981860671,
        "50": 0.010445080551794828,
        "51": 0.011531196663587007,
        "52": 0.01063168988208697,
        "53": 0.01651218884734245,
        "54": 0.01398736700282289,
        "55": 0.003020219056211001,
        "56": 0.008748542988387033,
        "57": 0.016029167862779286,
        "58": 0.00619891576003925,
        "59": 0.012494088223968044,
        "60": 0.0056392758779749376,
        "61": 0.0025680509470524704,
        "62": 0.012137601656263828,
        "63": 0.007040680571112243,
        "64": 0.016941865725852278,
        "65": 0.01697717027966696,
        "66": 0.009593755222753223,
        "67": 0.010196154800768912,
        "68": 0.01240875470092694,
        "69": 0.007244954597756946,
        "70": 0.015936031424046117,
        "71": 0.014803255567612177,
        "72": 0.01394602749062798,
        "73": 0.010990012574279184,
        "74": 0.01706420196729151,
        "75": 0.014694010642877424,
        "76": 0.009502798847089185,
        "77": 0.012771173717463212,
        "78": 0.012286214041644067,
        "79": 0.01583367573896592,
        "80": 0.007202731299173669,
        "81": 0.01622413538897013,
        "82": 0.01054106116903083,
        "83": 0.0032445204767122004,
        "84": 0.005636281707531242,
        "85": 0.006767249099291929,
        "86": 0.01673394564729948,
        "87": 0.004225823305996512,
        "88": 0.01026300396485782,
        "89": 0.009136511827196834
    },
    "best_objective": 672.3126002153897,
    "classes": [
        "0",
        "1",
        "2",
        "3",
        "4",
        "5",
        "6",
        "7",
        "8",
        "9",
        "10",
        "11",
        "12",
        "13",
        "14",
        "15",
        "16",
        "17",
        "18",
        "19",
        "20",
        "21",
        "22",
        "23",
        "24",
        "25",
        "26",
        "27",
        "28",
        "29",
        "30",
        "31",
        "32",
        "33",
        "34",
        "35",
        "36",
        "37",
        "38",
        "39",
        "40",
        "41",
        "42",
        "43",
        "44",
        "45",
        "46",
        "47",
        "48",
        "49",
        "50",
        "51",
        "52",
        "53",
        "54",
        "55",
        "56",
        "57",
        "58",
        "59",
        "60",
        "61",
        "62",
        "63",
        "64",
        "65",
        "66",
        "67",
        "68",
        "69",
        "70",
        "71",
        "72",
        "73",
        "74",
        "75",
        "76",
        "77",
        "78",
        "79",
        "80",
        "81",
        "82",
        "83",
        "84",
        "85",
        "86",
        "87",
        "88",
        "89"
    ],
    "resources": [
        "0",
        "1",
        "2",
        "3",
        "4",
        "5",
        "6",
        "7",
        "8",
        "9",
        "10",
        "11",
        "12",
        "13",
        "14",
        "15",
        "16",
        "17",
        "18",
        "19",
        "20",
        "21",
        "22",
        "23",
        "24",
        "25",
        "26",
        "27",
        "28",
        "29",
        "30",
        "31",
        "32",
        "33",
        "34",
        "35",
        "36",
        "37",
        "38",
        "39"
    ],
    "demands": {
        "7_0": 8.98934,
        "29_0": 3.37857,
        "38_0": 1.58586,
        "48_0": 0.52002,
        "59_0": 0.14471,
        "66_0": 1.78556,
        "76_0": 1.70507,
        "77_0": 0.22273,
        "82_0": 0.82089,
        "1_1": 1.09618,
        "12_1": 0.02754,
        "15_1": 5.44152,
        "22_1": 1.61105,
        "27_1": 3.16871,
        "38_1": 2.40912,
        "11_2": 4.73996,
        "17_2": 2.69172,
        "21_2": 1.05482,
        "49_2": 0.7267,
        "66_2": 1.56979,
        "70_2": 0.18685,
        "79_2": 0.80878,
        "81_2": 0.45191,
        "7_3": 4.55276,
        "18_3": 0.07263,
        "22_3": 0.54217,
        "33_3": 0.96803,
        "41_3": 0.27124,
        "56_3": 0.16564,
        "58_3": 1.72236,
        "62_3": 0.9966,
        "68_3": 0.36662,
        "78_3": 0.51912,
        "88_3": 0.84255,
        "31_4": 0.00524,
        "36_4": 1.27163,
        "40_4": 0.6114,
        "47_4": 1.26238,
        "48_4": 0.05631,
        "84_4": 4.04897,
        "86_4": 0.42848,
        "10_5": 2.95909,
        "11_5": 1.2482,
        "13_5": 1.27988,
        "40_5": 0.4716,
        "54_5": 1.08566,
        "60_5": 1.03543,
        "66_5": 1.66928,
        "75_5": 0.29161,
        "79_5": 0.65661,
        "87_5": 3.39715,
        "2_6": 0.79276,
        "3_6": 1.84679,
        "10_6": 1.4526,
        "15_6": 3.18615,
        "24_6": 0.58668,
        "25_6": 0.2678,
        "38_6": 1.0477,
        "43_6": 1.43696,
        "54_6": 0.1853,
        "55_6": 4.06718,
        "56_6": 1.28974,
        "62_6": 1.03639,
        "66_6": 0.28269,
        "67_6": 0.35209,
        "77_6": 0.36251,
        "78_6": 0.99124,
        "82_6": 0.93202,
        "18_7": 0.48523,
        "20_7": 0.19622,
        "22_7": 0.46253,
        "38_7": 2.58419,
        "39_7": 0.75756,
        "53_7": 1.28006,
        "10_8": 0.33862,
        "14_8": 0.19603,
        "18_8": 0.21884,
        "19_8": 2.17454,
        "21_8": 0.57891,
        "26_8": 0.74217,
        "31_8": 0.14522,
        "40_8": 0.56693,
        "51_8": 0.48246,
        "61_8": 3.85026,
        "69_8": 0.54998,
        "8_9": 0.00356,
        "40_9": 0.47952,
        "47_9": 0.68066,
        "55_9": 1.31533,
        "58_9": 1.47129,
        "68_9": 0.49037,
        "71_9": 0.58469,
        "75_9": 0.13189,
        "89_9": 0.91694,
        "9_10": 1.48136,
        "14_10": 1.35374,
        "35_10": 0.64746,
        "42_10": 1.04035,
        "65_10": 0.08163,
        "83_10": 3.95654,
        "86_10": 1.29158,
        "89_10": 3.27517,
        "0_11": 2.91629,
        "18_11": 2.15302,
        "21_11": 2.95486,
        "26_11": 1.70278,
        "50_11": 0.46532,
        "54_11": 1.16028,
        "2_12": 0.94136,
        "4_12": 0.02451,
        "23_12": 2.2168,
        "24_12": 0.50362,
        "26_12": 1.52676,