{
    "throughput": 9.0,
    "class_probs": {
        "0": 0.0026440773675392394,
        "1": 0.015716219748328215,
        "2": 0.0067850323425804075,
        "3": 0.0026607937297883056,
        "4": 0.011624831412773326,
        "5": 0.010626384984484287,
        "6": 0.005194562509274889,
        "7": 0.018121425134370876,
        "8": 0.015633289166657488,
        "9": 0.005988814469909276,
        "10": 0.004642953787557581,
        "11": 0.013799992340151666,
        "12": 0.015506470594897293,
        "13": 0.003947234121558394,
        "14": 0.006808991625761769,
        "15": 0.01057478896668874,
        "16": 0.011233291797127613,
        "17": 0.012387170598680908,
        "18": 0.013688901231669527,
        "19": 0.017159817163078923,
        "20": 0.017476110238426046,
        "21": 0.003048679934077871,
        "22": 0.01620338991895428,
        "23": 0.011081069692245607,
        "24": 0.002935744931355478,
        "25": 0.004769585925968807,
        "26": 0.018449864470015207,
        "27": 0.01959563613341291,
        "28": 0.0060262137311287815,
        "29": 0.01071004283466507,
        "30": 0.016403675235655335,
        "31": 0.012153390791116103,
        "32": 0.011643942634934713,
        "33": 0.009812323661313902,
        "34": 0.008028218713713372,
        "35": 0.016515075302066827,
        "36": 0.00894571787373077,
        "37": 0.009958703606323352,
        "38": 0.01785875536656359,
        "39": 0.0146302879172,
        "40": 0.00872523683726812,
        "41": 0.006185878880567628,
        "42": 0.011288092147512903,
        "43": 0.01930398023271198,
        "44": 0.008446910787243472,
        "45": 0.00867438506471267,
        "46": 0.01889460265883809,
        "47": 0.0025972072526817924,
        "48": 0.00947748077700513,
        "49": 0.018042600785713243,
        "50": 0.007357142929318105,
        "51": 0.010490596825685868,
        "52": 0.009719430368681926,
        "53": 0.01777695825296449,
        "54": 0.012764261365811179,
        "55": 0.012325165370507653,
        "56": 0.00850504678423397,
        "57": 0.008465088912555515,
        "58": 0.008268749967238385,
        "59": 0.013989162185797982,
        "60": 0.015384437427116773,
        "61": 0.016751434255784375,
        "62": 0.005209767068163311,
        "63": 0.018975434309892,
        "64": 0.018217340475733777,
        "65": 0.013798071503498885,
        "66": 0.00506723942199186,
        "67": 0.0030808845588971424,
        "68": 0.01893856005202621,
        "69": 0.014781145918295274,
        "70": 0.009146114353699735,
        "71": 0.01742396231653139,
        "72": 0.006026568276164927,
        "73": 0.006845693289526701,
        "74": 0.004754621231619659,
        "75": 0.008766422278538898,
        "76": 0.008594247831430089,
        "77": 0.016523093455773442,
        "78": 0.009128458498635554,
        "79": 0.019609797672254813,
        "80": 0.010307170152603557,
        "81": 0.009514859039526662,
        "82": 0.012423824646370079,
        "83": 0.011041566969508901,
        "84": 0.0071948694800644825,
        "85": 0.009687597865780464,
        "86": 0.009599934636130463,
        "87": 0.019416658480337436,
        "88": 0.006126461046231469,
        "89": 0.005374313095074761
    },
    "best_objective": 350.89225631028467,
    "classes": [
        "0",
        "1",
        "2",
        "3",
        "4",
        "5",
        "6",
        "7",
        "8",
        "9",
        "10",
        "11",
        "12",
        "13",
        "14",
        "15",
        "16",
        "17",
        "18",
        "19",
        "20",
        "21",
        "22",
        "23",
        "24",
        "25",
        "26",
        "27",
        "28",
        "29",
        "30",
        "31",
        "32",
        "33",
        "34",
        "35",
        "36",
        "37",
        "38",
        "39",
        "40",
        "41",
        "42",
        "43",
        "44",
        "45",
        "46",
        "47",
        "48",
        "49",
        "50",
        "51",
        "52",
        "53",
        "54",
        "55",
        "56",
        "57",
        "58",
        "59",
        "60",
        "61",
        "62",
        "63",
        "64",
        "65",
        "66",
        "67",
        "68",
        "69",
        "70",
        "71",
        "72",
        "73",
        "74",
        "75",
        "76",
        "77",
        "78",
        "79",
        "80",
        "81",
        "82",
        "83",
        "84",
        "85",
        "86",
        "87",
        "88",
        "89"
    ],
    "resources": [
        "0",
        "1",
        "2",
        "3",
        "4",
        "5",
        "6",
        "7",
        "8",
        "9",
        "10",
        "11",
        "12",
        "13",
        "14",
        "15",
        "16",
        "17",
        "18",
        "19",
        "20",
        "21",
        "22",
        "23",
        "24",
        "25",
        "26",
        "27",
        "28",
        "29",
        "30",
        "31",
        "32",
        "33",
        "34",
        "35",
        "36",
        "37",
        "38",
        "39"
    ],
    "demands": {
        "4_0": 0.04518,
        "26_0": 0.21679,
        "38_0": 0.33827,
        "44_0": 0.30276,
        "45_0": 0.48039,
        "48_0": 0.79301,
        "59_0": 0.35177,
        "71_0": 0.1658,
        "78_0": 0.08847,
        "79_0": 0.03178,
        "83_0": 0.10337,
        "5_1": 0.13493,
        "7_1": 0.19344,
        "14_1": 2.7662,
        "29_1": 0.29911,
        "35_1": 1.36812,
        "36_1": 0.70814,
        "61_1": 0.674,
        "83_1": 0.35701,
        "20_2": 0.30472,
        "26_2": 0.57672,
        "33_2": 1.14412,
        "70_2": 2.08117,
        "72_2": 2.56093,
        "78_2": 0.79054,
        "79_2": 0.50466,
        "83_2": 1.05275,
        "31_3": 1.34078,
        "33_3": 0.4761,
        "34_3": 0.64573,
        "49_3": 0.69119,
        "62_3": 6.00934,
        "2_4": 0.98992,
        "5_4": 0.40561,
        "6_4": 2.03901,
        "30_4": 0.65082,
        "45_4": 0.28748,
        "46_4": 0.2147,
        "55_4": 0.26165,
        "59_4": 0.82166,
        "61_4": 0.50308,
        "69_4": 0.31704,
        "89_4": 0.57539,
        "0_5": 2.61133,
        "11_5": 0.03847,
        "17_5": 0.37328,
        "21_5": 0.31126,
        "24_5": 1.55493,
        "31_5": 0.28869,
        "39_5": 0.50529,
        "47_5": 0.45596,
        "49_5": 0.14741,
        "56_5": 0.87415,
        "66_5": 1.02812,
        "82_5": 0.65756,
        "4_6": 1.86262,
        "22_6": 1.04486,
        "25_6": 0.96418,
        "31_6": 2.26252,
        "42_6": 0.01724,
        "44_6": 0.5083,
        "53_6": 0.38878,
        "84_6": 1.65528,
        "21_7": 2.99671,
        "22_7": 0.30738,
        "37_7": 0.98966,
        "42_7": 0.86733,
        "43_7": 0.14721,
        "46_7": 0.42542,
        "71_7": 0.37592,
        "75_7": 0.63571,
        "39_8": 1.39908,
        "44_8": 1.48827,
        "79_8": 2.50547,
        "6_9": 2.4794,
        "26_9": 1.12517,
        "76_9": 0.28332,
        "81_9": 2.61165,
        "14_10": 0.25893,
        "15_10": 0.70422,
        "24_10": 3.31645,
        "29_10": 0.48645,
        "34_10": 0.94446,
        "48_10": 0.65206,
        "52_10": 0.67433,
        "76_10": 0.86959,
        "22_11": 0.86968,
        "30_11": 0.72645,
        "34_11": 0.02925,
        "60_11": 0.40317,
        "75_11": 1.72841,
        "78_11": 0.69031,
        "80_11": 1.82953,
        "88_11": 1.83881,
        "31_12": 0.6429,
        "37_12": 0.63248,
        "45_12": 2.2407,
        "56_12": 1.31063,
        "62_12": 2.44144,
        "11_13": 0.29237,
        "26_13": 0.43852,
        "27_13": 0.01011,
        "28_13": 0.77282,
        "30_13": 0.12614,
        "42_13": 0.70515,
        "48_13": 0.43827,
        "54_13": 0.60449,
        "60_13": 0.53037,
        "64_13": 0.45036,
        "66_13": 1.58648,
        "70_13": 0.12586,
        "75_13": 0.688,