{
    "throughput": 8.0,
    "class_probs": {
        "0": 0.0037222393573231064,
        "1": 0.009160706523888562,
        "2": 0.014629632307839925,
        "3": 0.011665619762624093,
        "4": 0.01133314733549951,
        "5": 0.013259813507007192,
        "6": 0.014206834522456668,
        "7": 0.0031735645949727354,
        "8": 0.002574361621012128,
        "9": 0.012623425295680793,
        "10": 0.008540813041340642,
        "11": 0.013481543073292765,
        "12": 0.01461890443436538,
        "13": 0.01118596414261259,
        "14": 0.005215824330646185,
        "15": 0.006303379074230953,
        "16": 0.0067405279274682026,
        "17": 0.008883080534720995,
        "18": 0.017550890722353808,
        "19": 0.005423573355059099,
        "20": 0.018893024604230466,
        "21": 0.007719420315663294,
        "22": 0.013795139168117745,
        "23": 0.012125572553367669,
        "24": 0.006095597840879081,
        "25": 0.008819998491703715,
        "26": 0.012903183612478464,
        "27": 0.01017081896101851,
        "28": 0.015594957599318763,
        "29": 0.013722814076544012,
        "30": 0.017279692710239908,
        "31": 0.01839660439956762,
        "32": 0.0061326282761689265,
        "33": 0.009822385772999223,
        "34": 0.016505340115891453,
        "35": 0.0028322404952386745,
        "36": 0.012279309627241811,
        "37": 0.0031823336663113623,
        "38": 0.010711242005610919,
        "39": 0.018075171806672483,
        "40": 0.015573687017560036,
        "41": 0.005408781013458564,
        "42": 0.01775488504026116,
        "43": 0.010742148341581938,
        "44": 0.006204425361924634,
        "45": 0.007864992501014764,
        "46": 0.00648470560178584,
        "47": 0.002316288332240509,
        "48": 0.016173227149442908,
        "49": 0.019149473959873493,
        "50": 0.00355497838393931,
        "51": 0.010349135563317294,
        "52": 0.01920221689238557,
        "53": 0.008259891286140136,
        "54": 0.018576469124851017,
        "55": 0.017430826926197282,
        "56": 0.015261586812975228,
        "57": 0.008283408498656874,
        "58": 0.0050194784311256135,
        "59": 0.014313321798479493,
        "60": 0.01179155981536539,
        "61": 0.018614571927982545,
        "62": 0.018193776169339704,
        "63": 0.014337504189085266,
        "64": 0.016802091244255926,
        "65": 0.006482845149095577,
        "66": 0.010035868909692255,
        "67": 0.0057527914508935145,
        "68": 0.017989982811370455,
        "69": 0.0136542964463548,
        "70": 0.005019566653219031,
        "71": 0.008375206988215334,
        "72": 0.01305827511120614,
        "73": 0.012741200002642646,
        "74": 0.012042370484602032,
        "75": 0.002998820329707246,
        "76": 0.01711345543581478,
        "77": 0.013837484621463583,
        "78": 0.0034979789801982816,
        "79": 0.012495422999027242,
        "80": 0.0024887174877743106,
        "81": 0.0151668993533545,
        "82": 0.01476029680724255,
        "83": 0.007476988799196436,
        "84": 0.016068124666909107,
        "85": 0.005199469203001164,
        "86": 0.01350645920529016,
        "87": 0.006648958609733424,
        "88": 0.017884663041292905,
        "89": 0.008689103505802442
    },
    "best_objective": 433.4298172559602,
    "classes": [
        "0",
        "1",
        "2",
        "3",
        "4",
        "5",
        "6",
        "7",
        "8",
        "9",
        "10",
        "11",
        "12",
        "13",
        "14",
        "15",
        "16",
        "17",
        "18",
        "19",
        "20",
        "21",
        "22",
        "23",
        "24",
        "25",
        "26",
        "27",
        "28",
        "29",
        "30",
        "31",
        "32",
        "33",
        "34",
        "35",
        "36",
        "37",
        "38",
        "39",
        "40",
        "41",
        "42",
        "43",
        "44",
        "45",
        "46",
        "47",
        "48",
        "49",
        "50",
        "51",
        "52",
        "53",
        "54",
        "55",
        "56",
        "57",
        "58",
        "59",
        "60",
        "61",
        "62",
        "63",
        "64",
        "65",
        "66",
        "67",
        "68",
        "69",
        "70",
        "71",
        "72",
        "73",
        "74",
        "75",
        "76",
        "77",
        "78",
        "79",
        "80",
        "81",
        "82",
        "83",
        "84",
        "85",
        "86",
        "87",
        "88",
        "89"
    ],
    "resources": [
        "0",
        "1",
        "2",
        "3",
        "4",
        "5",
        "6",
        "7",
        "8",
        "9",
        "10",
        "11",
        "12",
        "13",
        "14",
        "15",
        "16",
        "17",
        "18",
        "19",
        "20",
        "21",
        "22",
        "23",
        "24",
        "25",
        "26",
        "27",
        "28",
        "29",
        "30",
        "31",
        "32",
        "33",
        "34",
        "35",
        "36",
        "37",
        "38",
        "39"
    ],
    "demands": {
        "3_0": 0.10177,
        "8_0": 5.42435,
        "9_0": 0.17407,
        "10_0": 1.06084,
        "22_0": 0.54401,
        "28_0": 0.64631,
        "37_0": 2.51272,
        "47_0": 6.5642,
        "56_0": 0.61736,
        "72_0": 1.01889,
        "75_0": 1.52816,
        "29_1": 0.58233,
        "33_1": 1.30782,
        "44_1": 2.06774,
        "51_1": 0.29815,
        "54_1": 0.81444,
        "85_1": 2.59061,
        "86_1": 0.24482,
        "89_1": 1.37614,
        "4_2": 0.80382,
        "18_2": 0.37526,
        "19_2": 0.69681,
        "31_2": 0.47659,
        "47_2": 5.22388,
        "57_2": 1.14218,
        "13_3": 2.21421,
        "46_3": 8.94083,
        "57_3": 0.25344,
        "69_3": 0.4102,
        "86_3": 0.86021,
        "18_4": 0.02528,
        "32_4": 1.872,
        "34_4": 0.72984,
        "37_4": 4.63816,
        "43_4": 1.83293,
        "44_4": 0.11592,
        "52_4": 1.19209,
        "67_4": 3.62154,
        "2_5": 0.93941,
        "6_5": 1.28823,
        "34_5": 0.77624,
        "47_5": 6.69928,
        "50_5": 1.92749,
        "63_5": 0.99943,
        "65_5": 2.27809,
        "69_5": 0.34677,
        "6_6": 0.07385,
        "23_6": 0.3783,
        "25_6": 0.57619,
        "42_6": 0.22194,
        "43_6": 0.69618,
        "45_6": 0.58559,
        "56_6": 0.32589,
        "58_6": 0.49228,
        "74_6": 0.35745,
        "77_6": 0.1888,
        "79_6": 0.61479,
        "15_7": 0.85853,
        "23_7": 0.45657,
        "24_7": 1.3125,
        "25_7": 0.85497,
        "33_7": 1.01717,
        "40_7": 0.13526,
        "44_7": 0.06936,
        "69_7": 0.79968,
        "7_8": 1.03175,
        "12_8": 0.62162,
        "14_8": 1.72625,
        "15_8": 1.63316,
        "55_8": 0.52551,
        "57_8": 0.84677,
        "59_8": 0.6547,
        "66_8": 1.12108,
        "8_9": 5.8243,
        "12_9": 0.24505,
        "26_9": 0.72858,
        "27_9": 0.41324,
        "34_9": 0.72597,
        "84_9": 1.09136,
        "5_10": 0.91412,
        "28_10": 0.51317,
        "29_10": 0.72307,
        "43_10": 0.58488,
        "67_10": 1.44035,
        "79_10": 0.73796,
        "80_10": 0.51853,
        "82_10": 0.35749,
        "86_10": 0.80556,
        "87_10": 0.07755,
        "9_11": 0.50514,
        "15_11": 1.19371,
        "20_11": 0.18677,
        "21_11": 0.38018,
        "40_11": 0.25185,
        "51_11": 0.68072,
        "59_11": 0.45698,
        "63_11": 0.40333,
        "64_11": 0.09549,
        "66_11": 0.2096,
        "74_11": 0.34119,
        "75_11": 0.0976,
        "80_11": 0.06035,
        "88_11": 0.12181,
        "6_12": 0.62712,
        "10_12": 0.34856,
        "15_12": 1.20352,
        "23_12": 0.75266,
        "31_12": 0.68354,
        "35_12": 2.70131,
        "41_12": 0.64843,
        "53_12": 0.39098,
        "65_12": 0.91829,