{
    "throughput": 10.0,
    "class_probs": {
        "0": 0.008748273463608024,
        "1": 0.002420727974732083,
        "2": 0.006084897523841331,
        "3": 0.01168271168441148,
        "4": 0.0154044130126426,
        "5": 0.0052024054227884755,
        "6": 0.018642094217126818,
        "7": 0.012195714480542491,
        "8": 0.018019955749661726,
        "9": 0.010233861268245815,
        "10": 0.013708371702739081,
        "11": 0.013472094475842803,
        "12": 0.019163300169729003,
        "13": 0.01890452354582174,
        "14": 0.018727425686711378,
        "15": 0.01625609174799067,
        "16": 0.017957847019742023,
        "17": 0.018771631427263534,
        "18": 0.008601830801771309,
        "19": 0.015395973058619282,
        "20": 0.015316314385032037,
        "21": 0.01259850739326905,
        "22": 0.002723480288062831,
        "23": 0.00965258090222938,
        "24": 0.007668364182526685,
        "25": 0.011997448429259748,
        "26": 0.002987454258645422,
        "27": 0.013812606322901681,
        "28": 0.016437375909849866,
        "29": 0.012646718360326768,
        "30": 0.011121234525806805,
        "31": 0.01745034334683178,
        "32": 0.003972845550336214,
        "33": 0.010194865234185325,
        "34": 0.0031593622862457343,
        "35": 0.018700666486823263,
        "36": 0.01682245815888233,
        "37": 0.00239614340748603,
        "38": 0.006509191446171518,
        "39": 0.0027347125852130545,
        "40": 0.009004494397296671,
        "41": 0.005010073580774536,
        "42": 0.005178887729305405,
        "43": 0.016198147352037437,
        "44": 0.01746436818351486,
        "45": 0.010888668123868994,
        "46": 0.008930324126658147,
        "47": 0.017006279479548515,
        "48": 0.002456642469095989,
        "49": 0.012751905269749723,
        "50": 0.014479254531502521,
        "51": 0.016679116023872047,
        "52": 0.0063199964773092785,
        "53": 0.0032487779958715697,
        "54": 0.014278806790436246,
        "55": 0.0050937678870711135,
        "56": 0.015884662336945916,
        "57": 0.01776586259077641,
        "58": 0.010923224428737836,
        "59": 0.010091309127081022,
        "60": 0.0036505393475688196,
        "61": 0.0023353376492592872,
        "62": 0.0032842142527485844,
        "63": 0.013247550930926518,
        "64": 0.00778508330294826,
        "65": 0.012091745194081568,
        "66": 0.014291265184703871,
        "67": 0.00972929628031992,
        "68": 0.010939832946403483,
        "69": 0.013975606026614185,
        "70": 0.012794999102988449,
        "71": 0.0167808781770146,
        "72": 0.010840912389017328,
        "73": 0.006683562217328277,
        "74": 0.0025147284631211607,
        "75": 0.010626804232734165,
        "76": 0.019217211538740987,
        "77": 0.014938286724259096,
        "78": 0.01655256500744937,
        "79": 0.003178354259415045,
        "80": 0.002636799557874571,
        "81": 0.011944081584193704,
        "82": 0.007153003697354575,
        "83": 0.006834910948251777,
        "84": 0.006983997417171818,
        "85": 0.009267911587585968,
        "86": 0.015285619158902919,
        "87": 0.013403163487241044,
        "88": 0.017056320840096957,
        "89": 0.01582403169831232
    },
    "best_objective": 343.80304175705146,
    "classes": [
        "0",
        "1",
        "2",
        "3",
        "4",
        "5",
        "6",
        "7",
        "8",
        "9",
        "10",
        "11",
        "12",
        "13",
        "14",
        "15",
        "16",
        "17",
        "18",
        "19",
        "20",
        "21",
        "22",
        "23",
        "24",
        "25",
        "26",
        "27",
        "28",
        "29",
        "30",
        "31",
        "32",
        "33",
        "34",
        "35",
        "36",
        "37",
        "38",
        "39",
        "40",
        "41",
        "42",
        "43",
        "44",
        "45",
        "46",
        "47",
        "48",
        "49",
        "50",
        "51",
        "52",
        "53",
        "54",
        "55",
        "56",
        "57",
        "58",
        "59",
        "60",
        "61",
        "62",
        "63",
        "64",
        "65",
        "66",
        "67",
        "68",
        "69",
        "70",
        "71",
        "72",
        "73",
        "74",
        "75",
        "76",
        "77",
        "78",
        "79",
        "80",
        "81",
        "82",
        "83",
        "84",
        "85",
        "86",
        "87",
        "88",
        "89"
    ],
    "resources": [
        "0",
        "1",
        "2",
        "3",
        "4",
        "5",
        "6",
        "7",
        "8",
        "9",
        "10",
        "11",
        "12",
        "13",
        "14",
        "15",
        "16",
        "17",
        "18",
        "19",
        "20",
        "21",
        "22",
        "23",
        "24",
        "25",
        "26",
        "27",
        "28",
        "29",
        "30",
        "31",
        "32",
        "33",
        "34",
        "35",
        "36",
        "37",
        "38",
        "39"
    ],
    "demands": {
        "2_0": 0.9632,
        "8_0": 0.13059,
        "27_0": 0.75854,
        "31_0": 0.75008,
        "45_0": 0.64568,
        "54_0": 0.99093,
        "57_0": 0.08409,
        "64_0": 0.73963,
        "72_0": 1.34513,
        "10_1": 0.30016,
        "20_1": 0.18234,
        "51_1": 0.30886,
        "69_1": 0.55545,
        "83_1": 1.01549,
        "84_1": 0.76903,
        "89_1": 0.09708,
        "22_2": 8.8945,
        "47_2": 0.94379,
        "26_3": 0.87505,
        "28_3": 0.31558,
        "46_3": 0.0029,
        "62_3": 2.07246,
        "63_3": 0.1921,
        "69_3": 0.2888,
        "78_3": 0.37779,
        "80_3": 3.13077,
        "86_3": 0.5339,
        "10_4": 1.07833,
        "31_4": 0.43436,
        "50_4": 0.69745,
        "51_4": 0.77976,
        "56_4": 0.85865,
        "67_4": 1.58493,
        "87_4": 0.70289,
        "16_5": 1.83784,
        "57_5": 1.44696,
        "70_5": 0.72495,
        "76_5": 0.35153,
        "2_6": 0.92027,
        "24_6": 0.34993,
        "25_6": 0.22227,
        "28_6": 0.06496,
        "36_6": 0.16623,
        "38_6": 0.01017,
        "40_6": 0.12339,
        "43_6": 0.2268,
        "47_6": 0.10059,
        "52_6": 1.05212,
        "67_6": 0.26206,
        "80_6": 0.05131,
        "82_6": 0.80371,
        "7_7": 0.18127,
        "14_7": 0.20481,
        "16_7": 0.17071,
        "27_7": 0.57036,
        "29_7": 0.07082,
        "32_7": 0.13527,
        "39_7": 0.20273,
        "45_7": 0.1809,
        "55_7": 0.69421,
        "56_7": 0.20622,
        "61_7": 1.53609,
        "64_7": 0.98946,
        "76_7": 0.28127,
        "9_8": 0.72549,
        "27_8": 0.28464,
        "28_8": 0.56854,
        "30_8": 1.09336,
        "42_8": 0.91088,
        "54_8": 0.78183,
        "77_8": 0.07848,
        "88_8": 0.01995,
        "15_9": 0.17478,
        "21_9": 0.45082,
        "43_9": 0.41255,
        "67_9": 0.35641,
        "88_9": 0.3957,
        "89_9": 0.32718,
        "0_10": 1.28647,
        "10_10": 0.36974,
        "26_10": 3.28962,
        "42_10": 2.3065,
        "45_10": 0.02762,
        "78_10": 0.55032,
        "86_10": 0.83173,
        "5_11": 2.03821,
        "6_11": 0.11083,
        "7_11": 0.74189,
        "62_11": 0.59419,
        "67_11": 0.86123,
        "74_11": 0.68178,
        "76_11": 0.02789,
        "79_11": 1.53853,
        "81_11": 0.45663,
        "83_11": 1.71222,
        "84_11": 0.73637,
        "0_12": 0.22891,
        "19_12": 0.15588,
        "22_12": 1.63388,
        "38_12": 0.76917,
        "42_12": 0.58151,
        "72_12": 0.20974,
        "75_12": 0.45195,
        "76_12": 0.23789,
        "83_12": 0.52954,
        "84_12": 0.11676,
        "89_12": 0.19216,
        "1_13": 3.37625,
        "5_13": 0.58433,
        "8_13": 0.62495,
        "21_13": 0.76441,
        "30_13": 0.18777,