{
    "throughput": 6.0,
    "class_probs": {
        "0": 0.008956865410796619,
        "1": 0.007433204113950337,
        "2": 0.018378288095284093,
        "3": 0.014843684989088978,
        "4": 0.003481971757170353,
        "5": 0.018080512006537024,
        "6": 0.004124704181077051,
        "7": 0.017166812452484213,
        "8": 0.01103348852818896,
        "9": 0.00865314181489085,
        "10": 0.013193472888658636,
        "11": 0.0032504052200330274,
        "12": 0.015561728966059164,
        "13": 0.015177989532780154,
        "14": 0.005203823867077851,
        "15": 0.005136512518014238,
        "16": 0.01692788984990383,
        "17": 0.018799685761018644,
        "18": 0.0170654066732178,
        "19": 0.014565003649033946,
        "20": 0.01648270017833716,
        "21": 0.01644664380978314,
        "22": 0.014794703028052584,
        "23": 0.004375940265420953,
        "24": 0.008321891998900583,
        "25": 0.010347559061959546,
        "26": 0.017473453395762943,
        "27": 0.010819334714124619,
        "28": 0.01557172898390589,
        "29": 0.010485740399216417,
        "30": 0.013732297854747574,
        "31": 0.0168339471153799,
        "32": 0.0027367258382331953,
        "33": 0.009145636082731673,
        "34": 0.008879033806779941,
        "35": 0.004711044129486818,
        "36": 0.0032952858112595853,
        "37": 0.0019607160668616876,
        "38": 0.011703671528460594,
        "39": 0.010775717101463037,
        "40": 0.017324383469947503,
        "41": 0.0127358244258208,
        "42": 0.007560926263682264,
        "43": 0.007994993763199548,
        "44": 0.010354123446497797,
        "45": 0.016799292715605124,
        "46": 0.017488637309433022,
        "47": 0.0102291822973093,
        "48": 0.012000504422507679,
        "49": 0.009964634578830418,
        "50": 0.010898924230496551,
        "51": 0.01891779430416276,
        "52": 0.012473041503883887,
        "53": 0.014553240249891745,
        "54": 0.007086519114494061,
        "55": 0.014270472823917415,
        "56": 0.018783925809082412,
        "57": 0.0174617281785453,
        "58": 0.009348635146732337,
        "59": 0.007837384242728207,
        "60": 0.006904555652405752,
        "61": 0.006783691696045505,
        "62": 0.017599368236048275,
        "63": 0.0072622347381784335,
        "64": 0.017883628114552054,
        "65": 0.017061497584039506,
        "66": 0.008722321583706146,
        "67": 0.004828941135860965,
        "68": 0.017716485711015497,
        "69": 0.006345785644316353,
        "70": 0.0030711655127232365,
        "71": 0.007952213912725119,
        "72": 0.00584094742523633,
        "73": 0.017879543850198118,
        "74": 0.009728765052844413,
        "75": 0.005643489720286807,
        "76": 0.0021385794507772843,
        "77": 0.01591395212711293,
        "78": 0.0072239777748372095,
        "79": 0.00449553485741571,
        "80": 0.013878761701942969,
        "81": 0.01478351472635958,
        "82": 0.007169929682779446,
        "83": 0.002154593203639249,
        "84": 0.008782593138686484,
        "85": 0.01678881400988093,
        "86": 0.01833578378375885,
        "87": 0.004419887734139017,
        "88": 0.011565696743192296,
        "89": 0.01111121375239384
    },
    "best_objective": 503.29077828912494,
    "classes": [
        "0",
        "1",
        "2",
        "3",
        "4",
        "5",
        "6",
        "7",
        "8",
        "9",
        "10",
        "11",
        "12",
        "13",
        "14",
        "15",
        "16",
        "17",
        "18",
        "19",
        "20",
        "21",
        "22",
        "23",
        "24",
        "25",
        "26",
        "27",
        "28",
        "29",
        "30",
        "31",
        "32",
        "33",
        "34",
        "35",
        "36",
        "37",
        "38",
        "39",
        "40",
        "41",
        "42",
        "43",
        "44",
        "45",
        "46",
        "47",
        "48",
        "49",
        "50",
        "51",
        "52",
        "53",
        "54",
        "55",
        "56",
        "57",
        "58",
        "59",
        "60",
        "61",
        "62",
        "63",
        "64",
        "65",
        "66",
        "67",
        "68",
        "69",
        "70",
        "71",
        "72",
        "73",
        "74",
        "75",
        "76",
        "77",
        "78",
        "79",
        "80",
        "81",
        "82",
        "83",
        "84",
        "85",
        "86",
        "87",
        "88",
        "89"
    ],
    "resources": [
        "0",
        "1",
        "2",
        "3",
        "4",
        "5",
        "6",
        "7",
        "8",
        "9",
        "10",
        "11",
        "12",
        "13",
        "14",
        "15",
        "16",
        "17",
        "18",
        "19",
        "20",
        "21",
        "22",
        "23",
        "24",
        "25",
        "26",
        "27",
        "28",
        "29",
        "30",
        "31",
        "32",
        "33",
        "34",
        "35",
        "36",
        "37",
        "38",
        "39"
    ],
    "demands": {
        "2_0": 0.34979,
        "7_0": 0.40978,
        "22_0": 1.05794,
        "29_0": 0.47619,
        "34_0": 1.91445,
        "54_0": 3.05179,
        "57_0": 0.71901,
        "64_0": 1.60867,
        "66_0": 1.58185,
        "78_0": 0.24804,
        "5_1": 0.29328,
        "16_1": 0.78292,
        "24_1": 0.33041,
        "40_1": 0.03715,
        "51_1": 0.72374,
        "58_1": 2.35145,
        "80_1": 1.40935,
        "1_2": 1.0928,
        "21_2": 0.82996,
        "26_2": 0.55764,
        "69_2": 1.7611,
        "70_2": 4.28868,
        "72_2": 0.41308,
        "74_2": 0.51276,
        "77_2": 0.80977,
        "83_2": 1.25058,
        "8_3": 0.02603,
        "17_3": 0.38121,
        "18_3": 0.41963,
        "32_3": 2.64373,
        "36_3": 0.89394,
        "49_3": 0.39517,
        "51_3": 0.39139,
        "65_3": 0.28775,
        "67_3": 0.80276,
        "69_3": 1.09161,
        "3_4": 0.67615,
        "14_4": 2.23618,
        "43_4": 2.25157,
        "53_4": 0.3192,
        "56_4": 0.14392,
        "66_4": 1.10079,
        "69_4": 0.32276,
        "75_4": 0.55646,
        "89_4": 0.53572,
        "3_5": 1.39388,
        "30_5": 0.73615,
        "39_5": 1.63793,
        "45_5": 1.18871,
        "47_5": 0.26361,
        "74_5": 0.8501,
        "84_5": 1.97464,
        "18_6": 0.20611,
        "19_6": 0.3396,
        "22_6": 0.56438,
        "28_6": 0.40003,
        "35_6": 0.26947,
        "36_6": 2.58557,
        "39_6": 0.19043,
        "40_6": 0.37716,
        "64_6": 0.18514,
        "70_6": 2.36936,
        "82_6": 0.08693,
        "2_7": 1.04593,
        "4_7": 7.13332,
        "15_7": 1.65188,
        "31_7": 0.81887,
        "72_7": 1.83185,
        "87_7": 4.16703,
        "9_8": 3.02519,
        "17_8": 1.29095,
        "19_8": 0.54639,
        "26_8": 0.30667,
        "34_8": 0.63564,
        "56_8": 1.49269,
        "58_8": 0.33743,
        "60_8": 4.27488,
        "63_8": 0.29181,
        "68_8": 0.758,
        "0_9": 0.5871,
        "5_9": 0.23382,
        "12_9": 0.06789,
        "20_9": 0.15259,
        "24_9": 0.6609,
        "28_9": 0.2437,
        "29_9": 0.57154,
        "52_9": 0.11995,
        "53_9": 0.40445,
        "58_9": 0.52893,
        "79_9": 0.87472,
        "87_9": 1.41049,
        "0_10": 0.61293,
        "1_10": 1.33257,
        "9_10": 0.03651,
        "26_10": 0.49084,
        "44_10": 0.75011,
        "59_10": 0.09882,
        "63_10": 1.92575,
        "65_10": 0.81519,
        "66_10": 1.56139,
        "69_10": 2.36719,
        "72_10": 1.91236,
        "75_10": 0.01248,
        "19_11": 1.49805,
        "27_11": 0.933,
        "38_11": 0.79112,
        "45_11": 0.44951,
        "46_11": 1.8999,
        "58_11": 1.13491,
        "62_11": 0.74003,
        "74_11": 0.23683,
        "23_12": 4.29398,
        "24_12": 2.4236,