{
    "throughput": 5.0,
    "class_probs": {
        "0": 0.013437819314808828,
        "1": 0.007699716574110228,
        "2": 0.01012576734000071,
        "3": 0.010801198961211105,
        "4": 0.010919088797250716,
        "5": 0.01566311711093773,
        "6": 0.007326903724652017,
        "7": 0.009252774355402886,
        "8": 0.008029899057073563,
        "9": 0.005534214847400397,
        "10": 0.013058046419023254,
        "11": 0.013412973629203299,
        "12": 0.01934819816095836,
        "13": 0.01262785690624961,
        "14": 0.013715307255528318,
        "15": 0.0053247258370986645,
        "16": 0.00987884345060184,
        "17": 0.01608462094956674,
        "18": 0.015161157264254604,
        "19": 0.005181314065079082,
        "20": 0.002703751379253653,
        "21": 0.012246033938140066,
        "22": 0.0213657929639164,
        "23": 0.00870748822120803,
        "24": 0.020096904079127443,
        "25": 0.013077029428793688,
        "26": 0.01934931083375576,
        "27": 0.004006317652442394,
        "28": 0.008676609114884524,
        "29": 0.019535336164003637,
        "30": 0.018142051488786025,
        "31": 0.0037966554600904166,
        "32": 0.018816179066470446,
        "33": 0.003932587743260223,
        "34": 0.008068430390063169,
        "35": 0.007943455375346133,
        "36": 0.007446893756442541,
        "37": 0.010470574748649401,
        "38": 0.005982360165230448,
        "39": 0.00504279938075802,
        "40": 0.014443073762507115,
        "41": 0.003525744483198423,
        "42": 0.010534240400529297,
        "43": 0.01629967301167016,
        "44": 0.018800119089479404,
        "45": 0.003188889702695929,
        "46": 0.007503681979525351,
        "47": 0.01837662568281418,
        "48": 0.0024244209532081223,
        "49": 0.006546028526057111,
        "50": 0.01711313861032932,
        "51": 0.0069213477068438625,
        "52": 0.01439042722153077,
        "53": 0.006366001965038783,
        "54": 0.017256682529666133,
        "55": 0.007699651981486683,
        "56": 0.004397409830003711,
        "57": 0.011978757940755858,
        "58": 0.00401697179750447,
        "59": 0.008627884504018765,
        "60": 0.01986692299738078,
        "61": 0.002590461274303237,
        "62": 0.00709630331255609,
        "63": 0.01904970901760481,
        "64": 0.007382656519148728,
        "65": 0.0168509314461377,
        "66": 0.005956024672122583,
        "67": 0.013452018720381398,
        "68": 0.01741412680420356,
        "69": 0.01774684650582793,
        "70": 0.0094029460041354,
        "71": 0.02066235915893162,
        "72": 0.013622427104799287,
        "73": 0.011440941231415735,
        "74": 0.007079668695628713,
        "75": 0.015950244266389513,
        "76": 0.012388091404638637,
        "77": 0.007416848791817994,
        "78": 0.004158760554922794,
        "79": 0.01897891458955486,
        "80": 0.006137130915055819,
        "81": 0.009268580134566853,
        "82": 0.015836456691446472,
        "83": 0.01413601884979267,
        "84": 0.0137253215564744,
        "85": 0.013312881631533414,
        "86": 0.014302052474184784,
        "87": 0.01410384732261932,
        "88": 0.0053871363773399655,
        "89": 0.0028824939251870124
    },
    "best_objective": 10073810735.739199,
    "classes": [
        "0",
        "1",
        "2",
        "3",
        "4",
        "5",
        "6",
        "7",
        "8",
        "9",
        "10",
        "11",
        "12",
        "13",
        "14",
        "15",
        "16",
        "17",
        "18",
        "19",
        "20",
        "21",
        "22",
        "23",
        "24",
        "25",
        "26",
        "27",
        "28",
        "29",
        "30",
        "31",
        "32",
        "33",
        "34",
        "35",
        "36",
        "37",
        "38",
        "39",
        "40",
        "41",
        "42",
        "43",
        "44",
        "45",
        "46",
        "47",
        "48",
        "49",
        "50",
        "51",
        "52",
        "53",
        "54",
        "55",
        "56",
        "57",
        "58",
        "59",
        "60",
        "61",
        "62",
        "63",
        "64",
        "65",
        "66",
        "67",
        "68",
        "69",
        "70",
        "71",
        "72",
        "73",
        "74",
        "75",
        "76",
        "77",
        "78",
        "79",
        "80",
        "81",
        "82",
        "83",
        "84",
        "85",
        "86",
        "87",
        "88",
        "89"
    ],
    "resources": [
        "0",
        "1",
        "2",
        "3",
        "4",
        "5",
        "6",
        "7",
        "8",
        "9",
        "10",
        "11",
        "12",
        "13",
        "14",
        "15",
        "16",
        "17",
        "18",
        "19",
        "20",
        "21",
        "22",
        "23",
        "24",
        "25",
        "26",
        "27",
        "28",
        "29",
        "30",
        "31",
        "32",
        "33",
        "34",
        "35",
        "36",
        "37",
        "38",
        "39"
    ],
    "demands": {
        "5_0": 0.098,
        "6_0": 3.08138,
        "17_0": 0.29361,
        "21_0": 2.54224,
        "25_0": 0.87595,
        "67_0": 1.3341,
        "86_0": 1.35616,
        "88_0": 5.65574,
        "1_1": 1.21349,
        "6_1": 1.67137,
        "9_1": 0.32027,
        "20_1": 2.73532,
        "22_1": 0.30354,
        "39_1": 1.64776,
        "41_1": 0.64962,
        "44_1": 0.28728,
        "51_1": 0.90688,
        "54_1": 0.47886,
        "60_1": 0.20614,
        "68_1": 0.45034,
        "70_1": 1.4499,
        "86_1": 0.67596,
        "33_2": 8.95421,
        "45_2": 6.05056,
        "48_2": 2.83807,
        "55_2": 0.82264,
        "64_2": 3.51941,
        "66_2": 1.62327,
        "73_2": 0.37467,
        "76_2": 1.40934,
        "2_3": 0.476,
        "6_3": 2.94906,
        "22_3": 0.17837,
        "23_3": 0.75498,
        "30_3": 1.07037,
        "41_3": 5.37083,
        "51_3": 0.29885,
        "54_3": 0.78841,
        "71_3": 1.22281,
        "74_3": 2.08442,
        "8_4": 4.80247,
        "39_4": 8.37103,
        "69_4": 2.0892,
        "9_5": 3.65462,
        "12_5": 0.93454,
        "23_5": 1.82775,
        "24_5": 0.36931,
        "37_5": 1.84798,
        "40_5": 0.22844,
        "47_5": 0.51707,
        "63_5": 0.04367,
        "73_5": 2.08038,
        "78_5": 5.04891,
        "80_5": 2.99038,
        "24_6": 0.79857,
        "27_6": 3.53016,
        "30_6": 1.0001,
        "44_6": 0.9361,
        "46_6": 2.39036,
        "48_6": 2.11126,
        "51_6": 1.04191,
        "59_6": 2.19378,
        "62_6": 0.03893,
        "74_6": 2.98247,
        "79_6": 0.66359,
        "88_6": 0.10982,
        "5_7": 0.45455,
        "14_7": 1.30804,
        "17_7": 0.67719,
        "19_7": 0.51862,
        "22_7": 0.97366,
        "29_7": 0.81851,
        "31_7": 5.97593,
        "37_7": 0.71896,
        "38_7": 2.54909,
        "58_7": 6.24569,
        "87_7": 1.17191,
        "5_8": 1.52346,
        "20_8": 9.71305,
        "30_8": 0.22044,
        "57_8": 0.83045,
        "63_8": 0.79194,
        "67_8": 0.10334,
        "80_8": 4.29125,
        "0_9": 0.76016,
        "3_9": 1.4673,
        "5_9": 1.4609,
        "15_9": 3.29741,
        "18_9": 0.01428,
        "20_9": 5.18401,
        "29_9": 1.02477,
        "34_9": 2.14056,
        "76_9": 0.23129,
        "77_9": 1.97686,
        "87_9": 1.48344,
        "0_10": 0.65677,
        "11_10": 0.75065,
        "28_10": 1.13387,
        "29_10": 0.24037,
        "31_10": 0.12105,
        "32_10": 0.37275,
        "36_10": 0.17874,
        "49_10": 1.29759,
        "50_10": 0.05294,
        "60_10": 0.06365,
        "67_10": 0.78589,
        "70_10": 0.30823,
        "85_10": 0.48969,
        "12_11": 0.41604,
        "27_11": 3.95696,
        "31_11": 2.53437,
        "35_11": 0.63944,
        "42_11": 1.05756,