{
    "throughput": 6.0,
    "class_probs": {
        "0": 0.019594108357087626,
        "1": 0.005877336004474831,
        "2": 0.013314386901544791,
        "3": 0.017815299883534412,
        "4": 0.012573197885125037,
        "5": 0.004655697563097508,
        "6": 0.004228755487288669,
        "7": 0.017168379205112994,
        "8": 0.0032838001737722573,
        "9": 0.018645002896858647,
        "10": 0.019299266697472787,
        "11": 0.012533089431472936,
        "12": 0.015022881003986504,
        "13": 0.010383494706447794,
        "14": 0.011385000118648935,
        "15": 0.005468703614309448,
        "16": 0.007029341390226006,
        "17": 0.01730100035018928,
        "18": 0.005844490611194265,
        "19": 0.009359771964123636,
        "20": 0.011014129428790915,
        "21": 0.009612672935818132,
        "22": 0.016082072141445393,
        "23": 0.012479586851095435,
        "24": 0.016234680952623676,
        "25": 0.008623171823007734,
        "26": 0.009819440157544547,
        "27": 0.0034217918097844253,
        "28": 0.014689902384442148,
        "29": 0.006440015970457808,
        "30": 0.01912250616112869,
        "31": 0.0022431088000386987,
        "32": 0.017751223418271615,
        "33": 0.005721019285687744,
        "34": 0.017994500526230202,
        "35": 0.01089851582666387,
        "36": 0.015592510855600213,
        "37": 0.008523822400841234,
        "38": 0.0036611869564458404,
        "39": 0.00869870749405032,
        "40": 0.00229280427812931,
        "41": 0.019922596429830224,
        "42": 0.005345867838929045,
        "43": 0.010957886204800628,
        "44": 0.013915021378351726,
        "45": 0.016912344298822917,
        "46": 0.008452684734968872,
        "47": 0.016866816066085102,
        "48": 0.008995281191675175,
        "49": 0.011700774394542311,
        "50": 0.0030789300529155622,
        "51": 0.012730742031765507,
        "52": 0.014734406799517258,
        "53": 0.011742371977563951,
        "54": 0.00830521871168475,
        "55": 0.002842775077613321,
        "56": 0.006976821490576451,
        "57": 0.015410774584008776,
        "58": 0.008013142316284997,
        "59": 0.011537085844537252,
        "60": 0.015448741652430138,
        "61": 0.010449425378824784,
        "62": 0.0020330180019857394,
        "63": 0.014674652337424965,
        "64": 0.002828370035022412,
        "65": 0.00980139910410709,
        "66": 0.01986769634568801,
        "67": 0.006584769183522358,
        "68": 0.01894158773458532,
        "69": 0.015187220968737983,
        "70": 0.015414769280211089,
        "71": 0.0034929217864198532,
        "72": 0.00789552747270598,
        "73": 0.01984359051384156,
        "74": 0.012675435078278233,
        "75": 0.013517182919809224,
        "76": 0.0021717478740380367,
        "77": 0.016891386411726432,
        "78": 0.015973848701704787,
        "79": 0.012477434977115093,
        "80": 0.013642964093567758,
        "81": 0.0029796280815502407,
        "82": 0.002194685538367336,
        "83": 0.01157064604532798,
        "84": 0.011073106853748097,
        "85": 0.01853907178214896,
        "86": 0.013980100778923959,
        "87": 0.01609226502646026,
        "88": 0.009146026137484876,
        "89": 0.00446886377570146
    },
    "best_objective": 513.5278466992438,
    "classes": [
        "0",
        "1",
        "2",
        "3",
        "4",
        "5",
        "6",
        "7",
        "8",
        "9",
        "10",
        "11",
        "12",
        "13",
        "14",
        "15",
        "16",
        "17",
        "18",
        "19",
        "20",
        "21",
        "22",
        "23",
        "24",
        "25",
        "26",
        "27",
        "28",
        "29",
        "30",
        "31",
        "32",
        "33",
        "34",
        "35",
        "36",
        "37",
        "38",
        "39",
        "40",
        "41",
        "42",
        "43",
        "44",
        "45",
        "46",
        "47",
        "48",
        "49",
        "50",
        "51",
        "52",
        "53",
        "54",
        "55",
        "56",
        "57",
        "58",
        "59",
        "60",
        "61",
        "62",
        "63",
        "64",
        "65",
        "66",
        "67",
        "68",
        "69",
        "70",
        "71",
        "72",
        "73",
        "74",
        "75",
        "76",
        "77",
        "78",
        "79",
        "80",
        "81",
        "82",
        "83",
        "84",
        "85",
        "86",
        "87",
        "88",
        "89"
    ],
    "resources": [
        "0",
        "1",
        "2",
        "3",
        "4",
        "5",
        "6",
        "7",
        "8",
        "9",
        "10",
        "11",
        "12",
        "13",
        "14",
        "15",
        "16",
        "17",
        "18",
        "19",
        "20",
        "21",
        "22",
        "23",
        "24",
        "25",
        "26",
        "27",
        "28",
        "29",
        "30",
        "31",
        "32",
        "33",
        "34",
        "35",
        "36",
        "37",
        "38",
        "39"
    ],
    "demands": {
        "12_0": 1.14721,
        "22_0": 1.02426,
        "33_0": 2.84617,
        "42_0": 1.27506,
        "47_0": 0.00806,
        "55_0": 3.42385,
        "74_0": 1.56007,
        "83_0": 1.51263,
        "87_0": 0.23496,
        "89_0": 4.95323,
        "2_1": 0.15588,
        "24_1": 0.14434,
        "32_1": 1.26355,
        "37_1": 0.72073,
        "57_1": 1.53044,
        "66_1": 0.08995,
        "70_1": 0.57162,
        "84_1": 0.80672,
        "86_1": 1.08983,
        "89_1": 1.00682,
        "12_2": 0.69862,
        "19_2": 4.56479,
        "36_2": 0.40253,
        "39_2": 3.23804,
        "56_2": 3.44172,
        "2_3": 0.70432,
        "12_3": 0.35878,
        "17_3": 0.33,
        "24_3": 0.68577,
        "33_3": 1.48264,
        "57_3": 0.33433,
        "65_3": 0.25098,
        "85_3": 0.43159,
        "88_3": 0.85246,
        "6_4": 2.98362,
        "13_4": 0.23849,
        "22_4": 0.71149,
        "31_4": 5.32303,
        "45_4": 0.13031,
        "47_4": 0.74405,
        "54_4": 1.21501,
        "63_4": 0.77044,
        "72_4": 0.67717,
        "17_5": 0.3815,
        "22_5": 0.17469,
        "29_5": 0.64636,
        "35_5": 0.04678,
        "38_5": 2.09538,
        "42_5": 6.27094,
        "46_5": 3.63396,
        "88_5": 2.27819,
        "19_6": 0.83495,
        "21_6": 0.25489,
        "27_6": 2.67577,
        "29_6": 1.02578,
        "34_6": 0.26249,
        "36_6": 0.58537,
        "55_6": 0.44106,
        "65_6": 0.45402,
        "68_6": 0.48752,
        "77_6": 0.17943,
        "78_6": 0.14927,
        "79_6": 0.83217,
        "4_7": 1.15886,
        "7_7": 0.3863,
        "10_7": 0.68696,
        "14_7": 0.7263,
        "32_7": 0.7441,
        "33_7": 0.88803,
        "55_7": 6.74858,
        "60_7": 0.07837,
        "79_7": 0.55313,
        "81_7": 0.58257,
        "84_7": 0.51169,
        "4_8": 0.76994,
        "17_8": 1.76921,
        "24_8": 0.07197,
        "25_8": 0.45911,
        "31_8": 1.52974,
        "45_8": 0.46185,
        "55_8": 10.90107,
        "71_8": 9.11934,
        "1_9": 0.35348,
        "20_9": 0.23648,
        "23_9": 1.66652,
        "34_9": 0.78777,
        "47_9": 0.9822,
        "66_9": 0.71608,
        "68_9": 0.33917,
        "83_9": 0.38301,
        "12_10": 0.49769,
        "20_10": 0.72396,
        "28_10": 0.80284,
        "39_10": 1.77569,
        "54_10": 0.39319,
        "60_10": 0.4236,
        "66_10": 0.31062,
        "83_10": 0.99953,
        "8_11": 3.78064,
        "9_11": 0.93174,
        "22_11": 1.08989,
        "25_11": 1.49331,
        "53_11": 0.57586,
        "56_11": 1.11955,
        "80_11": 0.98986,
        "86_11": 0.40499,
        "88_11": 0.18521,
        "4_12": 0.45593,
        "16_12": 4.44621,
        "23_12": 0.05886,
        "41_12": 0.72549,
        "65_12": 1.01492,