{
    "throughput": 8.0,
    "class_probs": {
        "0": 0.008991511288640853,
        "1": 0.019615053933593286,
        "2": 0.002312987224761784,
        "3": 0.01396432213307168,
        "4": 0.012940556052118298,
        "5": 0.002766106009477397,
        "6": 0.014667815752776913,
        "7": 0.0029014103111941313,
        "8": 0.0062783889652648535,
        "9": 0.012241595412910358,
        "10": 0.01634358355618628,
        "11": 0.002364490459340608,
        "12": 0.0051900592749169775,
        "13": 0.0064751370900422356,
        "14": 0.015366061866496077,
        "15": 0.01837322679252308,
        "16": 0.015189728952632618,
        "17": 0.017225630942171104,
        "18": 0.006363619752923269,
        "19": 0.013213772157218516,
        "20": 0.019549252852549572,
        "21": 0.0059514331729812265,
        "22": 0.007958065282741655,
        "23": 0.0023086206090007313,
        "24": 0.01824668432339679,
        "25": 0.018644092271273574,
        "26": 0.008868704632023952,
        "27": 0.016547742142349133,
        "28": 0.012217050467848595,
        "29": 0.015214576893555909,
        "30": 0.013637881724127379,
        "31": 0.0055673520793625515,
        "32": 0.004731587679871996,
        "33": 0.0069437542546895185,
        "34": 0.00279945540699222,
        "35": 0.019433008413292985,
        "36": 0.00655142062194948,
        "37": 0.002432097747775649,
        "38": 0.007859555092042947,
        "39": 0.0066048633101608275,
        "40": 0.00996006263416443,
        "41": 0.018235545576842316,
        "42": 0.012189563706220518,
        "43": 0.018410431547551113,
        "44": 0.012623825268653405,
        "45": 0.006892160170475664,
        "46": 0.004894364374563227,
        "47": 0.01675005210358124,
        "48": 0.02001647241247214,
        "49": 0.0024600187482821793,
        "50": 0.008624678092845197,
        "51": 0.012032918935712476,
        "52": 0.018630783360069014,
        "53": 0.009236129345024378,
        "54": 0.01357597901614912,
        "55": 0.015851444956815935,
        "56": 0.011280858012713176,
        "57": 0.014313669739651822,
        "58": 0.012188653803312646,
        "59": 0.0038270771401226348,
        "60": 0.01549236613588454,
        "61": 0.01628582723005507,
        "62": 0.0054865039387084445,
        "63": 0.008847234296158702,
        "64": 0.018123421213501058,
        "65": 0.005720305711919359,
        "66": 0.00562503216562483,
        "67": 0.003147641341682297,
        "68": 0.013119471290966822,
        "69": 0.0036762280486317273,
        "70": 0.01954125952277107,
        "71": 0.019373782272741443,
        "72": 0.01048705903038893,
        "73": 0.010613880545279253,
        "74": 0.019066821564657888,
        "75": 0.01523576668686909,
        "76": 0.0074729763119019575,
        "77": 0.015103644968311828,
        "78": 0.005415760795083035,
        "79": 0.019278993340062164,
        "80": 0.0109005814459984,
        "81": 0.016304490819345204,
        "82": 0.003753059506634459,
        "83": 0.0025958603360650293,
        "84": 0.01864801520369681,
        "85": 0.005940574700503024,
        "86": 0.016004698584696678,
        "87": 0.011986305911979534,
        "88": 0.008350377110284317,
        "89": 0.011555114118127277
    },
    "best_objective": 408.2148266271819,
    "classes": [
        "0",
        "1",
        "2",
        "3",
        "4",
        "5",
        "6",
        "7",
        "8",
        "9",
        "10",
        "11",
        "12",
        "13",
        "14",
        "15",
        "16",
        "17",
        "18",
        "19",
        "20",
        "21",
        "22",
        "23",
        "24",
        "25",
        "26",
        "27",
        "28",
        "29",
        "30",
        "31",
        "32",
        "33",
        "34",
        "35",
        "36",
        "37",
        "38",
        "39",
        "40",
        "41",
        "42",
        "43",
        "44",
        "45",
        "46",
        "47",
        "48",
        "49",
        "50",
        "51",
        "52",
        "53",
        "54",
        "55",
        "56",
        "57",
        "58",
        "59",
        "60",
        "61",
        "62",
        "63",
        "64",
        "65",
        "66",
        "67",
        "68",
        "69",
        "70",
        "71",
        "72",
        "73",
        "74",
        "75",
        "76",
        "77",
        "78",
        "79",
        "80",
        "81",
        "82",
        "83",
        "84",
        "85",
        "86",
        "87",
        "88",
        "89"
    ],
    "resources": [
        "0",
        "1",
        "2",
        "3",
        "4",
        "5",
        "6",
        "7",
        "8",
        "9",
        "10",
        "11",
        "12",
        "13",
        "14",
        "15",
        "16",
        "17",
        "18",
        "19",
        "20",
        "21",
        "22",
        "23",
        "24",
        "25",
        "26",
        "27",
        "28",
        "29"
    ],
    "demands": {
        "5_0": 1.15612,
        "12_0": 1.81918,
        "17_0": 0.41755,
        "19_0": 0.42302,
        "23_0": 2.67746,
        "27_0": 0.2791,
        "45_0": 0.30693,
        "47_0": 0.41218,
        "65_0": 1.46634,
        "66_0": 0.51326,
        "81_0": 0.10194,
        "82_0": 0.03306,
        "84_0": 0.29779,
        "85_0": 0.92227,
        "7_1": 3.35525,
        "10_1": 0.09672,
        "28_1": 0.14442,
        "39_1": 1.01051,
        "41_1": 0.20846,
        "43_1": 0.01196,
        "53_1": 1.1528,
        "60_1": 0.08513,
        "64_1": 0.47825,
        "76_1": 0.59893,
        "7_2": 0.7038,
        "13_2": 0.78523,
        "22_2": 1.18285,
        "24_2": 0.56634,
        "25_2": 0.37332,
        "32_2": 2.25357,
        "33_2": 0.24379,
        "42_2": 0.38048,
        "74_2": 0.07059,
        "79_2": 0.82119,
        "87_2": 1.00171,
        "2_3": 1.0938,
        "3_3": 0.31399,
        "11_3": 3.42725,
        "18_3": 0.61713,
        "20_3": 0.12568,
        "34_3": 1.75567,
        "43_3": 0.30715,
        "46_3": 0.2105,
        "47_3": 0.24838,
        "49_3": 0.6025,
        "50_3": 0.99594,
        "62_3": 1.78308,
        "64_3": 0.03246,
        "69_3": 2.31529,
        "2_4": 1.50117,
        "12_4": 0.34424,
        "14_4": 0.52323,
        "15_4": 0.3427,
        "29_4": 0.63184,
        "31_4": 1.31968,
        "34_4": 0.39255,
        "56_4": 0.82427,
        "66_4": 1.18334,
        "69_4": 0.11835,
        "75_4": 0.56997,
        "76_4": 0.17984,
        "88_4": 0.91821,
        "0_5": 1.38904,
        "7_5": 0.84838,
        "18_5": 0.7306,
        "27_5": 0.78296,
        "32_5": 0.11163,
        "43_5": 0.92414,
        "46_5": 3.31317,
        "52_5": 0.61304,
        "59_5": 2.02443,
        "65_5": 1.99946,
        "69_5": 1.67732,
        "89_5": 0.19272,
        "2_6": 0.52118,
        "10_6": 0.45782,
        "19_6": 0.57009,
        "21_6": 0.60794,
        "23_6": 1.59498,
        "28_6": 0.18299,
        "33_6": 1.0655,
        "35_6": 0.21408,
        "41_6": 0.20522,
        "44_6": 0.22691,
        "57_6": 0.35323,
        "65_6": 1.58633,
        "66_6": 0.83486,
        "75_6": 0.33715,
        "79_6": 0.42767,
        "9_7": 0.4536,
        "12_7": 0.54557,
        "17_7": 0.23154,
        "22_7": 0.54019,
        "33_7": 0.41526,
        "40_7": 0.26749,
        "50_7": 0.83798,
        "51_7": 0.31483,
        "54_7": 0.00481,
        "57_7": 0.14533,
        "61_7": 0.40419,
        "63_7": 0.78406,
        "69_7": 1.33095,
        "70_7": 0.25782,
        "5_8": 0.40229,
        "8_8": 0.46081,
        "11_8": 2.56916,
        "13_8": 1.04566,
        "17_8": 0.27193,
        "21_8": 0.92273,
        "30_8": 0.06919,
        "34_8": 1.67665,
        "41_8": 0.28881,
        "47_8": 0.00292,
        "51_8": 0.31871,
        "52_8": 0.3476,
        "67_8": 0.60953,
        "71_8": 0.15866,
        "73_8": 0.07694,
        "81_8": 0.13695,