{
    "throughput": 8.0,
    "class_probs": {
        "0": 0.01692392450675054,
        "1": 0.01789838277393013,
        "2": 0.009179573295238382,
        "3": 0.013110485030174385,
        "4": 0.009312251016432137,
        "5": 0.01578244990180133,
        "6": 0.008998513293254979,
        "7": 0.018483434814736886,
        "8": 0.017200416895612577,
        "9": 0.004564119818661058,
        "10": 0.005608024534366633,
        "11": 0.006020852507533843,
        "12": 0.018137015958459117,
        "13": 0.018260181040890108,
        "14": 0.01872072058774655,
        "15": 0.01794337454214029,
        "16": 0.0038517214733776567,
        "17": 0.00461476599645469,
        "18": 0.0034304859116092794,
        "19": 0.004573378692987815,
        "20": 0.01538022660033825,
        "21": 0.00610541055414781,
        "22": 0.018080281372265746,
        "23": 0.011472794741528958,
        "24": 0.008592165310617895,
        "25": 0.016481336699755215,
        "26": 0.004471794646309587,
        "27": 0.011241534758051432,
        "28": 0.015063842566101188,
        "29": 0.016079864880162057,
        "30": 0.01348759151054896,
        "31": 0.010026947069672734,
        "32": 0.01686040793420665,
        "33": 0.016892774573002513,
        "34": 0.010863975593425432,
        "35": 0.002029905674778039,
        "36": 0.01028547916268404,
        "37": 0.015742485593681944,
        "38": 0.004071205654724608,
        "39": 0.01638375675236238,
        "40": 0.017425426628031704,
        "41": 0.010358363593343372,
        "42": 0.007302804546622996,
        "43": 0.00985109462917144,
        "44": 0.015663187595264055,
        "45": 0.0076578607544613665,
        "46": 0.018635639189372853,
        "47": 0.013025571634700868,
        "48": 0.013514909440382536,
        "49": 0.012873094340553252,
        "50": 0.01418298273434228,
        "51": 0.010813813979976505,
        "52": 0.008328634475842017,
        "53": 0.011719131125068295,
        "54": 0.013937421614601328,
        "55": 0.0018935810874317874,
        "56": 0.007842980528580337,
        "57": 0.007221528916600161,
        "58": 0.0040745225624274645,
        "59": 0.016555964841714437,
        "60": 0.005618114875409611,
        "61": 0.015077066662760643,
        "62": 0.01521078731009273,
        "63": 0.009497766413010074,
        "64": 0.008791394795190857,
        "65": 0.006440437521072243,
        "66": 0.011125475131838902,
        "67": 0.0149686989699732,
        "68": 0.0180098387008302,
        "69": 0.011802932038760571,
        "70": 0.0033274526739972402,
        "71": 0.017875134750819886,
        "72": 0.008443913810514639,
        "73": 0.017721869227229795,
        "74": 0.0047321048858812685,
        "75": 0.0055680611111484325,
        "76": 0.0035383095983285737,
        "77": 0.014069650757432339,
        "78": 0.01590188493901626,
        "79": 0.009141435485543368,
        "80": 0.014462802322515015,
        "81": 0.011467929793255989,
        "82": 0.013120037299258258,
        "83": 0.011995160306723806,
        "84": 0.0035474651274107058,
        "85": 0.01793806084177476,
        "86": 0.002810678175061731,
        "87": 0.0026958149726119497,
        "88": 0.006246468100771813,
        "89": 0.003746884942752253
    },
    "best_objective": 475.2055744378442,
    "classes": [
        "0",
        "1",
        "2",
        "3",
        "4",
        "5",
        "6",
        "7",
        "8",
        "9",
        "10",
        "11",
        "12",
        "13",
        "14",
        "15",
        "16",
        "17",
        "18",
        "19",
        "20",
        "21",
        "22",
        "23",
        "24",
        "25",
        "26",
        "27",
        "28",
        "29",
        "30",
        "31",
        "32",
        "33",
        "34",
        "35",
        "36",
        "37",
        "38",
        "39",
        "40",
        "41",
        "42",
        "43",
        "44",
        "45",
        "46",
        "47",
        "48",
        "49",
        "50",
        "51",
        "52",
        "53",
        "54",
        "55",
        "56",
        "57",
        "58",
        "59",
        "60",
        "61",
        "62",
        "63",
        "64",
        "65",
        "66",
        "67",
        "68",
        "69",
        "70",
        "71",
        "72",
        "73",
        "74",
        "75",
        "76",
        "77",
        "78",
        "79",
        "80",
        "81",
        "82",
        "83",
        "84",
        "85",
        "86",
        "87",
        "88",
        "89"
    ],
    "resources": [
        "0",
        "1",
        "2",
        "3",
        "4",
        "5",
        "6",
        "7",
        "8",
        "9",
        "10",
        "11",
        "12",
        "13",
        "14",
        "15",
        "16",
        "17",
        "18",
        "19",
        "20",
        "21",
        "22",
        "23",
        "24",
        "25",
        "26",
        "27",
        "28",
        "29"
    ],
    "demands": {
        "3_0": 0.11844,
        "8_0": 0.20268,
        "9_0": 1.74306,
        "13_0": 0.93461,
        "19_0": 4.58299,
        "24_0": 0.62121,
        "26_0": 1.78812,
        "64_0": 2.23775,
        "80_0": 0.66525,
        "89_0": 3.94531,
        "2_1": 0.25042,
        "4_1": 0.27016,
        "15_1": 0.11375,
        "19_1": 0.56872,
        "22_1": 0.12898,
        "24_1": 1.17721,
        "34_1": 0.67527,
        "48_1": 0.6433,
        "52_1": 0.97408,
        "58_1": 1.8401,
        "59_1": 0.48477,
        "65_1": 1.37899,
        "69_1": 1.4973,
        "71_1": 0.0943,
        "78_1": 0.15018,
        "85_1": 1.01909,
        "5_2": 0.0558,
        "7_2": 0.59782,
        "14_2": 0.46155,
        "17_2": 2.16319,
        "23_2": 0.2529,
        "28_2": 0.48241,
        "33_2": 0.37994,
        "39_2": 0.74089,
        "48_2": 0.87047,
        "70_2": 1.59814,
        "81_2": 0.64219,
        "1_3": 0.40645,
        "8_3": 0.08439,
        "20_3": 0.00714,
        "25_3": 0.49224,
        "32_3": 0.17874,
        "35_3": 2.19492,
        "45_3": 1.17728,
        "49_3": 0.74571,
        "56_3": 0.14005,
        "63_3": 0.61166,
        "76_3": 2.30921,
        "77_3": 0.7591,
        "83_3": 0.34808,
        "87_3": 3.83877,
        "9_4": 2.1856,
        "13_4": 0.13604,
        "17_4": 1.03069,
        "19_4": 2.27196,
        "22_4": 0.4509,
        "29_4": 0.79693,
        "33_4": 0.67502,
        "50_4": 0.09756,
        "62_4": 0.04201,
        "80_4": 0.61134,
        "89_4": 3.13355,
        "5_5": 0.52788,
        "10_5": 1.46993,
        "11_5": 1.52291,
        "15_5": 0.08977,
        "18_5": 1.56946,
        "42_5": 0.56442,
        "53_5": 0.72557,
        "54_5": 0.7003,
        "58_5": 1.90735,
        "61_5": 0.60845,
        "3_6": 0.68488,
        "15_6": 0.34924,
        "17_6": 4.03331,
        "28_6": 0.96155,
        "33_6": 1.11138,
        "53_6": 0.96926,
        "61_6": 0.89122,
        "83_6": 1.45972,
        "14_7": 0.28074,
        "18_7": 2.11413,
        "20_7": 0.35616,
        "25_7": 0.26216,
        "29_7": 0.76205,
        "30_7": 0.07862,
        "39_7": 0.83539,
        "45_7": 1.89307,
        "46_7": 0.20215,
        "53_7": 1.76778,
        "72_7": 0.15704,
        "83_7": 1.70515,
        "1_8": 0.07608,
        "19_8": 1.68081,
        "24_8": 0.65473,
        "30_8": 0.59442,
        "32_8": 0.08617,
        "34_8": 0.56549,
        "41_8": 0.41863,
        "51_8": 0.7549,
        "55_8": 4.29482,
        "57_8": 0.69174,
        "62_8": 0.44854,
        "67_8": 0.08734,
        "85_8": 0.24975,
        "86_8": 0.63122,
        "87_8": 3.04897,
        "0_9": 0.22924,
        "7_9": 0.27434,
        "13_9": 0.239,
        "14_9": 0.0587,
        "15_9": 0.16206,
        "20_9": 0.44841,
        "26_9": 0.59387,
        "43_9": 0.45922,
        "56_9": 0.79841,
        "62_9": 0.13465,
        "67_9": 0.09665,
        "76_9": 2.04918,