{
    "throughput": 9.0,
    "class_probs": {
        "0": 0.018588093433687572,
        "1": 0.0056705741461717625,
        "2": 0.009782124169625527,
        "3": 0.014613262636273765,
        "4": 0.016205676764994934,
        "5": 0.018731086262788077,
        "6": 0.01257148045838637,
        "7": 0.00467427564299775,
        "8": 0.011915627751822182,
        "9": 0.015612065896814423,
        "10": 0.006730342580043041,
        "11": 0.00915417999019442,
        "12": 0.013549690978760007,
        "13": 0.013757361261673642,
        "14": 0.012553857426054018,
        "15": 0.010829741944000324,
        "16": 0.016502570791708616,
        "17": 0.015525046292438737,
        "18": 0.01568165101937988,
        "19": 0.018196170329745645,
        "20": 0.007768322728839439,
        "21": 0.013806343695684902,
        "22": 0.011598503066331136,
        "23": 0.0031977397513806727,
        "24": 0.004219410838365298,
        "25": 0.008596775072176184,
        "26": 0.01721714994045464,
        "27": 0.007939328665799482,
        "28": 0.013758338529627347,
        "29": 0.013273648516722638,
        "30": 0.011850148131015597,
        "31": 0.009166253657199416,
        "32": 0.008095103170810808,
        "33": 0.003294045347330273,
        "34": 0.012901372918317246,
        "35": 0.013852233182591468,
        "36": 0.019935464304916176,
        "37": 0.010964848807615052,
        "38": 0.01121678119672584,
        "39": 0.010499424366168603,
        "40": 0.0070141206232970646,
        "41": 0.02172349789192389,
        "42": 0.006900086128112548,
        "43": 0.01383234219434075,
        "44": 0.011078224552161,
        "45": 0.012802602204283834,
        "46": 0.01082931362269804,
        "47": 0.020173544256451768,
        "48": 0.019611048929610655,
        "49": 0.006406501037229256,
        "50": 0.017895593248233345,
        "51": 0.014486995987060346,
        "52": 0.01803886410270678,
        "53": 0.007992857634723112,
        "54": 0.015531304863457357,
        "55": 0.02007156334881398,
        "56": 0.007131613098121337,
        "57": 0.014146414390475244,
        "58": 0.004708411411987118,
        "59": 0.021858681178578074,
        "60": 0.002758741814618939,
        "61": 0.013308141554546408,
        "62": 0.015800687680693114,
        "63": 0.008336010013498377,
        "64": 0.002479834039518665,
        "65": 0.01106316109383697,
        "66": 0.01661432082865186,
        "67": 0.008950276283960711,
        "68": 0.016327507253411495,
        "69": 0.0052922633854843625,
        "70": 0.007339307300935854,
        "71": 0.007670229353303838,
        "72": 0.02037324997852078,
        "73": 0.004385105016887874,
        "74": 0.006505688937237033,
        "75": 0.02099618574577602,
        "76": 0.003977922470990801,
        "77": 0.003188695176643408,
        "78": 0.003209054404210452,
        "79": 0.013583271856378198,
        "80": 0.005758640048987045,
        "81": 0.006809574606184438,
        "82": 0.0043114889695821225,
        "83": 0.003632914568983028,
        "84": 0.004424673585374634,
        "85": 0.006951149152862309,
        "86": 0.006664235287686213,
        "87": 0.012808860620981419,
        "88": 0.00580013808958448,
        "89": 0.004448974510770556
    },
    "best_objective": 361.3935032264133,
    "classes": [
        "0",
        "1",
        "2",
        "3",
        "4",
        "5",
        "6",
        "7",
        "8",
        "9",
        "10",
        "11",
        "12",
        "13",
        "14",
        "15",
        "16",
        "17",
        "18",
        "19",
        "20",
        "21",
        "22",
        "23",
        "24",
        "25",
        "26",
        "27",
        "28",
        "29",
        "30",
        "31",
        "32",
        "33",
        "34",
        "35",
        "36",
        "37",
        "38",
        "39",
        "40",
        "41",
        "42",
        "43",
        "44",
        "45",
        "46",
        "47",
        "48",
        "49",
        "50",
        "51",
        "52",
        "53",
        "54",
        "55",
        "56",
        "57",
        "58",
        "59",
        "60",
        "61",
        "62",
        "63",
        "64",
        "65",
        "66",
        "67",
        "68",
        "69",
        "70",
        "71",
        "72",
        "73",
        "74",
        "75",
        "76",
        "77",
        "78",
        "79",
        "80",
        "81",
        "82",
        "83",
        "84",
        "85",
        "86",
        "87",
        "88",
        "89"
    ],
    "resources": [
        "0",
        "1",
        "2",
        "3",
        "4",
        "5",
        "6",
        "7",
        "8",
        "9",
        "10",
        "11",
        "12",
        "13",
        "14",
        "15",
        "16",
        "17",
        "18",
        "19",
        "20",
        "21",
        "22",
        "23",
        "24",
        "25",
        "26",
        "27",
        "28",
        "29"
    ],
    "demands": {
        "0_0": 0.64112,
        "3_0": 0.28728,
        "22_0": 0.45926,
        "48_0": 0.14911,
        "55_0": 0.31272,
        "62_0": 0.49131,
        "63_0": 1.29919,
        "69_0": 0.27727,
        "80_0": 1.66502,
        "8_1": 0.84793,
        "14_1": 0.09778,
        "20_1": 1.0663,
        "21_1": 0.83928,
        "42_1": 1.12139,
        "53_1": 0.48632,
        "75_1": 0.4369,
        "86_1": 0.13631,
        "1_2": 0.07158,
        "14_2": 0.34113,
        "23_2": 0.14717,
        "24_2": 0.58705,
        "26_2": 0.2289,
        "33_2": 0.68421,
        "39_2": 0.1262,
        "50_2": 0.06219,
        "52_2": 0.15414,
        "53_2": 0.36877,
        "64_2": 1.6095,
        "66_2": 0.20938,
        "70_2": 0.00847,
        "76_2": 0.78312,
        "78_2": 1.10442,
        "79_2": 0.04103,
        "82_2": 0.05551,
        "83_2": 0.53905,
        "86_2": 0.52655,
        "88_2": 0.3514,
        "89_2": 0.08388,
        "2_3": 0.82266,
        "17_3": 0.57557,
        "24_3": 0.19101,
        "34_3": 0.28223,
        "41_3": 0.12754,
        "42_3": 0.63307,
        "46_3": 0.32367,
        "87_3": 0.70446,
        "89_3": 0.42601,
        "16_4": 0.05301,
        "25_4": 0.46664,
        "27_4": 0.09866,
        "29_4": 0.25093,
        "38_4": 0.06578,
        "42_4": 0.23409,
        "43_4": 0.0632,
        "44_4": 0.38629,
        "56_4": 0.68841,
        "59_4": 0.07881,
        "73_4": 0.67633,
        "78_4": 0.64286,
        "79_4": 0.25724,
        "81_4": 0.36721,
        "4_5": 0.46575,
        "8_5": 0.28077,
        "9_5": 0.46858,
        "19_5": 0.51537,
        "20_5": 0.98795,
        "32_5": 0.97444,
        "45_5": 0.14765,
        "49_5": 1.31831,
        "50_5": 0.51635,
        "55_5": 0.31838,
        "56_5": 0.74428,
        "57_5": 0.30484,
        "75_5": 0.07763,
        "1_6": 1.01776,
        "4_6": 0.28184,
        "12_6": 0.10967,
        "27_6": 0.68699,
        "40_6": 0.16752,
        "43_6": 0.23832,
        "45_6": 0.27048,
        "46_6": 0.55555,
        "50_6": 0.23689,
        "54_6": 0.22677,
        "57_6": 0.16785,
        "67_6": 0.14458,
        "78_6": 0.26325,
        "84_6": 1.25381,
        "87_6": 0.43444,
        "8_7": 0.76107,
        "18_7": 0.42329,
        "28_7": 0.20557,
        "30_7": 1.29023,
        "45_7": 0.75752,
        "49_7": 1.14946,
        "51_7": 0.94349,
        "61_7": 0.72761,
        "68_7": 0.70992,
        "70_7": 0.17752,
        "85_7": 0.30226,
        "2_8": 1.24303,
        "24_8": 1.38436,
        "34_8": 0.77559,
        "51_8": 0.86992,
        "53_8": 1.663,
        "55_8": 0.53506,
        "65_8": 0.35207,
        "72_8": 0.53941,
        "6_9": 0.13361,
        "9_9": 0.25244,
        "16_9": 0.27722,
        "24_9": 1.47283,
        "46_9": 0.54447,
        "47_9": 0.13581,
        "52_9": 0.10434,
        "54_9": 0.44704,
        "75_9": 0.01541,
        "83_9": 1.76008,
        "6_10": 0.17851,