{
    "throughput": 6.0,
    "class_probs": {
        "0": 0.006891822608042026,
        "1": 0.009699329292239744,
        "2": 0.018485226832411935,
        "3": 0.007880945825498609,
        "4": 0.005247460088641347,
        "5": 0.0036131385402888815,
        "6": 0.007377700385817118,
        "7": 0.012453353924865213,
        "8": 0.00872883037610951,
        "9": 0.013062410532638041,
        "10": 0.01344253985119648,
        "11": 0.005440965371369098,
        "12": 0.006765130210263253,
        "13": 0.018739271672959926,
        "14": 0.005274448731389657,
        "15": 0.01730924900107065,
        "16": 0.015836593155000953,
        "17": 0.012001938824332512,
        "18": 0.009241185249523165,
        "19": 0.003518559249958244,
        "20": 0.01319179666351427,
        "21": 0.007772679430327962,
        "22": 0.017280366753552337,
        "23": 0.010715281499832245,
        "24": 0.006659889656838404,
        "25": 0.013159132444290617,
        "26": 0.002901661458208597,
        "27": 0.008801423852594865,
        "28": 0.02080672141603801,
        "29": 0.004352890278400931,
        "30": 0.0022319173760384516,
        "31": 0.005628000429894849,
        "32": 0.0036373778163063275,
        "33": 0.008509360698351938,
        "34": 0.003090312936329305,
        "35": 0.018822953069038594,
        "36": 0.008210552951909526,
        "37": 0.0049457771836400695,
        "38": 0.01615904474924106,
        "39": 0.0027194801105939427,
        "40": 0.006265534341330838,
        "41": 0.018549603135133656,
        "42": 0.010704230564802235,
        "43": 0.014961751613673935,
        "44": 0.017982347048078818,
        "45": 0.0070307182534969995,
        "46": 0.02025748272220561,
        "47": 0.008629214844808743,
        "48": 0.017893324196254976,
        "49": 0.020075092016178568,
        "50": 0.01438530784497891,
        "51": 0.014344480531906977,
        "52": 0.0036961973700561637,
        "53": 0.020820671691029358,
        "54": 0.013567562032427706,
        "55": 0.006984525135928463,
        "56": 0.00655569816745005,
        "57": 0.008828306948019069,
        "58": 0.003909855421651038,
        "59": 0.004718451999081261,
        "60": 0.017058186006793406,
        "61": 0.005552592889190745,
        "62": 0.0047425767992029235,
        "63": 0.018735404197036752,
        "64": 0.010405910975384519,
        "65": 0.014526166204197605,
        "66": 0.0025497334248424422,
        "67": 0.021232614922109618,
        "68": 0.01092044692116762,
        "69": 0.020887448401961557,
        "70": 0.01371114791533963,
        "71": 0.003364758052129015,
        "72": 0.014210817240740881,
        "73": 0.014735114267117386,
        "74": 0.003333856014378912,
        "75": 0.01610485397944666,
        "76": 0.017563211022246675,
        "77": 0.018166192675677848,
        "78": 0.018603860317726543,
        "79": 0.003868076713893743,
        "80": 0.006165787413534738,
        "81": 0.021704267108012945,
        "82": 0.014535085456253118,
        "83": 0.019541348204486355,
        "84": 0.011805823300673987,
        "85": 0.01436832797161777,
        "86": 0.01119474222419173,
        "87": 0.0030667212269545885,
        "88": 0.011095794976213321,
        "89": 0.015482056800424996
    },
    "best_objective": 796.7857405464297,
    "classes": [
        "0",
        "1",
        "2",
        "3",
        "4",
        "5",
        "6",
        "7",
        "8",
        "9",
        "10",
        "11",
        "12",
        "13",
        "14",
        "15",
        "16",
        "17",
        "18",
        "19",
        "20",
        "21",
        "22",
        "23",
        "24",
        "25",
        "26",
        "27",
        "28",
        "29",
        "30",
        "31",
        "32",
        "33",
        "34",
        "35",
        "36",
        "37",
        "38",
        "39",
        "40",
        "41",
        "42",
        "43",
        "44",
        "45",
        "46",
        "47",
        "48",
        "49",
        "50",
        "51",
        "52",
        "53",
        "54",
        "55",
        "56",
        "57",
        "58",
        "59",
        "60",
        "61",
        "62",
        "63",
        "64",
        "65",
        "66",
        "67",
        "68",
        "69",
        "70",
        "71",
        "72",
        "73",
        "74",
        "75",
        "76",
        "77",
        "78",
        "79",
        "80",
        "81",
        "82",
        "83",
        "84",
        "85",
        "86",
        "87",
        "88",
        "89"
    ],
    "resources": [
        "0",
        "1",
        "2",
        "3",
        "4",
        "5",
        "6",
        "7",
        "8",
        "9",
        "10",
        "11",
        "12",
        "13",
        "14",
        "15",
        "16",
        "17",
        "18",
        "19",
        "20",
        "21",
        "22",
        "23",
        "24",
        "25",
        "26",
        "27",
        "28",
        "29"
    ],
    "demands": {
        "7_0": 0.39543,
        "13_0": 0.93718,
        "46_0": 0.33929,
        "49_0": 0.98121,
        "55_0": 1.27592,
        "60_0": 0.99367,
        "71_0": 0.69466,
        "78_0": 0.37027,
        "82_0": 0.10324,
        "83_0": 0.34592,
        "85_0": 0.76715,
        "1_1": 0.51172,
        "11_1": 1.65563,
        "26_1": 3.81997,
        "35_1": 0.30097,
        "39_1": 3.54838,
        "41_1": 0.28765,
        "55_1": 0.92806,
        "68_1": 0.46095,
        "72_1": 0.59825,
        "74_1": 1.19437,
        "83_1": 0.22476,
        "9_2": 0.80465,
        "11_2": 2.12866,
        "12_2": 0.37115,
        "13_2": 0.11296,
        "15_2": 0.54584,
        "19_2": 4.76771,
        "26_2": 5.1427,
        "28_2": 0.35356,
        "29_2": 2.58904,
        "45_2": 1.74067,
        "50_2": 0.30907,
        "63_2": 0.87768,
        "67_2": 0.26952,
        "75_2": 0.00698,
        "78_2": 0.16344,
        "2_3": 0.35807,
        "4_3": 2.39601,
        "9_3": 0.54194,
        "22_3": 0.62765,
        "32_3": 3.87915,
        "35_3": 0.36349,
        "48_3": 0.34844,
        "49_3": 0.66284,
        "66_3": 3.30188,
        "68_3": 0.9872,
        "69_3": 0.50003,
        "70_3": 0.58956,
        "74_3": 1.83425,
        "78_3": 0.61154,
        "82_3": 0.17473,
        "88_3": 0.84707,
        "10_4": 0.41147,
        "16_4": 0.66361,
        "42_4": 0.51281,
        "47_4": 0.28979,
        "64_4": 0.46602,
        "74_4": 4.57319,
        "85_4": 0.60392,
        "13_5": 0.26257,
        "21_5": 1.30096,
        "22_5": 0.37203,
        "31_5": 1.21094,
        "47_5": 1.44507,
        "50_5": 1.14769,
        "55_5": 0.8974,
        "67_5": 0.07026,
        "72_5": 0.39529,
        "79_5": 3.87559,
        "0_6": 0.42908,
        "6_6": 2.35167,
        "9_6": 0.62805,
        "15_6": 0.52266,
        "20_6": 1.56332,
        "32_6": 2.3648,
        "36_6": 1.1586,
        "39_6": 7.88771,
        "72_6": 0.88785,
        "77_6": 1.17147,
        "84_6": 0.97652,
        "1_7": 0.23103,
        "9_7": 0.36007,
        "22_7": 0.17963,
        "28_7": 0.58466,
        "41_7": 0.45491,
        "48_7": 0.38512,
        "53_7": 0.15808,
        "62_7": 2.44518,
        "66_7": 4.1438,
        "68_7": 0.22559,
        "74_7": 2.96303,
        "75_7": 0.76554,
        "76_7": 0.25912,
        "83_7": 0.51056,
        "5_8": 4.39356,
        "22_8": 0.4997,
        "27_8": 1.74142,
        "37_8": 1.58366,
        "56_8": 2.13356,
        "59_8": 2.6855,
        "72_8": 1.62999,
        "78_8": 1.11452,
        "80_8": 3.01007,
        "0_9": 1.61147,
        "1_9": 0.46966,
        "6_9": 1.72042,
        "7_9": 1.03463,
        "14_9": 0.5973,
        "30_9": 0.89201,
        "43_9": 0.31413,
        "51_9": 0.52138,
        "66_9": 3.96584,
        "70_9": 0.62453,
        "76_9": 0.08102,
        "87_9": 3.74687,
        "1_10": 1.01767,
        "14_10": 1.04732,
        "46_10": 0.4451,