{
    "throughput": 8.0,
    "class_probs": {
        "0": 0.013032256235210617,
        "1": 0.003533552953061383,
        "2": 0.00484253935227236,
        "3": 0.01483829583665109,
        "4": 0.006537803608639847,
        "5": 0.004871707326243323,
        "6": 0.017225332808426645,
        "7": 0.016007479426917964,
        "8": 0.020180366849637237,
        "9": 0.0066140743798422455,
        "10": 0.003740334220923929,
        "11": 0.003849189352277515,
        "12": 0.012194543503546882,
        "13": 0.011349217208654014,
        "14": 0.013933770144582766,
        "15": 0.008324423867092784,
        "16": 0.010036941834110098,
        "17": 0.013800968827677082,
        "18": 0.004050409359440863,
        "19": 0.00479714746835068,
        "20": 0.0060163779798435,
        "21": 0.0031068814202430514,
        "22": 0.020677841455986026,
        "23": 0.017541525541848867,
        "24": 0.007838644585508535,
        "25": 0.007019488232086438,
        "26": 0.016589328458164167,
        "27": 0.016244457935325817,
        "28": 0.008081214151190619,
        "29": 0.014972717008890602,
        "30": 0.016810181149430507,
        "31": 0.007995791251341476,
        "32": 0.0031949616959069636,
        "33": 0.01922609902908788,
        "34": 0.002855347741494386,
        "35": 0.018223249835701776,
        "36": 0.002164819776718155,
        "37": 0.01626927129829552,
        "38": 0.01059195569884073,
        "39": 0.017107649760835703,
        "40": 0.015122741053693628,
        "41": 0.010065069220575802,
        "42": 0.008177736179760867,
        "43": 0.014935269759490454,
        "44": 0.011181105354504194,
        "45": 0.00479726467323485,
        "46": 0.019591486509167942,
        "47": 0.009002301028077798,
        "48": 0.009632267801475372,
        "49": 0.01874106758811427,
        "50": 0.009543667343609818,
        "51": 0.016830217456112826,
        "52": 0.009381360789014827,
        "53": 0.006761676670338894,
        "54": 0.012025837782973038,
        "55": 0.017299845758856222,
        "56": 0.014568326056979995,
        "57": 0.004699592636258161,
        "58": 0.015911551401191618,
        "59": 0.015926805648713637,
        "60": 0.015216318123830973,
        "61": 0.008599903276352896,
        "62": 0.0029474966089875,
        "63": 0.013794548844044302,
        "64": 0.010814512817918578,
        "65": 0.007650747612119154,
        "66": 0.012845870993478729,
        "67": 0.01865043965311595,
        "68": 0.019760438786908713,
        "69": 0.005090409597770549,
        "70": 0.004731793716613291,
        "71": 0.0064984389158707,
        "72": 0.005242039408425513,
        "73": 0.01569954890641816,
        "74": 0.00609143427126052,
        "75": 0.00684532011583185,
        "76": 0.007836252755384028,
        "77": 0.0137111306924491,
        "78": 0.02019593680468441,
        "79": 0.020281777069448902,
        "80": 0.0047581244331498405,
        "81": 0.007928872307490849,
        "82": 0.018659147407553447,
        "83": 0.01713604246408153,
        "84": 0.003854130442335575,
        "85": 0.003193573814798928,
        "86": 0.011543443891545158,
        "87": 0.009099924507656086,
        "88": 0.019029922657432294,
        "89": 0.01180910982059838
    },
    "best_objective": 417.2184281646073,
    "classes": [
        "0",
        "1",
        "2",
        "3",
        "4",
        "5",
        "6",
        "7",
        "8",
        "9",
        "10",
        "11",
        "12",
        "13",
        "14",
        "15",
        "16",
        "17",
        "18",
        "19",
        "20",
        "21",
        "22",
        "23",
        "24",
        "25",
        "26",
        "27",
        "28",
        "29",
        "30",
        "31",
        "32",
        "33",
        "34",
        "35",
        "36",
        "37",
        "38",
        "39",
        "40",
        "41",
        "42",
        "43",
        "44",
        "45",
        "46",
        "47",
        "48",
        "49",
        "50",
        "51",
        "52",
        "53",
        "54",
        "55",
        "56",
        "57",
        "58",
        "59",
        "60",
        "61",
        "62",
        "63",
        "64",
        "65",
        "66",
        "67",
        "68",
        "69",
        "70",
        "71",
        "72",
        "73",
        "74",
        "75",
        "76",
        "77",
        "78",
        "79",
        "80",
        "81",
        "82",
        "83",
        "84",
        "85",
        "86",
        "87",
        "88",
        "89"
    ],
    "resources": [
        "0",
        "1",
        "2",
        "3",
        "4",
        "5",
        "6",
        "7",
        "8",
        "9",
        "10",
        "11",
        "12",
        "13",
        "14",
        "15",
        "16",
        "17",
        "18",
        "19",
        "20",
        "21",
        "22",
        "23",
        "24",
        "25",
        "26",
        "27",
        "28",
        "29"
    ],
    "demands": {
        "3_0": 0.28603,
        "4_0": 0.64438,
        "9_0": 0.60094,
        "19_0": 0.32923,
        "26_0": 0.07412,
        "36_0": 1.08995,
        "39_0": 0.2085,
        "40_0": 0.09796,
        "49_0": 0.15615,
        "61_0": 0.2808,
        "73_0": 0.08358,
        "76_0": 0.24437,
        "80_0": 0.53069,
        "86_0": 0.35067,
        "1_1": 4.03632,
        "13_1": 0.31877,
        "15_1": 1.18241,
        "26_1": 0.82327,
        "37_1": 0.82479,
        "39_1": 0.49282,
        "50_1": 0.71286,
        "63_1": 0.61163,
        "83_1": 0.58187,
        "85_1": 1.25821,
        "87_1": 0.99241,
        "5_2": 1.99851,
        "6_2": 0.52871,
        "7_2": 0.27017,
        "21_2": 3.04408,
        "35_2": 0.03125,
        "46_2": 0.24885,
        "47_2": 1.02317,
        "55_2": 0.09068,
        "64_2": 0.55606,
        "75_2": 0.55049,
        "5_3": 2.19655,
        "9_3": 0.63642,
        "14_3": 0.37643,
        "42_3": 1.94348,
        "51_3": 0.30368,
        "52_3": 1.64359,
        "64_3": 1.13325,
        "68_3": 0.58212,
        "69_3": 2.58064,
        "3_4": 0.40605,
        "14_4": 0.18797,
        "20_4": 0.89185,
        "25_4": 0.03223,
        "38_4": 0.53145,
        "51_4": 0.11003,
        "61_4": 0.71324,
        "63_4": 0.30733,
        "69_4": 0.66425,
        "75_4": 0.8345,
        "77_4": 0.2353,
        "87_4": 0.3898,
        "0_5": 0.44972,
        "1_5": 1.83288,
        "15_5": 0.35291,
        "24_5": 0.55753,
        "28_5": 0.22413,
        "33_5": 0.13133,
        "37_5": 0.24028,
        "44_5": 0.39289,
        "51_5": 0.08694,
        "58_5": 0.20431,
        "68_5": 0.43333,
        "69_5": 1.19964,
        "73_5": 0.25769,
        "77_5": 0.37809,
        "85_5": 2.38073,
        "2_6": 0.67715,
        "6_6": 0.21481,
        "8_6": 0.41328,
        "19_6": 1.32556,
        "26_6": 0.71962,
        "29_6": 0.52899,
        "31_6": 0.31152,
        "60_6": 0.05578,
        "64_6": 0.04887,
        "87_6": 0.05875,
        "0_7": 0.54597,
        "10_7": 2.6194,
        "21_7": 0.65369,
        "30_7": 0.61469,
        "40_7": 0.93167,
        "47_7": 1.23505,
        "56_7": 1.03852,
        "72_7": 2.86113,
        "77_7": 0.72325,
        "3_8": 0.24555,
        "4_8": 1.43313,
        "11_8": 1.89164,
        "18_8": 1.64288,
        "31_8": 0.52214,
        "53_8": 0.41885,
        "63_8": 0.08504,
        "76_8": 1.19863,
        "78_8": 0.41904,
        "83_8": 0.04671,
        "8_9": 0.78578,
        "17_9": 0.58842,
        "28_9": 1.96552,
        "31_9": 2.90547,
        "42_9": 1.90353,
        "75_9": 0.13302,
        "79_9": 0.44331,
        "81_9": 1.576,
        "88_9": 0.53629,
        "1_10": 1.67367,
        "4_10": 0.33978,
        "6_10": 0.53882,
        "8_10": 0.21122,
        "14_10": 0.63279,
        "19_10": 0.86643,
        "20_10": 0.45601,
        "24_10": 0.13576,
        "28_10": 0.81916,
        "36_10": 4.06781,