{
    "throughput": 9.0,
    "class_probs": {
        "0": 0.016023783000775164,
        "1": 0.0055972199301077,
        "2": 0.01791257226199504,
        "3": 0.006136980408152298,
        "4": 0.014655092421710224,
        "5": 0.009836598665083369,
        "6": 0.008750593956827143,
        "7": 0.010169372545381293,
        "8": 0.012608870144988122,
        "9": 0.01022160530294559,
        "10": 0.014886054082790165,
        "11": 0.01778818986993704,
        "12": 0.01652946655627155,
        "13": 0.01886933163347258,
        "14": 0.01281418067487124,
        "15": 0.007794372220856061,
        "16": 0.010854078536391407,
        "17": 0.018846079596292926,
        "18": 0.010638191348305811,
        "19": 0.01522039018771756,
        "20": 0.008159593587391448,
        "21": 0.0030489825048358892,
        "22": 0.011918481213193425,
        "23": 0.013067230340432973,
        "24": 0.005034643168868691,
        "25": 0.00883340332749028,
        "26": 0.015272143906526215,
        "27": 0.014977312144713484,
        "28": 0.013562976557054896,
        "29": 0.0058605557107580366,
        "30": 0.0051213217421495205,
        "31": 0.008708177904807251,
        "32": 0.009917332471596249,
        "33": 0.011318104705410436,
        "34": 0.016970731474033045,
        "35": 0.008843788763234729,
        "36": 0.014846984835180085,
        "37": 0.013269304970357096,
        "38": 0.011653761387850422,
        "39": 0.009292807824089628,
        "40": 0.003612430300491233,
        "41": 0.008800054772539966,
        "42": 0.005525633724357281,
        "43": 0.002640530030070654,
        "44": 0.019621293612742348,
        "45": 0.005974817078389253,
        "46": 0.012794766362222092,
        "47": 0.019700147989274483,
        "48": 0.0020573895018050794,
        "49": 0.011922594725063575,
        "50": 0.0026608539464013396,
        "51": 0.01725949322977154,
        "52": 0.002015637156494745,
        "53": 0.015126258853514426,
        "54": 0.007079820491392349,
        "55": 0.006610734572723293,
        "56": 0.004661858202627605,
        "57": 0.011103750637049893,
        "58": 0.011415149398301256,
        "59": 0.016987296640114967,
        "60": 0.01827271321032023,
        "61": 0.01637063386224372,
        "62": 0.01723508227653889,
        "63": 0.00541343338293284,
        "64": 0.013697549606723872,
        "65": 0.009131779129530976,
        "66": 0.005010243406214501,
        "67": 0.004493244605016763,
        "68": 0.018150442013819178,
        "69": 0.005664620762855413,
        "70": 0.016986518706346026,
        "71": 0.014219712096305348,
        "72": 0.017479138395684272,
        "73": 0.019193198809677157,
        "74": 0.005942454640892065,
        "75": 0.0022764547210670644,
        "76": 0.012663191340786863,
        "77": 0.01583072044009192,
        "78": 0.00244491249438736,
        "79": 0.0029098746264296926,
        "80": 0.01374892218593639,
        "81": 0.01736437056111837,
        "82": 0.008636940087135855,
        "83": 0.0196385602307291,
        "84": 0.01728219817810374,
        "85": 0.011878802153680578,
        "86": 0.010649784894178603,
        "87": 0.013119918086998935,
        "88": 0.003309182933533957,
        "89": 0.00758422905052692
    },
    "best_objective": 501.48457928944356,
    "classes": [
        "0",
        "1",
        "2",
        "3",
        "4",
        "5",
        "6",
        "7",
        "8",
        "9",
        "10",
        "11",
        "12",
        "13",
        "14",
        "15",
        "16",
        "17",
        "18",
        "19",
        "20",
        "21",
        "22",
        "23",
        "24",
        "25",
        "26",
        "27",
        "28",
        "29",
        "30",
        "31",
        "32",
        "33",
        "34",
        "35",
        "36",
        "37",
        "38",
        "39",
        "40",
        "41",
        "42",
        "43",
        "44",
        "45",
        "46",
        "47",
        "48",
        "49",
        "50",
        "51",
        "52",
        "53",
        "54",
        "55",
        "56",
        "57",
        "58",
        "59",
        "60",
        "61",
        "62",
        "63",
        "64",
        "65",
        "66",
        "67",
        "68",
        "69",
        "70",
        "71",
        "72",
        "73",
        "74",
        "75",
        "76",
        "77",
        "78",
        "79",
        "80",
        "81",
        "82",
        "83",
        "84",
        "85",
        "86",
        "87",
        "88",
        "89"
    ],
    "resources": [
        "0",
        "1",
        "2",
        "3",
        "4",
        "5",
        "6",
        "7",
        "8",
        "9",
        "10",
        "11",
        "12",
        "13",
        "14",
        "15",
        "16",
        "17",
        "18",
        "19",
        "20",
        "21",
        "22",
        "23",
        "24",
        "25",
        "26",
        "27",
        "28",
        "29"
    ],
    "demands": {
        "5_0": 0.34351,
        "14_0": 0.17328,
        "26_0": 0.08893,
        "33_0": 1.13391,
        "35_0": 1.3397,
        "37_0": 0.29974,
        "60_0": 0.57425,
        "61_0": 0.48379,
        "72_0": 0.50538,
        "73_0": 0.19633,
        "81_0": 0.01821,
        "86_0": 0.60587,
        "88_0": 4.1389,
        "14_1": 0.66608,
        "17_1": 0.12883,
        "22_1": 0.76639,
        "29_1": 0.68355,
        "32_1": 0.64545,
        "34_1": 0.46878,
        "48_1": 1.82265,
        "50_1": 2.25303,
        "53_1": 0.42705,
        "57_1": 0.44743,
        "60_1": 0.19282,
        "64_1": 0.23767,
        "74_1": 1.41375,
        "77_1": 0.13096,
        "79_1": 2.58054,
        "80_1": 0.28468,
        "10_2": 0.08864,
        "12_2": 0.46533,
        "17_2": 0.11804,
        "23_2": 0.14756,
        "31_2": 0.99785,
        "37_2": 0.55096,
        "42_2": 0.11171,
        "50_2": 1.17952,
        "51_2": 0.51903,
        "58_2": 0.67138,
        "68_2": 0.37161,
        "69_2": 0.97295,
        "70_2": 0.30493,
        "79_2": 3.86595,
        "80_2": 0.06601,
        "86_2": 0.59091,
        "88_2": 2.34795,
        "23_3": 0.26195,
        "27_3": 0.62584,
        "46_3": 2.10012,
        "58_3": 1.85379,
        "67_3": 1.18023,
        "68_3": 0.42048,
        "73_3": 1.09494,
        "78_3": 0.38116,
        "2_4": 0.65368,
        "19_4": 0.40053,
        "21_4": 2.50548,
        "35_4": 0.14357,
        "36_4": 0.47788,
        "37_4": 0.13266,
        "39_4": 0.94832,
        "41_4": 0.03973,
        "45_4": 0.13474,
        "51_4": 0.31129,
        "59_4": 0.2228,
        "65_4": 0.5825,
        "67_4": 2.26534,
        "89_4": 0.09492,
        "2_5": 0.19321,
        "7_5": 0.27154,
        "22_5": 0.15225,
        "25_5": 0.68624,
        "27_5": 0.24862,
        "31_5": 0.73281,
        "41_5": 0.7487,
        "59_5": 0.2628,
        "61_5": 0.34428,
        "64_5": 0.10874,
        "67_5": 0.2618,
        "69_5": 1.3056,
        "80_5": 0.26229,
        "88_5": 1.4343,
        "0_6": 0.13184,
        "4_6": 0.35102,
        "44_6": 0.11219,
        "51_6": 0.40847,
        "62_6": 0.03797,
        "67_6": 0.83495,
        "77_6": 0.0061,
        "84_6": 0.32847,
        "85_6": 0.21578,
        "87_6": 0.57958,
        "88_6": 1.53093,
        "5_7": 0.56968,
        "22_7": 0.19566,
        "37_7": 1.65297,
        "43_7": 1.03847,
        "46_7": 1.74718,
        "62_7": 0.02834,
        "69_7": 3.56134,
        "70_7": 0.37159,
        "76_7": 0.58452,
        "77_7": 0.46228,
        "0_8": 0.24782,
        "8_8": 0.31396,
        "13_8": 0.08831,
        "15_8": 0.63622,
        "16_8": 0.04971,
        "23_8": 0.27581,
        "46_8": 0.05543,
        "51_8": 0.01305,
        "59_8": 0.24469,
        "62_8": 0.16215,
        "65_8": 0.55879,
        "71_8": 0.21273,
        "74_8": 0.56362,
        "2_9": 0.11267,
        "18_9": 0.59292,
        "23_9": 0.03697,