{
    "throughput": 5.0,
    "class_probs": {
        "0": 0.01829835743071924,
        "1": 0.010001245702316539,
        "2": 0.01632426636077124,
        "3": 0.01788553987134789,
        "4": 0.008904516051399494,
        "5": 0.013379489378036949,
        "6": 0.006230973378845146,
        "7": 0.0034109998921421037,
        "8": 0.004626535481682239,
        "9": 0.011130261866985604,
        "10": 0.013437627698606425,
        "11": 0.005978312584760248,
        "12": 0.008636463141857979,
        "13": 0.013488874938230437,
        "14": 0.014113193913321198,
        "15": 0.014129076513570548,
        "16": 0.007738405972132077,
        "17": 0.012941102769971336,
        "18": 0.019004929232745455,
        "19": 0.005617817924842305,
        "20": 0.01619688786773154,
        "21": 0.010359747044020307,
        "22": 0.016486961555050347,
        "23": 0.005438138517489583,
        "24": 0.015361022259870917,
        "25": 0.003742916611978756,
        "26": 0.018895425403519767,
        "27": 0.009788534321578349,
        "28": 0.0024988372486652965,
        "29": 0.012542768876078265,
        "30": 0.01774010319121195,
        "31": 0.019252655773223593,
        "32": 0.010776911483444422,
        "33": 0.002409123667870888,
        "34": 0.01694362722033993,
        "35": 0.0020381821411191263,
        "36": 0.012049767536643117,
        "37": 0.00912631893736669,
        "38": 0.013315570135622807,
        "39": 0.003943816966430876,
        "40": 0.013907118234050551,
        "41": 0.0034607598325672104,
        "42": 0.004822276560311713,
        "43": 0.007798457310466707,
        "44": 0.018110943779412504,
        "45": 0.00545706442036398,
        "46": 0.01556262144896933,
        "47": 0.015363851639423292,
        "48": 0.002291627005060166,
        "49": 0.008320988061033974,
        "50": 0.00795541336269812,
        "51": 0.004161764357836655,
        "52": 0.0182166206447409,
        "53": 0.007278688859718727,
        "54": 0.01258601162577999,
        "55": 0.016003201091932644,
        "56": 0.010835359541054154,
        "57": 0.002034928184294789,
        "58": 0.016423184109967702,
        "59": 0.01980503704071976,
        "60": 0.009615184218896724,
        "61": 0.010926717238211814,
        "62": 0.008257911663044225,
        "63": 0.017618030908174702,
        "64": 0.004373924096703449,
        "65": 0.007282153408470264,
        "66": 0.0024074014092734554,
        "67": 0.018910160127461807,
        "68": 0.0033722560608614063,
        "69": 0.01619043238677189,
        "70": 0.017141281157793887,
        "71": 0.012467965255876824,
        "72": 0.004822483686776005,
        "73": 0.003782573936283279,
        "74": 0.008656029564613827,
        "75": 0.00391429883703045,
        "76": 0.013358211387001233,
        "77": 0.010906855882534696,
        "78": 0.01744492807239415,
        "79": 0.002065563028677474,
        "80": 0.01709947296134179,
        "81": 0.011137414773536414,
        "82": 0.01702037112046177,
        "83": 0.013992497967959856,
        "84": 0.016732050919995998,
        "85": 0.005518738891492882,
        "86": 0.015764173671402974,
        "87": 0.016602017406695844,
        "88": 0.018605582709386673,
        "89": 0.019432093276930417
    },
    "best_objective": 689.9793472394857,
    "classes": [
        "0",
        "1",
        "2",
        "3",
        "4",
        "5",
        "6",
        "7",
        "8",
        "9",
        "10",
        "11",
        "12",
        "13",
        "14",
        "15",
        "16",
        "17",
        "18",
        "19",
        "20",
        "21",
        "22",
        "23",
        "24",
        "25",
        "26",
        "27",
        "28",
        "29",
        "30",
        "31",
        "32",
        "33",
        "34",
        "35",
        "36",
        "37",
        "38",
        "39",
        "40",
        "41",
        "42",
        "43",
        "44",
        "45",
        "46",
        "47",
        "48",
        "49",
        "50",
        "51",
        "52",
        "53",
        "54",
        "55",
        "56",
        "57",
        "58",
        "59",
        "60",
        "61",
        "62",
        "63",
        "64",
        "65",
        "66",
        "67",
        "68",
        "69",
        "70",
        "71",
        "72",
        "73",
        "74",
        "75",
        "76",
        "77",
        "78",
        "79",
        "80",
        "81",
        "82",
        "83",
        "84",
        "85",
        "86",
        "87",
        "88",
        "89"
    ],
    "resources": [
        "0",
        "1",
        "2",
        "3",
        "4",
        "5",
        "6",
        "7",
        "8",
        "9",
        "10",
        "11",
        "12",
        "13",
        "14",
        "15",
        "16",
        "17",
        "18",
        "19",
        "20",
        "21",
        "22",
        "23",
        "24",
        "25",
        "26",
        "27",
        "28",
        "29"
    ],
    "demands": {
        "1_0": 1.36771,
        "8_0": 3.17524,
        "10_0": 1.03025,
        "15_0": 0.6223,
        "27_0": 0.60329,
        "38_0": 0.46921,
        "54_0": 0.16961,
        "57_0": 1.57977,
        "60_0": 1.25607,
        "66_0": 4.27463,
        "70_0": 0.80244,
        "80_0": 0.92936,
        "85_0": 2.73709,
        "31_1": 0.07654,
        "55_1": 1.32692,
        "64_1": 6.47581,
        "78_1": 1.58504,
        "79_1": 11.9764,
        "81_1": 1.25207,
        "21_2": 0.48244,
        "25_2": 0.04002,
        "32_2": 1.26377,
        "37_2": 2.73468,
        "38_2": 1.46005,
        "43_2": 0.75151,
        "55_2": 0.86123,
        "60_2": 2.05754,
        "61_2": 1.38867,
        "64_2": 0.42338,
        "76_2": 0.88283,
        "78_2": 0.26252,
        "80_2": 0.27739,
        "83_2": 1.54051,
        "10_3": 1.49395,
        "17_3": 0.61606,
        "20_3": 0.98192,
        "34_3": 0.63716,
        "51_3": 3.4923,
        "57_3": 2.57164,
        "70_3": 0.71549,
        "77_3": 0.51016,
        "83_3": 0.60701,
        "85_3": 1.41261,
        "88_3": 0.83183,
        "4_4": 2.14996,
        "8_4": 4.37772,
        "20_4": 0.17493,
        "33_4": 7.92067,
        "34_4": 0.00385,
        "36_4": 0.93274,
        "45_4": 2.02938,
        "71_4": 0.51149,
        "72_4": 2.00727,
        "73_4": 5.22887,
        "76_4": 0.10656,
        "87_4": 0.71778,
        "4_5": 2.15929,
        "20_5": 0.64529,
        "21_5": 0.11018,
        "38_5": 0.18823,
        "40_5": 0.64309,
        "63_5": 0.38076,
        "67_5": 0.26924,
        "74_5": 2.22595,
        "76_5": 0.80831,
        "78_5": 0.21554,
        "1_6": 0.03884,
        "2_6": 0.04435,
        "6_6": 0.96544,
        "10_6": 1.39549,
        "42_6": 1.09595,
        "61_6": 1.08195,
        "72_6": 3.43931,
        "80_6": 0.69245,
        "88_6": 1.02865,
        "3_7": 0.51087,
        "9_7": 0.46781,
        "15_7": 0.41867,
        "21_7": 0.1523,
        "25_7": 0.88748,
        "33_7": 4.80183,
        "35_7": 0.51205,
        "51_7": 3.23155,
        "56_7": 1.32229,
        "66_7": 1.47066,
        "76_7": 0.0202,
        "85_7": 3.70367,
        "21_8": 1.13812,
        "28_8": 6.9099,
        "31_8": 0.36784,
        "51_8": 7.23072,
        "58_8": 1.40282,
        "77_8": 2.19437,
        "4_9": 0.03859,
        "11_9": 0.62202,
        "12_9": 1.31659,
        "16_9": 1.3686,
        "32_9": 0.10569,
        "36_9": 0.35863,
        "41_9": 3.7012,
        "45_9": 1.4521,
        "55_9": 0.76067,
        "74_9": 0.90443,
        "79_9": 2.44681,
        "81_9": 0.06077,
        "3_10": 0.05071,
        "6_10": 0.65007,
        "13_10": 0.12303,
        "23_10": 0.37153,
        "26_10": 0.50545,
        "40_10": 0.31917,
        "42_10": 0.8642,
        "48_10": 0.07622,
        "52_10": 0.19238,
        "57_10": 1.6107,
        "58_10": 0.77924,
        "60_10": 0.65143,
        "83_10": 0.7467,
        "84_10": 0.01366,