{
    "throughput": 7.0,
    "class_probs": {
        "0": 0.0025755125039887607,
        "1": 0.007768069010551695,
        "2": 0.015682004872918636,
        "3": 0.010777717984597122,
        "4": 0.016010990571965464,
        "5": 0.00897676662196737,
        "6": 0.009908803761819612,
        "7": 0.014542542972096057,
        "8": 0.013951402510081113,
        "9": 0.01282536180290952,
        "10": 0.004398843790040913,
        "11": 0.006389184694061019,
        "12": 0.012169559427925442,
        "13": 0.01629095722848894,
        "14": 0.014963534205357417,
        "15": 0.015853941841819163,
        "16": 0.004854726254317177,
        "17": 0.004813532045279168,
        "18": 0.007922041710299418,
        "19": 0.004234041666544428,
        "20": 0.015183370365307801,
        "21": 0.0029456589164774966,
        "22": 0.005875961411021061,
        "23": 0.017198897041327682,
        "24": 0.01072332908538514,
        "25": 0.016111559028436768,
        "26": 0.015759540705169984,
        "27": 0.011617953707407466,
        "28": 0.002168480212631692,
        "29": 0.005335613618627574,
        "30": 0.014308708102738248,
        "31": 0.016654120340525193,
        "32": 0.01168436776362379,
        "33": 0.016418243300203555,
        "34": 0.017374102629439097,
        "35": 0.011363707077903944,
        "36": 0.012374897041134992,
        "37": 0.011585639164920713,
        "38": 0.0031366513907766795,
        "39": 0.009546486710379032,
        "40": 0.008387522913768939,
        "41": 0.0040578447104304685,
        "42": 0.005550556510179049,
        "43": 0.01779347009899665,
        "44": 0.0023716533128727464,
        "45": 0.003901621423606348,
        "46": 0.002608032172875344,
        "47": 0.01875244237501062,
        "48": 0.016632945787822078,
        "49": 0.008224476953923334,
        "50": 0.015206759701180676,
        "51": 0.014345361680561837,
        "52": 0.004548611181461906,
        "53": 0.005426389017625167,
        "54": 0.017486894195001372,
        "55": 0.019407945824176563,
        "56": 0.007957794092377766,
        "57": 0.011065331952062447,
        "58": 0.017541058353068042,
        "59": 0.01358818122859791,
        "60": 0.01152985258070523,
        "61": 0.016943653862010993,
        "62": 0.0029489137926940767,
        "63": 0.007028726810628446,
        "64": 0.004342949856954288,
        "65": 0.00678019310587886,
        "66": 0.014639959538059905,
        "67": 0.010798997337315062,
        "68": 0.004665502002309978,
        "69": 0.019449556328485145,
        "70": 0.00650578002946548,
        "71": 0.007883887857565362,
        "72": 0.015415599499304046,
        "73": 0.016000807018096357,
        "74": 0.011301242144052226,
        "75": 0.0063475330248891374,
        "76": 0.01848979086722252,
        "77": 0.009567413543927289,
        "78": 0.018695269105165807,
        "79": 0.016382600020063066,
        "80": 0.010829261432002947,
        "81": 0.007995517122359123,
        "82": 0.012470762702116158,
        "83": 0.012946789289131105,
        "84": 0.015222498485295223,
        "85": 0.016252904710946276,
        "86": 0.010354903899932868,
        "87": 0.018555206414443456,
        "88": 0.009192135802369985,
        "89": 0.013330075240544104
    },
    "best_objective": 422.3645580919437,
    "classes": [
        "0",
        "1",
        "2",
        "3",
        "4",
        "5",
        "6",
        "7",
        "8",
        "9",
        "10",
        "11",
        "12",
        "13",
        "14",
        "15",
        "16",
        "17",
        "18",
        "19",
        "20",
        "21",
        "22",
        "23",
        "24",
        "25",
        "26",
        "27",
        "28",
        "29",
        "30",
        "31",
        "32",
        "33",
        "34",
        "35",
        "36",
        "37",
        "38",
        "39",
        "40",
        "41",
        "42",
        "43",
        "44",
        "45",
        "46",
        "47",
        "48",
        "49",
        "50",
        "51",
        "52",
        "53",
        "54",
        "55",
        "56",
        "57",
        "58",
        "59",
        "60",
        "61",
        "62",
        "63",
        "64",
        "65",
        "66",
        "67",
        "68",
        "69",
        "70",
        "71",
        "72",
        "73",
        "74",
        "75",
        "76",
        "77",
        "78",
        "79",
        "80",
        "81",
        "82",
        "83",
        "84",
        "85",
        "86",
        "87",
        "88",
        "89"
    ],
    "resources": [
        "0",
        "1",
        "2",
        "3",
        "4",
        "5",
        "6",
        "7",
        "8",
        "9",
        "10",
        "11",
        "12",
        "13",
        "14",
        "15",
        "16",
        "17",
        "18",
        "19",
        "20",
        "21",
        "22",
        "23",
        "24",
        "25",
        "26",
        "27",
        "28",
        "29"
    ],
    "demands": {
        "2_0": 0.75808,
        "5_0": 2.37539,
        "10_0": 3.34933,
        "12_0": 0.12272,
        "25_0": 0.841,
        "51_0": 0.07232,
        "57_0": 0.51354,
        "59_0": 0.05274,
        "79_0": 1.45409,
        "82_0": 0.46085,
        "89_0": 0.57544,
        "11_1": 1.58427,
        "14_1": 0.47362,
        "17_1": 1.32606,
        "25_1": 0.38028,
        "27_1": 0.18979,
        "41_1": 2.40746,
        "44_1": 3.63587,
        "46_1": 0.58675,
        "58_1": 0.1422,
        "66_1": 0.37452,
        "4_2": 0.20791,
        "23_2": 0.54115,
        "26_2": 0.43097,
        "30_2": 0.56229,
        "34_2": 0.38407,
        "39_2": 0.13595,
        "46_2": 0.95536,
        "53_2": 1.23309,
        "57_2": 0.71117,
        "66_2": 0.47495,
        "68_2": 1.68546,
        "75_2": 1.49418,
        "85_2": 0.52015,
        "86_2": 0.27622,
        "2_3": 0.35277,
        "11_3": 0.71064,
        "19_3": 1.29185,
        "22_3": 0.96597,
        "29_3": 0.5708,
        "42_3": 1.13233,
        "47_3": 0.326,
        "49_3": 0.6059,
        "55_3": 0.24972,
        "60_3": 0.42614,
        "70_3": 0.64561,
        "71_3": 0.85427,
        "77_3": 0.4953,
        "85_3": 0.13315,
        "0_4": 6.39791,
        "1_4": 0.17148,
        "18_4": 0.47642,
        "29_4": 3.4045,
        "32_4": 0.26642,
        "56_4": 0.71347,
        "57_4": 0.76063,
        "4_5": 1.50802,
        "31_5": 0.79108,
        "60_5": 1.84106,
        "61_5": 1.45435,
        "62_5": 6.38337,
        "66_5": 0.27263,
        "71_5": 1.32516,
        "76_5": 0.06582,
        "87_5": 0.47156,
        "4_6": 0.04629,
        "8_6": 0.71258,
        "20_6": 1.42457,
        "22_6": 0.02224,
        "26_6": 0.03409,
        "43_6": 0.70118,
        "47_6": 0.63691,
        "50_6": 1.54001,
        "51_6": 0.65119,
        "66_6": 0.22226,
        "68_6": 3.80582,
        "84_6": 0.70445,
        "87_6": 0.00495,
        "2_7": 0.40641,
        "15_7": 0.04834,
        "18_7": 0.44301,
        "23_7": 0.25448,
        "25_7": 0.34528,
        "36_7": 0.45657,
        "37_7": 0.27688,
        "38_7": 0.77511,
        "41_7": 0.75751,
        "43_7": 0.14821,
        "54_7": 0.29264,
        "59_7": 0.02065,
        "76_7": 0.33053,
        "77_7": 0.00209,
        "79_7": 0.12097,
        "80_7": 0.5644,
        "4_8": 0.22339,
        "10_8": 3.20822,
        "17_8": 0.78401,
        "29_8": 1.96302,
        "33_8": 0.40545,
        "37_8": 0.70367,
        "46_8": 5.58719,
        "65_8": 2.44071,
        "69_8": 0.86694,
        "86_8": 1.23747,
        "0_9": 0.62365,
        "4_9": 0.58922,
        "6_9": 0.99646,
        "8_9": 0.40761,
        "9_9": 0.50262,
        "13_9": 0.58028,
        "15_9": 0.07332,
        "23_9": 0.63063,
        "52_9": 0.79668,
        "58_9": 0.44967,
        "60_9": 0.68014,
        "62_9": 2.31054,
        "64_9": 0.77519,
        "65_9": 0.35991,
        "71_9": 1.05127,