{
    "throughput": 8.0,
    "class_probs": {
        "0": 0.012991435707766206,
        "1": 0.01382599501151999,
        "2": 0.004215094114621285,
        "3": 0.01023248168110895,
        "4": 0.010219434698177463,
        "5": 0.005801253063229736,
        "6": 0.005088704151786953,
        "7": 0.012191830111754596,
        "8": 0.004179933477351542,
        "9": 0.009281704875279932,
        "10": 0.015356704052267944,
        "11": 0.01588747378175609,
        "12": 0.010053297834630512,
        "13": 0.018236549027541734,
        "14": 0.0135232236060576,
        "15": 0.004191527717464774,
        "16": 0.015485903886533403,
        "17": 0.004578423403243453,
        "18": 0.007935360974628925,
        "19": 0.013086453903288227,
        "20": 0.01859596582170184,
        "21": 0.01915681443493532,
        "22": 0.010612466168881294,
        "23": 0.01665440262145401,
        "24": 0.004567022645985302,
        "25": 0.010671889996946836,
        "26": 0.00693447819109285,
        "27": 0.01766684193272648,
        "28": 0.015083049299283297,
        "29": 0.018969686988231375,
        "30": 0.005602848011330173,
        "31": 0.016256280844749584,
        "32": 0.012845866012400148,
        "33": 0.003231295157760459,
        "34": 0.002013093509726099,
        "35": 0.002624515100436922,
        "36": 0.011507594386107156,
        "37": 0.01580263583473768,
        "38": 0.008407593004869046,
        "39": 0.0044949429469854805,
        "40": 0.011518817709855307,
        "41": 0.0105515228105615,
        "42": 0.011510411058273023,
        "43": 0.01038964487683098,
        "44": 0.010319177236256208,
        "45": 0.0021459138704484145,
        "46": 0.01679850169485281,
        "47": 0.01154006248656693,
        "48": 0.004310221588369792,
        "49": 0.004178759004113714,
        "50": 0.015923268196323854,
        "51": 0.018760016607875744,
        "52": 0.007714514847274141,
        "53": 0.0026533856729586895,
        "54": 0.016988571775959853,
        "55": 0.011703558520243986,
        "56": 0.007808928982015992,
        "57": 0.01747994252288427,
        "58": 0.003061069476652746,
        "59": 0.013910734993753315,
        "60": 0.017479205731793724,
        "61": 0.007350087515440018,
        "62": 0.010817191681081513,
        "63": 0.00832873588472487,
        "64": 0.016364398848398125,
        "65": 0.003440566606982855,
        "66": 0.01723678297089158,
        "67": 0.019415968947252792,
        "68": 0.012662987476587282,
        "69": 0.004208258598752616,
        "70": 0.0033927175350847057,
        "71": 0.007484592889306224,
        "72": 0.00963494454145408,
        "73": 0.005532798598397408,
        "74": 0.01946524094798247,
        "75": 0.010674211600171964,
        "76": 0.0029599909622753996,
        "77": 0.018755603505271307,
        "78": 0.01305667174728697,
        "79": 0.0162197227584419,
        "80": 0.016338274537740328,
        "81": 0.018394859851032373,
        "82": 0.016403161203243585,
        "83": 0.01742638309855197,
        "84": 0.019275921243161118,
        "85": 0.018060938462453647,
        "86": 0.01799878170282004,
        "87": 0.004411097613963041,
        "88": 0.004219873923373802,
        "89": 0.005660937093660239
    },
    "best_objective": 497.39709329563095,
    "classes": [
        "0",
        "1",
        "2",
        "3",
        "4",
        "5",
        "6",
        "7",
        "8",
        "9",
        "10",
        "11",
        "12",
        "13",
        "14",
        "15",
        "16",
        "17",
        "18",
        "19",
        "20",
        "21",
        "22",
        "23",
        "24",
        "25",
        "26",
        "27",
        "28",
        "29",
        "30",
        "31",
        "32",
        "33",
        "34",
        "35",
        "36",
        "37",
        "38",
        "39",
        "40",
        "41",
        "42",
        "43",
        "44",
        "45",
        "46",
        "47",
        "48",
        "49",
        "50",
        "51",
        "52",
        "53",
        "54",
        "55",
        "56",
        "57",
        "58",
        "59",
        "60",
        "61",
        "62",
        "63",
        "64",
        "65",
        "66",
        "67",
        "68",
        "69",
        "70",
        "71",
        "72",
        "73",
        "74",
        "75",
        "76",
        "77",
        "78",
        "79",
        "80",
        "81",
        "82",
        "83",
        "84",
        "85",
        "86",
        "87",
        "88",
        "89"
    ],
    "resources": [
        "0",
        "1",
        "2",
        "3",
        "4",
        "5",
        "6",
        "7",
        "8",
        "9",
        "10",
        "11",
        "12",
        "13",
        "14",
        "15",
        "16",
        "17",
        "18",
        "19",
        "20",
        "21",
        "22",
        "23",
        "24",
        "25",
        "26",
        "27",
        "28",
        "29"
    ],
    "demands": {
        "15_0": 2.09886,
        "16_0": 0.26042,
        "23_0": 0.47822,
        "27_0": 0.24142,
        "35_0": 3.45659,
        "38_0": 0.71822,
        "41_0": 0.37876,
        "45_0": 4.42973,
        "52_0": 1.09852,
        "68_0": 0.01762,
        "87_0": 2.03114,
        "6_1": 3.08977,
        "12_1": 0.33773,
        "28_1": 0.15708,
        "30_1": 0.93853,
        "31_1": 0.80862,
        "39_1": 0.24297,
        "40_1": 0.37506,
        "51_1": 0.4066,
        "58_1": 5.00919,
        "63_1": 1.78067,
        "74_1": 0.7249,
        "85_1": 0.48316,
        "4_2": 0.89637,
        "34_2": 4.22669,
        "35_2": 4.46527,
        "37_2": 0.70155,
        "40_2": 0.80928,
        "46_2": 0.67332,
        "89_2": 0.18516,
        "0_3": 0.72329,
        "6_3": 2.21308,
        "8_3": 1.76905,
        "10_3": 0.23068,
        "18_3": 0.59521,
        "20_3": 0.3483,
        "23_3": 0.59689,
        "25_3": 0.14215,
        "30_3": 0.69963,
        "36_3": 0.45186,
        "59_3": 0.73993,
        "68_3": 0.21467,
        "69_3": 0.11629,
        "78_3": 0.60296,
        "83_3": 0.01835,
        "16_4": 0.07214,
        "18_4": 0.94755,
        "20_4": 0.24784,
        "21_4": 0.07774,
        "26_4": 0.51852,
        "29_4": 0.42208,
        "30_4": 1.09179,
        "32_4": 0.52745,
        "39_4": 0.9278,
        "42_4": 0.20197,
        "57_4": 0.24213,
        "59_4": 0.52311,
        "62_4": 0.69286,
        "72_4": 0.22072,
        "83_4": 0.22237,
        "10_5": 0.85803,
        "11_5": 0.19489,
        "15_5": 3.49102,
        "22_5": 0.88206,
        "31_5": 0.5055,
        "40_5": 0.06493,
        "47_5": 1.19652,
        "49_5": 2.74949,
        "85_5": 0.74408,
        "4_6": 1.24997,
        "8_6": 0.90315,
        "20_6": 0.08257,
        "41_6": 0.07444,
        "46_6": 0.25044,
        "49_6": 3.44262,
        "62_6": 1.55001,
        "67_6": 0.83505,
        "69_6": 1.57377,
        "80_6": 0.5856,
        "0_7": 0.25011,
        "6_7": 0.88911,
        "12_7": 0.2176,
        "25_7": 0.3372,
        "36_7": 0.05521,
        "42_7": 0.01518,
        "47_7": 0.02773,
        "48_7": 0.94298,
        "50_7": 0.2594,
        "53_7": 1.30682,
        "57_7": 0.13337,
        "69_7": 0.23664,
        "82_7": 0.07453,
        "85_7": 0.19874,
        "87_7": 0.82018,
        "1_8": 0.34196,
        "18_8": 1.1529,
        "23_8": 0.75043,
        "27_8": 0.04079,
        "29_8": 0.12903,
        "30_8": 2.23579,
        "36_8": 0.83813,
        "45_8": 0.70372,
        "56_8": 1.40919,
        "67_8": 0.38257,
        "79_8": 0.0626,
        "81_8": 0.10864,
        "82_8": 0.14788,
        "2_9": 0.69271,
        "8_9": 0.12028,
        "15_9": 0.78964,
        "20_9": 0.05761,
        "24_9": 1.05405,
        "25_9": 0.51852,
        "28_9": 0.10546,
        "32_9": 0.09824,
        "36_9": 0.05306,
        "47_9": 0.65111,
        "61_9": 0.72947,
        "69_9": 0.17457,