{
    "throughput": 7.0,
    "class_probs": {
        "0": 0.10590724974683656,
        "1": 0.06340448711770001,
        "2": 0.06127367971406919,
        "3": 0.08202790932125983,
        "4": 0.1115259057963099,
        "5": 0.10914772571087099,
        "6": 0.03806884204444414,
        "7": 0.09526288794712198,
        "8": 0.10533526365254797,
        "9": 0.08014715044990328,
        "10": 0.08876997160264496,
        "11": 0.05912892689629123
    },
    "best_objective": 89.71464348665417,
    "classes": [
        "0",
        "1",
        "2",
        "3",
        "4",
        "5",
        "6",
        "7",
        "8",
        "9",
        "10",
        "11"
    ],
    "resources": [
        "0",
        "1",
        "2",
        "3",
        "4",
        "5",
        "6",
        "7",
        "8",
        "9"
    ],
    "demands": {
        "2_0": 0.41195,
        "3_0": 0.03614,
        "6_0": 0.56154,
        "7_0": 0.41253,
        "1_1": 0.39504,
        "5_1": 0.30479,
        "11_1": 0.16111,
        "1_2": 0.18254,
        "2_2": 0.21392,
        "4_2": 0.07196,
        "7_2": 0.08035,
        "8_2": 0.1125,
        "10_2": 0.14309,
        "11_2": 0.01264,
        "3_3": 0.63748,
        "6_3": 0.99547,
        "9_3": 0.35223,
        "1_4": 0.15285,
        "6_4": 0.76068,
        "7_4": 0.19774,
        "1_5": 0.87705,
        "2_5": 0.4372,
        "6_5": 0.36423,
        "1_6": 0.69714,
        "6_6": 1.46631,
        "0_7": 0.05228,
        "2_7": 0.00924,
        "3_7": 0.37228,
        "7_7": 0.12206,
        "8_7": 0.03152,
        "10_7": 0.34455,
        "3_8": 0.26423,
        "7_8": 0.24077,
        "8_8": 0.04224,
        "9_8": 0.05539,
        "0_9": 0.15545,
        "3_9": 0.31993,
        "5_9": 0.20559,
        "7_9": 0.27246,
        "9_9": 0.19974
    },
    "best": {
        "0": 11.120534450151078,
        "1": 4.534312084153978,
        "2": 3.2190815037339577,
        "3": 15.689329820687943,
        "4": 12.792120838563006,
        "5": 11.01958384235595,
        "6": 18.383231613455237,
        "7": 4.639836600609726,
        "8": 3.798828903257746,
        "9": 4.517783829685546
    },
    "best_mrt": [
        54.1173772108141,
        300.0000000002766,
        161.29425300988675,
        300.00000000028894,
        26.077617835377705,
        129.6439311755057,
        299.99999999999403,
        257.0228388119409,
        60.8589007592012,
        92.88736208712766,
        136.6225524569556,
        44.26848131469472
    ],
    "SLA": 300
}