{
    "throughput": 8.0,
    "class_probs": {
        "0": 0.006002572125547404,
        "1": 0.01556896274695597,
        "2": 0.008411961634261294,
        "3": 0.010181282468657876,
        "4": 0.014338021812077885,
        "5": 0.014773352628397823,
        "6": 0.019907334242265626,
        "7": 0.015889571063206924,
        "8": 0.008591689902973473,
        "9": 0.011047009908645303,
        "10": 0.015675234678456496,
        "11": 0.017756106533659284,
        "12": 0.014720278897047488,
        "13": 0.012222823300755482,
        "14": 0.011770454424388052,
        "15": 0.018596579760824215,
        "16": 0.01305677849635872,
        "17": 0.01205412401749285,
        "18": 0.004580180312051041,
        "19": 0.00703139208700359,
        "20": 0.012859283409185228,
        "21": 0.020074488798956097,
        "22": 0.006550058121440941,
        "23": 0.009473579140800855,
        "24": 0.011529334367835205,
        "25": 0.009838730708523178,
        "26": 0.011473976871683613,
        "27": 0.018693165011020637,
        "28": 0.015584844228033287,
        "29": 0.01980059209760043,
        "30": 0.016588601647020817,
        "31": 0.007751252046857605,
        "32": 0.0022587010598034687,
        "33": 0.02071691518372935,
        "34": 0.010851527135849493,
        "35": 0.008323596965631003,
        "36": 0.007902731903948487,
        "37": 0.007820256941565719,
        "38": 0.01985594521529386,
        "39": 0.020195664051532967,
        "40": 0.007578307592818392,
        "41": 0.0059049395761700705,
        "42": 0.002929874567781819,
        "43": 0.005968141376615282,
        "44": 0.003933546866296877,
        "45": 0.012710579418538268,
        "46": 0.014482111814462559,
        "47": 0.013195290112254938,
        "48": 0.01335390938585376,
        "49": 0.010703106609876528,
        "50": 0.010549543682604155,
        "51": 0.018005673281908403,
        "52": 0.020095985841028844,
        "53": 0.01090158226177969,
        "54": 0.008214117118370279,
        "55": 0.008823871249702808,
        "56": 0.008923697536350795,
        "57": 0.008895898573389136,
        "58": 0.013279954355170152,
        "59": 0.002777440567451688,
        "60": 0.008642206841056559,
        "61": 0.008043453138371005,
        "62": 0.0037509060448720284,
        "63": 0.01954594390143168,
        "64": 0.015943020391917775,
        "65": 0.0031369412946925033,
        "66": 0.004958125686521788,
        "67": 0.013683820595805281,
        "68": 0.0026649835324642243,
        "69": 0.004951588994918332,
        "70": 0.0060362367490111365,
        "71": 0.01923091823855243,
        "72": 0.006340817514572043,
        "73": 0.011685595880070223,
        "74": 0.007728548059709368,
        "75": 0.005984017420051785,
        "76": 0.009047417729275309,
        "77": 0.015197779838792329,
        "78": 0.0024831027900847746,
        "79": 0.01450130936434558,
        "80": 0.00734365910229341,
        "81": 0.012753171750150786,
        "82": 0.0034955945666843647,
        "83": 0.02026448711108102,
        "84": 0.01051623638397715,
        "85": 0.006243471500900609,
        "86": 0.005672426781100455,
        "87": 0.006786128220826674,
        "88": 0.013945969856557472,
        "89": 0.017875592984148387
    },
    "best_objective": 556.4411108693511,
    "classes": [
        "0",
        "1",
        "2",
        "3",
        "4",
        "5",
        "6",
        "7",
        "8",
        "9",
        "10",
        "11",
        "12",
        "13",
        "14",
        "15",
        "16",
        "17",
        "18",
        "19",
        "20",
        "21",
        "22",
        "23",
        "24",
        "25",
        "26",
        "27",
        "28",
        "29",
        "30",
        "31",
        "32",
        "33",
        "34",
        "35",
        "36",
        "37",
        "38",
        "39",
        "40",
        "41",
        "42",
        "43",
        "44",
        "45",
        "46",
        "47",
        "48",
        "49",
        "50",
        "51",
        "52",
        "53",
        "54",
        "55",
        "56",
        "57",
        "58",
        "59",
        "60",
        "61",
        "62",
        "63",
        "64",
        "65",
        "66",
        "67",
        "68",
        "69",
        "70",
        "71",
        "72",
        "73",
        "74",
        "75",
        "76",
        "77",
        "78",
        "79",
        "80",
        "81",
        "82",
        "83",
        "84",
        "85",
        "86",
        "87",
        "88",
        "89"
    ],
    "resources": [
        "0",
        "1",
        "2",
        "3",
        "4",
        "5",
        "6",
        "7",
        "8",
        "9",
        "10",
        "11",
        "12",
        "13",
        "14",
        "15",
        "16",
        "17",
        "18",
        "19",
        "20",
        "21",
        "22",
        "23",
        "24",
        "25",
        "26",
        "27",
        "28",
        "29"
    ],
    "demands": {
        "4_0": 0.2908,
        "11_0": 0.25507,
        "19_0": 0.39433,
        "35_0": 0.7748,
        "38_0": 0.75566,
        "47_0": 0.35537,
        "50_0": 1.25131,
        "53_0": 0.72963,
        "54_0": 0.0903,
        "65_0": 3.38168,
        "7_1": 0.31539,
        "12_1": 0.04142,
        "13_1": 0.33174,
        "15_1": 0.0414,
        "21_1": 0.24712,
        "24_1": 0.09414,
        "28_1": 0.35449,
        "31_1": 1.30131,
        "32_1": 4.77532,
        "40_1": 0.75243,
        "41_1": 0.81113,
        "56_1": 0.6361,
        "65_1": 2.26614,
        "70_1": 1.6276,
        "6_2": 0.42698,
        "7_2": 0.15132,
        "12_2": 0.57483,
        "20_2": 0.15894,
        "29_2": 0.11195,
        "37_2": 0.38322,
        "40_2": 0.35448,
        "42_2": 1.73453,
        "48_2": 0.25728,
        "49_2": 0.04871,
        "51_2": 0.36002,
        "61_2": 0.61201,
        "73_2": 0.51285,
        "77_2": 0.52804,
        "89_2": 0.04831,
        "5_3": 0.79933,
        "16_3": 0.32248,
        "18_3": 0.45891,
        "39_3": 0.05887,
        "42_3": 2.30099,
        "52_3": 0.15991,
        "69_3": 0.5478,
        "84_3": 0.72458,
        "7_4": 0.17865,
        "8_4": 0.75963,
        "11_4": 0.22156,
        "25_4": 0.79888,
        "30_4": 0.14133,
        "36_4": 0.16067,
        "38_4": 0.2781,
        "42_4": 1.86994,
        "46_4": 0.42441,
        "53_4": 0.00905,
        "54_4": 0.81949,
        "61_4": 0.59623,
        "76_4": 0.07177,
        "87_4": 0.34543,
        "89_4": 0.37586,
        "1_5": 0.69695,
        "19_5": 0.40867,
        "33_5": 0.354,
        "36_5": 0.43986,
        "45_5": 0.6192,
        "47_5": 0.14537,
        "48_5": 0.7483,
        "57_5": 0.93179,
        "65_5": 2.5677,
        "68_5": 2.28494,
        "73_5": 0.5037,
        "82_5": 1.84421,
        "85_5": 1.42711,
        "3_6": 0.49122,
        "17_6": 0.36081,
        "18_6": 2.99135,
        "28_6": 0.73319,
        "43_6": 1.49072,
        "52_6": 0.19939,
        "55_6": 0.08532,
        "61_6": 0.38545,
        "67_6": 0.63175,
        "68_6": 5.53208,
        "3_7": 0.53971,
        "9_7": 0.46321,
        "12_7": 0.48038,
        "28_7": 0.1458,
        "35_7": 1.07943,
        "40_7": 1.82584,
        "55_7": 1.31691,
        "61_7": 1.00992,
        "62_7": 3.27521,
        "66_7": 1.25436,
        "67_7": 0.52573,
        "68_7": 3.05797,
        "81_7": 1.23101,
        "7_8": 0.37195,
        "15_8": 0.6492,
        "24_8": 0.33165,
        "32_8": 1.8528,
        "39_8": 0.58631,
        "47_8": 0.85508,
        "49_8": 0.75307,
        "50_8": 0.1274,
        "79_8": 0.06718,
        "82_8": 0.17398,
        "89_8": 0.22078,
        "8_9": 0.48279,
        "26_9": 1.05811,
        "38_9": 0.19117,
        "72_9": 0.52399,
        "73_9": 0.1676,
        "75_9": 2.63595,
        "83_9": 0.68879,
        "1_10": 0.02913,
        "4_10": 0.30593,
        "6_10": 0.30906,