{
    "throughput": 6.0,
    "class_probs": {
        "0": 0.007348462413352083,
        "1": 0.01594620956029174,
        "2": 0.0032362282965239858,
        "3": 0.02075562494991037,
        "4": 0.0179805142841364,
        "5": 0.018048637463500057,
        "6": 0.004659036595738131,
        "7": 0.008723118977021445,
        "8": 0.012764450166499672,
        "9": 0.01500807286222915,
        "10": 0.00895808830685859,
        "11": 0.014028774091557155,
        "12": 0.016566082191179023,
        "13": 0.005519852292305128,
        "14": 0.00315480564596356,
        "15": 0.017164880276544947,
        "16": 0.011646561539228975,
        "17": 0.006279047604584377,
        "18": 0.004330910311196251,
        "19": 0.014548133099426343,
        "20": 0.014118584232930989,
        "21": 0.007044785150426969,
        "22": 0.011956190516619199,
        "23": 0.00526706939928996,
        "24": 0.01034121234380425,
        "25": 0.005335105998068729,
        "26": 0.008040708458152595,
        "27": 0.003342087623939187,
        "28": 0.004429160483448721,
        "29": 0.0036712755657282775,
        "30": 0.013483495650114663,
        "31": 0.021193427659697707,
        "32": 0.012893436235604952,
        "33": 0.013872127439734585,
        "34": 0.0028369207642388967,
        "35": 0.018466777053175853,
        "36": 0.017081657813685397,
        "37": 0.01602527164922128,
        "38": 0.004725971228181981,
        "39": 0.022076443924798003,
        "40": 0.00996264350942579,
        "41": 0.003992225565622924,
        "42": 0.010345696626870137,
        "43": 0.016731558607900633,
        "44": 0.016812768649650128,
        "45": 0.021208574369353403,
        "46": 0.009140372879794635,
        "47": 0.009132969397063937,
        "48": 0.008309062560812683,
        "49": 0.010930590549913894,
        "50": 0.0037509171659696346,
        "51": 0.01754431074232297,
        "52": 0.018111496218606495,
        "53": 0.008099598409301141,
        "54": 0.009428085282355537,
        "55": 0.006886733221444943,
        "56": 0.02036963580170602,
        "57": 0.004650908023740169,
        "58": 0.007350646365273024,
        "59": 0.009345247802508713,
        "60": 0.019144770325512768,
        "61": 0.013321270889698016,
        "62": 0.0022917203517341827,
        "63": 0.0051067879171172855,
        "64": 0.0075486742274055675,
        "65": 0.006017028886046577,
        "66": 0.019412752365633366,
        "67": 0.021445926267995324,
        "68": 0.007560449983754803,
        "69": 0.01317857900604895,
        "70": 0.01595475821845606,
        "71": 0.004507918718853392,
        "72": 0.019009852009271383,
        "73": 0.008859645108913435,
        "74": 0.0036883032180771297,
        "75": 0.010292824153503924,
        "76": 0.010858130883781363,
        "77": 0.009687001814691128,
        "78": 0.004293319115881299,
        "79": 0.007769727916185085,
        "80": 0.002915335162004667,
        "81": 0.01635370230778787,
        "82": 0.005531081662336748,
        "83": 0.015286073906858703,
        "84": 0.019388349256417296,
        "85": 0.003410121240837352,
        "86": 0.020718951006462323,
        "87": 0.014461715505525606,
        "88": 0.010064830976256336,
        "89": 0.01694715572840577
    },
    "best_objective": 589.9299849741667,
    "classes": [
        "0",
        "1",
        "2",
        "3",
        "4",
        "5",
        "6",
        "7",
        "8",
        "9",
        "10",
        "11",
        "12",
        "13",
        "14",
        "15",
        "16",
        "17",
        "18",
        "19",
        "20",
        "21",
        "22",
        "23",
        "24",
        "25",
        "26",
        "27",
        "28",
        "29",
        "30",
        "31",
        "32",
        "33",
        "34",
        "35",
        "36",
        "37",
        "38",
        "39",
        "40",
        "41",
        "42",
        "43",
        "44",
        "45",
        "46",
        "47",
        "48",
        "49",
        "50",
        "51",
        "52",
        "53",
        "54",
        "55",
        "56",
        "57",
        "58",
        "59",
        "60",
        "61",
        "62",
        "63",
        "64",
        "65",
        "66",
        "67",
        "68",
        "69",
        "70",
        "71",
        "72",
        "73",
        "74",
        "75",
        "76",
        "77",
        "78",
        "79",
        "80",
        "81",
        "82",
        "83",
        "84",
        "85",
        "86",
        "87",
        "88",
        "89"
    ],
    "resources": [
        "0",
        "1",
        "2",
        "3",
        "4",
        "5",
        "6",
        "7",
        "8",
        "9",
        "10",
        "11",
        "12",
        "13",
        "14",
        "15",
        "16",
        "17",
        "18",
        "19",
        "20",
        "21",
        "22",
        "23",
        "24",
        "25",
        "26",
        "27",
        "28",
        "29"
    ],
    "demands": {
        "0_0": 1.05496,
        "9_0": 1.58879,
        "10_0": 0.77418,
        "22_0": 0.291,
        "31_0": 0.25314,
        "36_0": 1.1737,
        "41_0": 5.29228,
        "44_0": 0.26628,
        "47_0": 2.38218,
        "61_0": 0.08907,
        "77_0": 0.95449,
        "82_0": 1.37353,
        "89_0": 0.64513,
        "16_1": 0.17256,
        "30_1": 0.44033,
        "37_1": 0.11838,
        "41_1": 0.79179,
        "52_1": 0.5945,
        "64_1": 1.31551,
        "75_1": 1.2648,
        "77_1": 0.9134,
        "9_2": 0.14103,
        "11_2": 0.14168,
        "13_2": 0.16226,
        "37_2": 0.38056,
        "38_2": 0.94484,
        "48_2": 0.39655,
        "50_2": 1.4547,
        "66_2": 0.31642,
        "68_2": 0.72966,
        "71_2": 0.4926,
        "74_2": 0.46403,
        "81_2": 0.30173,
        "82_2": 0.91717,
        "83_2": 0.16476,
        "84_2": 0.3172,
        "3_3": 0.25464,
        "8_3": 0.30613,
        "13_3": 0.9798,
        "19_3": 0.4828,
        "21_3": 0.11746,
        "22_3": 0.57667,
        "24_3": 0.56908,
        "25_3": 0.44276,
        "29_3": 2.44125,
        "33_3": 0.41499,
        "44_3": 0.31006,
        "46_3": 0.83626,
        "50_3": 1.78105,
        "57_3": 0.85196,
        "67_3": 0.07933,
        "72_3": 0.04466,
        "77_3": 0.67862,
        "78_3": 1.06934,
        "4_4": 0.80031,
        "11_4": 1.10797,
        "19_4": 0.907,
        "29_4": 4.71328,
        "39_4": 0.52206,
        "41_4": 2.3637,
        "42_4": 0.31656,
        "47_4": 1.99369,
        "48_4": 1.84112,
        "54_4": 0.11498,
        "65_4": 1.05104,
        "67_4": 0.64311,
        "4_5": 0.25413,
        "16_5": 1.04791,
        "27_5": 0.40483,
        "31_5": 0.53358,
        "34_5": 3.46195,
        "39_5": 0.73755,
        "43_5": 0.42055,
        "51_5": 0.44394,
        "64_5": 0.71847,
        "65_5": 2.32015,
        "81_5": 0.97757,
        "85_5": 1.00065,
        "8_6": 1.01962,
        "12_6": 0.45504,
        "18_6": 2.2937,
        "19_6": 0.9223,
        "36_6": 0.35643,
        "45_6": 0.17313,
        "62_6": 1.63708,
        "65_6": 2.84128,
        "78_6": 0.33795,
        "80_6": 5.40307,
        "81_6": 1.19846,
        "86_6": 0.55059,
        "13_7": 0.78569,
        "17_7": 0.70303,
        "19_7": 0.3805,
        "21_7": 0.05085,
        "23_7": 1.31912,
        "27_7": 0.91775,
        "32_7": 0.70519,
        "45_7": 0.30374,
        "50_7": 1.17518,
        "69_7": 0.34023,
        "70_7": 0.35542,
        "80_7": 3.01793,
        "2_8": 0.07682,
        "18_8": 1.82035,
        "19_8": 0.62108,
        "22_8": 0.91529,
        "24_8": 1.02988,
        "25_8": 1.87437,
        "27_8": 3.36908,
        "39_8": 0.50839,
        "40_8": 0.44959,
        "49_8": 0.61786,
        "52_8": 0.65146,
        "53_8": 1.01568,
        "58_8": 0.33195,
        "67_8": 0.07225,
        "74_8": 3.00582,
        "81_8": 0.2204,
        "13_9": 1.18425,