{
    "throughput": 9.0,
    "class_probs": {
        "0": 0.014589408906583926,
        "1": 0.013268711449068864,
        "2": 0.010051509849922747,
        "3": 0.00359831650239145,
        "4": 0.005895289240463966,
        "5": 0.017923199469086666,
        "6": 0.010790549789044411,
        "7": 0.005404701907694776,
        "8": 0.018540154022890557,
        "9": 0.0023953570417056995,
        "10": 0.012330941968443787,
        "11": 0.015151230146225351,
        "12": 0.01795093744206974,
        "13": 0.00633824415572683,
        "14": 0.004439468528012359,
        "15": 0.012703428382665104,
        "16": 0.012502666703663663,
        "17": 0.0037483972423643995,
        "18": 0.003278404236303317,
        "19": 0.011369789373497764,
        "20": 0.014978236830854978,
        "21": 0.015686991417284815,
        "22": 0.021183180419310964,
        "23": 0.006566272309178411,
        "24": 0.016228529446784812,
        "25": 0.013920567615633874,
        "26": 0.0044950044193247185,
        "27": 0.015518601657947355,
        "28": 0.018742338755791996,
        "29": 0.006301662243215878,
        "30": 0.01839249361941716,
        "31": 0.0032267532495493475,
        "32": 0.008500645144527795,
        "33": 0.00971461044639263,
        "34": 0.013767986039987988,
        "35": 0.0066442082818895945,
        "36": 0.005189963964179791,
        "37": 0.006578791236208914,
        "38": 0.01980038803725159,
        "39": 0.016709414576093175,
        "40": 0.02090479268084945,
        "41": 0.0189727528292247,
        "42": 0.01051003090558614,
        "43": 0.019637280465351,
        "44": 0.021574243637909246,
        "45": 0.021046876851758135,
        "46": 0.010023070937036409,
        "47": 0.004771366512211589,
        "48": 0.009339182219889023,
        "49": 0.0031087213995908687,
        "50": 0.009313599515327809,
        "51": 0.014171986482709995,
        "52": 0.0026500708000215633,
        "53": 0.0054164894589501175,
        "54": 0.0036608582500601123,
        "55": 0.011772809049296855,
        "56": 0.006132918819951806,
        "57": 0.013850381764599292,
        "58": 0.01760496856739027,
        "59": 0.010972563568399898,
        "60": 0.015746254253243462,
        "61": 0.012836521894000353,
        "62": 0.002982005193778055,
        "63": 0.008046577657023006,
        "64": 0.003754612057122132,
        "65": 0.013675807066301428,
        "66": 0.012430171669783453,
        "67": 0.02135320216384567,
        "68": 0.008793628112802094,
        "69": 0.0026798830936282884,
        "70": 0.0022971529638314884,
        "71": 0.0059094838979218195,
        "72": 0.014121540697369988,
        "73": 0.006254065551521434,
        "74": 0.011438234081099077,
        "75": 0.009003974849910761,
        "76": 0.012066053715406916,
        "77": 0.003357952509658726,
        "78": 0.021020624218940756,
        "79": 0.0177155297340051,
        "80": 0.006844910499642758,
        "81": 0.02038378471578106,
        "82": 0.008108393058897757,
        "83": 0.006807088056210577,
        "84": 0.0036446144366559857,
        "85": 0.015709384850103467,
        "86": 0.010165642972858553,
        "87": 0.0144966276928846,
        "88": 0.015617126394400889,
        "89": 0.012886841156604897
    },
    "best_objective": 548.5691694159369,
    "classes": [
        "0",
        "1",
        "2",
        "3",
        "4",
        "5",
        "6",
        "7",
        "8",
        "9",
        "10",
        "11",
        "12",
        "13",
        "14",
        "15",
        "16",
        "17",
        "18",
        "19",
        "20",
        "21",
        "22",
        "23",
        "24",
        "25",
        "26",
        "27",
        "28",
        "29",
        "30",
        "31",
        "32",
        "33",
        "34",
        "35",
        "36",
        "37",
        "38",
        "39",
        "40",
        "41",
        "42",
        "43",
        "44",
        "45",
        "46",
        "47",
        "48",
        "49",
        "50",
        "51",
        "52",
        "53",
        "54",
        "55",
        "56",
        "57",
        "58",
        "59",
        "60",
        "61",
        "62",
        "63",
        "64",
        "65",
        "66",
        "67",
        "68",
        "69",
        "70",
        "71",
        "72",
        "73",
        "74",
        "75",
        "76",
        "77",
        "78",
        "79",
        "80",
        "81",
        "82",
        "83",
        "84",
        "85",
        "86",
        "87",
        "88",
        "89"
    ],
    "resources": [
        "0",
        "1",
        "2",
        "3",
        "4",
        "5",
        "6",
        "7",
        "8",
        "9",
        "10",
        "11",
        "12",
        "13",
        "14",
        "15",
        "16",
        "17",
        "18",
        "19",
        "20",
        "21",
        "22",
        "23",
        "24",
        "25",
        "26",
        "27",
        "28",
        "29"
    ],
    "demands": {
        "1_0": 0.21764,
        "3_0": 3.07226,
        "21_0": 0.02626,
        "28_0": 0.13397,
        "34_0": 0.64761,
        "51_0": 1.22315,
        "57_0": 0.01447,
        "89_0": 1.15929,
        "5_1": 0.26082,
        "7_1": 1.87081,
        "23_1": 1.76651,
        "26_1": 0.29544,
        "27_1": 0.01702,
        "40_1": 0.23848,
        "43_1": 0.25875,
        "47_1": 0.78521,
        "60_1": 0.89169,
        "74_1": 0.43093,
        "80_1": 0.04549,
        "88_1": 0.48749,
        "10_2": 0.40369,
        "16_2": 0.57783,
        "22_2": 0.07992,
        "28_2": 0.2523,
        "29_2": 1.42239,
        "42_2": 0.65572,
        "49_2": 1.53901,
        "52_2": 3.11737,
        "53_2": 0.78548,
        "88_2": 0.44593,
        "1_3": 0.7371,
        "11_3": 0.46015,
        "14_3": 2.19469,
        "15_3": 0.20521,
        "19_3": 0.74012,
        "34_3": 0.62844,
        "35_3": 1.05276,
        "50_3": 0.7827,
        "58_3": 0.20058,
        "60_3": 0.06688,
        "62_3": 2.30661,
        "63_3": 0.18457,
        "75_3": 0.81328,
        "80_3": 0.31889,
        "1_4": 0.79389,
        "6_4": 0.73158,
        "17_4": 1.97538,
        "20_4": 0.24104,
        "29_4": 2.01506,
        "41_4": 0.01042,
        "66_4": 0.57849,
        "12_5": 0.07448,
        "13_5": 0.60713,
        "21_5": 0.23728,
        "31_5": 1.05087,
        "39_5": 0.17392,
        "44_5": 0.12083,
        "52_5": 1.70063,
        "56_5": 0.48219,
        "68_5": 0.07771,
        "70_5": 0.0369,
        "71_5": 0.33964,
        "72_5": 0.21611,
        "82_5": 0.34129,
        "7_6": 0.83716,
        "8_6": 0.02328,
        "15_6": 0.20759,
        "45_6": 0.05339,
        "52_6": 2.30794,
        "55_6": 0.08204,
        "62_6": 2.11037,
        "67_6": 0.14609,
        "68_6": 0.35636,
        "72_6": 0.16377,
        "77_6": 1.5459,
        "78_6": 0.07107,
        "87_6": 0.37113,
        "1_7": 0.38873,
        "5_7": 0.21937,
        "16_7": 0.30957,
        "35_7": 0.42713,
        "39_7": 0.19241,
        "55_7": 0.41194,
        "64_7": 0.80814,
        "77_7": 1.24539,
        "82_7": 0.3487,
        "86_7": 0.36297,
        "2_8": 0.99202,
        "10_8": 0.24567,
        "21_8": 0.54117,
        "27_8": 0.64801,
        "45_8": 0.44247,
        "54_8": 0.99662,
        "57_8": 0.21424,
        "70_8": 3.04879,
        "81_8": 0.50005,
        "84_8": 2.56297,
        "88_8": 0.18279,
        "13_9": 0.74669,
        "15_9": 0.23012,
        "19_9": 0.07097,
        "27_9": 0.37842,
        "39_9": 0.13321,
        "49_9": 0.93273,
        "61_9": 0.29598,
        "62_9": 1.60444,
        "70_9": 2.70656,
        "78_9": 0.21961,
        "86_9": 0.46619,
        "5_10": 1.20822,
        "11_10": 1.26173,
        "24_10": 1.3117,
        "27_10": 0.11491,
        "59_10": 0.8031,
        "60_10": 0.39881,
        "70_10": 5.72902,
        "74_10": 0.65775,
        "9_11": 2.2948,