{
    "throughput": 7.0,
    "class_probs": {
        "0": 0.01430468507685438,
        "1": 0.01855718172920754,
        "2": 0.01160080397129988,
        "3": 0.011596597152874852,
        "4": 0.006684218654778969,
        "5": 0.003568187179049909,
        "6": 0.0033491310178892127,
        "7": 0.008163581918081655,
        "8": 0.004278770632255978,
        "9": 0.007275268820072926,
        "10": 0.015343996177355941,
        "11": 0.017303949853469842,
        "12": 0.02002725390816172,
        "13": 0.02170077010782975,
        "14": 0.00870779677650038,
        "15": 0.011766658570091255,
        "16": 0.0067367444677158385,
        "17": 0.004902566607698969,
        "18": 0.009731362749112881,
        "19": 0.007742312354878994,
        "20": 0.011050824415462769,
        "21": 0.007116182942960734,
        "22": 0.012689696574038704,
        "23": 0.008080861027148814,
        "24": 0.005837600809703411,
        "25": 0.014125496092875625,
        "26": 0.02085499597009635,
        "27": 0.0027320522303306443,
        "28": 0.012135571879967434,
        "29": 0.00966204462277425,
        "30": 0.011706552293342372,
        "31": 0.006196383573282407,
        "32": 0.011532109296270774,
        "33": 0.005455077876266645,
        "34": 0.010120968472111126,
        "35": 0.021128093703800213,
        "36": 0.012346586349944177,
        "37": 0.008029226352162895,
        "38": 0.01842524312968226,
        "39": 0.020108176142907185,
        "40": 0.011817578315679289,
        "41": 0.007770428239522036,
        "42": 0.005064495445600887,
        "43": 0.005627570748404409,
        "44": 0.008745019985810428,
        "45": 0.010593618131945905,
        "46": 0.0060666907625779596,
        "47": 0.009804316909525436,
        "48": 0.012250557750101816,
        "49": 0.015300796516057816,
        "50": 0.016318249376366358,
        "51": 0.011458087494439618,
        "52": 0.003339932756492303,
        "53": 0.00691521541846883,
        "54": 0.0024749641724926613,
        "55": 0.014439289264024366,
        "56": 0.01025725578044559,
        "57": 0.020739393371873364,
        "58": 0.0025965336841784798,
        "59": 0.010864643152117794,
        "60": 0.020904641365134292,
        "61": 0.004006485220551503,
        "62": 0.008176229757813307,
        "63": 0.01625648692809847,
        "64": 0.005933895084015657,
        "65": 0.008575227820966895,
        "66": 0.012500490401161945,
        "67": 0.019829097937711183,
        "68": 0.02105733840938529,
        "69": 0.01421687313772946,
        "70": 0.009954383707693042,
        "71": 0.006011817410365304,
        "72": 0.005635664938903008,
        "73": 0.015025012098374334,
        "74": 0.005977881864717241,
        "75": 0.01158081649746437,
        "76": 0.018869376717501763,
        "77": 0.0052384062921033425,
        "78": 0.01147921172694667,
        "79": 0.0213994667154954,
        "80": 0.02194366960881304,
        "81": 0.019179338230860214,
        "82": 0.007807276958998959,
        "83": 0.007697137969945038,
        "84": 0.019085223243700693,
        "85": 0.008439478937893957,
        "86": 0.019453781490840157,
        "87": 0.003231720849259038,
        "88": 0.00536806883809993,
        "89": 0.010045281083021527
    },
    "best_objective": 417.8736249123888,
    "classes": [
        "0",
        "1",
        "2",
        "3",
        "4",
        "5",
        "6",
        "7",
        "8",
        "9",
        "10",
        "11",
        "12",
        "13",
        "14",
        "15",
        "16",
        "17",
        "18",
        "19",
        "20",
        "21",
        "22",
        "23",
        "24",
        "25",
        "26",
        "27",
        "28",
        "29",
        "30",
        "31",
        "32",
        "33",
        "34",
        "35",
        "36",
        "37",
        "38",
        "39",
        "40",
        "41",
        "42",
        "43",
        "44",
        "45",
        "46",
        "47",
        "48",
        "49",
        "50",
        "51",
        "52",
        "53",
        "54",
        "55",
        "56",
        "57",
        "58",
        "59",
        "60",
        "61",
        "62",
        "63",
        "64",
        "65",
        "66",
        "67",
        "68",
        "69",
        "70",
        "71",
        "72",
        "73",
        "74",
        "75",
        "76",
        "77",
        "78",
        "79",
        "80",
        "81",
        "82",
        "83",
        "84",
        "85",
        "86",
        "87",
        "88",
        "89"
    ],
    "resources": [
        "0",
        "1",
        "2",
        "3",
        "4",
        "5",
        "6",
        "7",
        "8",
        "9",
        "10",
        "11",
        "12",
        "13",
        "14",
        "15",
        "16",
        "17",
        "18",
        "19",
        "20",
        "21",
        "22",
        "23",
        "24",
        "25",
        "26",
        "27",
        "28",
        "29"
    ],
    "demands": {
        "1_0": 0.65226,
        "9_0": 0.1841,
        "13_0": 0.08466,
        "14_0": 1.53812,
        "15_0": 0.058,
        "18_0": 0.0997,
        "29_0": 0.53325,
        "30_0": 1.1277,
        "31_0": 2.12641,
        "33_0": 2.0338,
        "36_0": 0.01365,
        "43_0": 0.97193,
        "49_0": 0.74772,
        "54_0": 3.82921,
        "55_0": 0.20056,
        "61_0": 1.35702,
        "68_0": 0.36787,
        "88_0": 1.37362,
        "6_1": 1.56168,
        "16_1": 0.96788,
        "20_1": 0.60585,
        "24_1": 1.23621,
        "25_1": 0.16195,
        "34_1": 0.54589,
        "39_1": 0.35023,
        "40_1": 0.11527,
        "52_1": 1.77459,
        "54_1": 1.58995,
        "55_1": 0.35908,
        "69_1": 0.24107,
        "74_1": 0.15749,
        "76_1": 0.25244,
        "79_1": 0.20186,
        "84_1": 0.22937,
        "88_1": 1.23562,
        "0_2": 0.2601,
        "9_2": 0.3832,
        "17_2": 1.26222,
        "23_2": 0.81195,
        "38_2": 0.36917,
        "39_2": 0.24768,
        "40_2": 0.32873,
        "44_2": 0.52594,
        "51_2": 0.36231,
        "61_2": 1.38907,
        "62_2": 0.20839,
        "67_2": 0.04726,
        "68_2": 0.1778,
        "77_2": 0.7188,
        "1_3": 0.12285,
        "4_3": 0.5825,
        "5_3": 0.30305,
        "13_3": 0.34411,
        "14_3": 0.02164,
        "18_3": 0.08789,
        "19_3": 0.56847,
        "35_3": 0.06425,
        "45_3": 0.32667,
        "46_3": 0.70671,
        "48_3": 0.095,
        "50_3": 0.34912,
        "51_3": 0.39507,
        "53_3": 0.79357,
        "58_3": 2.5308,
        "61_3": 0.75877,
        "62_3": 0.04501,
        "66_3": 0.3293,
        "73_3": 0.22687,
        "80_3": 0.12409,
        "6_4": 2.97873,
        "14_4": 1.20448,
        "23_4": 0.85604,
        "30_4": 0.51256,
        "36_4": 0.1728,
        "41_4": 0.81585,
        "48_4": 0.14236,
        "54_4": 4.94077,
        "67_4": 0.30882,
        "71_4": 2.12936,
        "72_4": 1.95147,
        "81_4": 0.16656,
        "82_4": 1.53293,
        "84_4": 0.15375,
        "1_5": 0.67749,
        "7_5": 0.50189,
        "16_5": 1.02416,
        "24_5": 1.00025,
        "28_5": 0.39893,
        "34_5": 0.56131,
        "39_5": 0.06245,
        "43_5": 0.44882,
        "53_5": 2.01143,
        "60_5": 0.31384,
        "62_5": 1.57919,
        "66_5": 0.69571,
        "68_5": 0.22768,
        "83_5": 0.96338,
        "4_6": 2.45026,
        "11_6": 1.26761,
        "12_6": 0.07368,
        "20_6": 0.77446,
        "33_6": 3.09189,
        "38_6": 1.08965,
        "39_6": 0.41699,
        "42_6": 1.28825,
        "83_6": 1.88002,
        "12_7": 0.74207,
        "13_7": 0.83209,
        "27_7": 6.51574,
        "38_7": 0.1353,
        "46_7": 2.62953,
        "50_7": 0.22826,
        "55_7": 0.75841,
        "59_7": 0.54202,
        "61_7": 0.36486,
        "65_7": 0.74687,
        "85_7": 0.21152,
        "7_8": 0.58766,
        "12_8": 0.23746,