{
    "throughput": 9.0,
    "class_probs": {
        "0": 0.01301468963165051,
        "1": 0.05206781921231812,
        "2": 0.059080856082941634,
        "3": 0.058472612505942864,
        "4": 0.028908643665834007,
        "5": 0.056193858146041255,
        "6": 0.024349673941931597,
        "7": 0.03932196752969717,
        "8": 0.05308651874203354,
        "9": 0.0670885491598316,
        "10": 0.010855514227555874,
        "11": 0.014518359061552785,
        "12": 0.04933759247212301,
        "13": 0.02522430409426555,
        "14": 0.04058973696386869,
        "15": 0.06329952401947465,
        "16": 0.06696939022685133,
        "17": 0.04523428005905022,
        "18": 0.02434187099593813,
        "19": 0.0337467378815632,
        "20": 0.03939454915907239,
        "21": 0.02530495808361386,
        "22": 0.04989106016685728,
        "23": 0.009865908406682004,
        "24": 0.04984102556330874
    },
    "best_objective": 75.37017376722669,
    "classes": [
        "0",
        "1",
        "2",
        "3",
        "4",
        "5",
        "6",
        "7",
        "8",
        "9",
        "10",
        "11",
        "12",
        "13",
        "14",
        "15",
        "16",
        "17",
        "18",
        "19",
        "20",
        "21",
        "22",
        "23",
        "24"
    ],
    "resources": [
        "0",
        "1",
        "2",
        "3",
        "4",
        "5",
        "6",
        "7",
        "8",
        "9"
    ],
    "demands": {
        "0_0": 0.61097,
        "2_0": 0.14507,
        "4_0": 0.12827,
        "6_0": 0.06547,
        "8_0": 0.01397,
        "15_0": 0.08018,
        "19_0": 0.21294,
        "23_0": 0.48377,
        "24_0": 0.07824,
        "3_1": 0.46987,
        "4_1": 0.10709,
        "6_1": 0.024,
        "7_1": 0.61439,
        "11_1": 0.31573,
        "15_1": 0.08007,
        "20_1": 0.0174,
        "23_1": 0.94709,
        "1_2": 0.11045,
        "2_2": 0.29508,
        "4_2": 0.37889,
        "6_2": 0.81421,
        "8_2": 0.02334,
        "9_2": 0.29958,
        "16_2": 0.17837,
        "17_2": 0.23942,
        "19_2": 0.01689,
        "7_3": 0.10072,
        "8_3": 0.05989,
        "10_3": 0.55518,
        "11_3": 0.38687,
        "14_3": 0.08471,
        "15_3": 0.06494,
        "18_3": 0.11028,
        "19_3": 0.14387,
        "20_3": 0.11909,
        "23_3": 0.30244,
        "24_3": 0.04909,
        "0_4": 0.22729,
        "1_4": 0.00686,
        "4_4": 0.35704,
        "6_4": 0.0615,
        "10_4": 0.62152,
        "12_4": 0.103,
        "15_4": 0.06184,
        "16_4": 0.00793,
        "21_4": 0.37061,
        "0_5": 0.39261,
        "2_5": 0.06735,
        "6_5": 0.24215,
        "9_5": 0.09566,
        "15_5": 0.08008,
        "19_5": 0.1543,
        "24_5": 0.08196,
        "3_6": 0.15616,
        "6_6": 0.10319,
        "11_6": 0.73291,
        "12_6": 0.00986,
        "14_6": 0.13929,
        "17_6": 0.08602,
        "19_6": 0.40552,
        "21_6": 0.2794,
        "1_7": 0.13579,
        "8_7": 0.22223,
        "10_7": 1.00919,
        "11_7": 0.334,
        "12_7": 0.29659,
        "13_7": 0.36267,
        "17_7": 0.14776,
        "19_7": 0.15368,
        "22_7": 0.15658,
        "23_7": 1.47887,
        "1_8": 0.01928,
        "4_8": 0.26214,
        "6_8": 0.11726,
        "8_8": 0.10931,
        "10_8": 0.79529,
        "12_8": 0.15452,
        "13_8": 0.23141,
        "15_8": 0.06856,
        "17_8": 0.08161,
        "20_8": 0.07026,
        "21_8": 0.2562,
        "23_8": 0.67164,
        "0_9": 0.65476,
        "2_9": 0.1972,
        "5_9": 0.1218,
        "10_9": 0.99275,
        "16_9": 0.09013,
        "19_9": 0.28033,
        "22_9": 0.17305,
        "23_9": 0.61434,
        "24_9": 0.15648
    },
    "best": {
        "0": 7.218259060925931,
        "1": 10.219413352228898,
        "2": 4.3214994910397015,
        "3": 7.707198082729168,
        "4": 5.554057200917255,
        "5": 2.19442895846924,
        "6": 2.637492204705548,
        "7": 14.371742157243071,
        "8": 10.487479526012448,
        "9": 10.658603732955447
    },
    "best_mrt": [
        408.6111192610995,
        45.46391101792878,
        162.9203182396974,
        121.53079024161568,
        235.61835442982107,
        12.208625783372637,
        450.0000000002404,
        78.14743535331314,
        44.472486776291234,
        138.33270163422193,
        450.000000000139,
        450.00000000000404,
        61.91108134117107,
        50.12223314534746,
        76.07669724957941,
        90.61609186013386,
        62.51013039824441,
        128.6969354064301,
        15.083599231159349,
        365.39425160490987,
        25.19551926697236,
        226.64171625067942,
        28.91230666892549,
        450.0000000000983,
        77.62896499688124
    ],
    "SLA": 450
}