{
    "throughput": 7.0,
    "class_probs": {
        "0": 0.037565144098509605,
        "1": 0.010123635976472884,
        "2": 0.02593776258185281,
        "3": 0.0612365474459327,
        "4": 0.048398023730349606,
        "5": 0.032483353535751,
        "6": 0.06762058129668047,
        "7": 0.011195257846990466,
        "8": 0.05703615002564581,
        "9": 0.05747598905102085,
        "10": 0.03879558832401985,
        "11": 0.05906505458863475,
        "12": 0.030526872174330043,
        "13": 0.025463826361462306,
        "14": 0.02679778449060324,
        "15": 0.05703291112089451,
        "16": 0.025705143904727463,
        "17": 0.060463407134273964,
        "18": 0.042376518302690624,
        "19": 0.05244630599152914,
        "20": 0.027649447729806757,
        "21": 0.011574219126784446,
        "22": 0.0279126456361375,
        "23": 0.04346768762576865,
        "24": 0.06165014189913046
    },
    "best_objective": 89.81688964166469,
    "classes": [
        "0",
        "1",
        "2",
        "3",
        "4",
        "5",
        "6",
        "7",
        "8",
        "9",
        "10",
        "11",
        "12",
        "13",
        "14",
        "15",
        "16",
        "17",
        "18",
        "19",
        "20",
        "21",
        "22",
        "23",
        "24"
    ],
    "resources": [
        "0",
        "1",
        "2",
        "3",
        "4",
        "5",
        "6",
        "7",
        "8",
        "9"
    ],
    "demands": {
        "2_0": 1.15448,
        "4_0": 0.03664,
        "7_0": 2.30998,
        "8_0": 0.00625,
        "11_0": 0.23942,
        "12_0": 0.04769,
        "17_0": 0.15341,
        "19_0": 0.01198,
        "20_0": 1.29845,
        "21_0": 0.42004,
        "0_1": 0.02623,
        "1_1": 0.84951,
        "5_1": 0.36667,
        "7_1": 1.08028,
        "8_1": 0.09301,
        "9_1": 0.15188,
        "12_1": 0.03121,
        "13_1": 0.44015,
        "15_1": 0.01129,
        "16_1": 0.00499,
        "17_1": 0.13037,
        "18_1": 0.28571,
        "23_1": 0.14348,
        "24_1": 0.02914,
        "0_2": 0.10343,
        "1_2": 0.72749,
        "2_2": 0.21254,
        "11_2": 0.03019,
        "13_2": 0.09477,
        "14_2": 0.26115,
        "15_2": 0.13896,
        "18_2": 0.0804,
        "19_2": 0.01524,
        "20_2": 0.2717,
        "22_2": 0.27086,
        "24_2": 0.13373,
        "0_3": 0.32557,
        "1_3": 0.27061,
        "3_3": 0.19697,
        "4_3": 0.03978,
        "5_3": 0.34705,
        "9_3": 0.06276,
        "13_3": 0.02038,
        "14_3": 0.07585,
        "16_3": 0.20027,
        "17_3": 0.12191,
        "1_4": 0.56097,
        "8_4": 0.12619,
        "11_4": 0.05439,
        "15_4": 0.17716,
        "16_4": 0.2023,
        "19_4": 0.03731,
        "21_4": 1.29197,
        "22_4": 0.18537,
        "24_4": 0.21269,
        "0_5": 0.2005,
        "3_5": 0.19297,
        "4_5": 0.09408,
        "5_5": 0.08728,
        "6_5": 0.03706,
        "8_5": 0.11804,
        "10_5": 0.02574,
        "11_5": 0.17863,
        "12_5": 0.24887,
        "15_5": 0.11091,
        "17_5": 0.10005,
        "18_5": 0.28057,
        "19_5": 0.21306,
        "23_5": 0.22414,
        "0_6": 0.28825,
        "1_6": 1.1028,
        "4_6": 0.01956,
        "11_6": 0.16932,
        "13_6": 0.0259,
        "21_6": 1.01568,
        "22_6": 0.46865,
        "1_7": 2.48851,
        "2_7": 0.85844,
        "24_7": 0.37892,
        "5_8": 0.28624,
        "9_8": 0.02369,
        "11_8": 0.04967,
        "12_8": 0.56231,
        "13_8": 0.54964,
        "16_8": 0.02637,
        "19_8": 0.18985,
        "23_8": 0.31387,
        "0_9": 0.45078,
        "4_9": 0.10071,
        "5_9": 0.05832,
        "6_9": 0.09179,
        "8_9": 0.04225,
        "9_9": 0.27056,
        "12_9": 0.16537,
        "15_9": 0.22987,
        "16_9": 0.19252,
        "18_9": 0.0838,
        "20_9": 0.42932,
        "23_9": 0.12373,
        "24_9": 0.08043
    },
    "best": {
        "0": 7.259384548524535,
        "1": 12.826601475480585,
        "2": 11.135246877049816,
        "3": 6.90207778637786,
        "4": 9.809940720460492,
        "5": 2.458402933490823,
        "6": 13.510000336862857,
        "7": 20.175681862229123,
        "8": 3.1231731778420433,
        "9": 2.6163799233465417
    },
    "best_mrt": [
        430.6067828707234,
        450.00000000000006,
        244.16969171540333,
        140.22555655600513,
        118.85742826611047,
        271.7120378623969,
        68.43457869052247,
        450.0,
        111.10029703698447,
        170.60586319206837,
        14.656005672262483,
        179.56126734646807,
        450.0000002282013,
        258.24145233935707,
        36.113881917198114,
        214.5695496982489,
        162.18421078080638,
        110.44040532945611,
        233.89204748374564,
        200.52116586552987,
        449.99999999999994,
        281.53144728303465,
        80.94540809940636,
        322.0728805014525,
        98.38734197377508
    ],
    "SLA": 450
}