{
    "throughput": 9.0,
    "class_probs": {
        "0": 0.03497845143192686,
        "1": 0.0519466545473699,
        "2": 0.04416293561922909,
        "3": 0.025191666603625176,
        "4": 0.022275231465488345,
        "5": 0.04226609016206883,
        "6": 0.015281617668918076,
        "7": 0.02965906787474588,
        "8": 0.016902600200751676,
        "9": 0.07451877291175947,
        "10": 0.04025558480136649,
        "11": 0.021470382898203726,
        "12": 0.030946019222025518,
        "13": 0.02565281678258313,
        "14": 0.05292301114264053,
        "15": 0.022342303880273973,
        "16": 0.033114822614662795,
        "17": 0.06405433496274578,
        "18": 0.05498307950388663,
        "19": 0.06849503544950439,
        "20": 0.04583934887446839,
        "21": 0.052427845308023364,
        "22": 0.037557761636841,
        "23": 0.06604988429328641,
        "24": 0.026704680143604644
    },
    "best_objective": 38.540150607900074,
    "classes": [
        "0",
        "1",
        "2",
        "3",
        "4",
        "5",
        "6",
        "7",
        "8",
        "9",
        "10",
        "11",
        "12",
        "13",
        "14",
        "15",
        "16",
        "17",
        "18",
        "19",
        "20",
        "21",
        "22",
        "23",
        "24"
    ],
    "resources": [
        "0",
        "1",
        "2",
        "3",
        "4",
        "5",
        "6",
        "7",
        "8",
        "9"
    ],
    "demands": {
        "5_0": 0.44096,
        "12_0": 0.54544,
        "13_0": 0.14755,
        "14_0": 0.13868,
        "15_0": 0.8509,
        "17_0": 0.02872,
        "18_0": 0.12402,
        "23_0": 0.04414,
        "5_1": 0.06704,
        "7_1": 0.22522,
        "8_1": 0.55136,
        "9_1": 0.01549,
        "10_1": 0.08011,
        "11_1": 0.23127,
        "12_1": 0.08262,
        "14_1": 0.15557,
        "16_1": 0.03767,
        "20_1": 0.12105,
        "21_1": 0.19562,
        "24_1": 0.19691,
        "2_2": 0.18869,
        "4_2": 0.35534,
        "10_2": 0.06323,
        "16_2": 0.0285,
        "18_2": 0.07627,
        "19_2": 0.15924,
        "21_2": 0.22386,
        "24_2": 0.01703,
        "2_3": 0.33088,
        "6_3": 0.5301,
        "9_3": 0.0862,
        "13_3": 0.19064,
        "16_3": 0.30743,
        "17_3": 0.14221,
        "20_3": 0.29134,
        "23_3": 0.03967,
        "24_3": 0.29502,
        "0_4": 0.27202,
        "1_4": 0.08155,
        "2_4": 0.05016,
        "5_4": 0.16017,
        "8_4": 0.06822,
        "18_4": 0.09167,
        "21_4": 0.03567,
        "22_4": 0.09928,
        "1_5": 0.19312,
        "2_5": 0.07639,
        "3_5": 0.80776,
        "4_5": 0.15811,
        "11_5": 0.01008,
        "15_5": 0.71413,
        "16_5": 0.227,
        "21_5": 0.38307,
        "23_5": 0.20095,
        "4_6": 0.65331,
        "7_6": 0.50255,
        "10_6": 0.34246,
        "15_6": 0.18478,
        "16_6": 0.00151,
        "17_6": 0.09815,
        "18_6": 0.15233,
        "24_6": 0.32569,
        "3_7": 0.52304,
        "4_7": 0.30021,
        "8_7": 0.04267,
        "9_7": 0.22189,
        "10_7": 0.23833,
        "12_7": 0.27484,
        "22_7": 0.25056,
        "24_7": 0.31883,
        "0_8": 0.13221,
        "1_8": 0.09167,
        "2_8": 0.08772,
        "3_8": 0.48347,
        "4_8": 0.23125,
        "5_8": 0.05992,
        "8_8": 0.07428,
        "11_8": 0.1851,
        "15_8": 0.24391,
        "18_8": 0.09928,
        "19_8": 0.1728,
        "23_8": 0.09722,
        "1_9": 0.15113,
        "2_9": 0.21848,
        "6_9": 0.21018,
        "10_9": 0.08587,
        "14_9": 0.20924,
        "15_9": 0.17168,
        "17_9": 0.0039,
        "18_9": 0.10598,
        "21_9": 0.1365,
        "22_9": 0.03463,
        "23_9": 0.09453,
        "24_9": 0.02121
    },
    "best": {
        "0": 6.352537802400839,
        "1": 2.2874903734629606,
        "2": 3.134432092662521,
        "3": 2.5989677366704584,
        "4": 1.0,
        "5": 6.32977116107651,
        "6": 5.544559415407284,
        "7": 3.820351723126819,
        "8": 4.336214863632593,
        "9": 3.1358254394600813
    },
    "best_mrt": [
        430.1223725505476,
        236.4446181887081,
        437.867777300607,
        442.4562625038524,
        450.0000000181981,
        365.0155195193856,
        359.4374697042506,
        232.13995369162748,
        450.0000000008128,
        124.35833340121911,
        247.751623017705,
        184.70409027485448,
        230.92064151276554,
        126.1836955570659,
        194.85155249366454,
        450.0000001434296,
        235.3645424785533,
        101.25410738932347,
        281.6076253085031,
        105.08001316589267,
        222.70962775257846,
        369.5604192641755,
        236.64129314113765,
        127.84016437928986,
        450.0000000219014
    ],
    "SLA": 450
}