{
    "throughput": 10.0,
    "class_probs": {
        "0": 0.013972068377344653,
        "1": 0.05058060269961179,
        "2": 0.0407948316547387,
        "3": 0.03671919848694459,
        "4": 0.0590654174785333,
        "5": 0.02322339487348549,
        "6": 0.04017894400939422,
        "7": 0.05514289594242967,
        "8": 0.045013535914223315,
        "9": 0.05812721721456515,
        "10": 0.0332018936891819,
        "11": 0.0699949974720354,
        "12": 0.02607254717741295,
        "13": 0.05441381288062165,
        "14": 0.015936889917817016,
        "15": 0.018803908813391893,
        "16": 0.01418939188664312,
        "17": 0.014376106550811226,
        "18": 0.06705681610624985,
        "19": 0.025337784241363345,
        "20": 0.023622151672301524,
        "21": 0.027522595768485515,
        "22": 0.07100297944659141,
        "23": 0.04659872389954398,
        "24": 0.0690512938262784
    },
    "best_objective": 39.040102841595285,
    "classes": [
        "0",
        "1",
        "2",
        "3",
        "4",
        "5",
        "6",
        "7",
        "8",
        "9",
        "10",
        "11",
        "12",
        "13",
        "14",
        "15",
        "16",
        "17",
        "18",
        "19",
        "20",
        "21",
        "22",
        "23",
        "24"
    ],
    "resources": [
        "0",
        "1",
        "2",
        "3",
        "4",
        "5",
        "6",
        "7",
        "8",
        "9"
    ],
    "demands": {
        "0_0": 1.3492,
        "1_0": 0.02327,
        "2_0": 0.11472,
        "8_0": 0.46679,
        "16_0": 1.39907,
        "23_0": 0.21534,
        "0_1": 0.69541,
        "3_1": 0.19601,
        "4_1": 0.15631,
        "7_1": 0.10703,
        "8_1": 0.22013,
        "10_1": 0.09618,
        "11_1": 0.13465,
        "13_1": 0.10505,
        "15_1": 0.53898,
        "20_1": 0.0633,
        "22_1": 0.10075,
        "1_2": 0.09649,
        "3_2": 0.08227,
        "8_2": 0.05481,
        "9_2": 0.10781,
        "13_2": 0.00688,
        "15_2": 0.24478,
        "19_2": 0.2369,
        "21_2": 0.37137,
        "22_2": 0.09914,
        "23_2": 0.08707,
        "2_3": 0.19259,
        "3_3": 0.06336,
        "4_3": 0.16671,
        "5_3": 0.14628,
        "6_3": 0.01145,
        "8_3": 0.02749,
        "9_3": 0.13905,
        "11_3": 0.08353,
        "15_3": 0.24584,
        "16_3": 0.23314,
        "18_3": 0.01302,
        "21_3": 0.04883,
        "24_3": 0.01185,
        "1_4": 0.04161,
        "2_4": 0.01944,
        "3_4": 0.15686,
        "4_4": 0.12751,
        "6_4": 0.18416,
        "9_4": 0.02447,
        "12_4": 0.07762,
        "15_4": 0.44251,
        "20_4": 0.35527,
        "5_5": 0.19252,
        "6_5": 0.26284,
        "9_5": 0.0655,
        "10_5": 0.00606,
        "13_5": 0.1032,
        "17_5": 0.78745,
        "21_5": 0.26631,
        "2_6": 0.27229,
        "5_6": 0.32344,
        "6_6": 0.33695,
        "12_6": 0.00578,
        "13_6": 0.12709,
        "14_6": 0.52891,
        "22_6": 0.21402,
        "2_7": 0.24074,
        "3_7": 0.01078,
        "6_7": 0.19898,
        "7_7": 0.1652,
        "8_7": 0.15068,
        "12_7": 0.33554,
        "14_7": 0.56971,
        "15_7": 0.28714,
        "16_7": 0.57002,
        "17_7": 0.60903,
        "19_7": 0.21723,
        "20_7": 0.01414,
        "23_7": 0.05874,
        "12_8": 0.82046,
        "13_8": 0.27104,
        "24_8": 0.53779,
        "2_9": 0.12562,
        "5_9": 0.23238,
        "6_9": 0.01159,
        "9_9": 0.23515,
        "18_9": 0.13368,
        "20_9": 0.54858,
        "21_9": 0.02857,
        "23_9": 0.24659
    },
    "best": {
        "0": 5.863910417468875,
        "1": 5.012387406454621,
        "2": 3.3304271906934693,
        "3": 4.216651599664324,
        "4": 4.356314154980667,
        "5": 2.8273955211169675,
        "6": 2.371561176167026,
        "7": 5.855815765598453,
        "8": 3.010874164919138,
        "9": 2.1947654445317473
    },
    "best_mrt": [
        428.8678890750534,
        49.13586923915034,
        361.5398066516031,
        134.60649007426727,
        114.42092746050596,
        450.0000000000006,
        399.94597323336575,
        58.206671445427986,
        200.18510940323418,
        255.36214977105877,
        25.313602116802894,
        54.370951090788836,
        450.00000000000006,
        262.293572602539,
        416.73620574239897,
        450.0000000000008,
        450.00000000000045,
        450.0,
        86.73028534491537,
        126.58452730803101,
        450.0000000000001,
        272.86436307618436,
        181.54341950797544,
        238.0099259064851,
        239.2554463050683
    ],
    "SLA": 450
}