{
    "throughput": 6.0,
    "class_probs": {
        "0": 0.019286582910889267,
        "1": 0.058303306497269114,
        "2": 0.06811699861675811,
        "3": 0.02786490056664609,
        "4": 0.024327869500305754,
        "5": 0.06628281299242819,
        "6": 0.014401261620255495,
        "7": 0.007050432380174534,
        "8": 0.036563607577222955,
        "9": 0.05114143684789168,
        "10": 0.01411453607704167,
        "11": 0.046267211273316004,
        "12": 0.012288503593176599,
        "13": 0.06125672790192982,
        "14": 0.016848801741492673,
        "15": 0.060727691161857875,
        "16": 0.043807888658703956,
        "17": 0.05416237709904907,
        "18": 0.051962706181260934,
        "19": 0.06361810552037318,
        "20": 0.054667266271772284,
        "21": 0.04877262474206457,
        "22": 0.00867687175881251,
        "23": 0.022103092962166736,
        "24": 0.06738638554714103
    },
    "best_objective": 82.7010283198264,
    "classes": [
        "0",
        "1",
        "2",
        "3",
        "4",
        "5",
        "6",
        "7",
        "8",
        "9",
        "10",
        "11",
        "12",
        "13",
        "14",
        "15",
        "16",
        "17",
        "18",
        "19",
        "20",
        "21",
        "22",
        "23",
        "24"
    ],
    "resources": [
        "0",
        "1",
        "2",
        "3",
        "4",
        "5",
        "6",
        "7",
        "8",
        "9"
    ],
    "demands": {
        "1_0": 0.32196,
        "3_0": 0.58432,
        "4_0": 0.05015,
        "5_0": 0.10252,
        "10_0": 1.09837,
        "11_0": 0.00721,
        "13_0": 0.12213,
        "14_0": 0.0237,
        "18_0": 0.23062,
        "20_0": 0.3428,
        "21_0": 0.16944,
        "0_1": 0.63321,
        "1_1": 0.22396,
        "8_1": 0.20374,
        "9_1": 0.27534,
        "10_1": 0.88303,
        "12_1": 0.45521,
        "13_1": 0.13303,
        "14_1": 0.65306,
        "15_1": 0.08015,
        "22_1": 1.51538,
        "23_1": 0.64506,
        "24_1": 0.09485,
        "8_2": 0.38247,
        "17_2": 0.06164,
        "19_2": 0.26124,
        "20_2": 0.1783,
        "21_2": 0.23049,
        "23_2": 0.54848,
        "24_2": 0.07413,
        "3_3": 0.80171,
        "7_3": 0.37684,
        "8_3": 0.30663,
        "15_3": 0.49735,
        "18_3": 0.04526,
        "20_3": 0.44112,
        "22_3": 3.11521,
        "5_4": 0.45986,
        "9_4": 0.62909,
        "11_4": 0.07464,
        "16_4": 0.70686,
        "2_5": 0.29086,
        "6_5": 1.3813,
        "7_5": 2.61,
        "16_5": 0.45495,
        "19_5": 0.36613,
        "23_5": 0.96217,
        "24_5": 0.07491,
        "7_6": 0.14566,
        "8_6": 0.7476,
        "10_6": 1.77791,
        "11_6": 0.62416,
        "12_6": 1.45254,
        "18_6": 0.09369,
        "23_6": 0.78178,
        "1_7": 0.17022,
        "3_7": 0.11866,
        "4_7": 0.38524,
        "6_7": 0.61916,
        "8_7": 0.17262,
        "12_7": 0.22942,
        "13_7": 0.05309,
        "16_7": 0.02001,
        "19_7": 0.00594,
        "20_7": 0.18755,
        "21_7": 0.20242,
        "24_7": 0.0469,
        "1_8": 0.06119,
        "6_8": 0.82669,
        "8_8": 0.31735,
        "10_8": 0.52845,
        "12_8": 0.15482,
        "14_8": 0.70365,
        "15_8": 0.1324,
        "17_8": 0.1313,
        "20_8": 0.23719,
        "1_9": 0.31506,
        "2_9": 0.24675,
        "5_9": 0.02705,
        "6_9": 0.72544,
        "8_9": 0.35057,
        "9_9": 0.29741,
        "10_9": 0.18695,
        "15_9": 0.17501,
        "16_9": 0.19026,
        "18_9": 0.31032,
        "24_9": 0.18975
    },
    "best": {
        "0": 9.276497727263493,
        "1": 11.538240674532522,
        "2": 2.9464140358192887,
        "3": 10.777745017226481,
        "4": 2.486851891845168,
        "5": 10.059527327679389,
        "6": 12.131147915709303,
        "7": 6.137955155632738,
        "8": 9.37981711993857,
        "9": 7.966831454179458
    },
    "best_mrt": [
        58.618697565358296,
        138.25946724646968,
        65.51476982260581,
        168.03974656811425,
        73.06698116739061,
        257.0848360162593,
        450.0000000009642,
        331.0825399421606,
        381.3979940964679,
        397.0651626952783,
        450.00000000018247,
        94.79199221149294,
        226.99930942746343,
        35.71712253512226,
        142.0713800187143,
        95.97693149693279,
        450.0000000001377,
        39.23508574439742,
        82.44040286787742,
        144.34214471389373,
        213.7767967918019,
        146.6283086034067,
        450.0000000000207,
        450.0000000002985,
        80.8290124491929
    ],
    "SLA": 450
}