{
    "throughput": 8.0,
    "class_probs": {
        "0": 0.008787406164685754,
        "1": 0.04869656876358445,
        "2": 0.014835950691367807,
        "3": 0.05227375046353834,
        "4": 0.01449069943373832,
        "5": 0.048703137662204694,
        "6": 0.05047737022940227,
        "7": 0.008384412507768713,
        "8": 0.03832268017097484,
        "9": 0.04028403939733545,
        "10": 0.05467197742792518,
        "11": 0.0434472125751151,
        "12": 0.043556487165735416,
        "13": 0.04712973943426702,
        "14": 0.05143034813043236,
        "15": 0.047596635257443884,
        "16": 0.032113407744015623,
        "17": 0.06638365287833375,
        "18": 0.04069114117030434,
        "19": 0.010116888911386252,
        "20": 0.029823960584095525,
        "21": 0.0653946062347291,
        "22": 0.01008528877100015,
        "23": 0.06285849310336239,
        "24": 0.06944414512725315
    },
    "best_objective": 102.23088062727703,
    "classes": [
        "0",
        "1",
        "2",
        "3",
        "4",
        "5",
        "6",
        "7",
        "8",
        "9",
        "10",
        "11",
        "12",
        "13",
        "14",
        "15",
        "16",
        "17",
        "18",
        "19",
        "20",
        "21",
        "22",
        "23",
        "24"
    ],
    "resources": [
        "0",
        "1",
        "2",
        "3",
        "4",
        "5",
        "6",
        "7",
        "8",
        "9"
    ],
    "demands": {
        "7_0": 1.78952,
        "9_0": 0.66773,
        "11_0": 0.23378,
        "12_0": 0.31054,
        "13_0": 0.05692,
        "2_1": 0.50123,
        "4_1": 0.48144,
        "7_1": 1.03645,
        "8_1": 0.21763,
        "12_1": 0.06085,
        "13_1": 0.20294,
        "21_1": 0.02557,
        "22_1": 1.04939,
        "0_2": 1.07574,
        "6_2": 0.10006,
        "8_2": 0.00124,
        "9_2": 0.2702,
        "10_2": 0.08916,
        "17_2": 0.16764,
        "21_2": 0.06523,
        "24_2": 0.0343,
        "3_3": 0.04369,
        "5_3": 0.03441,
        "7_3": 0.27761,
        "10_3": 0.65865,
        "12_3": 0.09275,
        "14_3": 0.47824,
        "16_3": 0.30643,
        "22_3": 2.60454,
        "23_3": 0.03334,
        "1_4": 0.06524,
        "8_4": 0.0461,
        "9_4": 0.26204,
        "11_4": 0.04566,
        "16_4": 0.42157,
        "21_4": 0.13191,
        "22_4": 0.06541,
        "4_5": 0.22823,
        "5_5": 0.14061,
        "6_5": 0.11684,
        "8_5": 0.1513,
        "11_5": 0.10417,
        "15_5": 0.30832,
        "16_5": 0.34492,
        "18_5": 0.11661,
        "19_5": 1.33631,
        "20_5": 0.41974,
        "22_5": 1.32786,
        "0_6": 0.27075,
        "2_6": 0.74555,
        "3_6": 0.0595,
        "4_6": 0.06234,
        "9_6": 0.135,
        "11_6": 0.15901,
        "12_6": 0.03766,
        "13_6": 0.23816,
        "14_6": 0.10521,
        "15_6": 0.04844,
        "16_6": 0.04282,
        "17_6": 0.10487,
        "18_6": 0.2923,
        "23_6": 0.12438,
        "24_6": 0.17481,
        "0_7": 0.80106,
        "1_7": 0.36136,
        "7_7": 0.24119,
        "9_7": 0.35721,
        "10_7": 0.096,
        "11_7": 0.11615,
        "12_7": 0.05905,
        "15_7": 0.18933,
        "16_7": 0.12185,
        "17_7": 0.17408,
        "19_7": 1.46117,
        "21_7": 0.15716,
        "22_7": 0.79287,
        "0_8": 1.43511,
        "4_8": 0.39084,
        "6_8": 0.20213,
        "13_8": 0.08199,
        "20_8": 0.03614,
        "21_8": 0.01811,
        "22_8": 1.03573,
        "3_9": 0.08887,
        "9_9": 0.4786,
        "10_9": 0.07797,
        "13_9": 0.13041,
        "14_9": 0.28657,
        "19_9": 0.42276,
        "23_9": 0.23082
    },
    "best": {
        "0": 5.8271095607840175,
        "1": 13.689068731645417,
        "2": 5.8964966751401935,
        "3": 21.38802652162733,
        "4": 4.455700815598076,
        "5": 15.388299092378533,
        "6": 3.77789623970258,
        "7": 13.36654402350565,
        "8": 14.438036903167738,
        "9": 4.0037020637274745
    },
    "best_mrt": [
        449.99999999659343,
        44.75112242875397,
        282.02814217013486,
        47.29538460535315,
        100.15099321484153,
        11.296361237073116,
        40.50495327109537,
        449.99999999900507,
        38.16391141682763,
        449.99999999859176,
        78.50678281126326,
        123.82991398137506,
        84.98767158444082,
        147.6099805018706,
        140.57305793285389,
        52.13346886416548,
        164.3193199979191,
        78.71521360665032,
        103.7087269268767,
        330.7003384941254,
        31.281355094325523,
        59.564538956319986,
        449.9999999967197,
        109.05595720524242,
        63.47523160709445
    ],
    "SLA": 450
}