{
    "throughput": 5.0,
    "class_probs": {
        "0": 0.022233773959859652,
        "1": 0.09149849047825187,
        "2": 0.024448042763774148,
        "3": 0.09129107961390305,
        "4": 0.050660466278064226,
        "5": 0.15732718947842855,
        "6": 0.08503383674761476,
        "7": 0.08965576398237224,
        "8": 0.11144422779881258,
        "9": 0.0852755569380337,
        "10": 0.08594808725743792,
        "11": 0.10518348470344732
    },
    "best_objective": 70.3262190632575,
    "classes": [
        "0",
        "1",
        "2",
        "3",
        "4",
        "5",
        "6",
        "7",
        "8",
        "9",
        "10",
        "11"
    ],
    "resources": [
        "0",
        "1",
        "2",
        "3",
        "4",
        "5",
        "6",
        "7",
        "8",
        "9"
    ],
    "demands": {
        "1_0": 0.45186,
        "7_0": 0.91582,
        "0_1": 0.84204,
        "1_1": 0.3614,
        "4_1": 0.58717,
        "6_1": 0.30375,
        "7_1": 0.15604,
        "9_1": 0.1136,
        "11_1": 0.2274,
        "4_2": 0.93201,
        "9_2": 0.33744,
        "10_2": 0.3741,
        "5_3": 0.33638,
        "6_3": 0.53088,
        "8_3": 0.34486,
        "1_4": 0.29443,
        "2_4": 1.01163,
        "8_4": 0.14024,
        "9_4": 0.14757,
        "10_4": 0.35425,
        "7_5": 0.2012,
        "8_5": 0.24946,
        "9_5": 0.09759,
        "10_5": 0.41288,
        "1_6": 0.70514,
        "5_6": 0.34146,
        "10_6": 0.31781,
        "1_7": 0.19449,
        "3_7": 0.23751,
        "5_7": 0.09543,
        "6_7": 0.2607,
        "9_7": 0.21342,
        "11_7": 0.08577,
        "0_8": 0.137,
        "1_8": 0.19532,
        "4_8": 0.18301,
        "5_8": 0.08228,
        "6_8": 0.41778,
        "11_8": 0.39895,
        "1_9": 0.13604,
        "2_9": 0.03608,
        "4_9": 0.43207,
        "5_9": 0.0341,
        "7_9": 0.08114,
        "9_9": 0.29448
    },
    "best": {
        "0": 8.373947645813384,
        "1": 9.753025571116453,
        "2": 7.400698672101848,
        "3": 4.081614316224258,
        "4": 7.25032651861477,
        "5": 3.0184967924570083,
        "6": 10.676443121324297,
        "7": 6.138181331365438,
        "8": 7.173123138168742,
        "9": 6.460361956071296
    },
    "best_mrt": [
        114.63925379534726,
        300.00000000867544,
        156.9387668908336,
        42.270778580845885,
        300.00000000007583,
        168.38482137392134,
        300.0000000106741,
        227.03988330614624,
        219.44736253998175,
        208.13556116051296,
        300.0000000014835,
        101.31571371670795
    ],
    "SLA": 300
}