{
    "throughput": 7.0,
    "class_probs": {
        "0": 0.027276529223336468,
        "1": 0.04494542263156054,
        "2": 0.04850058289642887,
        "3": 0.036354035441006995,
        "4": 0.038512581186305295,
        "5": 0.006947586519447547,
        "6": 0.007410233569927507,
        "7": 0.011753441399981664,
        "8": 0.058847803156508116,
        "9": 0.04149254357315551,
        "10": 0.016308872966927856,
        "11": 0.05021164178419551,
        "12": 0.06387470111903523,
        "13": 0.03236518528740372,
        "14": 0.050491086052498774,
        "15": 0.058587854997306114,
        "16": 0.01858716980707224,
        "17": 0.05898532236906566,
        "18": 0.05416148920600643,
        "19": 0.06198495064243432,
        "20": 0.04201649741372213,
        "21": 0.01992726526819694,
        "22": 0.05570140548663861,
        "23": 0.051159286184755834,
        "24": 0.043596511817082045
    },
    "best_objective": 137.90708848632278,
    "classes": [
        "0",
        "1",
        "2",
        "3",
        "4",
        "5",
        "6",
        "7",
        "8",
        "9",
        "10",
        "11",
        "12",
        "13",
        "14",
        "15",
        "16",
        "17",
        "18",
        "19",
        "20",
        "21",
        "22",
        "23",
        "24"
    ],
    "resources": [
        "0",
        "1",
        "2",
        "3",
        "4",
        "5",
        "6",
        "7",
        "8",
        "9"
    ],
    "demands": {
        "0_0": 0.06574,
        "1_0": 0.14124,
        "3_0": 0.12059,
        "5_0": 0.00821,
        "7_0": 1.58923,
        "13_0": 0.12894,
        "14_0": 0.39825,
        "19_0": 0.20876,
        "21_0": 1.05964,
        "24_0": 0.46063,
        "4_1": 0.48308,
        "6_1": 0.19781,
        "9_1": 0.27038,
        "21_1": 0.47587,
        "22_1": 0.05952,
        "1_2": 0.39099,
        "3_2": 0.25462,
        "6_2": 3.30794,
        "8_2": 0.38795,
        "9_2": 0.11878,
        "11_2": 0.16958,
        "12_2": 0.0969,
        "15_2": 0.1372,
        "20_2": 0.17515,
        "0_3": 0.04221,
        "2_3": 0.06637,
        "7_3": 0.74135,
        "9_3": 0.25842,
        "10_3": 0.64936,
        "12_3": 0.06624,
        "13_3": 0.20712,
        "14_3": 0.07795,
        "17_3": 0.03394,
        "18_3": 0.18897,
        "19_3": 0.05312,
        "20_3": 0.21725,
        "1_4": 0.24486,
        "5_4": 2.14026,
        "6_4": 0.88293,
        "10_4": 0.75441,
        "20_4": 0.11534,
        "21_4": 0.28416,
        "3_5": 0.5905,
        "6_5": 0.73605,
        "7_5": 0.83376,
        "12_5": 0.13293,
        "17_5": 0.16109,
        "19_5": 0.97973,
        "0_6": 0.13434,
        "6_6": 3.13271,
        "11_6": 0.4809,
        "13_6": 0.79184,
        "15_6": 0.00033,
        "18_6": 0.28666,
        "22_6": 0.15249,
        "24_6": 0.40483,
        "2_7": 0.08516,
        "3_7": 0.33944,
        "5_7": 0.72153,
        "7_7": 0.91025,
        "9_7": 0.02871,
        "10_7": 0.33849,
        "11_7": 0.16571,
        "13_7": 0.00559,
        "23_7": 0.03289,
        "0_8": 0.01236,
        "3_8": 0.311,
        "7_8": 0.91606,
        "12_8": 0.07878,
        "16_8": 0.28834,
        "18_8": 0.22102,
        "22_8": 0.11657,
        "1_9": 0.08505,
        "2_9": 0.15837,
        "4_9": 0.22889,
        "5_9": 0.39862,
        "7_9": 0.42374,
        "8_9": 0.13409,
        "13_9": 0.13062,
        "15_9": 0.16124,
        "16_9": 0.0845,
        "19_9": 0.15016,
        "20_9": 0.22909,
        "22_9": 0.02289,
        "23_9": 0.04977
    },
    "best": {
        "0": 15.71460927438448,
        "1": 5.817802256222653,
        "2": 23.293447977746137,
        "3": 10.726112398856447,
        "4": 12.025908758996554,
        "5": 15.97858058692607,
        "6": 22.752592517550692,
        "7": 11.65547081468713,
        "8": 11.706830009113434,
        "9": 8.235733891839162
    },
    "best_mrt": [
        15.74964040687105,
        58.861436847627886,
        34.54919738658117,
        115.70709154460711,
        117.3427623258245,
        299.8643202086962,
        449.9999999942145,
        450.00000000009106,
        34.59362675037551,
        82.20217555416151,
        158.34789884017474,
        44.110980295964346,
        26.49435709827011,
        82.4506206401278,
        34.28009891756102,
        26.996335097247798,
        36.35734665577492,
        13.943279855648633,
        51.06244582373995,
        103.20734341717066,
        68.64741166432367,
        181.68518920018332,
        30.997198187539368,
        9.356093672450958,
        49.282848362110585
    ],
    "SLA": 450
}