{
    "throughput": 8.0,
    "class_probs": {
        "0": 0.0381930772658355,
        "1": 0.03372257091884942,
        "2": 0.03140912356245192,
        "3": 0.06436420279428127,
        "4": 0.03460582820904799,
        "5": 0.023907521314989907,
        "6": 0.05482876406392412,
        "7": 0.05780534653019248,
        "8": 0.042015709371791166,
        "9": 0.04496777720893929,
        "10": 0.06278622215438244,
        "11": 0.035125588938029105,
        "12": 0.027106711469898858,
        "13": 0.03993217846456395,
        "14": 0.028365109450427858,
        "15": 0.062440553683906344,
        "16": 0.009756173284011432,
        "17": 0.014490482259721986,
        "18": 0.02745538818077015,
        "19": 0.043050248351371626,
        "20": 0.03555958568893875,
        "21": 0.03601976819838886,
        "22": 0.03287235829443988,
        "23": 0.05220367651223692,
        "24": 0.06701603382860875
    },
    "best_objective": 48.23251330976052,
    "classes": [
        "0",
        "1",
        "2",
        "3",
        "4",
        "5",
        "6",
        "7",
        "8",
        "9",
        "10",
        "11",
        "12",
        "13",
        "14",
        "15",
        "16",
        "17",
        "18",
        "19",
        "20",
        "21",
        "22",
        "23",
        "24"
    ],
    "resources": [
        "0",
        "1",
        "2",
        "3",
        "4",
        "5",
        "6",
        "7",
        "8",
        "9"
    ],
    "demands": {
        "0_0": 0.08023,
        "3_0": 0.14143,
        "8_0": 0.17085,
        "9_0": 0.16096,
        "10_0": 0.0562,
        "13_0": 0.15412,
        "15_0": 0.03921,
        "17_0": 0.65949,
        "24_0": 0.01496,
        "7_1": 0.27834,
        "11_1": 0.16996,
        "12_1": 0.07873,
        "14_1": 0.22936,
        "15_1": 0.05179,
        "18_1": 0.23739,
        "22_1": 0.43406,
        "23_1": 0.34222,
        "0_2": 0.28302,
        "2_2": 0.11603,
        "5_2": 0.28951,
        "8_2": 0.17643,
        "9_2": 0.06406,
        "10_2": 0.11748,
        "14_2": 0.35509,
        "16_2": 0.92689,
        "19_2": 0.28621,
        "20_2": 0.13478,
        "22_2": 0.3659,
        "9_3": 0.18863,
        "10_3": 0.06602,
        "12_3": 0.31133,
        "16_3": 0.7864,
        "21_3": 0.09087,
        "22_3": 0.22472,
        "0_4": 0.12468,
        "1_4": 0.07279,
        "2_4": 0.119,
        "4_4": 0.13407,
        "5_4": 0.23489,
        "9_4": 0.08598,
        "10_4": 0.01376,
        "12_4": 0.19521,
        "13_4": 0.02219,
        "14_4": 0.1324,
        "15_4": 0.042,
        "16_4": 0.35021,
        "22_4": 0.03427,
        "24_4": 0.03518,
        "3_5": 0.15904,
        "6_5": 0.37392,
        "9_5": 0.21127,
        "19_5": 0.46861,
        "20_5": 0.35672,
        "1_6": 0.31061,
        "3_6": 0.07116,
        "8_6": 0.20415,
        "10_6": 0.12001,
        "13_6": 0.07058,
        "14_6": 0.40181,
        "17_6": 0.44733,
        "21_6": 0.44031,
        "22_6": 0.42259,
        "23_6": 0.06736,
        "24_6": 0.14228,
        "2_7": 0.35574,
        "3_7": 0.14617,
        "4_7": 0.25025,
        "5_7": 0.08048,
        "7_7": 0.09829,
        "8_7": 0.01101,
        "10_7": 0.14891,
        "11_7": 0.01675,
        "13_7": 0.22217,
        "14_7": 0.16362,
        "15_7": 0.18374,
        "19_7": 0.12218,
        "21_7": 0.02238,
        "24_7": 0.01857,
        "2_8": 0.24259,
        "3_8": 0.18646,
        "4_8": 0.23561,
        "5_8": 0.3054,
        "6_8": 0.09164,
        "7_8": 0.18828,
        "10_8": 0.16871,
        "12_8": 0.32691,
        "13_8": 0.01606,
        "14_8": 0.07102,
        "18_8": 0.43068,
        "20_8": 0.08194,
        "3_9": 0.01391,
        "5_9": 0.38803,
        "9_9": 0.11655,
        "15_9": 0.01263,
        "16_9": 1.62743,
        "19_9": 0.45849
    },
    "best": {
        "0": 2.5251538388253385,
        "1": 2.6424663543040903,
        "2": 8.921195181761416,
        "3": 7.446674189075173,
        "4": 5.360475054295303,
        "5": 2.118484188107892,
        "6": 3.9407267783858577,
        "7": 2.503342877542946,
        "8": 1.988796944976237,
        "9": 10.785197902486267
    },
    "best_mrt": [
        97.01810375130567,
        112.13813504573481,
        417.08409134210774,
        417.0283728061878,
        344.05912658378253,
        400.189084732541,
        315.0531559841028,
        334.0368428396322,
        171.65831557561776,
        275.96958761875356,
        301.3048210603478,
        91.40489118959849,
        375.0830037802968,
        230.4218300641331,
        450.000000000169,
        151.55654331582636,
        450.0000000003499,
        450.00000000001353,
        449.9999999999499,
        450.0000000002148,
        312.6876189609977,
        163.044395059839,
        426.1415331819596,
        187.14187694958406,
        68.70116533963633
    ],
    "SLA": 450
}