{
    "throughput": 7.0,
    "class_probs": {
        "0": 0.038614328180307064,
        "1": 0.014319156381185562,
        "2": 0.07058970468151779,
        "3": 0.041471137679344926,
        "4": 0.04077575066512359,
        "5": 0.009306459592249636,
        "6": 0.06854249483289498,
        "7": 0.062268519771213886,
        "8": 0.03395220852901973,
        "9": 0.06761524085690601,
        "10": 0.04040369946122869,
        "11": 0.028146005486507645,
        "12": 0.018256399596210594,
        "13": 0.009639401253918663,
        "14": 0.03626292250040724,
        "15": 0.05580328026589709,
        "16": 0.03410059910590145,
        "17": 0.04057120730804351,
        "18": 0.06733725747681818,
        "19": 0.06544406849944813,
        "20": 0.0274330653246206,
        "21": 0.01905862666832275,
        "22": 0.026355486341737618,
        "23": 0.029075815999753504,
        "24": 0.054657163541421215
    },
    "best_objective": 62.41938513209281,
    "classes": [
        "0",
        "1",
        "2",
        "3",
        "4",
        "5",
        "6",
        "7",
        "8",
        "9",
        "10",
        "11",
        "12",
        "13",
        "14",
        "15",
        "16",
        "17",
        "18",
        "19",
        "20",
        "21",
        "22",
        "23",
        "24"
    ],
    "resources": [
        "0",
        "1",
        "2",
        "3",
        "4",
        "5",
        "6",
        "7",
        "8",
        "9"
    ],
    "demands": {
        "1_0": 1.27307,
        "3_0": 0.33163,
        "6_0": 0.29335,
        "10_0": 0.12531,
        "12_0": 1.00395,
        "13_0": 0.09799,
        "16_0": 0.10121,
        "21_0": 0.92781,
        "23_0": 0.36296,
        "0_1": 0.05808,
        "2_1": 0.08532,
        "3_1": 0.047,
        "4_1": 0.22196,
        "5_1": 0.66927,
        "10_1": 0.16588,
        "12_1": 0.159,
        "21_1": 0.4268,
        "22_1": 0.15574,
        "23_1": 0.19713,
        "0_2": 0.3693,
        "2_2": 0.04443,
        "6_2": 0.09896,
        "8_2": 0.3254,
        "9_2": 0.08601,
        "13_2": 1.83442,
        "16_2": 0.35721,
        "17_2": 0.04815,
        "18_2": 0.17263,
        "19_2": 0.16705,
        "21_2": 0.10209,
        "24_2": 0.09845,
        "2_3": 0.01844,
        "3_3": 0.00196,
        "6_3": 0.40042,
        "8_3": 0.72429,
        "11_3": 0.7304,
        "19_3": 0.04716,
        "20_3": 0.55005,
        "22_3": 0.52021,
        "24_3": 0.0976,
        "0_4": 0.21965,
        "6_4": 0.18845,
        "8_4": 0.09533,
        "14_4": 0.67541,
        "15_4": 0.48394,
        "18_4": 0.38582,
        "23_4": 0.773,
        "3_5": 0.54199,
        "7_5": 0.03052,
        "8_5": 0.51404,
        "11_5": 1.66801,
        "19_5": 0.06328,
        "1_6": 0.88897,
        "2_6": 0.00787,
        "4_6": 0.01706,
        "5_6": 1.52138,
        "6_6": 0.2612,
        "10_6": 0.2464,
        "15_6": 0.33299,
        "16_6": 0.52288,
        "17_6": 0.19456,
        "19_6": 0.07292,
        "23_6": 0.20047,
        "0_7": 0.48498,
        "1_7": 0.59573,
        "5_7": 1.36418,
        "9_7": 0.40699,
        "12_7": 0.30274,
        "14_7": 0.63508,
        "17_7": 0.49413,
        "0_8": 0.02546,
        "2_8": 0.06876,
        "7_8": 0.0193,
        "8_8": 0.17325,
        "10_8": 0.09752,
        "11_8": 0.2421,
        "12_8": 0.15112,
        "13_8": 0.29618,
        "14_8": 0.045,
        "15_8": 0.00104,
        "16_8": 0.1921,
        "20_8": 0.21414,
        "21_8": 0.0243,
        "24_8": 0.05884,
        "3_9": 0.23639,
        "10_9": 0.23595,
        "13_9": 0.29513,
        "14_9": 0.09089,
        "16_9": 0.04598,
        "17_9": 0.06593,
        "18_9": 0.03739,
        "19_9": 0.06624,
        "21_9": 0.0457,
        "24_9": 0.12015
    },
    "best": {
        "0": 5.30102028476963,
        "1": 6.044958312775961,
        "2": 7.9779847766979195,
        "3": 5.490781618255058,
        "4": 3.340197228567507,
        "5": 7.7717510169767925,
        "6": 9.81380139606817,
        "7": 9.146262429929793,
        "8": 4.313024607671771,
        "9": 3.2196034603802137
    },
    "best_mrt": [
        214.69615746015828,
        450.00000000000017,
        43.204635462324305,
        238.97756017102472,
        41.01011051471308,
        450.00000000000045,
        268.41615259842047,
        9.130781890874143,
        352.8285806417331,
        60.685584755810524,
        189.59903508963907,
        450.000000000008,
        323.2177756055533,
        450.00000000002143,
        392.37843072963005,
        233.18635069874955,
        193.3569292721009,
        110.09876974825315,
        192.9484298052917,
        72.72676265840924,
        170.48172586538823,
        315.2613004330093,
        137.8424955763828,
        450.00000000000006,
        90.31240969172097
    ],
    "SLA": 450
}