{
    "throughput": 7.0,
    "class_probs": {
        "0": 0.011467261657244416,
        "1": 0.033406890596529584,
        "2": 0.023924675916598723,
        "3": 0.028087353208443328,
        "4": 0.012446066713537136,
        "5": 0.009811383838855678,
        "6": 0.017047346984997633,
        "7": 0.046705953429947863,
        "8": 0.0745845967329658,
        "9": 0.018768754161742597,
        "10": 0.02904156635632608,
        "11": 0.023711587992729648,
        "12": 0.06190802575154182,
        "13": 0.06196016606516259,
        "14": 0.017076081920165166,
        "15": 0.04829233024106447,
        "16": 0.07720234196890162,
        "17": 0.07403033761706283,
        "18": 0.0740404162984445,
        "19": 0.059842781555084504,
        "20": 0.02944060210751189,
        "21": 0.07955222203923658,
        "22": 0.016884704089134707,
        "23": 0.055086593424645926,
        "24": 0.015679959332124745
    },
    "best_objective": 66.19987397722042,
    "classes": [
        "0",
        "1",
        "2",
        "3",
        "4",
        "5",
        "6",
        "7",
        "8",
        "9",
        "10",
        "11",
        "12",
        "13",
        "14",
        "15",
        "16",
        "17",
        "18",
        "19",
        "20",
        "21",
        "22",
        "23",
        "24"
    ],
    "resources": [
        "0",
        "1",
        "2",
        "3",
        "4",
        "5",
        "6",
        "7",
        "8",
        "9"
    ],
    "demands": {
        "2_0": 0.42633,
        "4_0": 1.0975,
        "15_0": 0.31771,
        "16_0": 0.08113,
        "19_0": 0.22614,
        "2_1": 0.70551,
        "7_1": 0.57197,
        "10_1": 1.16973,
        "11_1": 0.99372,
        "17_1": 0.00094,
        "22_1": 0.83232,
        "23_1": 0.10666,
        "3_2": 0.53827,
        "7_2": 0.11588,
        "8_2": 0.01812,
        "9_2": 0.17547,
        "12_2": 0.19042,
        "14_2": 0.04215,
        "15_2": 0.23403,
        "16_2": 0.0734,
        "17_2": 0.18445,
        "18_2": 0.20291,
        "2_3": 0.00876,
        "3_3": 0.02277,
        "4_3": 0.23905,
        "5_3": 0.8858,
        "6_3": 0.3044,
        "8_3": 0.12624,
        "14_3": 0.13159,
        "15_3": 0.18186,
        "17_3": 0.04787,
        "18_3": 0.12989,
        "22_3": 0.17292,
        "24_3": 0.04855,
        "0_4": 1.63054,
        "2_4": 0.16174,
        "4_4": 0.29811,
        "5_4": 1.23048,
        "12_4": 0.05843,
        "15_4": 0.44387,
        "18_4": 0.0089,
        "19_4": 0.02406,
        "10_5": 0.37716,
        "11_5": 1.57681,
        "19_5": 0.21395,
        "23_5": 0.55879,
        "1_6": 0.37402,
        "5_6": 1.0356,
        "6_6": 0.97858,
        "7_6": 0.06687,
        "11_6": 0.19809,
        "13_6": 0.03843,
        "19_6": 0.10658,
        "20_6": 0.32691,
        "22_6": 0.32044,
        "1_7": 0.30742,
        "4_7": 0.55982,
        "7_7": 0.09033,
        "8_7": 0.2679,
        "13_7": 0.21313,
        "14_7": 0.6585,
        "20_7": 0.18904,
        "21_7": 0.20216,
        "22_7": 0.00796,
        "1_8": 0.20386,
        "4_8": 0.43684,
        "5_8": 0.81863,
        "7_8": 0.05948,
        "12_8": 0.29504,
        "19_8": 0.39785,
        "21_8": 0.01196,
        "22_8": 1.34994,
        "23_8": 0.22064,
        "0_9": 0.34724,
        "7_9": 0.49742,
        "9_9": 0.7818,
        "12_9": 0.41864,
        "13_9": 0.4194,
        "14_9": 0.59334,
        "18_9": 0.08251
    },
    "best": {
        "0": 5.981373357423882,
        "1": 6.100429035189017,
        "2": 1.7963197271389786,
        "3": 8.653360089575733,
        "4": 10.154391847124591,
        "5": 7.259983389544204,
        "6": 9.301907718105506,
        "7": 4.590648227732461,
        "8": 9.030832959108675,
        "9": 3.3306276262773804
    },
    "best_mrt": [
        303.78763149026355,
        144.26898553989975,
        228.62100397898155,
        446.50367270517614,
        450.0000000000001,
        450.0000000000004,
        147.95083049421217,
        436.1529396477712,
        97.56889572935923,
        450.00000000000017,
        279.70055308009984,
        450.0,
        361.96013008184644,
        221.75797056112623,
        447.97895948404465,
        317.764182300243,
        75.0807233202888,
        158.02905001096866,
        216.1314925771952,
        135.33060960791707,
        84.66055658457205,
        52.26969102548014,
        379.94876319460315,
        131.26812262853863,
        5.871738531857608
    ],
    "SLA": 450
}