{
    "throughput": 9.0,
    "class_probs": {
        "0": 0.05790333799324956,
        "1": 0.046213391659948394,
        "2": 0.05930902162203635,
        "3": 0.07015427989588985,
        "4": 0.039433563937520365,
        "5": 0.017090534262231893,
        "6": 0.025026117594322207,
        "7": 0.054098753421764775,
        "8": 0.0357690745281259,
        "9": 0.061753287143852954,
        "10": 0.02459830214725621,
        "11": 0.058243707994219185,
        "12": 0.01295605036155203,
        "13": 0.027465943815951868,
        "14": 0.05639769478129453,
        "15": 0.015980235078648913,
        "16": 0.010263509572313617,
        "17": 0.03949328050526259,
        "18": 0.07129231182657413,
        "19": 0.07028119119878022,
        "20": 0.04771231249068634,
        "21": 0.016578269021799565,
        "22": 0.0074316123649055595,
        "23": 0.030218561353475868,
        "24": 0.044335655428337145
    },
    "best_objective": 65.83993206447215,
    "classes": [
        "0",
        "1",
        "2",
        "3",
        "4",
        "5",
        "6",
        "7",
        "8",
        "9",
        "10",
        "11",
        "12",
        "13",
        "14",
        "15",
        "16",
        "17",
        "18",
        "19",
        "20",
        "21",
        "22",
        "23",
        "24"
    ],
    "resources": [
        "0",
        "1",
        "2",
        "3",
        "4",
        "5",
        "6",
        "7",
        "8",
        "9"
    ],
    "demands": {
        "4_0": 0.00726,
        "7_0": 0.10567,
        "12_0": 0.24962,
        "15_0": 0.01706,
        "17_0": 0.1614,
        "21_0": 0.36677,
        "22_0": 0.69224,
        "23_0": 0.11718,
        "24_0": 0.11334,
        "1_1": 0.06346,
        "2_1": 0.03,
        "3_1": 0.02015,
        "6_1": 0.19404,
        "7_1": 0.14847,
        "9_1": 0.17066,
        "10_1": 0.39566,
        "11_1": 0.16072,
        "18_1": 0.10685,
        "20_1": 0.13208,
        "22_1": 0.11747,
        "23_1": 0.34661,
        "0_2": 0.31224,
        "1_2": 0.09764,
        "6_2": 0.57304,
        "8_2": 0.38659,
        "9_2": 0.0771,
        "20_2": 0.27251,
        "22_2": 1.65831,
        "24_2": 0.2384,
        "3_3": 0.21021,
        "4_3": 0.22461,
        "10_3": 0.12949,
        "13_3": 0.36846,
        "18_3": 0.2014,
        "20_3": 0.15396,
        "23_3": 0.38019,
        "24_3": 0.27147,
        "0_4": 0.05683,
        "1_4": 0.07656,
        "2_4": 0.03306,
        "3_4": 0.09897,
        "10_4": 0.07274,
        "12_4": 0.42132,
        "13_4": 0.14331,
        "14_4": 0.07067,
        "15_4": 0.00812,
        "20_4": 0.07511,
        "21_4": 0.34579,
        "22_4": 0.2803,
        "3_5": 0.17727,
        "5_5": 0.64056,
        "12_5": 0.86824,
        "14_5": 0.00498,
        "17_5": 0.04359,
        "19_5": 0.0865,
        "22_5": 1.53937,
        "0_6": 0.2007,
        "2_6": 0.15604,
        "4_6": 0.04853,
        "7_6": 0.22655,
        "9_6": 0.22509,
        "12_6": 1.4192,
        "13_6": 0.15244,
        "19_6": 0.08965,
        "24_6": 0.16087,
        "0_7": 0.17329,
        "5_7": 0.37038,
        "7_7": 0.0059,
        "11_7": 0.15194,
        "12_7": 0.09456,
        "14_7": 0.28786,
        "15_7": 1.11824,
        "20_7": 0.30631,
        "21_7": 0.23527,
        "24_7": 0.43526,
        "5_8": 0.55237,
        "7_8": 0.24264,
        "10_8": 0.15711,
        "15_8": 0.82149,
        "16_8": 1.25612,
        "18_8": 0.17246,
        "20_8": 0.21821,
        "1_9": 0.03926,
        "2_9": 0.0805,
        "3_9": 0.08218,
        "5_9": 0.74221,
        "8_9": 0.02616,
        "13_9": 0.30267,
        "16_9": 0.09533,
        "21_9": 0.41911,
        "24_9": 0.28769
    },
    "best": {
        "0": 8.049734851018028,
        "1": 3.677449148835551,
        "2": 12.20010605175583,
        "3": 1.9807107713000063,
        "4": 5.947984698665372,
        "5": 12.770837805078774,
        "6": 6.433823721029912,
        "7": 5.392772364343292,
        "8": 4.82336489578538,
        "9": 4.563147756659997
    },
    "best_mrt": [
        111.52427162285872,
        53.05397927350211,
        63.20934912003543,
        228.42529274232527,
        190.42275787611305,
        449.9999999995169,
        114.78399792581021,
        162.74290427461173,
        40.40892989567909,
        103.1358652818303,
        286.6090886350933,
        87.08493058588355,
        449.9999999735293,
        423.8249524104341,
        77.0041014503235,
        449.9999999987519,
        326.3340786384114,
        24.43198100175426,
        239.28675077117617,
        22.855378258226178,
        325.92598781030944,
        264.8230536790428,
        449.99999998362927,
        436.47180536970126,
        449.99999999918185
    ],
    "SLA": 450
}