{
    "throughput": 8.0,
    "class_probs": {
        "0": 0.007619455624518255,
        "1": 0.060821337494924785,
        "2": 0.029520502476004393,
        "3": 0.05036565632323199,
        "4": 0.048234583745316195,
        "5": 0.047709447146717765,
        "6": 0.06405714128546036,
        "7": 0.039075763344031546,
        "8": 0.0502848838892697,
        "9": 0.05965451979597554,
        "10": 0.02857146829653307,
        "11": 0.028830323056252553,
        "12": 0.04709501422283961,
        "13": 0.01759796432767474,
        "14": 0.009531304472018054,
        "15": 0.03968052467523909,
        "16": 0.052068929199840144,
        "17": 0.02229650103525148,
        "18": 0.044120373589130145,
        "19": 0.05097422654890734,
        "20": 0.05392215225895416,
        "21": 0.0567827082437167,
        "22": 0.01412523634245057,
        "23": 0.06163591550060187,
        "24": 0.015424067105139924
    },
    "best_objective": 75.27739573424608,
    "classes": [
        "0",
        "1",
        "2",
        "3",
        "4",
        "5",
        "6",
        "7",
        "8",
        "9",
        "10",
        "11",
        "12",
        "13",
        "14",
        "15",
        "16",
        "17",
        "18",
        "19",
        "20",
        "21",
        "22",
        "23",
        "24"
    ],
    "resources": [
        "0",
        "1",
        "2",
        "3",
        "4",
        "5",
        "6",
        "7",
        "8",
        "9"
    ],
    "demands": {
        "1_0": 0.19172,
        "3_0": 0.26355,
        "4_0": 0.1803,
        "5_0": 0.23814,
        "10_0": 0.28024,
        "15_0": 0.40738,
        "20_0": 0.29938,
        "22_0": 0.66094,
        "2_1": 0.4496,
        "4_1": 0.21449,
        "7_1": 0.3875,
        "14_1": 1.70381,
        "17_1": 0.0247,
        "18_1": 0.15114,
        "19_1": 0.12738,
        "21_1": 0.08772,
        "1_2": 0.16435,
        "2_2": 0.30555,
        "7_2": 0.33448,
        "14_2": 1.76349,
        "17_2": 0.30785,
        "1_3": 0.06604,
        "6_3": 0.34799,
        "7_3": 0.14245,
        "9_3": 0.40626,
        "10_3": 0.37565,
        "16_3": 0.03752,
        "18_3": 0.47857,
        "22_3": 1.46994,
        "9_4": 0.19689,
        "12_4": 0.09379,
        "14_4": 1.29584,
        "16_4": 0.39898,
        "20_4": 0.08652,
        "22_4": 1.08886,
        "23_4": 0.34348,
        "3_5": 0.24204,
        "4_5": 0.44227,
        "11_5": 0.48867,
        "13_5": 0.51342,
        "15_5": 0.55184,
        "19_5": 0.01397,
        "0_6": 1.05531,
        "5_6": 0.52758,
        "7_6": 0.34321,
        "10_6": 0.17414,
        "15_6": 0.12596,
        "16_6": 0.20703,
        "3_7": 0.11994,
        "6_7": 0.01998,
        "9_7": 0.07822,
        "10_7": 0.15897,
        "11_7": 0.24061,
        "16_7": 0.12081,
        "18_7": 0.14447,
        "23_7": 0.0875,
        "24_7": 0.43011,
        "0_8": 0.32827,
        "2_8": 0.02393,
        "3_8": 0.12718,
        "5_8": 0.09065,
        "6_8": 0.16074,
        "7_8": 0.07832,
        "10_8": 0.12868,
        "15_8": 0.1292,
        "16_8": 0.12636,
        "19_8": 0.19777,
        "21_8": 0.03212,
        "1_9": 0.03573,
        "3_9": 0.00439,
        "6_9": 0.05744,
        "8_9": 0.12194,
        "13_9": 0.37814,
        "14_9": 0.76313,
        "15_9": 0.17426,
        "21_9": 0.15974,
        "22_9": 0.32651,
        "24_9": 0.28388
    },
    "best": {
        "0": 5.847951782709237,
        "1": 13.446593201594785,
        "2": 13.526354181986642,
        "3": 8.21746019923004,
        "4": 13.590452737702119,
        "5": 2.801002072729964,
        "6": 4.133567019165703,
        "7": 1.45706851931439,
        "8": 2.535379452964994,
        "9": 9.721566566848209
    },
    "best_mrt": [
        449.99999999131336,
        63.06850000684368,
        69.73092000219268,
        336.44052518293097,
        256.1972534832549,
        236.74338487543886,
        148.86031109394864,
        207.9372187539652,
        13.093958712588972,
        143.6907099347205,
        364.3606001977149,
        449.99999999888905,
        7.289519292034866,
        277.5366988036689,
        450.00000000000244,
        449.99999999815424,
        266.64624847756266,
        25.45654085426825,
        211.81705527072174,
        110.5879914094146,
        65.53251484327475,
        39.280236376594615,
        449.9999999999425,
        108.33355227204771,
        431.77673881406565
    ],
    "SLA": 450
}