{
    "throughput": 6.0,
    "class_probs": {
        "0": 0.04888497391350997,
        "1": 0.04895012557985301,
        "2": 0.028075557165390827,
        "3": 0.02512059249255664,
        "4": 0.037509067055874,
        "5": 0.025178595244573703,
        "6": 0.05778123225230538,
        "7": 0.052508745718401806,
        "8": 0.02708056437290318,
        "9": 0.02280510385249933,
        "10": 0.029393717877752853,
        "11": 0.04139334451749029,
        "12": 0.030467172392603062,
        "13": 0.057428676027238196,
        "14": 0.05165040656334749,
        "15": 0.01977773150040049,
        "16": 0.05477750671356848,
        "17": 0.05128132721809718,
        "18": 0.03933652559586804,
        "19": 0.04841983140826017,
        "20": 0.03593457790014008,
        "21": 0.027180674410639146,
        "22": 0.03691517688151639,
        "23": 0.044644621574642274,
        "24": 0.0575041517705681
    },
    "best_objective": 54.90174500698673,
    "classes": [
        "0",
        "1",
        "2",
        "3",
        "4",
        "5",
        "6",
        "7",
        "8",
        "9",
        "10",
        "11",
        "12",
        "13",
        "14",
        "15",
        "16",
        "17",
        "18",
        "19",
        "20",
        "21",
        "22",
        "23",
        "24"
    ],
    "resources": [
        "0",
        "1",
        "2",
        "3",
        "4",
        "5",
        "6",
        "7",
        "8",
        "9"
    ],
    "demands": {
        "0_0": 0.02919,
        "2_0": 0.54105,
        "5_0": 0.67804,
        "7_0": 0.67058,
        "9_0": 0.07022,
        "14_0": 0.12349,
        "19_0": 0.09929,
        "2_1": 0.22202,
        "11_1": 1.81865,
        "0_2": 0.97148,
        "6_2": 0.14442,
        "8_2": 1.4016,
        "9_2": 0.77018,
        "0_3": 0.01256,
        "1_3": 0.33876,
        "2_3": 0.05994,
        "4_3": 0.28713,
        "7_3": 0.30509,
        "8_3": 0.47617,
        "11_3": 0.16939,
        "12_3": 0.30173,
        "15_3": 1.15199,
        "17_3": 0.22606,
        "20_3": 0.75877,
        "23_3": 0.28722,
        "4_4": 0.09064,
        "5_4": 0.72906,
        "6_4": 0.12254,
        "9_4": 0.05781,
        "11_4": 0.25549,
        "12_4": 0.09007,
        "13_4": 0.23306,
        "16_4": 0.08006,
        "18_4": 0.24144,
        "19_4": 0.17222,
        "24_4": 0.24491,
        "0_5": 0.1205,
        "3_5": 0.48909,
        "10_5": 0.25257,
        "14_5": 0.03996,
        "16_5": 0.21229,
        "18_5": 0.308,
        "19_5": 0.18078,
        "21_5": 0.03267,
        "22_5": 0.07837,
        "23_5": 0.18825,
        "24_5": 0.07954,
        "2_6": 0.17173,
        "4_6": 0.15446,
        "5_6": 0.21237,
        "7_6": 0.01771,
        "11_6": 0.05578,
        "12_6": 0.16583,
        "15_6": 0.14792,
        "16_6": 0.08132,
        "17_6": 0.11781,
        "20_6": 0.18309,
        "21_6": 0.13786,
        "22_6": 0.00567,
        "23_6": 0.11709,
        "4_7": 0.69827,
        "5_7": 0.41779,
        "7_7": 0.12218,
        "8_7": 0.27643,
        "11_7": 0.46533,
        "12_7": 0.01582,
        "22_7": 0.30631,
        "1_8": 0.28242,
        "6_8": 0.64918,
        "7_8": 0.64705,
        "8_8": 0.24292,
        "10_8": 0.34389,
        "23_8": 0.82588,
        "1_9": 0.20886,
        "3_9": 0.36116,
        "6_9": 0.07443,
        "8_9": 0.20353,
        "11_9": 0.35222,
        "12_9": 0.23793,
        "13_9": 0.14939,
        "16_9": 0.04459,
        "19_9": 0.13111
    },
    "best": {
        "0": 4.415720040417849,
        "1": 9.543219861976999,
        "2": 7.421168341792454,
        "3": 5.971377900278364,
        "4": 5.858639176218006,
        "5": 1.7762183448898363,
        "6": 3.2216748320317476,
        "7": 6.772075859642204,
        "8": 4.768509594383257,
        "9": 5.1531410553560155
    },
    "best_mrt": [
        245.42526220510462,
        182.53641032106464,
        233.35216138590397,
        448.16102246506637,
        238.064729307345,
        449.99999977897465,
        225.16315359932415,
        420.9030105570852,
        449.99999999464654,
        142.84548465244654,
        279.500042480798,
        449.9999999216893,
        186.27993976066037,
        75.47144809084932,
        61.85272137230867,
        277.9379990590104,
        214.01415513925147,
        85.14477174574218,
        279.83386815940145,
        222.93851948376656,
        212.594321701811,
        72.37079213342615,
        110.32478062938749,
        450.0000000146094,
        106.71352860479972
    ],
    "SLA": 450
}