{
    "throughput": 9.0,
    "class_probs": {
        "0": 0.04337291382125099,
        "1": 0.0201189909456006,
        "2": 0.016774906575985248,
        "3": 0.03811455135224668,
        "4": 0.02816797709829557,
        "5": 0.032624547715057704,
        "6": 0.059790124137382265,
        "7": 0.03436280828275589,
        "8": 0.062308508867977425,
        "9": 0.04089463172149716,
        "10": 0.009375159673922889,
        "11": 0.010994768098428146,
        "12": 0.07154423684224462,
        "13": 0.01600058551917918,
        "14": 0.03725626135576579,
        "15": 0.054140653475113876,
        "16": 0.028620344760230284,
        "17": 0.05510001576425657,
        "18": 0.05893420956460239,
        "19": 0.04258829450473928,
        "20": 0.06365153721275263,
        "21": 0.05891356205893217,
        "22": 0.06387607842378519,
        "23": 0.023608659902211615,
        "24": 0.02886567232578591
    },
    "best_objective": 77.77128032211874,
    "classes": [
        "0",
        "1",
        "2",
        "3",
        "4",
        "5",
        "6",
        "7",
        "8",
        "9",
        "10",
        "11",
        "12",
        "13",
        "14",
        "15",
        "16",
        "17",
        "18",
        "19",
        "20",
        "21",
        "22",
        "23",
        "24"
    ],
    "resources": [
        "0",
        "1",
        "2",
        "3",
        "4",
        "5",
        "6",
        "7",
        "8",
        "9"
    ],
    "demands": {
        "2_0": 0.80417,
        "7_0": 0.69501,
        "11_0": 0.83883,
        "12_0": 0.00895,
        "16_0": 0.67663,
        "20_0": 0.07314,
        "24_0": 0.79477,
        "1_1": 0.35928,
        "10_1": 0.26008,
        "11_1": 0.63752,
        "14_1": 0.13981,
        "15_1": 0.00243,
        "17_1": 0.15026,
        "18_1": 0.15109,
        "23_1": 0.30357,
        "3_2": 0.1064,
        "9_2": 0.04679,
        "12_2": 0.02646,
        "13_2": 0.2131,
        "14_2": 0.05573,
        "15_2": 0.10779,
        "16_2": 0.15728,
        "20_2": 0.08099,
        "21_2": 0.08085,
        "24_2": 0.12398,
        "1_3": 0.35751,
        "2_3": 0.212,
        "8_3": 0.0086,
        "13_3": 0.57114,
        "14_3": 0.22614,
        "15_3": 0.19479,
        "16_3": 0.41819,
        "18_3": 0.0605,
        "21_3": 0.20169,
        "22_3": 0.09191,
        "23_3": 0.45839,
        "24_3": 0.21523,
        "1_4": 0.1559,
        "4_4": 0.1419,
        "5_4": 0.44892,
        "7_4": 0.4523,
        "11_4": 1.31061,
        "16_4": 0.42552,
        "17_4": 0.10087,
        "18_4": 0.14058,
        "19_4": 0.17497,
        "23_4": 0.23294,
        "0_5": 0.26921,
        "1_5": 0.77585,
        "6_5": 0.26284,
        "7_5": 0.19634,
        "8_5": 0.25827,
        "11_5": 0.42882,
        "12_5": 0.05331,
        "13_5": 0.50817,
        "15_5": 0.04392,
        "19_5": 0.00979,
        "24_5": 0.00438,
        "2_6": 0.61806,
        "5_6": 0.21711,
        "6_6": 0.02873,
        "7_6": 0.01881,
        "11_6": 0.00161,
        "13_6": 0.07913,
        "14_6": 0.30908,
        "15_6": 0.1253,
        "16_6": 0.04809,
        "18_6": 0.25004,
        "23_6": 0.1551,
        "24_6": 0.02532,
        "0_7": 0.36841,
        "2_7": 0.94723,
        "3_7": 0.2568,
        "7_7": 0.17155,
        "9_7": 0.18743,
        "11_7": 1.06429,
        "13_7": 0.19392,
        "17_7": 0.30498,
        "22_7": 0.17266,
        "0_8": 0.23335,
        "4_8": 0.01787,
        "5_8": 0.1447,
        "6_8": 0.15205,
        "7_8": 0.20259,
        "10_8": 1.0028,
        "12_8": 0.13623,
        "17_8": 0.01302,
        "21_8": 0.15318,
        "22_8": 0.0723,
        "1_9": 0.18991,
        "6_9": 0.01311,
        "8_9": 0.04218,
        "11_9": 0.51534,
        "13_9": 0.12566,
        "14_9": 0.23803,
        "15_9": 0.17151,
        "16_9": 0.18217,
        "20_9": 0.03285,
        "22_9": 0.13947
    },
    "best": {
        "0": 11.707980249431184,
        "1": 9.634998342383884,
        "2": 1.924234136539557,
        "3": 3.79100535041063,
        "4": 13.918191730857265,
        "5": 8.65490217799072,
        "6": 3.251515262247204,
        "7": 13.177438662580522,
        "8": 2.961668081276468,
        "9": 8.749346328401302
    },
    "best_mrt": [
        162.24581976671237,
        291.9495698069769,
        449.99999999989905,
        87.81888679300631,
        18.34677449353624,
        175.16948359897987,
        109.45331695048044,
        229.51128138793084,
        40.71079563586451,
        44.67742213226433,
        449.9999999999999,
        450.00000000000136,
        81.5291465691412,
        449.99999999976393,
        268.6315882076633,
        205.7752764286826,
        373.55247900071026,
        54.278137899875844,
        139.583287243563,
        14.596020382974128,
        61.639835727008425,
        182.89119428132545,
        92.04829821705475,
        261.53348617736253,
        233.2057804180928
    ],
    "SLA": 450
}