{
    "throughput": 6.0,
    "class_probs": {
        "0": 0.013464638631639218,
        "1": 0.061420471280830766,
        "2": 0.025013264225356532,
        "3": 0.04373903581634798,
        "4": 0.05836628169253313,
        "5": 0.05233480674015841,
        "6": 0.034130077906966934,
        "7": 0.01452578985969726,
        "8": 0.031065842160792605,
        "9": 0.06612892552039924,
        "10": 0.034141783744194805,
        "11": 0.06531861430858064,
        "12": 0.015721029409463683,
        "13": 0.054251503370913584,
        "14": 0.01721544727235247,
        "15": 0.012355292704206189,
        "16": 0.03615256480343045,
        "17": 0.02238266868559224,
        "18": 0.05992638574118651,
        "19": 0.02217936379437201,
        "20": 0.05993379862415301,
        "21": 0.0622143530694418,
        "22": 0.060914906779021866,
        "23": 0.0611506866328668,
        "24": 0.015952467225501928
    },
    "best_objective": 84.32039990718472,
    "classes": [
        "0",
        "1",
        "2",
        "3",
        "4",
        "5",
        "6",
        "7",
        "8",
        "9",
        "10",
        "11",
        "12",
        "13",
        "14",
        "15",
        "16",
        "17",
        "18",
        "19",
        "20",
        "21",
        "22",
        "23",
        "24"
    ],
    "resources": [
        "0",
        "1",
        "2",
        "3",
        "4",
        "5",
        "6",
        "7",
        "8",
        "9"
    ],
    "demands": {
        "4_0": 0.31278,
        "9_0": 0.11992,
        "12_0": 0.45369,
        "20_0": 0.3918,
        "22_0": 0.48283,
        "23_0": 0.23888,
        "24_0": 2.01707,
        "2_1": 0.53453,
        "3_1": 0.10665,
        "4_1": 0.07177,
        "5_1": 0.29756,
        "6_1": 0.12486,
        "8_1": 0.66096,
        "11_1": 0.12641,
        "12_1": 0.4189,
        "13_1": 0.0197,
        "16_1": 0.3972,
        "20_1": 0.29306,
        "0_2": 0.23959,
        "1_2": 0.3126,
        "2_2": 0.24047,
        "6_2": 0.29038,
        "13_2": 0.14955,
        "14_2": 0.94928,
        "15_2": 0.43754,
        "16_2": 0.13667,
        "21_2": 0.302,
        "22_2": 0.04574,
        "23_2": 0.235,
        "24_2": 0.24134,
        "2_3": 0.25922,
        "5_3": 0.27518,
        "7_3": 1.10926,
        "17_3": 0.45264,
        "18_3": 0.12666,
        "22_3": 0.2779,
        "24_3": 0.16751,
        "3_4": 0.33388,
        "6_4": 0.81393,
        "8_4": 0.00174,
        "10_4": 0.2886,
        "12_4": 1.92455,
        "14_4": 1.46242,
        "17_4": 0.54175,
        "0_5": 1.1762,
        "6_5": 0.04949,
        "7_5": 0.91622,
        "9_5": 0.24247,
        "10_5": 0.18458,
        "11_5": 0.21788,
        "13_5": 0.26068,
        "18_5": 0.01966,
        "19_5": 0.53192,
        "21_5": 0.20286,
        "22_5": 0.11285,
        "23_5": 0.01929,
        "24_5": 0.02735,
        "0_6": 0.6649,
        "2_6": 0.16108,
        "3_6": 0.01302,
        "5_6": 0.1496,
        "6_6": 0.43595,
        "7_6": 0.13898,
        "8_6": 0.37916,
        "13_6": 0.17403,
        "14_6": 0.68334,
        "15_6": 0.85831,
        "18_6": 0.30559,
        "19_6": 0.23922,
        "21_6": 0.10543,
        "2_7": 0.02769,
        "6_7": 0.48885,
        "13_7": 0.41468,
        "14_7": 0.21587,
        "16_7": 0.4468,
        "19_7": 2.48992,
        "0_8": 0.96142,
        "7_8": 1.81592,
        "8_8": 0.45959,
        "9_8": 0.01843,
        "13_8": 0.18799,
        "14_8": 1.17729,
        "21_8": 0.43974,
        "0_9": 0.28083,
        "1_9": 0.25137,
        "3_9": 0.41339,
        "5_9": 0.2264,
        "13_9": 0.07742,
        "16_9": 0.42249,
        "17_9": 0.4792,
        "18_9": 0.31032,
        "22_9": 0.01189,
        "23_9": 0.12386,
        "24_9": 0.87573
    },
    "best": {
        "0": 9.353449632700407,
        "1": 2.5345114259476147,
        "2": 9.509795559545593,
        "3": 7.614390938967313,
        "4": 11.831227965928344,
        "5": 7.521904371252896,
        "6": 8.385149267177534,
        "7": 7.989853287220405,
        "8": 13.36965352215751,
        "9": 6.210463936287118
    },
    "best_mrt": [
        412.49218486470124,
        81.18741577324882,
        373.6126865383215,
        164.01724032666354,
        74.89876056639694,
        257.9856945944551,
        303.5608887339105,
        450.0000000000001,
        438.60802797899737,
        50.97919949699361,
        53.0039580928153,
        99.43773980849602,
        450.00000000000034,
        173.9162251108861,
        450.00000000000085,
        160.8224733677522,
        365.8323062731484,
        199.19532039653114,
        116.70217939623834,
        450.00000000000017,
        202.3485395412958,
        112.21446163966377,
        119.0744286586523,
        79.91832543172646,
        450.0000000000001
    ],
    "SLA": 450
}