{
    "throughput": 7.0,
    "class_probs": {
        "0": 0.026423709141713242,
        "1": 0.06460314497246915,
        "2": 0.061307841012939374,
        "3": 0.03772106521760144,
        "4": 0.034198878156595475,
        "5": 0.06704910204602625,
        "6": 0.03068146749674001,
        "7": 0.03644998285048167,
        "8": 0.03557158029439366,
        "9": 0.03324084979070085,
        "10": 0.06766858077170655,
        "11": 0.03877530928159751,
        "12": 0.05851702469900381,
        "13": 0.020070296349343982,
        "14": 0.009455995873266908,
        "15": 0.04824869932461665,
        "16": 0.027533306193704116,
        "17": 0.02867198617019241,
        "18": 0.05355630913269568,
        "19": 0.05806231455786242,
        "20": 0.035176448936080795,
        "21": 0.025617110934967276,
        "22": 0.02198427904739688,
        "23": 0.02819911739602783,
        "24": 0.05121560035187612
    },
    "best_objective": 51.263988468480676,
    "classes": [
        "0",
        "1",
        "2",
        "3",
        "4",
        "5",
        "6",
        "7",
        "8",
        "9",
        "10",
        "11",
        "12",
        "13",
        "14",
        "15",
        "16",
        "17",
        "18",
        "19",
        "20",
        "21",
        "22",
        "23",
        "24"
    ],
    "resources": [
        "0",
        "1",
        "2",
        "3",
        "4",
        "5",
        "6",
        "7",
        "8",
        "9"
    ],
    "demands": {
        "2_0": 0.1538,
        "3_0": 0.18506,
        "7_0": 0.08328,
        "9_0": 0.01802,
        "11_0": 0.11071,
        "15_0": 0.19989,
        "16_0": 0.31232,
        "17_0": 0.09105,
        "21_0": 0.0766,
        "22_0": 0.08818,
        "24_0": 0.21566,
        "19_1": 1.20143,
        "22_1": 1.55909,
        "24_1": 0.14583,
        "4_2": 0.40911,
        "6_2": 0.03722,
        "8_2": 0.45468,
        "9_2": 0.24636,
        "12_2": 0.31718,
        "16_2": 0.85651,
        "17_2": 0.61568,
        "0_3": 0.27275,
        "4_3": 0.13094,
        "6_3": 0.21419,
        "15_3": 0.04976,
        "17_3": 0.31813,
        "18_3": 0.08059,
        "19_3": 0.06019,
        "22_3": 0.19579,
        "24_3": 0.04196,
        "1_4": 0.18859,
        "7_4": 0.17771,
        "9_4": 0.37971,
        "12_4": 0.06806,
        "14_4": 0.02791,
        "17_4": 0.02656,
        "20_4": 0.24943,
        "24_4": 0.21315,
        "1_5": 0.18498,
        "6_5": 0.15151,
        "7_5": 0.11014,
        "13_5": 0.00264,
        "15_5": 0.22954,
        "16_5": 0.38259,
        "17_5": 0.00103,
        "19_5": 0.07139,
        "21_5": 0.3061,
        "2_6": 0.20618,
        "3_6": 0.21723,
        "4_6": 0.14166,
        "9_6": 0.09956,
        "10_6": 0.03038,
        "13_6": 0.69911,
        "16_6": 0.16821,
        "17_6": 0.02067,
        "20_6": 0.37097,
        "22_6": 0.2751,
        "23_6": 0.09221,
        "0_7": 0.46622,
        "3_7": 0.05388,
        "4_7": 0.43118,
        "11_7": 0.15086,
        "14_7": 0.7985,
        "16_7": 0.40601,
        "18_7": 0.02155,
        "20_7": 0.25097,
        "21_7": 0.52966,
        "22_7": 0.44763,
        "23_7": 0.48116,
        "1_8": 0.12254,
        "3_8": 0.15429,
        "5_8": 0.07618,
        "6_8": 0.10212,
        "7_8": 0.13246,
        "8_8": 0.2467,
        "11_8": 0.0001,
        "12_8": 0.08492,
        "15_8": 0.1114,
        "16_8": 0.19115,
        "17_8": 0.23976,
        "19_8": 0.06246,
        "21_8": 0.04865,
        "23_8": 0.12831,
        "3_9": 0.03565,
        "5_9": 0.13498,
        "6_9": 0.48146,
        "15_9": 0.01835,
        "16_9": 0.16814,
        "23_9": 0.49076
    },
    "best": {
        "0": 5.360381593039435,
        "1": 7.764349311287304,
        "2": 8.429976929838594,
        "3": 2.7831793667425213,
        "4": 1.3592790522058202,
        "5": 5.523343455212105,
        "6": 5.02969862632533,
        "7": 7.191086695850951,
        "8": 4.101389671661099,
        "9": 3.721303766317521
    },
    "best_mrt": [
        182.08147002931508,
        264.61561162920145,
        76.69467957561241,
        146.66685633370895,
        203.57209199858482,
        60.542098290449346,
        290.1099032598355,
        258.40703378255796,
        126.64152624206812,
        450.00000000000006,
        6.712748097998469,
        45.69813311543418,
        134.71780190524635,
        154.9882500178701,
        151.94964228714346,
        141.22743153037973,
        450.00000000000045,
        324.7466415040958,
        35.885451101535565,
        227.4113533333234,
        378.4931932848652,
        170.05823971162488,
        450.0000000000004,
        273.7779138332764,
        301.8276705368828
    ],
    "SLA": 450
}