{
    "throughput": 6.0,
    "class_probs": {
        "0": 0.069376575906545,
        "1": 0.05547141176497795,
        "2": 0.009311553212767174,
        "3": 0.06407962416913474,
        "4": 0.01334241773909813,
        "5": 0.031411201911118077,
        "6": 0.07794279436875581,
        "7": 0.06341108345483792,
        "8": 0.03125398924504124,
        "9": 0.050866079090409,
        "10": 0.027092261321151667,
        "11": 0.02640082303239774,
        "12": 0.03798268832171418,
        "13": 0.034310576767863005,
        "14": 0.017616175071986772,
        "15": 0.021441742085934874,
        "16": 0.03180059323203374,
        "17": 0.014099755026428244,
        "18": 0.05188162272008387,
        "19": 0.05975361413423895,
        "20": 0.06513685138685896,
        "21": 0.032153034743962576,
        "22": 0.03364863550192139,
        "23": 0.011081947751784355,
        "24": 0.06913294803895469
    },
    "best_objective": 86.0817142736781,
    "classes": [
        "0",
        "1",
        "2",
        "3",
        "4",
        "5",
        "6",
        "7",
        "8",
        "9",
        "10",
        "11",
        "12",
        "13",
        "14",
        "15",
        "16",
        "17",
        "18",
        "19",
        "20",
        "21",
        "22",
        "23",
        "24"
    ],
    "resources": [
        "0",
        "1",
        "2",
        "3",
        "4",
        "5",
        "6",
        "7",
        "8",
        "9"
    ],
    "demands": {
        "1_0": 0.23541,
        "4_0": 0.25991,
        "5_0": 0.30263,
        "6_0": 0.12131,
        "7_0": 0.07861,
        "8_0": 0.34758,
        "14_0": 0.51101,
        "16_0": 0.31046,
        "17_0": 0.3872,
        "19_0": 0.08472,
        "24_0": 0.20917,
        "2_1": 2.55646,
        "3_1": 0.1512,
        "4_1": 0.37466,
        "5_1": 0.73026,
        "6_1": 0.03945,
        "8_1": 0.65191,
        "12_1": 0.68394,
        "16_1": 0.08123,
        "22_1": 0.48288,
        "0_2": 0.02612,
        "1_2": 0.09459,
        "3_2": 0.33665,
        "6_2": 0.18551,
        "12_2": 0.60042,
        "19_2": 0.32743,
        "21_2": 0.42261,
        "22_2": 0.35224,
        "23_2": 0.32841,
        "24_2": 0.14538,
        "4_3": 0.99921,
        "6_3": 0.1694,
        "7_3": 0.23632,
        "15_3": 0.87059,
        "18_3": 0.32719,
        "19_3": 0.33897,
        "20_3": 0.21049,
        "21_3": 0.54634,
        "0_4": 0.16675,
        "2_4": 1.51044,
        "8_4": 0.34259,
        "11_4": 0.22525,
        "12_4": 0.28317,
        "15_4": 0.29925,
        "16_4": 0.27394,
        "23_4": 0.5795,
        "8_5": 0.67456,
        "9_5": 0.02477,
        "11_5": 0.91986,
        "13_5": 0.13619,
        "14_5": 0.40474,
        "17_5": 1.62329,
        "18_5": 0.27112,
        "19_5": 0.31345,
        "24_5": 0.29007,
        "0_6": 0.30279,
        "1_6": 0.94371,
        "9_6": 0.71805,
        "10_6": 0.33987,
        "16_6": 0.14324,
        "19_6": 0.07807,
        "22_6": 0.25669,
        "1_7": 0.2066,
        "2_7": 0.99831,
        "4_7": 0.4172,
        "10_7": 0.48121,
        "14_7": 0.41176,
        "16_7": 0.30426,
        "19_7": 0.225,
        "20_7": 0.15186,
        "23_7": 1.15141,
        "2_8": 1.10478,
        "3_8": 0.19182,
        "4_8": 0.55758,
        "6_8": 0.52261,
        "7_8": 0.05389,
        "13_8": 0.58561,
        "15_8": 0.04917,
        "17_8": 1.71224,
        "24_8": 0.02346,
        "0_9": 0.14608,
        "1_9": 0.57652,
        "6_9": 0.39948,
        "7_9": 0.4503,
        "9_9": 0.03764,
        "11_9": 0.24939,
        "14_9": 0.58588,
        "20_9": 0.16438,
        "21_9": 0.03463
    },
    "best": {
        "0": 5.172471432061033,
        "1": 17.359918397112082,
        "2": 2.3985516962353923,
        "3": 4.218409890282461,
        "4": 13.089610973470387,
        "5": 7.687574441112143,
        "6": 6.036542690064385,
        "7": 11.349905320160445,
        "8": 13.898078654783069,
        "9": 4.870650778396708
    },
    "best_mrt": [
        122.91287111187884,
        449.99999999930094,
        450.0000000000014,
        227.58834306465488,
        449.9999999991679,
        109.8102285728732,
        327.94600204160474,
        200.2254821011305,
        239.9632705742537,
        150.5262718367961,
        109.74787872644134,
        212.6535574203737,
        427.3160677017984,
        64.24773268724539,
        351.7452143936916,
        280.02412018198584,
        149.69102221508047,
        449.9999999975683,
        134.3333692070876,
        396.44876466335813,
        115.4739658783904,
        423.00039504813844,
        291.69330908812543,
        351.4104407205698,
        177.4411877716362
    ],
    "SLA": 450
}