{
    "throughput": 6.0,
    "class_probs": {
        "0": 0.06023251744819168,
        "1": 0.030614995450508345,
        "2": 0.049638814570355676,
        "3": 0.01990348799384168,
        "4": 0.03988578680484005,
        "5": 0.03812321901309684,
        "6": 0.012117654096558853,
        "7": 0.019553616616386015,
        "8": 0.04024718335305239,
        "9": 0.022094876558124112,
        "10": 0.06006256239787891,
        "11": 0.03788634295183777,
        "12": 0.022713845574623158,
        "13": 0.033200806850456406,
        "14": 0.050121365200560944,
        "15": 0.022225078632800557,
        "16": 0.04770942168499968,
        "17": 0.054363965020069606,
        "18": 0.05859876361863295,
        "19": 0.051712665341526604,
        "20": 0.03561890001866232,
        "21": 0.040745786688856665,
        "22": 0.05989130111449097,
        "23": 0.04020292389508541,
        "24": 0.05253411910456251
    },
    "best_objective": 77.63810317389982,
    "classes": [
        "0",
        "1",
        "2",
        "3",
        "4",
        "5",
        "6",
        "7",
        "8",
        "9",
        "10",
        "11",
        "12",
        "13",
        "14",
        "15",
        "16",
        "17",
        "18",
        "19",
        "20",
        "21",
        "22",
        "23",
        "24"
    ],
    "resources": [
        "0",
        "1",
        "2",
        "3",
        "4",
        "5",
        "6",
        "7",
        "8",
        "9"
    ],
    "demands": {
        "1_0": 0.10409,
        "2_0": 0.48796,
        "9_0": 0.56615,
        "10_0": 0.27741,
        "15_0": 0.81822,
        "17_0": 0.10123,
        "18_0": 0.01908,
        "20_0": 0.22925,
        "21_0": 0.05679,
        "24_0": 0.00203,
        "1_1": 0.28212,
        "3_1": 0.3689,
        "5_1": 0.4251,
        "6_1": 0.38337,
        "8_1": 0.2522,
        "11_1": 0.27723,
        "14_1": 0.22292,
        "3_2": 1.12886,
        "4_2": 0.13036,
        "7_2": 0.86021,
        "8_2": 0.2182,
        "9_2": 0.19388,
        "14_2": 0.16695,
        "19_2": 0.3377,
        "24_2": 0.36604,
        "0_3": 0.07451,
        "4_3": 0.4285,
        "5_3": 0.04664,
        "9_3": 0.44184,
        "15_3": 0.80793,
        "16_3": 0.20969,
        "20_3": 0.48511,
        "21_3": 0.29444,
        "22_3": 0.36418,
        "23_3": 0.41877,
        "0_4": 0.22595,
        "5_4": 0.37296,
        "10_4": 0.31538,
        "12_4": 0.33461,
        "13_4": 0.03323,
        "15_4": 0.23024,
        "17_4": 0.19637,
        "20_4": 0.30392,
        "23_4": 0.11512,
        "24_4": 0.35599,
        "3_5": 1.30826,
        "8_5": 0.10141,
        "11_5": 0.72641,
        "15_5": 0.15684,
        "17_5": 0.20024,
        "23_5": 0.45141,
        "2_6": 0.25794,
        "3_6": 0.72605,
        "4_6": 0.28228,
        "8_6": 0.2854,
        "14_6": 0.39658,
        "16_6": 0.05542,
        "17_6": 0.09259,
        "24_6": 0.18072,
        "4_7": 0.09348,
        "5_7": 0.20466,
        "6_7": 0.1023,
        "7_7": 0.36304,
        "9_7": 0.28684,
        "12_7": 0.28683,
        "13_7": 0.13136,
        "20_7": 0.04074,
        "21_7": 0.20149,
        "22_7": 0.08643,
        "23_7": 0.12315,
        "0_8": 0.17879,
        "2_8": 0.07174,
        "3_8": 0.75673,
        "4_8": 0.30121,
        "7_8": 0.98986,
        "10_8": 0.03181,
        "15_8": 0.78012,
        "16_8": 0.28169,
        "22_8": 0.22068,
        "24_8": 0.30547,
        "0_9": 0.05017,
        "1_9": 0.08347,
        "5_9": 0.14242,
        "6_9": 0.12762,
        "9_9": 0.30826,
        "10_9": 0.00973,
        "11_9": 0.11787,
        "14_9": 0.02769,
        "15_9": 0.49456,
        "16_9": 0.19883,
        "18_9": 0.23111,
        "20_9": 0.13039,
        "22_9": 0.15512,
        "24_9": 0.21489
    },
    "best": {
        "0": 7.934411780060411,
        "1": 6.130614046668082,
        "2": 10.821177518441386,
        "3": 8.110030210902037,
        "4": 4.548717693882684,
        "5": 11.784858620094685,
        "6": 8.54505281219088,
        "7": 1.6531391663778703,
        "8": 11.860210319104798,
        "9": 6.249891006176984
    },
    "best_mrt": [
        92.66673002558053,
        77.97537573659282,
        104.69633108011978,
        449.9999999656033,
        204.7014653018513,
        356.74375002074873,
        167.25121612572568,
        449.9999999993,
        110.0747495391217,
        428.26433874110637,
        122.6635360023599,
        133.61916148054536,
        304.0782326186172,
        108.61412078863123,
        109.59619303273656,
        449.9999999914059,
        95.45609795923191,
        93.20486040603608,
        42.85024472203947,
        33.09002903846981,
        228.55765950243926,
        201.4139299884291,
        162.38835867564558,
        220.49799814078924,
        214.470463361538
    ],
    "SLA": 450
}