{
    "throughput": 6.0,
    "class_probs": {
        "0": 0.06753725453319752,
        "1": 0.05829469658217442,
        "2": 0.025547972538456774,
        "3": 0.007851386945627578,
        "4": 0.04721218343679648,
        "5": 0.008334461697887154,
        "6": 0.02616669131740405,
        "7": 0.02436549298698078,
        "8": 0.03294080742865746,
        "9": 0.0405018238612242,
        "10": 0.04456627839959325,
        "11": 0.04649483076112124,
        "12": 0.06151787306135191,
        "13": 0.034371603849923126,
        "14": 0.06356143585642388,
        "15": 0.028519829649898413,
        "16": 0.027903144775682526,
        "17": 0.06941551580104377,
        "18": 0.04343435911989652,
        "19": 0.01664472947794463,
        "20": 0.04675355654415033,
        "21": 0.009017870205571918,
        "22": 0.0670221524629352,
        "23": 0.031847822361453615,
        "24": 0.0701762263446031
    },
    "best_objective": 135.09093369958302,
    "classes": [
        "0",
        "1",
        "2",
        "3",
        "4",
        "5",
        "6",
        "7",
        "8",
        "9",
        "10",
        "11",
        "12",
        "13",
        "14",
        "15",
        "16",
        "17",
        "18",
        "19",
        "20",
        "21",
        "22",
        "23",
        "24"
    ],
    "resources": [
        "0",
        "1",
        "2",
        "3",
        "4",
        "5",
        "6",
        "7",
        "8",
        "9"
    ],
    "demands": {
        "1_0": 0.56811,
        "14_0": 0.08629,
        "18_0": 0.48326,
        "21_0": 1.50094,
        "24_0": 0.44,
        "1_1": 0.10642,
        "3_1": 1.06187,
        "4_1": 0.1347,
        "8_1": 0.2336,
        "9_1": 0.07334,
        "10_1": 0.35188,
        "11_1": 0.23198,
        "18_1": 0.18193,
        "19_1": 0.62412,
        "20_1": 0.08018,
        "21_1": 1.28374,
        "22_1": 0.12986,
        "23_1": 0.47718,
        "24_1": 0.22461,
        "0_2": 0.08183,
        "2_2": 0.05916,
        "3_2": 0.91955,
        "8_2": 0.21879,
        "9_2": 0.3411,
        "13_2": 0.24896,
        "16_2": 0.1279,
        "17_2": 0.01818,
        "18_2": 0.10487,
        "22_2": 0.1601,
        "23_2": 0.81468,
        "1_3": 0.14586,
        "3_3": 2.53502,
        "5_3": 3.52873,
        "7_3": 1.16038,
        "10_3": 0.05862,
        "23_3": 1.09052,
        "3_4": 1.08031,
        "7_4": 0.54932,
        "8_4": 0.69476,
        "11_4": 0.23356,
        "19_4": 0.32096,
        "20_4": 0.32861,
        "1_5": 0.28232,
        "8_5": 1.14341,
        "10_5": 0.10983,
        "11_5": 0.98501,
        "19_5": 1.14166,
        "22_5": 0.11083,
        "24_5": 0.08252,
        "2_6": 0.14049,
        "3_6": 0.38943,
        "4_6": 0.05988,
        "5_6": 1.33009,
        "10_6": 0.32812,
        "12_6": 0.22116,
        "14_6": 0.08621,
        "15_6": 0.25609,
        "16_6": 0.08317,
        "18_6": 0.24403,
        "19_6": 0.11731,
        "20_6": 0.02594,
        "21_6": 0.82105,
        "8_7": 0.31496,
        "9_7": 0.33464,
        "10_7": 0.05949,
        "11_7": 0.2179,
        "13_7": 0.51191,
        "15_7": 0.46695,
        "17_7": 0.00717,
        "20_7": 0.2877,
        "24_7": 0.16992,
        "0_8": 0.16897,
        "1_8": 0.39937,
        "4_8": 0.00498,
        "6_8": 0.20848,
        "9_8": 0.58685,
        "11_8": 0.301,
        "20_8": 0.50157,
        "21_8": 0.49615,
        "3_9": 3.10932,
        "4_9": 0.00777,
        "7_9": 0.12892,
        "9_9": 0.26548,
        "12_9": 0.01792,
        "16_9": 0.91463,
        "17_9": 0.07617,
        "18_9": 0.27973,
        "22_9": 0.04273,
        "23_9": 0.25624
    },
    "best": {
        "0": 8.470699794633722,
        "1": 18.043331242543506,
        "2": 15.118427080721041,
        "3": 24.71438112754477,
        "4": 16.515404416474414,
        "5": 5.432405989794949,
        "6": 11.554472111339853,
        "7": 2.980587854364832,
        "8": 5.1478134794061345,
        "9": 27.11341060275982
    },
    "best_mrt": [
        43.066969747139254,
        234.41611642949871,
        16.77869165864143,
        450.00000000000006,
        14.624640090579792,
        267.6255417093292,
        46.21195386309994,
        87.46718542504063,
        450.00000000000006,
        306.031112966727,
        100.95747957497429,
        398.42458661629485,
        20.700087385631367,
        228.6438801483537,
        18.802997371225608,
        216.1737107529268,
        50.7518076653578,
        7.079119292398146,
        111.95603980931223,
        314.4181964452372,
        257.5422075155493,
        450.00000000000006,
        44.156872011207135,
        138.67303741179498,
        157.2172542154422
    ],
    "SLA": 450
}