{
    "throughput": 7.0,
    "class_probs": {
        "0": 0.011425551361471083,
        "1": 0.03655156277485846,
        "2": 0.05372945196841988,
        "3": 0.01890318297272599,
        "4": 0.04851505070695576,
        "5": 0.026720762415486585,
        "6": 0.055998588687843784,
        "7": 0.03333618682978855,
        "8": 0.04413990613062209,
        "9": 0.019369848654229842,
        "10": 0.06802907587512833,
        "11": 0.0398943786411457,
        "12": 0.0561605342349035,
        "13": 0.04760382378370064,
        "14": 0.026371921865356064,
        "15": 0.05733768116071628,
        "16": 0.02062480203650935,
        "17": 0.041791360184686335,
        "18": 0.047987771080469935,
        "19": 0.04932064541747746,
        "20": 0.050936510224643,
        "21": 0.032316807085751444,
        "22": 0.03436665215414503,
        "23": 0.04256907681006652,
        "24": 0.03599886694289832
    },
    "best_objective": 49.05648506435544,
    "classes": [
        "0",
        "1",
        "2",
        "3",
        "4",
        "5",
        "6",
        "7",
        "8",
        "9",
        "10",
        "11",
        "12",
        "13",
        "14",
        "15",
        "16",
        "17",
        "18",
        "19",
        "20",
        "21",
        "22",
        "23",
        "24"
    ],
    "resources": [
        "0",
        "1",
        "2",
        "3",
        "4",
        "5",
        "6",
        "7",
        "8",
        "9"
    ],
    "demands": {
        "2_0": 0.34649,
        "4_0": 0.01121,
        "6_0": 0.04021,
        "7_0": 0.4544,
        "8_0": 0.08202,
        "9_0": 1.51678,
        "13_0": 0.30924,
        "14_0": 0.02527,
        "16_0": 1.1161,
        "24_0": 0.48057,
        "1_1": 0.01379,
        "4_1": 0.16465,
        "5_1": 0.13837,
        "6_1": 0.0516,
        "7_1": 0.3638,
        "9_1": 0.64627,
        "11_1": 0.04743,
        "19_1": 0.0692,
        "20_1": 0.22944,
        "23_1": 0.03612,
        "14_2": 0.10698,
        "17_2": 0.42193,
        "20_2": 0.3464,
        "21_2": 0.57524,
        "22_2": 0.38318,
        "0_3": 0.15106,
        "3_3": 0.197,
        "6_3": 0.06643,
        "10_3": 0.13792,
        "12_3": 0.00956,
        "15_3": 0.18231,
        "17_3": 0.01609,
        "18_3": 0.21216,
        "19_3": 0.08137,
        "2_4": 0.12487,
        "3_4": 0.5564,
        "12_4": 0.06764,
        "15_4": 0.00754,
        "16_4": 0.21674,
        "17_4": 0.49305,
        "18_4": 0.16479,
        "20_4": 0.18713,
        "0_5": 0.90569,
        "1_5": 0.15174,
        "2_5": 0.06959,
        "9_5": 1.01696,
        "10_5": 0.20149,
        "14_5": 0.26715,
        "15_5": 0.37191,
        "17_5": 0.516,
        "20_5": 0.15903,
        "24_5": 0.29199,
        "0_6": 0.97257,
        "1_6": 0.22097,
        "5_6": 0.6733,
        "6_6": 0.44186,
        "8_6": 0.42049,
        "15_6": 0.07833,
        "4_7": 0.28712,
        "7_7": 0.45577,
        "8_7": 0.07056,
        "13_7": 0.39433,
        "20_7": 0.41294,
        "22_7": 0.51692,
        "23_7": 0.14681,
        "24_7": 0.21084,
        "4_8": 0.10092,
        "7_8": 0.78476,
        "8_8": 0.24256,
        "14_8": 0.13785,
        "16_8": 0.90176,
        "18_8": 0.5253,
        "20_8": 0.3206,
        "22_8": 0.04609,
        "1_9": 0.07146,
        "2_9": 0.0392,
        "6_9": 0.01586,
        "7_9": 0.0952,
        "11_9": 0.21062,
        "17_9": 0.14686,
        "18_9": 0.23152,
        "19_9": 0.2242,
        "20_9": 0.0232
    },
    "best": {
        "0": 8.585062242848304,
        "1": 5.9231967176619245,
        "2": 3.3241660616726985,
        "3": 2.003693482589341,
        "4": 3.5126222146177706,
        "5": 8.326006825585837,
        "6": 4.653953306611854,
        "7": 4.422543614901312,
        "8": 5.601006537245181,
        "9": 2.7042340606212143
    },
    "best_mrt": [
        450.000000090199,
        107.29416180557457,
        111.49139456147522,
        297.9179247647199,
        129.77296216083604,
        190.9609797633095,
        169.34080290353214,
        450.00000000457936,
        183.31789151973388,
        450.0000000063891,
        108.42860342782619,
        97.18661209137716,
        27.71723064549759,
        146.7801939493549,
        105.1669582451116,
        179.20735166626483,
        401.3980154919843,
        450.00000001097607,
        384.7579622355099,
        154.91297862070414,
        433.6531158557055,
        202.89468848309346,
        284.4744708075726,
        46.25937401440044,
        158.4378677100002
    ],
    "SLA": 450
}