{
    "throughput": 8.0,
    "class_probs": {
        "0": 0.08123414856804495,
        "1": 0.02441362846580815,
        "2": 0.024173666406784058,
        "3": 0.06940619988982928,
        "4": 0.010826935035363652,
        "5": 0.061152177333160536,
        "6": 0.015692478659594646,
        "7": 0.036084342408137016,
        "8": 0.021869107180832018,
        "9": 0.052413348836267554,
        "10": 0.01668761478905133,
        "11": 0.06036228446099151,
        "12": 0.040442547611731404,
        "13": 0.010218562249357093,
        "14": 0.034666155215607064,
        "15": 0.06663623107993902,
        "16": 0.08061426458559795,
        "17": 0.08020370812890418,
        "18": 0.012272666333059085,
        "19": 0.01672009613322761,
        "20": 0.04848281071943671,
        "21": 0.034041775550195955,
        "22": 0.026428903757239657,
        "23": 0.06226357213533846,
        "24": 0.012692774466501128
    },
    "best_objective": 77.3951150240894,
    "classes": [
        "0",
        "1",
        "2",
        "3",
        "4",
        "5",
        "6",
        "7",
        "8",
        "9",
        "10",
        "11",
        "12",
        "13",
        "14",
        "15",
        "16",
        "17",
        "18",
        "19",
        "20",
        "21",
        "22",
        "23",
        "24"
    ],
    "resources": [
        "0",
        "1",
        "2",
        "3",
        "4",
        "5",
        "6",
        "7",
        "8",
        "9"
    ],
    "demands": {
        "0_0": 0.01989,
        "6_0": 1.13173,
        "7_0": 0.64606,
        "10_0": 1.09,
        "12_0": 0.16326,
        "13_0": 1.06703,
        "21_0": 0.30177,
        "24_0": 1.57317,
        "0_1": 0.00407,
        "8_1": 0.06864,
        "9_1": 0.33349,
        "11_1": 0.39911,
        "14_1": 0.02651,
        "15_1": 0.00622,
        "16_1": 0.08128,
        "20_1": 0.61807,
        "2_2": 0.84484,
        "7_2": 0.00315,
        "10_2": 0.90712,
        "11_2": 0.08069,
        "19_2": 0.75062,
        "20_2": 0.4993,
        "23_2": 0.15199,
        "0_3": 0.11232,
        "1_3": 0.15527,
        "2_3": 0.0499,
        "5_3": 0.01998,
        "7_3": 0.42765,
        "8_3": 0.61069,
        "12_3": 0.13202,
        "18_3": 0.50651,
        "21_3": 0.17831,
        "23_3": 0.19879,
        "24_3": 0.93042,
        "2_4": 0.41137,
        "4_4": 0.11463,
        "6_4": 1.02616,
        "7_4": 0.30338,
        "8_4": 0.65308,
        "11_4": 0.22703,
        "16_4": 0.14028,
        "17_4": 0.17959,
        "19_4": 1.00293,
        "2_5": 0.43271,
        "3_5": 0.11158,
        "6_5": 1.44127,
        "8_5": 0.934,
        "10_5": 0.48196,
        "12_5": 0.27611,
        "13_5": 2.17513,
        "15_5": 0.02087,
        "23_5": 0.0468,
        "24_5": 0.36077,
        "1_6": 0.54505,
        "3_6": 0.19331,
        "5_6": 0.01033,
        "7_6": 0.10858,
        "8_6": 0.42387,
        "9_6": 0.25445,
        "13_6": 0.61869,
        "14_6": 0.03149,
        "16_6": 0.12505,
        "19_6": 0.21436,
        "21_6": 0.14868,
        "22_6": 0.04177,
        "23_6": 0.01782,
        "1_7": 0.43915,
        "3_7": 0.13236,
        "4_7": 1.00263,
        "9_7": 0.07647,
        "10_7": 0.4052,
        "11_7": 0.14206,
        "14_7": 0.25176,
        "15_7": 0.09052,
        "16_7": 0.02376,
        "17_7": 0.0549,
        "19_7": 0.11152,
        "20_7": 0.05728,
        "22_7": 0.05128,
        "0_8": 0.06382,
        "2_8": 0.05032,
        "3_8": 0.03008,
        "4_8": 0.10269,
        "7_8": 0.04218,
        "10_8": 0.35138,
        "13_8": 0.44625,
        "14_8": 0.14316,
        "16_8": 0.02389,
        "17_8": 0.07567,
        "18_8": 0.41474,
        "20_8": 0.06273,
        "22_8": 0.05227,
        "24_8": 0.45836,
        "4_9": 1.08418,
        "7_9": 0.47541,
        "9_9": 0.03921,
        "11_9": 0.15224,
        "13_9": 0.70889,
        "20_9": 0.0097,
        "21_9": 0.02604
    },
    "best": {
        "0": 12.536791633014314,
        "1": 2.505870521033411,
        "2": 6.157584531909134,
        "3": 4.781955207337682,
        "4": 5.10591223818408,
        "5": 16.650582990167734,
        "6": 9.063395440750227,
        "7": 4.2332798043398885,
        "8": 7.734673974010112,
        "9": 8.625068683342834
    },
    "best_mrt": [
        40.029804568156024,
        224.21916687406025,
        298.24734000269115,
        70.78497279330718,
        450.00000000000006,
        6.108767114217105,
        430.68964392462715,
        308.4061880267684,
        450.0,
        235.87939140708437,
        450.0,
        341.192176664057,
        63.75810173049943,
        449.99999999999994,
        107.17318041066316,
        29.710458781782577,
        101.61558689604935,
        67.89146941277289,
        180.2423534334678,
        430.48134629132676,
        449.99999999999994,
        90.26343420626102,
        26.276629928737492,
        81.46080403364783,
        447.44643718060786
    ],
    "SLA": 450
}