{
    "throughput": 6.0,
    "class_probs": {
        "0": 0.05653504758372395,
        "1": 0.07432887599877921,
        "2": 0.051572793587655194,
        "3": 0.02459377396739738,
        "4": 0.04324083747841862,
        "5": 0.028665511722811406,
        "6": 0.027332005917418675,
        "7": 0.020527280413980338,
        "8": 0.04780263413928637,
        "9": 0.038681521755098286,
        "10": 0.02291087453096747,
        "11": 0.043032843457388684,
        "12": 0.021545625032087626,
        "13": 0.06638291035959258,
        "14": 0.06475648484806083,
        "15": 0.07548112506452197,
        "16": 0.020097475541052897,
        "17": 0.02283115865436273,
        "18": 0.064540575885162,
        "19": 0.014190297662349841,
        "20": 0.008793494612177325,
        "21": 0.07620120199177659,
        "22": 0.015468849046548123,
        "23": 0.05118426925052238,
        "24": 0.019302531498859545
    },
    "best_objective": 72.23102649767124,
    "classes": [
        "0",
        "1",
        "2",
        "3",
        "4",
        "5",
        "6",
        "7",
        "8",
        "9",
        "10",
        "11",
        "12",
        "13",
        "14",
        "15",
        "16",
        "17",
        "18",
        "19",
        "20",
        "21",
        "22",
        "23",
        "24"
    ],
    "resources": [
        "0",
        "1",
        "2",
        "3",
        "4",
        "5",
        "6",
        "7",
        "8",
        "9"
    ],
    "demands": {
        "1_0": 0.23192,
        "7_0": 0.46537,
        "9_0": 0.43863,
        "10_0": 0.77572,
        "13_0": 0.2155,
        "14_0": 0.23872,
        "17_0": 0.62043,
        "18_0": 0.16262,
        "24_0": 0.93954,
        "5_1": 0.68134,
        "6_1": 0.46839,
        "7_1": 1.62536,
        "15_1": 0.57177,
        "18_1": 0.26688,
        "21_1": 0.24905,
        "2_2": 0.33799,
        "4_2": 0.4154,
        "5_2": 0.01217,
        "7_2": 0.2943,
        "8_2": 0.17212,
        "11_2": 0.07549,
        "12_2": 0.61343,
        "13_2": 0.0311,
        "16_2": 0.54896,
        "18_2": 0.08856,
        "23_2": 0.25808,
        "0_3": 0.00058,
        "1_3": 0.10363,
        "2_3": 0.10201,
        "5_3": 0.42366,
        "6_3": 0.53094,
        "8_3": 0.13342,
        "19_3": 0.26004,
        "20_3": 1.54547,
        "24_3": 0.47664,
        "0_4": 0.20197,
        "1_4": 0.04577,
        "4_4": 0.15942,
        "8_4": 0.04429,
        "10_4": 0.83394,
        "11_4": 0.39563,
        "18_4": 0.29455,
        "21_4": 0.24675,
        "22_4": 1.22103,
        "23_4": 0.04421,
        "1_5": 0.11397,
        "2_5": 0.36995,
        "5_5": 0.52393,
        "7_5": 0.85267,
        "8_5": 0.39787,
        "10_5": 0.24185,
        "11_5": 0.34865,
        "12_5": 0.4169,
        "19_5": 1.46376,
        "24_5": 0.84867,
        "1_6": 0.21389,
        "3_6": 0.83847,
        "4_6": 0.38826,
        "5_6": 0.06399,
        "6_6": 0.36133,
        "14_6": 0.17628,
        "17_6": 0.63206,
        "18_6": 0.06394,
        "20_6": 2.01566,
        "22_6": 1.26782,
        "23_6": 0.15263,
        "24_6": 0.27906,
        "0_7": 0.47083,
        "8_7": 0.33504,
        "10_7": 0.08634,
        "13_7": 0.10379,
        "22_7": 1.04077,
        "23_7": 0.1075,
        "0_8": 0.23478,
        "1_8": 0.1489,
        "6_8": 0.48136,
        "12_8": 0.31928,
        "13_8": 0.21505,
        "17_8": 0.31186,
        "18_8": 0.10955,
        "0_9": 0.12095,
        "3_9": 0.20186,
        "6_9": 0.15864,
        "7_9": 0.19562,
        "8_9": 0.15863,
        "12_9": 0.50184,
        "13_9": 0.07422,
        "14_9": 0.08983,
        "15_9": 0.15738,
        "17_9": 0.63504,
        "23_9": 0.22561
    },
    "best": {
        "0": 6.939909390902942,
        "1": 11.272929370927278,
        "2": 5.218750462334397,
        "3": 6.477708550196054,
        "4": 7.876902015931457,
        "5": 8.49090467154732,
        "6": 11.250349683674218,
        "7": 7.0521040725495325,
        "8": 2.5096417681786654,
        "9": 5.14182651142937
    },
    "best_mrt": [
        238.95026274343184,
        168.75795287232373,
        138.49066604872843,
        124.50601411724482,
        149.4324296837777,
        213.19589033142756,
        434.3111271956253,
        450.0000001683126,
        202.70171788405708,
        71.49208687704657,
        287.66141698402055,
        117.31917926104047,
        450.0000002685506,
        177.36764997040783,
        75.34609042653948,
        89.04013061570723,
        118.62335705276122,
        450.0000001941229,
        171.4345526116555,
        235.22249185447996,
        450.0000000079784,
        58.387368239687355,
        450.00000000391617,
        141.75149485331406,
        370.33464267506844
    ],
    "SLA": 450
}