{
    "throughput": 6.0,
    "class_probs": {
        "0": 0.06456379058036799,
        "1": 0.053904165644832504,
        "2": 0.00908000377974508,
        "3": 0.06533513636744966,
        "4": 0.05745857301915287,
        "5": 0.03099886879514336,
        "6": 0.012852650886868997,
        "7": 0.03653213153137159,
        "8": 0.06650471318850056,
        "9": 0.04425480955998757,
        "10": 0.030647118097567486,
        "11": 0.021848861834686727,
        "12": 0.04339470701460187,
        "13": 0.03074342576393549,
        "14": 0.01360391065411047,
        "15": 0.027556090630444133,
        "16": 0.05345148865633704,
        "17": 0.038301919545596363,
        "18": 0.04981152373165736,
        "19": 0.03971646395658545,
        "20": 0.024084612346921386,
        "21": 0.053165037658446476,
        "22": 0.0472268584415324,
        "23": 0.021512023542528097,
        "24": 0.06345111477162903
    },
    "best_objective": 70.71653285960244,
    "classes": [
        "0",
        "1",
        "2",
        "3",
        "4",
        "5",
        "6",
        "7",
        "8",
        "9",
        "10",
        "11",
        "12",
        "13",
        "14",
        "15",
        "16",
        "17",
        "18",
        "19",
        "20",
        "21",
        "22",
        "23",
        "24"
    ],
    "resources": [
        "0",
        "1",
        "2",
        "3",
        "4",
        "5",
        "6",
        "7",
        "8",
        "9"
    ],
    "demands": {
        "0_0": 0.1034,
        "2_0": 0.10617,
        "3_0": 0.16662,
        "4_0": 0.09041,
        "5_0": 0.44179,
        "6_0": 1.03351,
        "9_0": 0.00216,
        "12_0": 0.21163,
        "15_0": 0.11961,
        "16_0": 0.31718,
        "0_1": 0.33236,
        "1_1": 0.33071,
        "4_1": 0.35806,
        "11_1": 1.14108,
        "13_1": 0.6143,
        "20_1": 0.18271,
        "23_1": 0.35998,
        "0_2": 0.13647,
        "3_2": 0.18692,
        "5_2": 0.13818,
        "7_2": 0.49176,
        "11_2": 0.45619,
        "17_2": 0.60278,
        "18_2": 0.34462,
        "19_2": 0.10932,
        "23_2": 1.00661,
        "24_2": 0.33734,
        "0_3": 0.04738,
        "8_3": 0.30811,
        "11_3": 0.29997,
        "12_3": 0.36475,
        "13_3": 0.45386,
        "19_3": 0.30963,
        "20_3": 0.86806,
        "21_3": 0.34756,
        "22_3": 0.12202,
        "24_3": 0.18178,
        "1_4": 0.11828,
        "5_4": 0.09273,
        "6_4": 0.91675,
        "12_4": 0.0971,
        "13_4": 0.33561,
        "14_4": 0.69012,
        "18_4": 0.01151,
        "20_4": 0.36487,
        "22_4": 0.21888,
        "24_4": 0.18208,
        "0_5": 0.15236,
        "5_5": 0.59482,
        "9_5": 0.107,
        "10_5": 0.2436,
        "12_5": 0.50545,
        "16_5": 0.14096,
        "18_5": 0.35018,
        "21_5": 0.19688,
        "22_5": 0.25906,
        "24_5": 0.23342,
        "1_6": 0.04744,
        "2_6": 1.23183,
        "3_6": 0.11639,
        "4_6": 0.15818,
        "7_6": 0.05468,
        "10_6": 0.1651,
        "13_6": 0.09373,
        "15_6": 0.34705,
        "16_6": 0.25238,
        "20_6": 0.38121,
        "23_6": 0.28705,
        "24_6": 0.12708,
        "4_7": 0.33954,
        "5_7": 0.4286,
        "7_7": 0.15918,
        "10_7": 0.4574,
        "11_7": 0.38806,
        "13_7": 0.28578,
        "14_7": 0.77513,
        "20_7": 0.58597,
        "22_7": 0.0498,
        "23_7": 0.79304,
        "1_8": 0.3473,
        "4_8": 0.24948,
        "6_8": 0.05225,
        "7_8": 0.42531,
        "8_8": 0.0474,
        "12_8": 0.1239,
        "16_8": 0.06794,
        "19_8": 0.66227,
        "21_8": 0.47342,
        "23_8": 0.48246,
        "5_9": 0.56075,
        "11_9": 0.89679,
        "13_9": 0.54756,
        "17_9": 0.19161,
        "18_9": 0.07086,
        "21_9": 0.37401,
        "22_9": 0.44611,
        "23_9": 0.87575
    },
    "best": {
        "0": 4.847468643198362,
        "1": 6.897953122519288,
        "2": 10.832195226952772,
        "3": 4.831190001357704,
        "4": 4.9136620740505395,
        "5": 3.5593854652359926,
        "6": 6.449835205434352,
        "7": 10.375854460370714,
        "8": 7.638291994638914,
        "9": 10.370696665843806
    },
    "best_mrt": [
        156.82436166509507,
        138.2006031039359,
        232.0891873447337,
        76.51030489272269,
        176.30721940562785,
        450.0000000002417,
        450.000000000765,
        136.53873597360803,
        82.79741515535089,
        38.57324580795904,
        161.73145781689823,
        436.77769090293555,
        357.9805952079915,
        388.37575011360605,
        234.8347309236542,
        85.93194944125166,
        175.2272451375756,
        80.26732974188047,
        169.07313247476577,
        183.24762717738065,
        450.00000000027006,
        263.2004156099902,
        222.8699057459893,
        450.0000000000237,
        223.93429520935572
    ],
    "SLA": 450
}