{
    "throughput": 6.0,
    "class_probs": {
        "0": 0.040667962497186246,
        "1": 0.03804438728486759,
        "2": 0.032923952804618746,
        "3": 0.01252063090263765,
        "4": 0.02463870821857914,
        "5": 0.0379588950088147,
        "6": 0.01472375395670795,
        "7": 0.08602284348045437,
        "8": 0.039990029357086045,
        "9": 0.043400994207903394,
        "10": 0.0760475107993175,
        "11": 0.05830183312160101,
        "12": 0.019799311272379563,
        "13": 0.07816933898187083,
        "14": 0.04075832888060646,
        "15": 0.02416709856460837,
        "16": 0.07320074145130395,
        "17": 0.028113246306364383,
        "18": 0.013179667337181324,
        "19": 0.03167514408411821,
        "20": 0.04495377021192775,
        "21": 0.07653504644862298,
        "22": 0.02242111052700194,
        "23": 0.01161923842283803,
        "24": 0.030166455871401925
    },
    "best_objective": 122.38457344806069,
    "classes": [
        "0",
        "1",
        "2",
        "3",
        "4",
        "5",
        "6",
        "7",
        "8",
        "9",
        "10",
        "11",
        "12",
        "13",
        "14",
        "15",
        "16",
        "17",
        "18",
        "19",
        "20",
        "21",
        "22",
        "23",
        "24"
    ],
    "resources": [
        "0",
        "1",
        "2",
        "3",
        "4",
        "5",
        "6",
        "7",
        "8",
        "9"
    ],
    "demands": {
        "8_0": 0.13092,
        "10_0": 0.39662,
        "11_0": 0.26809,
        "12_0": 0.74855,
        "13_0": 0.15221,
        "19_0": 0.36564,
        "24_0": 0.26695,
        "0_1": 0.33107,
        "3_1": 1.24479,
        "4_1": 0.53123,
        "6_1": 1.32412,
        "8_1": 0.61607,
        "11_1": 0.49079,
        "14_1": 0.57441,
        "6_2": 0.33347,
        "8_2": 0.3025,
        "10_2": 0.111,
        "15_2": 0.87461,
        "17_2": 0.30842,
        "20_2": 0.99352,
        "21_2": 0.38217,
        "3_3": 2.19319,
        "6_3": 1.02626,
        "9_3": 0.50981,
        "18_3": 2.1222,
        "20_3": 0.53253,
        "22_3": 1.32799,
        "1_4": 0.32053,
        "3_4": 1.19793,
        "4_4": 0.61921,
        "10_4": 0.09519,
        "12_4": 0.69979,
        "14_4": 0.3462,
        "17_4": 0.44748,
        "19_4": 0.35652,
        "20_4": 0.04702,
        "23_4": 0.14837,
        "24_4": 0.48729,
        "5_5": 0.12803,
        "6_5": 0.40974,
        "9_5": 0.12836,
        "12_5": 0.1294,
        "13_5": 0.08345,
        "14_5": 0.07195,
        "16_5": 0.09752,
        "18_5": 0.48335,
        "20_5": 0.16904,
        "24_5": 0.20573,
        "4_6": 1.83118,
        "10_6": 0.36434,
        "21_6": 0.53171,
        "0_7": 0.49447,
        "4_7": 0.80552,
        "5_7": 0.33799,
        "7_7": 0.13714,
        "8_7": 0.54714,
        "15_7": 0.30347,
        "16_7": 0.24855,
        "21_7": 0.17353,
        "22_7": 0.41962,
        "23_7": 0.10498,
        "1_8": 0.28828,
        "2_8": 0.00836,
        "3_8": 1.51684,
        "7_8": 0.11248,
        "9_8": 0.20999,
        "13_8": 0.08227,
        "14_8": 0.43067,
        "17_8": 0.88826,
        "18_8": 0.30702,
        "21_8": 0.24237,
        "22_8": 0.85517,
        "2_9": 0.19842,
        "3_9": 2.58089,
        "5_9": 0.37164,
        "14_9": 0.39303,
        "17_9": 0.37924,
        "20_9": 0.08758,
        "22_9": 0.14722,
        "23_9": 2.41165
    },
    "best": {
        "0": 2.781021208968599,
        "1": 17.457155154472705,
        "2": 3.7742221739205046,
        "3": 22.167585700008065,
        "4": 17.141030303744255,
        "5": 2.27690941990013,
        "6": 8.688910590376771,
        "7": 6.126515038957472,
        "8": 18.38249660289687,
        "9": 23.58872725481528
    },
    "best_mrt": [
        113.0121613783749,
        35.951779573521705,
        9.14138728869743,
        450.00000003180105,
        450.00000001298747,
        145.78981417850747,
        450.0000000380333,
        32.232642336686965,
        300.52673172367673,
        102.00829915985062,
        268.8546410476393,
        151.55724083381546,
        450.0000000038053,
        116.94673479323217,
        134.38747613332987,
        348.7514644583072,
        97.0108672182261,
        197.27616916927536,
        366.05938921055406,
        188.15877925202344,
        450.0000000040575,
        240.3103095468738,
        196.55952753232864,
        134.11685240457686,
        257.1265336588669
    ],
    "SLA": 450
}