{
    "throughput": 7.0,
    "class_probs": {
        "0": 0.026502043202372257,
        "1": 0.05553718280610636,
        "2": 0.02605708899910706,
        "3": 0.061599800619258745,
        "4": 0.04072057458436563,
        "5": 0.05425711024009809,
        "6": 0.010525905081405268,
        "7": 0.07237464359154452,
        "8": 0.07243035768716267,
        "9": 0.041252395729701276,
        "10": 0.013968327930985054,
        "11": 0.0340091179482116,
        "12": 0.07798137869577654,
        "13": 0.02372181164146139,
        "14": 0.015528024756458586,
        "15": 0.04513353313332589,
        "16": 0.01434868480033027,
        "17": 0.024531290114096157,
        "18": 0.02770009536185433,
        "19": 0.047039220607325384,
        "20": 0.020633733386259314,
        "21": 0.057781836925752346,
        "22": 0.0199813619755819,
        "23": 0.07713898752641161,
        "24": 0.039245492655047856
    },
    "best_objective": 95.44443526104975,
    "classes": [
        "0",
        "1",
        "2",
        "3",
        "4",
        "5",
        "6",
        "7",
        "8",
        "9",
        "10",
        "11",
        "12",
        "13",
        "14",
        "15",
        "16",
        "17",
        "18",
        "19",
        "20",
        "21",
        "22",
        "23",
        "24"
    ],
    "resources": [
        "0",
        "1",
        "2",
        "3",
        "4",
        "5",
        "6",
        "7",
        "8",
        "9"
    ],
    "demands": {
        "0_0": 0.5101,
        "2_0": 0.14968,
        "3_0": 0.28573,
        "5_0": 0.14834,
        "6_0": 0.32792,
        "16_0": 1.17069,
        "20_0": 0.04587,
        "21_0": 0.12062,
        "1_1": 0.01543,
        "2_1": 0.06887,
        "3_1": 0.07628,
        "6_1": 1.67308,
        "7_1": 0.26832,
        "8_1": 0.24565,
        "10_1": 0.68059,
        "11_1": 0.14604,
        "12_1": 0.24195,
        "15_1": 0.03677,
        "18_1": 0.23316,
        "20_1": 0.12191,
        "22_1": 0.48096,
        "24_1": 0.03422,
        "3_2": 0.00047,
        "10_2": 0.5162,
        "12_2": 0.06242,
        "20_2": 0.40096,
        "21_2": 0.12828,
        "22_2": 0.90015,
        "0_3": 0.54023,
        "2_3": 0.06412,
        "5_3": 0.25027,
        "6_3": 1.34445,
        "10_3": 0.07988,
        "12_3": 0.15124,
        "15_3": 0.26098,
        "17_3": 0.51643,
        "21_3": 0.23312,
        "23_3": 0.08634,
        "0_4": 0.09178,
        "3_4": 0.0302,
        "10_4": 0.69747,
        "11_4": 0.06879,
        "14_4": 0.57518,
        "15_4": 0.01024,
        "16_4": 0.61812,
        "19_4": 0.16264,
        "23_4": 0.03154,
        "1_5": 0.01484,
        "9_5": 0.10677,
        "11_5": 0.29368,
        "12_5": 0.02602,
        "13_5": 0.42838,
        "15_5": 0.12761,
        "17_5": 0.06852,
        "22_5": 0.51388,
        "3_6": 0.14603,
        "10_6": 1.65938,
        "12_6": 0.04057,
        "15_6": 0.56564,
        "16_6": 0.74255,
        "18_6": 0.56256,
        "20_6": 0.12553,
        "22_6": 1.06462,
        "0_7": 0.214,
        "1_7": 0.17553,
        "4_7": 0.08941,
        "5_7": 0.22772,
        "9_7": 0.08991,
        "13_7": 0.16864,
        "15_7": 0.14953,
        "16_7": 0.73663,
        "17_7": 0.67609,
        "19_7": 0.05546,
        "22_7": 0.21322,
        "0_8": 1.09848,
        "3_8": 0.00756,
        "4_8": 0.26981,
        "6_8": 3.55976,
        "7_8": 0.02398,
        "8_8": 0.03272,
        "10_8": 0.89043,
        "13_8": 0.9933,
        "21_8": 0.10052,
        "0_9": 0.68052,
        "2_9": 0.43585,
        "3_9": 0.10616,
        "5_9": 0.27223,
        "9_9": 0.37516,
        "11_9": 0.31766,
        "13_9": 0.34953,
        "14_9": 1.06887,
        "17_9": 0.2032,
        "20_9": 0.17822,
        "24_9": 0.20381
    },
    "best": {
        "0": 8.72622731452546,
        "1": 15.165324216546749,
        "2": 6.790397542496209,
        "3": 12.551504309178924,
        "4": 6.867776472306363,
        "5": 4.229871637171068,
        "6": 10.858195430255348,
        "7": 5.830156315692322,
        "8": 20.64461856252986,
        "9": 3.7803634603474596
    },
    "best_mrt": [
        448.3947991574226,
        38.168978652075985,
        176.12083382783908,
        95.57147963116594,
        30.605687668853076,
        174.62650459565026,
        450.00000000000097,
        19.91649009580192,
        18.77814457960884,
        171.48158748115222,
        450.0000000000034,
        203.36470571490636,
        49.955869934050604,
        310.1251099434689,
        450.0000000000018,
        143.24119953318657,
        450.000000000003,
        258.24779429661436,
        72.05469363384312,
        35.334605077710634,
        148.89787790580112,
        59.25426466966997,
        450.0000000000054,
        12.102136538449322,
        71.45843512595182
    ],
    "SLA": 450
}