{
    "throughput": 10.0,
    "class_probs": {
        "0": 0.06790074588325855,
        "1": 0.03371939063640503,
        "2": 0.013637948193321505,
        "3": 0.024875514475981103,
        "4": 0.07680586997613904,
        "5": 0.034673870843215326,
        "6": 0.05590165083499068,
        "7": 0.015166682126740494,
        "8": 0.02422802105846039,
        "9": 0.0665226277843353,
        "10": 0.021580472087655983,
        "11": 0.05312873799732108,
        "12": 0.07243706479895244,
        "13": 0.040116548245440926,
        "14": 0.044358063788838324,
        "15": 0.039021262120307154,
        "16": 0.01875482843090421,
        "17": 0.0795917279244377,
        "18": 0.027962301426762846,
        "19": 0.03612258945720687,
        "20": 0.02544734388194022,
        "21": 0.06502939256729623,
        "22": 0.020052230515530955,
        "23": 0.010688742424638922,
        "24": 0.032276372519918564
    },
    "best_objective": 39.706135703340976,
    "classes": [
        "0",
        "1",
        "2",
        "3",
        "4",
        "5",
        "6",
        "7",
        "8",
        "9",
        "10",
        "11",
        "12",
        "13",
        "14",
        "15",
        "16",
        "17",
        "18",
        "19",
        "20",
        "21",
        "22",
        "23",
        "24"
    ],
    "resources": [
        "0",
        "1",
        "2",
        "3",
        "4",
        "5",
        "6",
        "7",
        "8",
        "9"
    ],
    "demands": {
        "1_0": 0.07778,
        "2_0": 0.26396,
        "3_0": 0.0542,
        "5_0": 0.09054,
        "6_0": 0.16129,
        "9_0": 0.1025,
        "10_0": 0.19176,
        "14_0": 0.19886,
        "17_0": 0.0405,
        "20_0": 0.15256,
        "23_0": 0.30766,
        "24_0": 0.26756,
        "0_1": 0.06822,
        "2_1": 1.34939,
        "10_1": 0.54061,
        "11_1": 0.05396,
        "12_1": 0.01214,
        "13_1": 0.02402,
        "16_1": 0.44449,
        "17_1": 0.30251,
        "18_1": 0.02059,
        "23_1": 0.87333,
        "2_2": 0.36005,
        "5_2": 0.02403,
        "6_2": 0.02647,
        "7_2": 0.0095,
        "8_2": 0.17665,
        "9_2": 0.01504,
        "13_2": 0.08291,
        "14_2": 0.11855,
        "15_2": 0.02094,
        "17_2": 0.06585,
        "20_2": 0.03385,
        "21_2": 0.0794,
        "22_2": 0.11156,
        "24_2": 0.12275,
        "1_3": 0.20339,
        "4_3": 0.10011,
        "7_3": 0.06747,
        "13_3": 0.02662,
        "14_3": 0.23446,
        "16_3": 0.43581,
        "19_3": 0.22236,
        "21_3": 0.17665,
        "22_3": 0.27866,
        "1_4": 0.11935,
        "3_4": 0.16865,
        "5_4": 0.04314,
        "7_4": 0.23204,
        "8_4": 0.02282,
        "9_4": 0.06213,
        "10_4": 0.13624,
        "12_4": 0.0172,
        "14_4": 0.09637,
        "15_4": 0.08653,
        "17_4": 0.04363,
        "19_4": 0.0644,
        "20_4": 0.17954,
        "22_4": 0.18574,
        "23_4": 0.27387,
        "1_5": 0.14299,
        "10_5": 0.15664,
        "14_5": 0.50314,
        "24_5": 0.29666,
        "4_6": 0.00099,
        "5_6": 0.2101,
        "8_6": 0.38446,
        "10_6": 0.46585,
        "19_6": 0.02572,
        "20_6": 0.27472,
        "13_7": 0.11925,
        "14_7": 0.11562,
        "15_7": 0.39741,
        "19_7": 0.8237,
        "24_7": 0.36393,
        "4_8": 0.04186,
        "5_8": 0.07606,
        "8_8": 0.33051,
        "9_8": 0.02577,
        "11_8": 0.05129,
        "15_8": 0.21153,
        "18_8": 0.0508,
        "20_8": 0.0964,
        "21_8": 0.02295,
        "22_8": 0.16463,
        "23_8": 0.35755,
        "0_9": 0.12042,
        "1_9": 0.53508,
        "6_9": 0.03644,
        "9_9": 0.15119,
        "14_9": 0.37283,
        "16_9": 0.34061,
        "18_9": 0.2165,
        "24_9": 0.23374
    },
    "best": {
        "0": 4.758835317197121,
        "1": 6.2632520437696835,
        "2": 2.9859522405398935,
        "3": 3.7299713554323466,
        "4": 3.748608079682361,
        "5": 5.070033480696608,
        "6": 2.374488701961437,
        "7": 3.0459011441805344,
        "8": 3.090101964812036,
        "9": 4.638991375068957
    },
    "best_mrt": [
        43.47830084647744,
        288.2184453706042,
        449.9999999995265,
        64.39137056689935,
        48.01072731629674,
        175.89165177644284,
        58.229336976680315,
        95.97090163050567,
        387.14062686922404,
        97.70798589443821,
        449.99999998419673,
        28.906943638534447,
        7.471773982963703,
        95.1005146262267,
        449.9999999863611,
        280.0217502324151,
        308.54593110919814,
        103.96759784721266,
        78.24467180962559,
        449.99999998949903,
        275.51540429487807,
        95.64371348823414,
        249.77550554379957,
        449.9999998400241,
        388.2278939972154
    ],
    "SLA": 450
}