{
    "throughput": 7.0,
    "class_probs": {
        "0": 0.04589475290605911,
        "1": 0.15290535044549924,
        "2": 0.023252451450558917,
        "3": 0.0817249466058675,
        "4": 0.08612835283019,
        "5": 0.10423473675108474,
        "6": 0.03578195004100084,
        "7": 0.08790992807993872,
        "8": 0.14656316078668027,
        "9": 0.030414187182660885,
        "10": 0.1424808837606073,
        "11": 0.06270929915985246
    },
    "best_objective": 80.98314218274996,
    "classes": [
        "0",
        "1",
        "2",
        "3",
        "4",
        "5",
        "6",
        "7",
        "8",
        "9",
        "10",
        "11"
    ],
    "resources": [
        "0",
        "1",
        "2",
        "3",
        "4",
        "5",
        "6",
        "7",
        "8",
        "9"
    ],
    "demands": {
        "8_0": 0.42066,
        "10_0": 0.0626,
        "6_1": 0.36767,
        "9_1": 2.55733,
        "11_1": 0.14587,
        "0_2": 0.57052,
        "1_2": 0.1699,
        "7_2": 0.15697,
        "0_3": 0.82323,
        "3_3": 0.1927,
        "4_3": 0.21249,
        "0_4": 0.06915,
        "3_4": 0.24564,
        "6_4": 0.52156,
        "9_4": 0.69234,
        "4_5": 0.0856,
        "5_5": 0.2264,
        "6_5": 0.76787,
        "8_5": 0.2268,
        "10_5": 0.1685,
        "8_6": 0.408,
        "10_6": 0.42469,
        "4_7": 0.2064,
        "5_7": 0.16444,
        "6_7": 0.59601,
        "7_7": 0.08578,
        "11_7": 0.2732,
        "1_8": 0.32997,
        "4_8": 0.4568,
        "8_8": 0.0543,
        "9_8": 0.41215,
        "0_9": 0.49634,
        "2_9": 0.88769,
        "3_9": 0.23076,
        "9_9": 0.33758,
        "11_9": 0.12726
    },
    "best": {
        "0": 3.7369961411194628,
        "1": 19.17760366632644,
        "2": 5.842977127660725,
        "3": 6.9669202587609735,
        "4": 11.198899486625246,
        "5": 7.267265400266084,
        "6": 4.035971445910355,
        "7": 5.854535572415161,
        "8": 8.093165197471752,
        "9": 8.808807886193755
    },
    "best_mrt": [
        300.0000000000287,
        76.64354939091488,
        107.66247047277444,
        80.63125131547585,
        147.55411844639326,
        66.1567048709104,
        300.0000000000037,
        45.391099836959334,
        300.00000000011056,
        300.00000000001745,
        178.3699090613235,
        74.99224172577013
    ],
    "SLA": 300
}