{
    "throughput": 6.0,
    "class_probs": {
        "0": 0.05777281708287591,
        "1": 0.03320380455870118,
        "2": 0.013123747691082823,
        "3": 0.04622610956845165,
        "4": 0.060628833507367544,
        "5": 0.007004237193394408,
        "6": 0.022112682545313834,
        "7": 0.0431435660892445,
        "8": 0.05092615977784858,
        "9": 0.06010207076547822,
        "10": 0.014645086478545422,
        "11": 0.014743434945404837,
        "12": 0.057567529823810415,
        "13": 0.06092587186234196,
        "14": 0.05235988246697984,
        "15": 0.06660933854320128,
        "16": 0.05447449144161987,
        "17": 0.04770107434302055,
        "18": 0.04126240338066224,
        "19": 0.02728303755399455,
        "20": 0.018501915145254146,
        "21": 0.06720315564392627,
        "22": 0.025430232331743376,
        "23": 0.02402178092245898,
        "24": 0.03302673633727768
    },
    "best_objective": 80.60079763768846,
    "classes": [
        "0",
        "1",
        "2",
        "3",
        "4",
        "5",
        "6",
        "7",
        "8",
        "9",
        "10",
        "11",
        "12",
        "13",
        "14",
        "15",
        "16",
        "17",
        "18",
        "19",
        "20",
        "21",
        "22",
        "23",
        "24"
    ],
    "resources": [
        "0",
        "1",
        "2",
        "3",
        "4",
        "5",
        "6",
        "7",
        "8",
        "9"
    ],
    "demands": {
        "1_0": 0.69049,
        "2_0": 0.89346,
        "3_0": 0.02013,
        "7_0": 0.46035,
        "8_0": 0.37367,
        "9_0": 0.42419,
        "12_0": 0.11954,
        "15_0": 0.11639,
        "16_0": 0.07746,
        "19_0": 0.19895,
        "0_1": 0.2363,
        "8_1": 0.47113,
        "9_1": 0.14672,
        "12_1": 0.22245,
        "15_1": 0.03427,
        "16_1": 0.21518,
        "18_1": 0.1636,
        "19_1": 0.14956,
        "20_1": 0.7199,
        "22_1": 0.39068,
        "23_1": 0.21496,
        "5_2": 1.09582,
        "7_2": 0.4376,
        "8_2": 0.10468,
        "9_2": 0.21707,
        "10_2": 0.51266,
        "16_2": 0.10413,
        "17_2": 0.24874,
        "18_2": 0.42062,
        "21_2": 0.21451,
        "22_2": 9e-05,
        "23_2": 0.78822,
        "24_2": 0.3669,
        "4_3": 0.38972,
        "11_3": 1.54039,
        "12_3": 0.46955,
        "15_3": 0.3257,
        "17_3": 0.00655,
        "19_3": 0.19014,
        "21_3": 0.02053,
        "22_3": 1.48071,
        "1_4": 0.23963,
        "4_4": 0.00863,
        "5_4": 0.69878,
        "7_4": 0.20895,
        "9_4": 0.14546,
        "11_4": 0.67484,
        "14_4": 0.05042,
        "15_4": 0.10015,
        "16_4": 0.12254,
        "20_4": 0.43988,
        "23_4": 0.32753,
        "24_4": 0.18104,
        "1_5": 0.32395,
        "4_5": 0.0808,
        "6_5": 0.50148,
        "10_5": 0.16552,
        "11_5": 0.26954,
        "17_5": 0.06514,
        "18_5": 0.03704,
        "19_5": 0.18524,
        "22_5": 0.31367,
        "3_6": 0.41252,
        "4_6": 0.18897,
        "7_6": 0.24486,
        "10_6": 1.02822,
        "11_6": 1.24924,
        "12_6": 0.13146,
        "17_6": 0.2782,
        "20_6": 0.97106,
        "23_6": 0.7257,
        "0_7": 0.07399,
        "1_7": 0.20246,
        "3_7": 0.24555,
        "6_7": 0.46426,
        "10_7": 0.58017,
        "11_7": 0.17303,
        "13_7": 0.14433,
        "15_7": 0.11346,
        "18_7": 0.07067,
        "19_7": 0.34164,
        "20_7": 0.24896,
        "21_7": 0.05565,
        "23_7": 0.0128,
        "1_8": 0.35279,
        "3_8": 0.20682,
        "5_8": 0.4347,
        "6_8": 0.62978,
        "9_8": 0.01869,
        "10_8": 0.28068,
        "12_8": 0.01634,
        "18_8": 0.00905,
        "20_8": 0.7799,
        "23_8": 0.44151,
        "0_9": 0.27658,
        "1_9": 0.63271,
        "2_9": 0.7856,
        "4_9": 0.20722,
        "9_9": 0.0483,
        "10_9": 0.39954,
        "13_9": 0.15707,
        "20_9": 1.12063,
        "22_9": 0.55958,
        "23_9": 0.01559
    },
    "best": {
        "0": 3.976575137981762,
        "1": 8.831658690452283,
        "2": 4.163334016136456,
        "3": 9.386862370725005,
        "4": 9.613339702192057,
        "5": 4.510485039601979,
        "6": 12.991987327791534,
        "7": 6.340211059283796,
        "8": 9.469031314215448,
        "9": 11.317312979308138
    },
    "best_mrt": [
        67.6118956571107,
        450.0,
        350.3822192861324,
        104.81629362439543,
        100.70463454340968,
        450.0,
        268.1242637155652,
        315.38423042500233,
        204.50448187499518,
        236.274430514898,
        443.5414434414784,
        450.00000000000006,
        131.76706211670992,
        39.41912735565503,
        5.517001461349634,
        108.65794875483518,
        94.69434969133583,
        112.93135218932163,
        166.877612249278,
        204.5485698159369,
        449.99999999999994,
        75.62517487435565,
        348.3161596306067,
        408.21450935476645,
        128.7947589577751
    ],
    "SLA": 450
}