{
    "throughput": 7.0,
    "class_probs": {
        "0": 0.06327561409637066,
        "1": 0.038627903422807225,
        "2": 0.023332302853906913,
        "3": 0.02888199791070101,
        "4": 0.02539779388646015,
        "5": 0.06443344584836998,
        "6": 0.029787601880772004,
        "7": 0.015901703797882596,
        "8": 0.013654394163264732,
        "9": 0.04476686139653047,
        "10": 0.023277332486847758,
        "11": 0.07537694392188185,
        "12": 0.05548559513581766,
        "13": 0.05629074464447495,
        "14": 0.014999022049565644,
        "15": 0.043779379666662725,
        "16": 0.05637440777276271,
        "17": 0.023115504620862003,
        "18": 0.041853405656077584,
        "19": 0.040519793594824806,
        "20": 0.012048829834553828,
        "21": 0.047523568441619014,
        "22": 0.023697345300658156,
        "23": 0.0739615185311057,
        "24": 0.06363698908521993
    },
    "best_objective": 62.566001446350725,
    "classes": [
        "0",
        "1",
        "2",
        "3",
        "4",
        "5",
        "6",
        "7",
        "8",
        "9",
        "10",
        "11",
        "12",
        "13",
        "14",
        "15",
        "16",
        "17",
        "18",
        "19",
        "20",
        "21",
        "22",
        "23",
        "24"
    ],
    "resources": [
        "0",
        "1",
        "2",
        "3",
        "4",
        "5",
        "6",
        "7",
        "8",
        "9"
    ],
    "demands": {
        "0_0": 0.1344,
        "2_0": 0.16489,
        "4_0": 0.45692,
        "7_0": 0.70191,
        "14_0": 0.40762,
        "17_0": 0.84407,
        "23_0": 0.25551,
        "3_1": 0.32846,
        "15_1": 0.79074,
        "17_1": 0.10905,
        "21_1": 0.23991,
        "22_1": 1.03963,
        "23_1": 0.21345,
        "24_1": 0.45519,
        "2_2": 0.22448,
        "5_2": 0.16375,
        "6_2": 0.0873,
        "8_2": 1.26859,
        "12_2": 0.04549,
        "13_2": 0.28061,
        "16_2": 0.02172,
        "17_2": 0.72666,
        "18_2": 0.39937,
        "19_2": 0.415,
        "20_2": 0.27185,
        "21_2": 0.04309,
        "22_2": 0.01682,
        "24_2": 0.01638,
        "0_3": 0.08328,
        "7_3": 0.87809,
        "8_3": 0.61467,
        "9_3": 0.08002,
        "13_3": 0.12574,
        "14_3": 0.57977,
        "15_3": 0.20649,
        "20_3": 0.86774,
        "22_3": 0.23454,
        "24_3": 0.00567,
        "7_4": 0.70927,
        "8_4": 0.4396,
        "10_4": 0.58605,
        "11_4": 0.19628,
        "16_4": 0.08696,
        "18_4": 0.17892,
        "23_4": 0.1713,
        "0_5": 0.02441,
        "2_5": 0.25553,
        "3_5": 0.04983,
        "7_5": 0.03303,
        "10_5": 0.48201,
        "11_5": 0.00917,
        "14_5": 0.32422,
        "15_5": 0.18993,
        "21_5": 0.2294,
        "24_5": 0.12613,
        "0_6": 0.10433,
        "3_6": 0.44212,
        "10_6": 0.65392,
        "13_6": 0.04656,
        "14_6": 0.7326,
        "16_6": 0.02879,
        "17_6": 0.12159,
        "18_6": 0.19497,
        "20_6": 0.24077,
        "21_6": 0.41002,
        "23_6": 0.16911,
        "0_7": 0.31876,
        "9_7": 0.4879,
        "21_7": 0.43002,
        "22_7": 0.35868,
        "23_7": 0.07558,
        "24_7": 0.22873,
        "0_8": 0.22792,
        "1_8": 0.3372,
        "3_8": 0.38449,
        "4_8": 0.28429,
        "6_8": 0.35891,
        "8_8": 0.61039,
        "9_8": 0.30999,
        "10_8": 0.09229,
        "13_8": 0.1595,
        "18_8": 0.32443,
        "19_8": 0.18301,
        "2_9": 0.3774,
        "3_9": 0.06855,
        "5_9": 0.03944,
        "7_9": 0.53311,
        "8_9": 0.31667,
        "10_9": 0.03146,
        "14_9": 0.65698,
        "16_9": 0.10088,
        "17_9": 0.11976,
        "19_9": 0.015,
        "21_9": 0.01658,
        "24_9": 0.01878
    },
    "best": {
        "0": 5.615124301233309,
        "1": 4.816605847787246,
        "2": 9.184467313516672,
        "3": 9.032504339755434,
        "4": 6.112956772092585,
        "5": 4.248883449170067,
        "6": 6.428436190327199,
        "7": 2.942906197528049,
        "8": 6.590603936203674,
        "9": 7.593513098736493
    },
    "best_mrt": [
        238.22952753489176,
        57.98763008582523,
        177.2738687852833,
        248.89062127286718,
        139.23134746284467,
        24.93171803387334,
        72.11634308485466,
        450.0000000009212,
        450.0000000020947,
        274.3409549157572,
        362.49244437358675,
        37.3075259929391,
        5.416742019930977,
        83.67624468952698,
        450.00000000102654,
        274.71920610793956,
        36.9628266672753,
        318.8153392657427,
        169.05430189994158,
        82.95453125194366,
        175.96003857634935,
        385.49188497529195,
        450.000000000549,
        197.55251616742632,
        252.9591737798797
    ],
    "SLA": 450
}