{
    "throughput": 6.0,
    "class_probs": {
        "0": 0.048452202080027006,
        "1": 0.05010721405272141,
        "2": 0.06560013317127165,
        "3": 0.04413778296157574,
        "4": 0.0665582120334302,
        "5": 0.06858787476912347,
        "6": 0.05380303912605506,
        "7": 0.06508102282094584,
        "8": 0.03616010439588748,
        "9": 0.02474551488296866,
        "10": 0.02602276444775089,
        "11": 0.047793142093464344,
        "12": 0.019595453614774955,
        "13": 0.03551274841664387,
        "14": 0.06403449224802522,
        "15": 0.04245266493270329,
        "16": 0.02822558707956111,
        "17": 0.025445999090844797,
        "18": 0.021416990206656605,
        "19": 0.019113766378470117,
        "20": 0.008995925582275313,
        "21": 0.024681917770593816,
        "22": 0.037935646331504896,
        "23": 0.053281298644664056,
        "24": 0.022258502868060127
    },
    "best_objective": 81.50241846893687,
    "classes": [
        "0",
        "1",
        "2",
        "3",
        "4",
        "5",
        "6",
        "7",
        "8",
        "9",
        "10",
        "11",
        "12",
        "13",
        "14",
        "15",
        "16",
        "17",
        "18",
        "19",
        "20",
        "21",
        "22",
        "23",
        "24"
    ],
    "resources": [
        "0",
        "1",
        "2",
        "3",
        "4",
        "5",
        "6",
        "7",
        "8",
        "9"
    ],
    "demands": {
        "0_0": 0.17023,
        "2_0": 0.15382,
        "6_0": 0.08233,
        "8_0": 0.14385,
        "17_0": 0.2355,
        "18_0": 0.58442,
        "20_0": 0.19456,
        "21_0": 0.59623,
        "23_0": 0.20299,
        "24_0": 0.14771,
        "0_1": 0.15715,
        "2_1": 0.35193,
        "3_1": 0.0483,
        "4_1": 0.2492,
        "6_1": 0.07094,
        "7_1": 0.13884,
        "9_1": 0.88251,
        "12_1": 0.10778,
        "13_1": 0.17635,
        "16_1": 0.02134,
        "17_1": 0.74628,
        "19_1": 0.61919,
        "23_1": 0.28938,
        "1_2": 0.0938,
        "3_2": 0.05194,
        "4_2": 0.10139,
        "7_2": 0.22174,
        "8_2": 0.20732,
        "13_2": 0.39111,
        "16_2": 0.506,
        "20_2": 1.24987,
        "22_2": 0.3091,
        "0_3": 0.41727,
        "1_3": 0.0509,
        "10_3": 0.13688,
        "11_3": 0.37027,
        "15_3": 0.27735,
        "20_3": 1.73711,
        "22_3": 0.10163,
        "2_4": 0.60399,
        "4_4": 0.41803,
        "12_4": 0.34028,
        "14_4": 0.35018,
        "16_4": 0.16299,
        "17_4": 0.08858,
        "18_4": 1.6907,
        "21_4": 0.17781,
        "0_5": 0.43849,
        "9_5": 0.84442,
        "10_5": 0.36291,
        "11_5": 0.36626,
        "13_5": 0.22587,
        "17_5": 0.83936,
        "21_5": 0.70578,
        "22_5": 0.44012,
        "2_6": 0.07376,
        "5_6": 0.10408,
        "8_6": 0.04404,
        "9_6": 0.42022,
        "11_6": 0.1003,
        "12_6": 0.15272,
        "13_6": 0.1534,
        "14_6": 0.15192,
        "15_6": 0.1954,
        "20_6": 0.73124,
        "21_6": 0.06561,
        "2_7": 0.01846,
        "3_7": 0.17986,
        "5_7": 0.06872,
        "8_7": 0.01327,
        "9_7": 0.31355,
        "10_7": 0.09899,
        "12_7": 0.29737,
        "14_7": 0.04662,
        "17_7": 0.06525,
        "18_7": 0.20249,
        "19_7": 0.38845,
        "20_7": 0.06635,
        "23_7": 0.11829,
        "5_8": 0.03463,
        "6_8": 0.04295,
        "7_8": 0.22408,
        "12_8": 0.64011,
        "14_8": 0.16256,
        "18_8": 0.02002,
        "19_8": 0.91119,
        "24_8": 0.32149,
        "6_9": 0.09612,
        "9_9": 1.19152,
        "13_9": 1.11295,
        "15_9": 0.08815,
        "19_9": 1.72566,
        "23_9": 0.16795,
        "24_9": 0.97168
    },
    "best": {
        "0": 5.316790907482317,
        "1": 8.978152760082931,
        "2": 9.331211584517792,
        "3": 10.838324688428067,
        "4": 6.6276354920689835,
        "5": 7.219586900412113,
        "6": 8.501514736659773,
        "7": 6.48368197430544,
        "8": 6.275490980211591,
        "9": 11.930028444767856
    },
    "best_mrt": [
        162.79830030065145,
        15.547098679076436,
        191.78029497569074,
        41.021614966131224,
        114.64223017046675,
        29.867892157380357,
        41.66057775312054,
        80.3798522792394,
        60.74064430832402,
        450.00000000000006,
        85.73838038118105,
        105.01314594782819,
        248.35706407630326,
        220.5367455861274,
        114.71363088072928,
        58.71871987278678,
        88.33207873392264,
        296.7861574259146,
        450.0,
        450.0,
        450.0,
        271.6140566603078,
        113.37949379429266,
        111.71249320115486,
        172.86348437764266
    ],
    "SLA": 450
}