{
    "throughput": 6.0,
    "class_probs": {
        "0": 0.06836471587284287,
        "1": 0.020714751204879193,
        "2": 0.058985960757218535,
        "3": 0.03760963506112964,
        "4": 0.027753200764999948,
        "5": 0.05283013773199286,
        "6": 0.04787346444827587,
        "7": 0.04510805265406963,
        "8": 0.02807943274837051,
        "9": 0.03158507216827241,
        "10": 0.047419770553189876,
        "11": 0.02848646791548349,
        "12": 0.05919615042955981,
        "13": 0.029875479498475917,
        "14": 0.01621948079328621,
        "15": 0.06824698216835702,
        "16": 0.018203890908594804,
        "17": 0.04364958578450563,
        "18": 0.027175839493389062,
        "19": 0.06561825785154729,
        "20": 0.02512833425265633,
        "21": 0.035345608709174074,
        "22": 0.055305519693160075,
        "23": 0.027454899379775626,
        "24": 0.03376930915679331
    },
    "best_objective": 67.73394298291443,
    "classes": [
        "0",
        "1",
        "2",
        "3",
        "4",
        "5",
        "6",
        "7",
        "8",
        "9",
        "10",
        "11",
        "12",
        "13",
        "14",
        "15",
        "16",
        "17",
        "18",
        "19",
        "20",
        "21",
        "22",
        "23",
        "24"
    ],
    "resources": [
        "0",
        "1",
        "2",
        "3",
        "4",
        "5",
        "6",
        "7",
        "8",
        "9"
    ],
    "demands": {
        "0_0": 0.13607,
        "2_0": 0.29587,
        "5_0": 0.37634,
        "8_0": 0.30615,
        "10_0": 0.25934,
        "12_0": 0.22475,
        "19_0": 0.09278,
        "20_0": 0.38072,
        "22_0": 0.05939,
        "1_1": 1.30338,
        "8_1": 0.96504,
        "10_1": 0.10421,
        "11_1": 0.15835,
        "16_1": 0.45375,
        "17_1": 0.85444,
        "18_1": 1.15298,
        "0_2": 0.1321,
        "2_2": 0.36107,
        "10_2": 0.16264,
        "12_2": 0.39894,
        "13_2": 0.66282,
        "19_2": 0.09611,
        "20_2": 0.2879,
        "1_3": 0.58527,
        "2_3": 0.31319,
        "3_3": 0.15081,
        "5_3": 0.11177,
        "6_3": 0.05149,
        "7_3": 0.20001,
        "8_3": 0.34576,
        "11_3": 0.56394,
        "12_3": 0.11041,
        "14_3": 0.4226,
        "16_3": 0.92749,
        "23_3": 0.28081,
        "24_3": 0.61578,
        "1_4": 0.66768,
        "6_4": 0.33023,
        "9_4": 0.2578,
        "19_4": 0.24562,
        "23_4": 0.45832,
        "0_5": 0.22338,
        "1_5": 0.70754,
        "2_5": 0.1986,
        "7_5": 0.33639,
        "15_5": 0.26257,
        "20_5": 0.6175,
        "3_6": 0.1566,
        "4_6": 0.20661,
        "7_6": 0.37276,
        "8_6": 0.05381,
        "12_6": 0.18879,
        "16_6": 0.3877,
        "17_6": 0.01487,
        "20_6": 0.40349,
        "23_6": 0.09895,
        "2_7": 0.10702,
        "5_7": 0.06116,
        "7_7": 0.37801,
        "8_7": 0.8796,
        "10_7": 0.50435,
        "12_7": 0.13752,
        "13_7": 0.23767,
        "15_7": 0.26652,
        "17_7": 0.63118,
        "24_7": 0.18171,
        "0_8": 0.00956,
        "2_8": 0.03278,
        "4_8": 0.55483,
        "12_8": 0.06463,
        "15_8": 0.1544,
        "16_8": 0.1223,
        "19_8": 0.04777,
        "20_8": 0.5108,
        "21_8": 0.32072,
        "2_9": 0.13601,
        "3_9": 0.28372,
        "8_9": 0.21928,
        "11_9": 0.00975,
        "14_9": 0.9122,
        "15_9": 0.14656,
        "17_9": 0.29353,
        "18_9": 0.51292,
        "20_9": 0.56676,
        "21_9": 0.06841,
        "22_9": 0.13157,
        "24_9": 0.40013
    },
    "best": {
        "0": 6.390465005073151,
        "1": 9.865945461106627,
        "2": 4.998961680754046,
        "3": 6.693172736433313,
        "4": 5.823681312694951,
        "5": 9.10058606783397,
        "6": 5.739294191770439,
        "7": 5.528437502788631,
        "8": 6.270667484077699,
        "9": 7.322731540381609
    },
    "best_mrt": [
        81.03904650200697,
        450.00000000000006,
        258.16301842697453,
        97.62685702194212,
        132.5296579502409,
        97.12242898896166,
        69.65517351170378,
        223.70373425143796,
        450.0,
        47.52263532687725,
        200.94236956767904,
        115.18937640258704,
        223.24544184073687,
        200.5001027379315,
        209.4895365777932,
        135.94469290966026,
        301.39554610906976,
        276.70874881890705,
        205.04842475534994,
        91.09435170340448,
        449.99999999999994,
        64.67088030386877,
        30.07492410991921,
        150.8035772382903,
        204.16384410524066
    ],
    "SLA": 450
}