{
    "throughput": 8.0,
    "class_probs": {
        "0": 0.0399295042689778,
        "1": 0.052491950760609404,
        "2": 0.03952085061908352,
        "3": 0.01388794453364905,
        "4": 0.03467540333503264,
        "5": 0.080565747431143,
        "6": 0.023183449453185886,
        "7": 0.028955308222782566,
        "8": 0.04759362470948224,
        "9": 0.062084935162069685,
        "10": 0.01988859532505888,
        "11": 0.05410167409291955,
        "12": 0.06584318051995833,
        "13": 0.02030180622291457,
        "14": 0.03201205616939325,
        "15": 0.03873997259732641,
        "16": 0.01439051371594139,
        "17": 0.010505665924043586,
        "18": 0.08043452803999776,
        "19": 0.06943886041542033,
        "20": 0.046766438483969976,
        "21": 0.05285897034412605,
        "22": 0.03195330036738755,
        "23": 0.030026527315403916,
        "24": 0.009849191970122666
    },
    "best_objective": 50.91996058864991,
    "classes": [
        "0",
        "1",
        "2",
        "3",
        "4",
        "5",
        "6",
        "7",
        "8",
        "9",
        "10",
        "11",
        "12",
        "13",
        "14",
        "15",
        "16",
        "17",
        "18",
        "19",
        "20",
        "21",
        "22",
        "23",
        "24"
    ],
    "resources": [
        "0",
        "1",
        "2",
        "3",
        "4",
        "5",
        "6",
        "7",
        "8",
        "9"
    ],
    "demands": {
        "1_0": 0.04338,
        "2_0": 0.37898,
        "4_0": 0.0315,
        "7_0": 0.87736,
        "8_0": 0.36343,
        "9_0": 0.02956,
        "10_0": 0.02759,
        "15_0": 0.24043,
        "18_0": 0.18772,
        "22_0": 0.33898,
        "23_0": 0.1346,
        "24_0": 0.20452,
        "0_1": 0.03694,
        "3_1": 0.63949,
        "7_1": 0.25618,
        "8_1": 0.08149,
        "9_1": 0.09836,
        "10_1": 0.29465,
        "11_1": 0.15895,
        "13_1": 0.49531,
        "15_1": 0.03417,
        "16_1": 0.29537,
        "19_1": 0.04262,
        "21_1": 0.2112,
        "6_2": 0.17523,
        "9_2": 0.03834,
        "13_2": 0.30085,
        "15_2": 0.11879,
        "16_2": 0.45227,
        "17_2": 0.00566,
        "19_2": 0.08304,
        "20_2": 0.12385,
        "21_2": 0.11736,
        "22_2": 0.08517,
        "23_2": 0.00105,
        "1_3": 0.13334,
        "4_3": 0.06215,
        "12_3": 0.1448,
        "13_3": 0.32475,
        "14_3": 0.22753,
        "15_3": 0.05134,
        "17_3": 0.45617,
        "18_3": 0.07226,
        "20_3": 0.07625,
        "22_3": 0.01241,
        "0_4": 0.1729,
        "3_4": 0.45534,
        "5_4": 0.155,
        "6_4": 0.47582,
        "7_4": 0.39887,
        "17_4": 0.2623,
        "18_4": 0.09861,
        "19_4": 0.21876,
        "20_4": 0.29932,
        "22_4": 0.09318,
        "24_4": 1.26393,
        "3_5": 1.68806,
        "4_5": 0.57396,
        "7_5": 0.09896,
        "10_5": 1.2631,
        "22_5": 0.98356,
        "7_6": 0.01517,
        "8_6": 0.18446,
        "11_6": 0.26007,
        "13_6": 0.73725,
        "18_6": 0.40366,
        "19_6": 0.16523,
        "20_6": 0.31689,
        "23_6": 0.08855,
        "0_7": 0.09957,
        "1_7": 0.04014,
        "5_7": 0.05442,
        "6_7": 0.22042,
        "7_7": 0.03651,
        "9_7": 0.01957,
        "10_7": 0.0172,
        "11_7": 0.06048,
        "14_7": 0.03689,
        "15_7": 0.08626,
        "22_7": 0.17482,
        "23_7": 0.11825,
        "24_7": 0.41125,
        "0_8": 0.88989,
        "2_8": 0.74188,
        "12_8": 0.07955,
        "16_8": 1.9361,
        "19_8": 0.02325,
        "24_8": 0.02565,
        "0_9": 0.17316,
        "3_9": 0.08628,
        "6_9": 0.11735,
        "8_9": 0.21289,
        "14_9": 0.06146,
        "17_9": 0.15662,
        "19_9": 0.02212,
        "20_9": 0.18696,
        "21_9": 0.13875,
        "23_9": 0.15283,
        "24_9": 0.03418
    },
    "best": {
        "0": 3.6252422371319426,
        "1": 6.87329388445084,
        "2": 4.471853925097472,
        "3": 3.1185482860753364,
        "4": 7.053861987681764,
        "5": 8.215584733558538,
        "6": 4.9128699405422305,
        "7": 3.0353252707989093,
        "8": 7.400338491338889,
        "9": 2.2130418319739884
    },
    "best_mrt": [
        299.324847893314,
        79.23156824133974,
        248.33853102627606,
        450.00000000000085,
        111.73379135809027,
        44.89238770949319,
        263.8800500940697,
        450.00000000000017,
        304.0920668059832,
        42.72393480653212,
        233.84475439151615,
        110.65300062216073,
        65.17608863376377,
        450.0000000000017,
        130.50540623878857,
        171.05636632948904,
        450.0000000000002,
        296.1769302243565,
        207.78282699298728,
        117.7923674516878,
        284.95834337821526,
        137.6041191392779,
        359.0733138181666,
        196.7398877867667,
        450.00000000000074
    ],
    "SLA": 450
}