{
    "throughput": 7.0,
    "class_probs": {
        "0": 0.039773375511033875,
        "1": 0.023305574267594498,
        "2": 0.027686768117853745,
        "3": 0.06636593278095224,
        "4": 0.027517200907718864,
        "5": 0.0706317404899576,
        "6": 0.04234054011705538,
        "7": 0.03909444483472207,
        "8": 0.03433568444167517,
        "9": 0.01959875037496469,
        "10": 0.016465621701938847,
        "11": 0.019932009797042165,
        "12": 0.04181629019023741,
        "13": 0.0199148013002077,
        "14": 0.016406828804245127,
        "15": 0.02118509885660345,
        "16": 0.043122606011437664,
        "17": 0.06866899437744031,
        "18": 0.04906860044097119,
        "19": 0.025027750805702274,
        "20": 0.07297775474038708,
        "21": 0.07486866844677922,
        "22": 0.03613162695903115,
        "23": 0.04354497706150895,
        "24": 0.060218358662939245
    },
    "best_objective": 55.15245529749476,
    "classes": [
        "0",
        "1",
        "2",
        "3",
        "4",
        "5",
        "6",
        "7",
        "8",
        "9",
        "10",
        "11",
        "12",
        "13",
        "14",
        "15",
        "16",
        "17",
        "18",
        "19",
        "20",
        "21",
        "22",
        "23",
        "24"
    ],
    "resources": [
        "0",
        "1",
        "2",
        "3",
        "4",
        "5",
        "6",
        "7",
        "8",
        "9"
    ],
    "demands": {
        "1_0": 0.25832,
        "5_0": 0.07617,
        "9_0": 0.50041,
        "10_0": 0.74429,
        "13_0": 0.84252,
        "21_0": 0.15294,
        "24_0": 0.22871,
        "0_1": 0.35112,
        "4_1": 0.52381,
        "6_1": 0.03573,
        "8_1": 0.23642,
        "10_1": 0.70472,
        "11_1": 0.56092,
        "12_1": 0.04007,
        "13_1": 0.7019,
        "16_1": 0.36379,
        "18_1": 0.0479,
        "23_1": 0.16173,
        "2_2": 0.20792,
        "6_2": 0.16111,
        "8_2": 0.0765,
        "12_2": 0.09813,
        "14_2": 0.13978,
        "16_2": 0.09207,
        "17_2": 0.01541,
        "19_2": 0.23161,
        "20_2": 0.0721,
        "21_2": 0.04224,
        "24_2": 0.05619,
        "0_3": 0.31812,
        "3_3": 0.08753,
        "4_3": 0.23703,
        "6_3": 0.30336,
        "7_3": 0.39913,
        "12_3": 0.34589,
        "17_3": 0.09168,
        "20_3": 0.18029,
        "22_3": 0.03084,
        "1_4": 0.42671,
        "2_4": 0.2134,
        "3_4": 0.22888,
        "5_4": 0.09756,
        "8_4": 0.05156,
        "9_4": 0.0109,
        "10_4": 0.99076,
        "11_4": 0.74569,
        "12_4": 0.22723,
        "14_4": 0.12406,
        "21_4": 0.17265,
        "22_4": 0.14991,
        "23_4": 0.29287,
        "0_5": 0.26348,
        "8_5": 0.1207,
        "9_5": 0.60671,
        "11_5": 0.26156,
        "15_5": 0.44634,
        "20_5": 0.03313,
        "1_6": 0.13086,
        "2_6": 0.5234,
        "9_6": 0.13991,
        "12_6": 0.16177,
        "14_6": 0.03643,
        "16_6": 0.13797,
        "18_6": 0.33047,
        "19_6": 0.5578,
        "14_7": 3.03965,
        "0_8": 0.05778,
        "4_8": 0.00314,
        "5_8": 0.11867,
        "10_8": 0.6352,
        "14_8": 0.56944,
        "15_8": 0.22557,
        "16_8": 0.01144,
        "20_8": 0.03903,
        "23_8": 0.18038,
        "2_9": 0.61671,
        "3_9": 0.01669,
        "7_9": 0.43328,
        "12_9": 0.28726,
        "17_9": 0.05672,
        "18_9": 0.12805,
        "23_9": 0.16766
    },
    "best": {
        "0": 6.919378135339616,
        "1": 6.7295751030143585,
        "2": 3.213456831874227,
        "3": 2.048803022696535,
        "4": 8.502428437116647,
        "5": 2.159339104089382,
        "6": 3.6950671001993487,
        "7": 10.626643762935856,
        "8": 7.552685241390442,
        "9": 3.7050785588383524
    },
    "best_mrt": [
        430.9659425251734,
        136.07096276634596,
        450.000000000326,
        96.05980141549784,
        253.26845990337614,
        40.99842817124959,
        273.6235452307132,
        412.40009912455383,
        137.41293799459976,
        449.99999999999676,
        450.00000000069497,
        331.0255657449335,
        450.00000000022476,
        248.4428745194446,
        450.00000000011306,
        271.9402524911008,
        136.20071296329513,
        86.87572124588947,
        149.04920841224398,
        251.46170038189746,
        174.21396561902665,
        60.880072348686944,
        41.025879530099175,
        141.37720531386697,
        55.13595957663396
    ],
    "SLA": 450
}