{
    "throughput": 6.0,
    "class_probs": {
        "0": 0.015362275984784504,
        "1": 0.03477741404621107,
        "2": 0.03797171167911821,
        "3": 0.015826546590811428,
        "4": 0.04489789754127813,
        "5": 0.040717890043950676,
        "6": 0.06200893686167903,
        "7": 0.04186427941624574,
        "8": 0.014435096236625472,
        "9": 0.05574515642759656,
        "10": 0.037554014858828796,
        "11": 0.019907639900377874,
        "12": 0.01886639253146205,
        "13": 0.026462522859345722,
        "14": 0.04618527238249196,
        "15": 0.06938813130746774,
        "16": 0.02372285677072397,
        "17": 0.013544017951523052,
        "18": 0.04948079812982278,
        "19": 0.05873977690703752,
        "20": 0.05629969712097192,
        "21": 0.06678356284878421,
        "22": 0.05633972581347646,
        "23": 0.052589347432305394,
        "24": 0.04052903835707969
    },
    "best_objective": 69.91894895603659,
    "classes": [
        "0",
        "1",
        "2",
        "3",
        "4",
        "5",
        "6",
        "7",
        "8",
        "9",
        "10",
        "11",
        "12",
        "13",
        "14",
        "15",
        "16",
        "17",
        "18",
        "19",
        "20",
        "21",
        "22",
        "23",
        "24"
    ],
    "resources": [
        "0",
        "1",
        "2",
        "3",
        "4",
        "5",
        "6",
        "7",
        "8",
        "9"
    ],
    "demands": {
        "2_0": 0.36693,
        "3_0": 0.87674,
        "4_0": 0.20062,
        "6_0": 0.16644,
        "12_0": 0.04599,
        "14_0": 0.3028,
        "16_0": 0.5775,
        "17_0": 1.29847,
        "20_0": 0.255,
        "23_0": 0.25891,
        "0_1": 0.39729,
        "2_1": 0.31134,
        "3_1": 0.16639,
        "4_1": 0.03757,
        "9_1": 0.01494,
        "10_1": 0.1272,
        "11_1": 0.27573,
        "13_1": 0.10313,
        "14_1": 0.01282,
        "15_1": 0.0768,
        "19_1": 0.12631,
        "21_1": 0.11871,
        "22_1": 0.14971,
        "23_1": 0.06209,
        "24_1": 0.06373,
        "3_2": 0.33086,
        "7_2": 0.30368,
        "8_2": 0.58218,
        "11_2": 0.66716,
        "13_2": 0.48718,
        "14_2": 0.13396,
        "15_2": 0.13433,
        "17_2": 0.68311,
        "20_2": 0.04178,
        "21_2": 0.13915,
        "22_2": 0.13152,
        "24_2": 0.20921,
        "0_3": 0.43565,
        "1_3": 0.4531,
        "4_3": 0.25614,
        "5_3": 0.10494,
        "6_3": 0.10272,
        "9_3": 0.21856,
        "11_3": 0.3754,
        "12_3": 0.0171,
        "13_3": 0.59857,
        "14_3": 0.01314,
        "18_3": 0.09218,
        "21_3": 0.02939,
        "24_3": 0.43095,
        "1_4": 0.37025,
        "2_4": 0.13652,
        "6_4": 0.25229,
        "8_4": 0.78158,
        "9_4": 0.29812,
        "10_4": 0.40887,
        "12_4": 1.12671,
        "15_4": 0.28327,
        "19_4": 0.0399,
        "23_4": 0.15239,
        "24_4": 0.1865,
        "0_5": 0.46357,
        "5_5": 0.37478,
        "6_5": 0.18787,
        "11_5": 0.78618,
        "12_5": 0.0156,
        "13_5": 0.27563,
        "15_5": 0.12386,
        "18_5": 0.2158,
        "19_5": 0.13522,
        "1_6": 0.21864,
        "4_6": 0.46563,
        "5_6": 0.23343,
        "6_6": 0.39817,
        "7_6": 0.33574,
        "8_6": 0.9601,
        "20_6": 0.21876,
        "24_6": 0.23365,
        "0_7": 0.5509,
        "2_7": 0.18812,
        "8_7": 0.59525,
        "11_7": 0.14227,
        "12_7": 0.04224,
        "13_7": 0.19517,
        "16_7": 0.59319,
        "19_7": 0.15885,
        "5_8": 0.68421,
        "6_8": 0.11086,
        "7_8": 0.42767,
        "8_8": 0.10951,
        "10_8": 0.49311,
        "11_8": 0.24254,
        "19_8": 0.30255,
        "22_8": 0.22788,
        "0_9": 1.54091,
        "2_9": 0.22227,
        "5_9": 0.58581,
        "7_9": 0.05132,
        "9_9": 0.21532,
        "11_9": 0.57084,
        "16_9": 0.10734,
        "19_9": 0.24619,
        "21_9": 0.3272,
        "23_9": 0.41957
    },
    "best": {
        "0": 4.297360733862969,
        "1": 5.743099363988864,
        "2": 8.547225705604674,
        "3": 6.465431238567265,
        "4": 6.9168669440120185,
        "5": 7.760481205308456,
        "6": 7.43764285000283,
        "7": 7.9105356349738996,
        "8": 4.584852753303736,
        "9": 10.25545252641187
    },
    "best_mrt": [
        450.00000000413525,
        170.65040931191393,
        232.2403144278154,
        318.69397503443423,
        176.01074761152046,
        340.32263168602515,
        218.51142407053652,
        202.11431052496454,
        450.00000000051756,
        112.02502387161165,
        216.23259596222152,
        450.00000000263225,
        208.1842282057211,
        247.2853941761332,
        106.40333434678986,
        94.91587134909216,
        251.52670906294867,
        450.0000000003057,
        45.54762895568136,
        172.98980794655162,
        109.05310237209886,
        79.7562838049829,
        102.68513810716284,
        153.81555743483025,
        177.37692258877252
    ],
    "SLA": 450
}