{
    "throughput": 10.0,
    "class_probs": {
        "0": 0.021596405803961684,
        "1": 0.05751920469801118,
        "2": 0.024096899021543303,
        "3": 0.008977201205601974,
        "4": 0.04212788095154864,
        "5": 0.05575050803488444,
        "6": 0.04561732304194536,
        "7": 0.04230771211810307,
        "8": 0.07260089240548603,
        "9": 0.04960918605589885,
        "10": 0.02218497515513194,
        "11": 0.03449644269011682,
        "12": 0.033464206664509444,
        "13": 0.07202118898918024,
        "14": 0.06219168625365352,
        "15": 0.042363473665452164,
        "16": 0.007399718188558564,
        "17": 0.04990505175137105,
        "18": 0.051516751175560864,
        "19": 0.07104070500527347,
        "20": 0.03222490339666085,
        "21": 0.05846307804242182,
        "22": 0.009310606100445288,
        "23": 0.018640332886775447,
        "24": 0.014573666697904029
    },
    "best_objective": 64.02906080497786,
    "classes": [
        "0",
        "1",
        "2",
        "3",
        "4",
        "5",
        "6",
        "7",
        "8",
        "9",
        "10",
        "11",
        "12",
        "13",
        "14",
        "15",
        "16",
        "17",
        "18",
        "19",
        "20",
        "21",
        "22",
        "23",
        "24"
    ],
    "resources": [
        "0",
        "1",
        "2",
        "3",
        "4",
        "5",
        "6",
        "7",
        "8",
        "9"
    ],
    "demands": {
        "0_0": 0.27691,
        "2_0": 0.40602,
        "3_0": 0.57571,
        "11_0": 0.29268,
        "16_0": 1.46341,
        "20_0": 0.09125,
        "21_0": 0.13398,
        "0_1": 0.24377,
        "1_1": 0.03248,
        "2_1": 0.27585,
        "4_1": 0.05112,
        "6_1": 0.01205,
        "8_1": 0.06419,
        "9_1": 0.04616,
        "10_1": 0.02575,
        "12_1": 0.14172,
        "13_1": 0.01923,
        "14_1": 0.02721,
        "16_1": 0.91074,
        "20_1": 0.19139,
        "24_1": 0.38223,
        "1_2": 0.09916,
        "2_2": 0.03288,
        "3_2": 1.11248,
        "4_2": 0.28077,
        "7_2": 0.22502,
        "8_2": 0.03704,
        "10_2": 0.0444,
        "11_2": 0.36227,
        "13_2": 0.17012,
        "15_2": 0.26079,
        "21_2": 0.13288,
        "23_2": 0.12514,
        "2_3": 0.09619,
        "3_3": 0.63573,
        "6_3": 0.09211,
        "8_3": 0.05113,
        "12_3": 0.01943,
        "13_3": 0.03746,
        "14_3": 0.09547,
        "15_3": 0.13752,
        "17_3": 0.01437,
        "18_3": 0.09948,
        "24_3": 0.337,
        "0_4": 0.18356,
        "1_4": 0.05672,
        "5_4": 0.1461,
        "7_4": 0.0093,
        "15_4": 0.17824,
        "18_4": 0.2394,
        "22_4": 0.39701,
        "24_4": 0.33707,
        "0_5": 0.01918,
        "5_5": 0.07117,
        "6_5": 0.08553,
        "14_5": 0.08965,
        "16_5": 0.43936,
        "17_5": 0.06695,
        "18_5": 0.14579,
        "20_5": 0.23196,
        "22_5": 0.62719,
        "11_6": 0.03617,
        "14_6": 0.27843,
        "15_6": 0.3066,
        "18_6": 0.09124,
        "20_6": 0.59364,
        "21_6": 0.32454,
        "23_6": 0.0326,
        "24_6": 0.76889,
        "1_7": 0.29533,
        "8_7": 0.24974,
        "11_7": 0.14988,
        "13_7": 0.11772,
        "18_7": 0.32933,
        "19_7": 0.0076,
        "20_7": 0.53031,
        "0_8": 0.25418,
        "1_8": 0.08154,
        "4_8": 0.13371,
        "6_8": 0.14279,
        "8_8": 0.0089,
        "13_8": 0.05478,
        "21_8": 0.02666,
        "22_8": 0.7454,
        "4_9": 0.04427,
        "13_9": 0.07196,
        "15_9": 0.1568,
        "16_9": 1.18537,
        "18_9": 0.0662,
        "21_9": 0.15412,
        "22_9": 1.18572
    },
    "best": {
        "0": 10.26299560125321,
        "1": 7.922988954026472,
        "2": 5.743158496431483,
        "3": 4.332738144034656,
        "4": 4.400996286767781,
        "5": 7.4322771713020455,
        "6": 4.245182558845665,
        "7": 3.403736752253415,
        "8": 5.461284793058865,
        "9": 10.823702047004273
    },
    "best_mrt": [
        160.16727328071246,
        169.94665004111897,
        110.20094103373441,
        450.00000001384757,
        95.00531284739034,
        47.047586232101004,
        65.296847321415,
        48.56311058707323,
        128.23256513766808,
        6.221047240454335,
        12.589053333248241,
        173.4676721938795,
        24.063141444612057,
        110.57181281946117,
        123.11708047473525,
        239.4623889563411,
        450.0000000804452,
        13.208476192920045,
        268.15163026187827,
        2.9570671487471647,
        450.00000002157157,
        157.059671396728,
        450.0000003285961,
        35.335772666014584,
        450.00000007117455
    ],
    "SLA": 450
}