{
    "throughput": 7.0,
    "class_probs": {
        "0": 0.039370465832228876,
        "1": 0.008462223438847373,
        "2": 0.026864253524126434,
        "3": 0.015260226179315448,
        "4": 0.04754840030726537,
        "5": 0.08074281317881198,
        "6": 0.01929686322257808,
        "7": 0.04486076698241951,
        "8": 0.012479811029428146,
        "9": 0.060442030397018696,
        "10": 0.06765028343091457,
        "11": 0.05570718943645064,
        "12": 0.08067700882128216,
        "13": 0.028857674085503115,
        "14": 0.0353098761967981,
        "15": 0.020717841057283918,
        "16": 0.016026525453333735,
        "17": 0.07857603778966174,
        "18": 0.01228045327993779,
        "19": 0.054747632244922684,
        "20": 0.049020510446623394,
        "21": 0.023896312177553856,
        "22": 0.02673012606414078,
        "23": 0.023768302632365373,
        "24": 0.0707063727911881
    },
    "best_objective": 57.63833506145525,
    "classes": [
        "0",
        "1",
        "2",
        "3",
        "4",
        "5",
        "6",
        "7",
        "8",
        "9",
        "10",
        "11",
        "12",
        "13",
        "14",
        "15",
        "16",
        "17",
        "18",
        "19",
        "20",
        "21",
        "22",
        "23",
        "24"
    ],
    "resources": [
        "0",
        "1",
        "2",
        "3",
        "4",
        "5",
        "6",
        "7",
        "8",
        "9"
    ],
    "demands": {
        "0_0": 0.33477,
        "2_0": 0.60238,
        "4_0": 0.27992,
        "11_0": 0.25693,
        "17_0": 0.22982,
        "19_0": 0.3052,
        "0_1": 0.52943,
        "2_1": 0.56598,
        "12_1": 0.48997,
        "14_1": 0.60535,
        "19_1": 0.35837,
        "3_2": 0.41957,
        "5_2": 0.10839,
        "9_2": 0.09666,
        "12_2": 0.12748,
        "16_2": 0.24784,
        "17_2": 0.08316,
        "23_2": 0.52076,
        "24_2": 0.10675,
        "1_3": 1.71042,
        "2_3": 0.55685,
        "8_3": 0.35461,
        "20_3": 0.01022,
        "21_3": 0.58174,
        "1_4": 1.24929,
        "3_4": 0.69315,
        "6_4": 0.46243,
        "7_4": 0.21555,
        "9_4": 0.0674,
        "10_4": 0.13913,
        "13_4": 0.14958,
        "15_4": 0.26298,
        "17_4": 0.00201,
        "20_4": 0.08542,
        "24_4": 0.11245,
        "0_5": 0.09839,
        "1_5": 0.686,
        "3_5": 0.40486,
        "4_5": 0.11814,
        "5_5": 0.07895,
        "7_5": 0.01516,
        "8_5": 0.57079,
        "9_5": 0.07475,
        "11_5": 0.077,
        "12_5": 0.07295,
        "13_5": 0.23316,
        "14_5": 0.26224,
        "15_5": 0.49059,
        "17_5": 0.12576,
        "18_5": 0.68299,
        "19_5": 0.07907,
        "20_5": 0.0871,
        "21_5": 0.30379,
        "22_5": 0.26026,
        "0_6": 0.08214,
        "2_6": 0.36604,
        "4_6": 0.08383,
        "7_6": 0.1163,
        "8_6": 0.6065,
        "10_6": 0.18805,
        "12_6": 0.07284,
        "13_6": 0.29881,
        "16_6": 0.46749,
        "0_7": 0.10741,
        "2_7": 0.06098,
        "7_7": 0.03975,
        "9_7": 0.23426,
        "10_7": 0.09867,
        "13_7": 0.33394,
        "14_7": 0.11357,
        "17_7": 0.03958,
        "18_7": 0.87462,
        "20_7": 0.23235,
        "22_7": 0.19715,
        "0_8": 0.1464,
        "3_8": 0.25182,
        "5_8": 0.06389,
        "6_8": 0.11539,
        "9_8": 0.09702,
        "10_8": 0.02736,
        "12_8": 0.06912,
        "14_8": 0.05186,
        "15_8": 0.19547,
        "18_8": 0.09615,
        "19_8": 0.05578,
        "23_8": 0.20092,
        "24_8": 0.07459,
        "0_9": 0.36468,
        "3_9": 0.38604,
        "4_9": 0.17859,
        "5_9": 0.07544,
        "6_9": 0.13032,
        "13_9": 0.16794,
        "15_9": 0.46303,
        "16_9": 0.66309,
        "18_9": 0.80328,
        "24_9": 0.19545
    },
    "best": {
        "0": 5.052590054914984,
        "1": 5.091003555728209,
        "2": 3.377485328105989,
        "3": 9.247797980402526,
        "4": 8.220175847421242,
        "5": 7.995571686024601,
        "6": 3.8898191255140278,
        "7": 5.567019012081406,
        "8": 3.1466586649862647,
        "9": 6.050213806276002
    },
    "best_mrt": [
        377.9437278918111,
        449.9999999999735,
        449.99999998605034,
        449.9999999999954,
        137.1078762971315,
        84.52517620048314,
        125.33838578536525,
        71.8183983935326,
        295.79289830292646,
        133.03934509424218,
        102.08301469428271,
        68.99195118276303,
        213.99350585911407,
        235.70985482393937,
        219.1799431520988,
        257.5531134857812,
        341.8444268696047,
        105.96185525416668,
        449.99999999967713,
        184.02229920625086,
        70.32636541796977,
        107.64572424663972,
        75.25960408524998,
        248.72259207097193,
        113.43841852438605
    ],
    "SLA": 450
}