{
    "throughput": 8.0,
    "class_probs": {
        "0": 0.00912941584524073,
        "1": 0.057770018264365494,
        "2": 0.011922177509868109,
        "3": 0.01197624150593825,
        "4": 0.06773376220628158,
        "5": 0.024724203822282045,
        "6": 0.027362187092306967,
        "7": 0.029835649942336933,
        "8": 0.04432518797636206,
        "9": 0.052058356558723276,
        "10": 0.02927041189811616,
        "11": 0.06508038009518315,
        "12": 0.06956470417591032,
        "13": 0.04234824317255707,
        "14": 0.0317238683572717,
        "15": 0.025742052553674028,
        "16": 0.032731913948490655,
        "17": 0.03694969285665931,
        "18": 0.06938828460433286,
        "19": 0.06230660778690339,
        "20": 0.0504270002146063,
        "21": 0.04575608359034979,
        "22": 0.02294772414994261,
        "23": 0.06605771483627548,
        "24": 0.012868117036021821
    },
    "best_objective": 66.85763732591104,
    "classes": [
        "0",
        "1",
        "2",
        "3",
        "4",
        "5",
        "6",
        "7",
        "8",
        "9",
        "10",
        "11",
        "12",
        "13",
        "14",
        "15",
        "16",
        "17",
        "18",
        "19",
        "20",
        "21",
        "22",
        "23",
        "24"
    ],
    "resources": [
        "0",
        "1",
        "2",
        "3",
        "4",
        "5",
        "6",
        "7",
        "8",
        "9"
    ],
    "demands": {
        "0_0": 0.1549,
        "1_0": 0.01476,
        "3_0": 0.77498,
        "6_0": 0.31742,
        "9_0": 0.2249,
        "10_0": 0.30787,
        "18_0": 0.1465,
        "19_0": 0.01536,
        "23_0": 0.04052,
        "2_1": 0.36582,
        "5_1": 0.29916,
        "7_1": 0.00853,
        "8_1": 0.19365,
        "11_1": 0.12991,
        "13_1": 0.1917,
        "14_1": 0.11629,
        "16_1": 0.24148,
        "17_1": 0.16573,
        "19_1": 0.11913,
        "21_1": 0.01266,
        "3_2": 1.00467,
        "6_2": 0.38007,
        "13_2": 0.32439,
        "14_2": 0.30086,
        "19_2": 0.04726,
        "22_2": 0.05046,
        "2_3": 0.06569,
        "3_3": 0.71742,
        "4_3": 0.12115,
        "6_3": 0.24217,
        "7_3": 0.22635,
        "9_3": 0.19439,
        "10_3": 0.3127,
        "12_3": 0.15426,
        "13_3": 0.21827,
        "14_3": 0.10522,
        "17_3": 0.16297,
        "20_3": 0.15413,
        "22_3": 0.01464,
        "24_3": 0.43096,
        "1_4": 0.15743,
        "2_4": 0.53466,
        "4_4": 0.19259,
        "5_4": 0.21025,
        "7_4": 0.03047,
        "9_4": 0.19178,
        "11_4": 0.21667,
        "12_4": 0.06193,
        "15_4": 0.37765,
        "18_4": 0.03456,
        "22_4": 0.25639,
        "1_5": 0.14289,
        "4_5": 0.13124,
        "8_5": 0.01634,
        "14_5": 0.42296,
        "15_5": 0.51674,
        "18_5": 0.20544,
        "19_5": 0.02386,
        "21_5": 0.1087,
        "22_5": 0.45018,
        "10_6": 1.2498,
        "17_6": 1.26098,
        "18_6": 0.41857,
        "1_7": 0.18003,
        "3_7": 0.75053,
        "4_7": 0.15171,
        "15_7": 0.29875,
        "17_7": 0.22517,
        "23_7": 0.05268,
        "24_7": 0.89302,
        "3_8": 0.75719,
        "4_8": 0.08823,
        "7_8": 0.36931,
        "13_8": 0.33125,
        "16_8": 0.24133,
        "20_8": 0.01996,
        "22_8": 0.61219,
        "23_8": 0.20491,
        "0_9": 0.1036,
        "12_9": 0.03522,
        "14_9": 0.36257,
        "15_9": 0.63772,
        "18_9": 0.06964,
        "19_9": 0.21291,
        "21_9": 0.19952,
        "24_9": 0.29425
    },
    "best": {
        "0": 9.03066485223316,
        "1": 2.0379402218688907,
        "2": 10.182012656346421,
        "3": 9.152093660376272,
        "4": 3.789159802824941,
        "5": 4.279270431511799,
        "6": 5.131418031431132,
        "7": 9.568653924977852,
        "8": 9.106099510739204,
        "9": 4.580324233601369
    },
    "best_mrt": [
        43.40860723189565,
        110.54801357561644,
        416.3768462419858,
        449.99999999999994,
        138.53533607963132,
        261.84959452882225,
        104.59707368304188,
        85.66613057105505,
        130.6167080322727,
        110.35435099475555,
        368.23270339736575,
        153.62145818621548,
        46.695736352110025,
        223.02149020895274,
        322.97993023188366,
        450.00000000000006,
        185.74597831849252,
        450.00000000000006,
        199.89503763948272,
        142.89136482106977,
        20.685050930889577,
        86.71469452672446,
        283.12816382764515,
        34.64083957691641,
        221.66872068543347
    ],
    "SLA": 450
}