{
    "throughput": 9.0,
    "class_probs": {
        "0": 0.10581401727321639,
        "1": 0.030452309131788598,
        "2": 0.10211188014842258,
        "3": 0.1264988782366635,
        "4": 0.12484495463429925,
        "5": 0.12496444074928358,
        "6": 0.06862051011365934,
        "7": 0.07074525295629328,
        "8": 0.045882578802967255,
        "9": 0.032550466275241746,
        "10": 0.13363942901095674,
        "11": 0.03387528266720782
    },
    "best_objective": 74.44858276474459,
    "classes": [
        "0",
        "1",
        "2",
        "3",
        "4",
        "5",
        "6",
        "7",
        "8",
        "9",
        "10",
        "11"
    ],
    "resources": [
        "0",
        "1",
        "2",
        "3",
        "4",
        "5",
        "6",
        "7",
        "8",
        "9"
    ],
    "demands": {
        "0_0": 0.7972,
        "1_1": 0.33536,
        "2_1": 0.09619,
        "3_1": 0.1185,
        "6_1": 0.39508,
        "8_1": 0.17763,
        "11_1": 0.60606,
        "4_2": 0.03874,
        "5_2": 0.10703,
        "7_2": 0.19108,
        "10_2": 0.06997,
        "11_2": 0.01211,
        "1_3": 0.60065,
        "3_3": 0.00438,
        "8_3": 0.35449,
        "10_3": 0.00643,
        "11_3": 0.45785,
        "1_4": 0.2932,
        "6_4": 0.06257,
        "8_4": 0.73678,
        "11_4": 1.04168,
        "2_5": 0.15979,
        "5_5": 0.13327,
        "6_5": 0.21333,
        "7_5": 0.16233,
        "10_5": 0.05127,
        "1_6": 0.68884,
        "2_6": 0.18529,
        "6_6": 0.01987,
        "9_6": 0.6403,
        "0_7": 0.02784,
        "1_7": 0.26909,
        "5_7": 0.09204,
        "6_7": 0.40396,
        "9_7": 1.11628,
        "3_8": 0.36263,
        "5_8": 0.09573,
        "7_8": 0.52674,
        "1_9": 0.76374,
        "2_9": 0.14082,
        "7_9": 0.17247,
        "9_9": 0.48391,
        "11_9": 0.36012
    },
    "best": {
        "0": 3.4516708129400953,
        "1": 8.734637641836752,
        "2": 2.7681135028593737,
        "3": 11.059068293082499,
        "4": 8.143754528700809,
        "5": 2.800711328186874,
        "6": 11.905905123101217,
        "7": 7.890122542196772,
        "8": 4.831851635351766,
        "9": 12.862747356488429
    },
    "best_mrt": [
        300.00000000027893,
        300.00000001743496,
        112.45157626957075,
        106.58633954643227,
        16.177393678697666,
        142.0966999879392,
        213.5726721280601,
        300.00000005060014,
        155.41711720818736,
        253.22048389831448,
        53.05400475422674,
        295.1372843307432
    ],
    "SLA": 300
}