{
    "throughput": 8.0,
    "class_probs": {
        "0": 0.07045094219457218,
        "1": 0.039599070760402935,
        "2": 0.014762594478909137,
        "3": 0.035633499807387246,
        "4": 0.08065154183853195,
        "5": 0.07982365888359547,
        "6": 0.021102280714834422,
        "7": 0.07952674107689843,
        "8": 0.05884686798504186,
        "9": 0.013327477381779997,
        "10": 0.03772221689073815,
        "11": 0.01967585200637622,
        "12": 0.010032168441301866,
        "13": 0.03605926953493234,
        "14": 0.03758081921536287,
        "15": 0.03077099579264716,
        "16": 0.03507893056926129,
        "17": 0.029110342529579315,
        "18": 0.04903184589258399,
        "19": 0.012794594702506285,
        "20": 0.031447127162910524,
        "21": 0.06260564455742937,
        "22": 0.009467432309955996,
        "23": 0.026050199163684222,
        "24": 0.07884788610877669
    },
    "best_objective": 65.98957888427071,
    "classes": [
        "0",
        "1",
        "2",
        "3",
        "4",
        "5",
        "6",
        "7",
        "8",
        "9",
        "10",
        "11",
        "12",
        "13",
        "14",
        "15",
        "16",
        "17",
        "18",
        "19",
        "20",
        "21",
        "22",
        "23",
        "24"
    ],
    "resources": [
        "0",
        "1",
        "2",
        "3",
        "4",
        "5",
        "6",
        "7",
        "8",
        "9"
    ],
    "demands": {
        "4_0": 0.00743,
        "5_0": 0.03023,
        "12_0": 1.28833,
        "17_0": 0.24579,
        "22_0": 0.19296,
        "24_0": 0.16326,
        "1_1": 0.11538,
        "2_1": 1.47599,
        "4_1": 0.15474,
        "11_1": 0.15695,
        "13_1": 0.03258,
        "20_1": 0.14211,
        "21_1": 0.27461,
        "1_2": 0.21414,
        "9_2": 0.24924,
        "12_2": 0.52675,
        "15_2": 0.07188,
        "19_2": 0.62994,
        "21_2": 0.00967,
        "22_2": 0.92202,
        "23_2": 0.41031,
        "24_2": 0.14954,
        "0_3": 0.05354,
        "1_3": 0.28047,
        "3_3": 0.2856,
        "6_3": 0.46585,
        "9_3": 0.99132,
        "12_3": 2.11272,
        "16_3": 0.57745,
        "21_3": 0.35867,
        "2_4": 1.08086,
        "3_4": 0.07767,
        "10_4": 0.00911,
        "11_4": 0.83728,
        "15_4": 0.51125,
        "16_4": 0.19445,
        "23_4": 0.39377,
        "1_5": 0.12551,
        "3_5": 0.17795,
        "4_5": 0.05033,
        "10_5": 0.09396,
        "12_5": 0.09828,
        "13_5": 0.16849,
        "14_5": 0.14959,
        "17_5": 0.2,
        "20_5": 0.19734,
        "23_5": 0.07192,
        "2_6": 0.28158,
        "3_6": 0.28679,
        "7_6": 0.14687,
        "8_6": 0.18312,
        "11_6": 0.35869,
        "15_6": 0.09884,
        "18_6": 0.25139,
        "24_6": 0.08517,
        "0_7": 0.0666,
        "2_7": 0.40132,
        "3_7": 0.40439,
        "5_7": 0.0011,
        "7_7": 0.08767,
        "11_7": 0.28517,
        "13_7": 0.06886,
        "14_7": 0.14056,
        "16_7": 0.05611,
        "17_7": 0.55324,
        "18_7": 0.125,
        "19_7": 0.43431,
        "21_7": 0.24883,
        "22_7": 0.20293,
        "24_7": 0.02874,
        "0_8": 0.21904,
        "14_8": 0.05322,
        "15_8": 0.41247,
        "20_8": 0.60396,
        "21_8": 0.05064,
        "0_9": 0.21672,
        "1_9": 0.04465,
        "4_9": 0.07773,
        "5_9": 0.23447,
        "6_9": 0.18823,
        "8_9": 0.33939,
        "11_9": 0.65022,
        "13_9": 0.28949,
        "17_9": 0.10838,
        "23_9": 0.08715
    },
    "best": {
        "0": 9.400968123761519,
        "1": 9.086704112372317,
        "2": 6.2912563458110595,
        "3": 12.547579031750367,
        "4": 8.687389414361487,
        "5": 3.053724962240933,
        "6": 4.976538738609546,
        "7": 5.673468259192979,
        "8": 2.0957424051043585,
        "9": 4.176207491066146
    },
    "best_mrt": [
        212.11162395905166,
        134.06531712273005,
        449.999999969747,
        246.9777619684558,
        60.32071674517989,
        72.12044822284577,
        95.03236224553582,
        50.85614590443723,
        140.42152392212978,
        127.920861576619,
        36.05195419116596,
        449.9999999763888,
        449.99999999839844,
        165.12395304586457,
        115.94850717209893,
        343.26666858243135,
        84.86586144788804,
        245.66240953528919,
        81.947680850491,
        196.6664044261813,
        449.9999999984528,
        145.32365183347244,
        220.98781818203022,
        171.1239606110286,
        68.64064440017592
    ],
    "SLA": 450
}