{
    "throughput": 10.0,
    "class_probs": {
        "0": 0.014603210043387573,
        "1": 0.03424643087199497,
        "2": 0.011720386564598532,
        "3": 0.047930089610349585,
        "4": 0.05301394702793469,
        "5": 0.03097230742193237,
        "6": 0.028350129681044525,
        "7": 0.06555622162916436,
        "8": 0.06556234407132532,
        "9": 0.011074188074969696,
        "10": 0.00863062983144512,
        "11": 0.06551042193370779,
        "12": 0.040682598593914945,
        "13": 0.05648072291719925,
        "14": 0.019261779646512565,
        "15": 0.06102426061449705,
        "16": 0.03061369272287927,
        "17": 0.06990370888512343,
        "18": 0.017221111539151054,
        "19": 0.07412113339197646,
        "20": 0.05684616119286529,
        "21": 0.008166244365874207,
        "22": 0.028731704138114957,
        "23": 0.07416337447041496,
        "24": 0.025613200759622007
    },
    "best_objective": 49.1853011389453,
    "classes": [
        "0",
        "1",
        "2",
        "3",
        "4",
        "5",
        "6",
        "7",
        "8",
        "9",
        "10",
        "11",
        "12",
        "13",
        "14",
        "15",
        "16",
        "17",
        "18",
        "19",
        "20",
        "21",
        "22",
        "23",
        "24"
    ],
    "resources": [
        "0",
        "1",
        "2",
        "3",
        "4",
        "5",
        "6",
        "7",
        "8",
        "9"
    ],
    "demands": {
        "0_0": 0.04212,
        "1_0": 0.03005,
        "3_0": 0.17587,
        "5_0": 0.10492,
        "7_0": 0.15196,
        "8_0": 0.0616,
        "13_0": 0.08394,
        "16_0": 0.06214,
        "19_0": 0.09112,
        "24_0": 0.23854,
        "2_1": 0.54562,
        "4_1": 0.04731,
        "5_1": 0.07742,
        "6_1": 0.06107,
        "12_1": 0.05857,
        "18_1": 0.39154,
        "20_1": 0.07314,
        "22_1": 0.15006,
        "24_1": 0.00915,
        "1_2": 0.2692,
        "6_2": 0.40333,
        "11_2": 0.12754,
        "13_2": 0.09412,
        "15_2": 0.14886,
        "16_2": 0.09335,
        "21_2": 0.77181,
        "24_2": 0.0536,
        "0_3": 0.54502,
        "1_3": 0.13311,
        "5_3": 0.17624,
        "8_3": 0.1329,
        "9_3": 0.05713,
        "10_3": 0.54122,
        "14_3": 0.57243,
        "16_3": 0.14994,
        "19_3": 0.0604,
        "21_3": 1.10046,
        "22_3": 0.38958,
        "11_4": 0.04982,
        "15_4": 0.24037,
        "16_4": 0.03838,
        "22_4": 0.33977,
        "23_4": 0.1156,
        "24_4": 0.51933,
        "2_5": 1.29967,
        "4_5": 0.15572,
        "6_5": 0.61071,
        "7_5": 0.03866,
        "14_5": 0.20585,
        "15_5": 0.07349,
        "18_5": 0.98309,
        "20_5": 0.00735,
        "24_5": 0.32394,
        "1_6": 0.02042,
        "9_6": 0.95639,
        "11_6": 0.19893,
        "13_6": 0.02047,
        "14_6": 0.14752,
        "15_6": 0.27202,
        "19_6": 0.06764,
        "20_6": 0.16536,
        "21_6": 1.47199,
        "0_7": 0.23496,
        "3_7": 0.10008,
        "6_7": 0.11044,
        "10_7": 0.09012,
        "11_7": 0.07915,
        "15_7": 0.11598,
        "20_7": 0.09001,
        "22_7": 0.18223,
        "23_7": 0.04694,
        "24_7": 0.23245,
        "1_8": 0.09283,
        "3_8": 0.0922,
        "5_8": 0.09937,
        "6_8": 0.07888,
        "10_8": 0.49967,
        "11_8": 0.04476,
        "12_8": 0.07625,
        "15_8": 0.03016,
        "17_8": 0.04103,
        "20_8": 0.03817,
        "21_8": 0.10142,
        "22_8": 0.13736,
        "23_8": 0.01135,
        "5_9": 0.29733,
        "6_9": 0.29472,
        "10_9": 0.00402,
        "13_9": 0.17987,
        "16_9": 0.46405,
        "17_9": 0.13404
    },
    "best": {
        "0": 2.5942427934750385,
        "1": 3.005958584158065,
        "2": 7.526782354829857,
        "3": 8.637128322434148,
        "4": 3.644272065177892,
        "5": 6.020841992623117,
        "6": 9.867037631501653,
        "7": 2.7797076443947084,
        "8": 2.9130983528308945,
        "9": 2.196231397519922
    },
    "best_mrt": [
        189.17939078889592,
        108.03583058329464,
        450.0000000001786,
        161.6130048399475,
        47.220003548608574,
        315.88515991198193,
        450.0000000002147,
        78.84783432869872,
        45.7675315451119,
        111.70201776201826,
        304.843677201905,
        107.23876612209543,
        51.550863859811,
        162.07194346030974,
        127.67871361876931,
        203.06914514025675,
        349.51600614301924,
        95.70402612913797,
        332.53640581245133,
        57.882278023059534,
        100.01917209404029,
        450.00000000000273,
        344.8702515058917,
        61.37218340300337,
        450.0000000004644
    ],
    "SLA": 450
}