{
    "throughput": 6.0,
    "class_probs": {
        "0": 0.11321933646729594,
        "1": 0.117900933322233,
        "2": 0.12329208233342316,
        "3": 0.1313298943636824,
        "4": 0.10031486466090092,
        "5": 0.09609657296134735,
        "6": 0.018457752310578023,
        "7": 0.08393916574114438,
        "8": 0.08366355956689016,
        "9": 0.08574778218122353,
        "10": 0.029785453452594715,
        "11": 0.016252602638686286
    },
    "best_objective": 155.42055975173497,
    "classes": [
        "0",
        "1",
        "2",
        "3",
        "4",
        "5",
        "6",
        "7",
        "8",
        "9",
        "10",
        "11"
    ],
    "resources": [
        "0",
        "1",
        "2",
        "3",
        "4",
        "5",
        "6",
        "7",
        "8",
        "9"
    ],
    "demands": {
        "2_0": 0.20442,
        "5_0": 0.32664,
        "6_0": 0.3184,
        "10_0": 0.87164,
        "11_0": 2.63544,
        "0_1": 0.16258,
        "1_1": 0.30168,
        "2_1": 0.05855,
        "4_1": 0.03521,
        "8_1": 0.22424,
        "9_1": 0.37639,
        "11_1": 0.16372,
        "0_2": 0.3419,
        "1_2": 0.2011,
        "11_2": 1.21805,
        "1_3": 0.04495,
        "6_3": 2.01414,
        "7_3": 0.20014,
        "8_3": 0.17966,
        "9_3": 0.06251,
        "10_3": 0.82257,
        "1_4": 0.01959,
        "8_4": 0.31813,
        "11_4": 1.44479,
        "0_5": 0.28731,
        "2_5": 0.10932,
        "3_5": 0.29434,
        "7_5": 0.36394,
        "10_5": 1.12961,
        "0_6": 0.29416,
        "6_6": 1.04703,
        "8_6": 0.30356,
        "11_6": 0.4627,
        "1_7": 0.28704,
        "5_7": 0.03544,
        "7_7": 0.1893,
        "8_7": 0.04755,
        "11_7": 0.53867,
        "1_8": 0.62936,
        "3_9": 0.13221,
        "4_9": 0.5095,
        "8_9": 0.10761,
        "10_9": 1.41386
    },
    "best": {
        "0": 33.11949811991417,
        "1": 8.547545240186105,
        "2": 21.272529827907942,
        "3": 11.136515491443438,
        "4": 22.885551171276283,
        "5": 13.180323974791422,
        "6": 13.283475514057383,
        "7": 14.301655526722106,
        "8": 3.229464300076219,
        "9": 14.464000585359905
    },
    "best_mrt": [
        83.616891864407,
        300.00000000011374,
        22.690587550533134,
        33.572798395224254,
        41.5568558095506,
        12.651173020846212,
        283.4508120696581,
        62.27198118122575,
        94.81771862786098,
        53.974060982381204,
        299.99999999921437,
        299.999999996601
    ],
    "SLA": 300
}