{
    "throughput": 7.0,
    "class_probs": {
        "0": 0.02121089546990724,
        "1": 0.10561744828304402,
        "2": 0.11070657884344767,
        "3": 0.05062311988047941,
        "4": 0.10468388043115998,
        "5": 0.10428985153829673,
        "6": 0.030481439660797617,
        "7": 0.11924006412235762,
        "8": 0.07748150210561393,
        "9": 0.1228871338385392,
        "10": 0.034979477569088986,
        "11": 0.11779860825726758
    },
    "best_objective": 75.97902304355117,
    "classes": [
        "0",
        "1",
        "2",
        "3",
        "4",
        "5",
        "6",
        "7",
        "8",
        "9",
        "10",
        "11"
    ],
    "resources": [
        "0",
        "1",
        "2",
        "3",
        "4",
        "5",
        "6",
        "7",
        "8",
        "9"
    ],
    "demands": {
        "1_0": 0.0578,
        "2_0": 0.02587,
        "3_0": 0.23113,
        "4_0": 0.07616,
        "7_0": 0.12691,
        "1_1": 0.28257,
        "3_1": 0.08842,
        "6_1": 0.85678,
        "7_1": 0.24581,
        "9_1": 0.00646,
        "10_1": 0.89162,
        "0_2": 1.73288,
        "3_2": 0.27111,
        "0_3": 0.07944,
        "3_3": 0.22633,
        "5_3": 0.07958,
        "7_3": 0.04246,
        "8_3": 0.1824,
        "10_3": 0.28925,
        "11_3": 0.11306,
        "0_4": 0.90141,
        "1_4": 0.01172,
        "4_4": 0.15781,
        "5_4": 0.20553,
        "8_4": 0.31078,
        "5_5": 0.09931,
        "9_5": 0.01114,
        "10_5": 0.47719,
        "11_5": 0.31406,
        "0_6": 0.18553,
        "2_6": 0.15196,
        "4_6": 0.09463,
        "5_6": 0.11886,
        "11_6": 0.04034,
        "9_7": 0.85564,
        "0_8": 0.96248,
        "5_8": 0.31502,
        "9_8": 0.14784,
        "3_9": 0.23925,
        "4_9": 0.10022,
        "5_9": 0.04397,
        "6_9": 0.25595,
        "9_9": 0.05161,
        "11_9": 0.07183
    },
    "best": {
        "0": 2.2751214578295955,
        "1": 7.158794155119384,
        "2": 17.380911384669936,
        "3": 5.859083380351466,
        "4": 12.760951219366612,
        "5": 4.995518801348639,
        "6": 5.862369553806253,
        "7": 4.015100871036683,
        "8": 13.16379746568672,
        "9": 2.507374754335868
    },
    "best_mrt": [
        300.00000000419544,
        75.12618745915012,
        40.631381599590924,
        300.00000011723574,
        115.18033554071042,
        120.20877679630287,
        254.4128603197957,
        111.28756694261988,
        59.21859151234382,
        300.00000001029446,
        300.000000013565,
        130.67926242068827
    ],
    "SLA": 300
}