{
    "throughput": 9.0,
    "class_probs": {
        "0": 0.08053236694211212,
        "1": 0.05080124087999892,
        "2": 0.09885376786925126,
        "3": 0.13699284710165543,
        "4": 0.037042079330468165,
        "5": 0.09331804819786232,
        "6": 0.08807909397049749,
        "7": 0.06537742970379155,
        "8": 0.05827375410150938,
        "9": 0.12469059829173615,
        "10": 0.11394892972675576,
        "11": 0.05208984388436136
    },
    "best_objective": 67.96977156737289,
    "classes": [
        "0",
        "1",
        "2",
        "3",
        "4",
        "5",
        "6",
        "7",
        "8",
        "9",
        "10",
        "11"
    ],
    "resources": [
        "0",
        "1",
        "2",
        "3",
        "4",
        "5",
        "6",
        "7",
        "8",
        "9"
    ],
    "demands": {
        "0_0": 0.01463,
        "1_0": 0.26412,
        "3_0": 0.01812,
        "4_0": 0.22136,
        "5_0": 0.13337,
        "6_0": 0.10289,
        "7_0": 0.22771,
        "0_1": 0.20039,
        "7_1": 0.27284,
        "9_1": 0.2587,
        "10_1": 0.04044,
        "0_2": 0.26926,
        "4_2": 0.156,
        "6_2": 0.34717,
        "8_2": 0.22412,
        "11_2": 0.19852,
        "0_3": 0.23976,
        "3_3": 0.15083,
        "4_3": 0.50084,
        "7_3": 0.30083,
        "10_3": 0.07102,
        "2_4": 0.009,
        "3_4": 0.11533,
        "5_4": 0.16816,
        "7_4": 0.21479,
        "8_4": 0.11771,
        "10_4": 0.0279,
        "11_4": 0.10619,
        "2_5": 0.43126,
        "4_5": 1.14305,
        "8_5": 0.01937,
        "1_6": 0.07381,
        "4_6": 0.07835,
        "6_6": 0.02655,
        "7_6": 0.01993,
        "10_6": 0.24908,
        "0_7": 0.55707,
        "4_7": 0.73178,
        "8_7": 0.13359,
        "3_8": 0.00016,
        "9_8": 0.17395,
        "10_8": 0.13478,
        "0_9": 0.38464,
        "6_9": 0.29032,
        "7_9": 0.56592
    },
    "best": {
        "0": 7.277467097210853,
        "1": 4.676910598183697,
        "2": 5.500184207406745,
        "3": 10.266638426440707,
        "4": 4.052008800398258,
        "5": 13.679198831432277,
        "6": 3.89024313331487,
        "7": 11.042820184926214,
        "8": 1.0708460980183625,
        "9": 6.513454190040898
    },
    "best_mrt": [
        255.30446047124778,
        60.12704801697932,
        35.995700166887566,
        51.813327075051845,
        299.9999999957321,
        67.96695056576121,
        146.81449238238972,
        300.00000000024085,
        95.14095469074526,
        300.0000000005402,
        278.62141481791684,
        72.03440658842356
    ],
    "SLA": 300
}