{
    "throughput": 9.0,
    "class_probs": {
        "0": 0.11372446162876375,
        "1": 0.02821827668006078,
        "2": 0.09406262279938404,
        "3": 0.09257747446491511,
        "4": 0.08706216022080619,
        "5": 0.08531916505134993,
        "6": 0.10090639509930077,
        "7": 0.050599541769595045,
        "8": 0.10126810906725683,
        "9": 0.1368790074373585,
        "10": 0.09542925926754973,
        "11": 0.013953526513659257
    },
    "best_objective": 89.31598313786549,
    "classes": [
        "0",
        "1",
        "2",
        "3",
        "4",
        "5",
        "6",
        "7",
        "8",
        "9",
        "10",
        "11"
    ],
    "resources": [
        "0",
        "1",
        "2",
        "3",
        "4",
        "5",
        "6",
        "7",
        "8",
        "9"
    ],
    "demands": {
        "0_0": 0.08613,
        "2_0": 0.10174,
        "3_0": 0.03125,
        "4_0": 0.00033,
        "6_0": 0.02235,
        "7_0": 0.11515,
        "8_0": 0.04805,
        "9_0": 0.06724,
        "3_1": 0.0233,
        "4_1": 0.2527,
        "6_1": 0.22339,
        "11_1": 1.46443,
        "1_2": 0.12239,
        "2_2": 0.13082,
        "9_2": 0.29118,
        "11_2": 0.11997,
        "5_3": 0.03017,
        "6_3": 0.86,
        "0_4": 0.16127,
        "1_4": 0.06402,
        "3_4": 0.00865,
        "5_4": 0.32815,
        "9_4": 0.12964,
        "10_4": 0.15912,
        "1_5": 0.70577,
        "2_5": 0.23388,
        "3_5": 0.15871,
        "3_6": 0.22504,
        "6_6": 0.05328,
        "7_6": 0.17097,
        "10_6": 0.21279,
        "11_6": 1.86476,
        "2_7": 0.10789,
        "4_7": 0.14361,
        "5_7": 0.1458,
        "9_7": 0.05354,
        "10_7": 0.01615,
        "1_8": 0.51563,
        "2_8": 0.19021,
        "3_8": 0.02057,
        "6_8": 0.12993,
        "8_8": 0.18018,
        "9_8": 0.07432,
        "10_8": 0.12593,
        "2_9": 0.04027,
        "6_9": 0.20887,
        "7_9": 0.49986,
        "11_9": 2.24887
    },
    "best": {
        "0": 1.4376002073363856,
        "1": 18.360359873039506,
        "2": 6.0704744516372395,
        "3": 4.608143663802368,
        "4": 2.681456677928881,
        "5": 5.72006582227321,
        "6": 20.67099535762033,
        "7": 1.5779552230530598,
        "8": 5.495875964955076,
        "9": 22.693055896219423
    },
    "best_mrt": [
        165.9373516360317,
        299.9999998931102,
        299.99999986568685,
        81.99331462969599,
        136.01535700730375,
        299.9999998548604,
        299.9999999960442,
        142.30847403492405,
        84.60308972026634,
        244.966795210508,
        132.92446113741357,
        299.99999999999994
    ],
    "SLA": 300
}