{
    "throughput": 9.0,
    "class_probs": {
        "0": 0.09792545389244946,
        "1": 0.0444996369112865,
        "2": 0.07115510517979894,
        "3": 0.022071612316664914,
        "4": 0.13682327493842633,
        "5": 0.12156372418259682,
        "6": 0.03535457581883144,
        "7": 0.13039003630659182,
        "8": 0.10276973032650581,
        "9": 0.06617673521450385,
        "10": 0.12527059884820296,
        "11": 0.0459995160641413
    },
    "best_objective": 38.60066497384604,
    "classes": [
        "0",
        "1",
        "2",
        "3",
        "4",
        "5",
        "6",
        "7",
        "8",
        "9",
        "10",
        "11"
    ],
    "resources": [
        "0",
        "1",
        "2",
        "3",
        "4",
        "5",
        "6",
        "7",
        "8",
        "9"
    ],
    "demands": {
        "0_0": 0.05124,
        "1_0": 0.03146,
        "2_0": 0.1826,
        "5_0": 0.09008,
        "7_0": 0.04776,
        "8_0": 0.04914,
        "0_1": 0.07359,
        "1_1": 0.14924,
        "2_1": 0.09154,
        "5_1": 0.05508,
        "7_1": 0.03333,
        "8_1": 0.02383,
        "11_1": 0.15108,
        "2_2": 0.54194,
        "3_2": 0.9525,
        "11_2": 0.41978,
        "7_3": 0.31123,
        "8_3": 0.16716,
        "9_3": 0.15821,
        "0_4": 0.00097,
        "4_4": 0.09795,
        "7_4": 0.03506,
        "10_4": 0.24459,
        "0_5": 0.00553,
        "5_5": 0.18903,
        "7_5": 0.13554,
        "6_6": 0.29611,
        "8_6": 0.19137,
        "10_6": 0.29109,
        "1_7": 0.55804,
        "2_7": 0.30875,
        "6_7": 0.4194,
        "8_7": 0.17642,
        "11_7": 0.43821,
        "0_8": 0.02782,
        "1_8": 0.5844,
        "9_8": 0.54824,
        "11_8": 0.53979,
        "1_9": 0.1658,
        "2_9": 0.14222,
        "3_9": 0.37234,
        "4_9": 0.00631,
        "7_9": 0.01524,
        "8_9": 0.11823
    },
    "best": {
        "0": 2.9634643540021295,
        "1": 3.6850503005999387,
        "2": 5.591976601127173,
        "3": 2.701051470746227,
        "4": 2.2209116722751925,
        "5": 1.7479897374865636,
        "6": 2.387589552341846,
        "7": 6.977210398340793,
        "8": 6.409240452043925,
        "9": 3.916180434882251
    },
    "best_mrt": [
        51.50037359685579,
        299.9999999970155,
        299.9999999982953,
        299.99999999989933,
        56.72735515088258,
        188.65052426498968,
        234.59631638877192,
        299.9999999998463,
        275.6136697925592,
        173.6962984893084,
        299.9999999992431,
        299.99999999766396
    ],
    "SLA": 300
}