{
    "throughput": 10.0,
    "class_probs": {
        "0": 0.021868214695484743,
        "1": 0.10064980870766681,
        "2": 0.07910354850290024,
        "3": 0.04770849167329281,
        "4": 0.03481562934251927,
        "5": 0.1861477477695678,
        "6": 0.19119735526631398,
        "7": 0.12804964502484464,
        "8": 0.042484767415927285,
        "9": 0.02696260365466814,
        "10": 0.09448531233584298,
        "11": 0.04652687561097127
    },
    "best_objective": 64.08769717951505,
    "classes": [
        "0",
        "1",
        "2",
        "3",
        "4",
        "5",
        "6",
        "7",
        "8",
        "9",
        "10",
        "11"
    ],
    "resources": [
        "0",
        "1",
        "2",
        "3",
        "4",
        "5",
        "6",
        "7",
        "8",
        "9"
    ],
    "demands": {
        "2_0": 0.1308,
        "3_0": 0.33376,
        "4_0": 0.11836,
        "5_0": 0.06508,
        "8_0": 0.35866,
        "9_0": 0.17988,
        "1_1": 0.17946,
        "2_1": 0.1624,
        "3_1": 0.22649,
        "5_1": 0.04712,
        "8_1": 0.14375,
        "10_1": 0.17945,
        "2_2": 0.38927,
        "3_2": 0.48405,
        "4_2": 0.22202,
        "10_2": 0.15185,
        "1_3": 0.07434,
        "7_3": 0.07599,
        "8_3": 0.29614,
        "9_3": 0.52991,
        "10_3": 0.17933,
        "0_4": 0.62891,
        "1_4": 0.08421,
        "2_4": 0.0758,
        "4_4": 0.11442,
        "5_4": 0.00638,
        "6_4": 0.05465,
        "9_4": 0.04491,
        "11_4": 0.21064,
        "0_5": 0.26277,
        "3_5": 0.82676,
        "4_5": 0.01327,
        "0_6": 0.21028,
        "1_6": 0.36447,
        "4_6": 0.16308,
        "10_6": 0.32271,
        "1_7": 0.03124,
        "5_7": 0.15017,
        "7_7": 0.248,
        "9_7": 0.71333,
        "1_8": 0.17514,
        "3_8": 0.50251,
        "5_8": 0.10213,
        "6_8": 0.10088,
        "7_8": 0.02819,
        "0_9": 0.15725,
        "1_9": 0.22274,
        "7_9": 0.09055,
        "8_9": 0.43016,
        "10_9": 0.09563
    },
    "best": {
        "0": 7.468836412747021,
        "1": 6.130359951373033,
        "2": 8.321656233733458,
        "3": 5.059941600469333,
        "4": 4.807561770984032,
        "5": 10.667040712944633,
        "6": 3.77164992229403,
        "7": 5.771848981791163,
        "8": 8.654939556978823,
        "9": 3.4338620361995136
    },
    "best_mrt": [
        300.0000000006648,
        300.00000000043383,
        118.4918950434016,
        299.9999999994245,
        129.23366225783317,
        63.134593026028824,
        25.732190103599958,
        103.27285601750675,
        300.00000000022175,
        300.00000000107974,
        235.64057093871733,
        49.45764298686274
    ],
    "SLA": 300
}