{
    "throughput": 7.0,
    "class_probs": {
        "0": 0.0657711477051055,
        "1": 0.12290561730126985,
        "2": 0.04119871216626555,
        "3": 0.04246396325810318,
        "4": 0.17504050316438122,
        "5": 0.07490969955084283,
        "6": 0.06895001429944138,
        "7": 0.13656075655963884,
        "8": 0.11116447603244854,
        "9": 0.06380354095254241,
        "10": 0.056721302218282726,
        "11": 0.04051026679167778
    },
    "best_objective": 79.20278596884557,
    "classes": [
        "0",
        "1",
        "2",
        "3",
        "4",
        "5",
        "6",
        "7",
        "8",
        "9",
        "10",
        "11"
    ],
    "resources": [
        "0",
        "1",
        "2",
        "3",
        "4",
        "5",
        "6",
        "7",
        "8",
        "9"
    ],
    "demands": {
        "5_0": 0.11918,
        "6_0": 0.41444,
        "8_0": 0.29949,
        "11_0": 0.71864,
        "0_1": 0.0509,
        "2_1": 0.40762,
        "3_1": 0.36111,
        "6_1": 0.02119,
        "10_1": 0.4215,
        "11_1": 0.59242,
        "0_2": 0.51059,
        "1_2": 0.16468,
        "2_2": 0.90582,
        "3_2": 0.27942,
        "8_2": 0.03145,
        "9_2": 0.27686,
        "0_3": 0.24196,
        "2_3": 0.28024,
        "4_3": 0.08717,
        "6_3": 0.16958,
        "9_3": 0.03381,
        "11_3": 0.18055,
        "0_4": 0.20109,
        "2_4": 0.4254,
        "4_4": 0.09619,
        "6_4": 0.06713,
        "7_4": 0.12818,
        "10_4": 0.18445,
        "0_5": 0.16394,
        "6_5": 1.16582,
        "9_5": 0.08042,
        "0_6": 0.90692,
        "3_6": 0.99399,
        "7_6": 0.05664,
        "3_7": 0.16333,
        "4_7": 0.18862,
        "5_7": 0.02973,
        "7_7": 0.2602,
        "11_7": 0.66551,
        "4_8": 0.11786,
        "5_8": 0.39708,
        "7_8": 0.0518,
        "9_8": 0.1667,
        "11_8": 0.64726,
        "1_9": 0.16605,
        "2_9": 0.05025,
        "8_9": 0.09733,
        "10_9": 0.21429
    },
    "best": {
        "0": 10.668492609329546,
        "1": 10.483025579416582,
        "2": 9.104095315161159,
        "3": 7.617523551036924,
        "4": 6.124412297919734,
        "5": 5.959618732894777,
        "6": 7.640786556559063,
        "7": 9.987464971351763,
        "8": 9.787126514622454,
        "9": 1.8302398405535787
    },
    "best_mrt": [
        300.00000000109594,
        129.81425753479613,
        300.0000000073163,
        232.7042029370664,
        62.7418690999656,
        58.67345445402815,
        300.0000000006639,
        65.07192982574657,
        98.22963447271468,
        71.81507749989788,
        217.4982757790737,
        300.0000000025029
    ],
    "SLA": 300
}