{
    "throughput": 8.0,
    "class_probs": {
        "0": 0.06457692395089977,
        "1": 0.11631969248004692,
        "2": 0.07683729130589648,
        "3": 0.11109874202560473,
        "4": 0.041440625804494896,
        "5": 0.04686677262907389,
        "6": 0.1261176729467232,
        "7": 0.11833478097725739,
        "8": 0.06749305507721111,
        "9": 0.12346862192370739,
        "10": 0.056285486543310295,
        "11": 0.05116033433577391
    },
    "best_objective": 64.38865632355402,
    "classes": [
        "0",
        "1",
        "2",
        "3",
        "4",
        "5",
        "6",
        "7",
        "8",
        "9",
        "10",
        "11"
    ],
    "resources": [
        "0",
        "1",
        "2",
        "3",
        "4",
        "5",
        "6",
        "7",
        "8",
        "9"
    ],
    "demands": {
        "1_0": 0.09709,
        "4_0": 1.19396,
        "9_0": 0.38517,
        "0_1": 0.34339,
        "3_1": 0.35756,
        "10_1": 0.87088,
        "0_2": 0.05611,
        "1_2": 0.03646,
        "4_2": 0.21483,
        "5_2": 0.05946,
        "7_2": 0.07388,
        "8_2": 0.1694,
        "1_3": 0.11623,
        "3_3": 0.04497,
        "4_3": 0.00569,
        "5_3": 0.19856,
        "8_3": 0.04237,
        "9_3": 0.08967,
        "10_3": 0.2592,
        "0_4": 0.0622,
        "2_4": 0.27548,
        "4_4": 0.23914,
        "5_4": 0.2029,
        "0_5": 0.48119,
        "2_5": 0.0146,
        "3_5": 0.10182,
        "4_5": 0.42955,
        "9_5": 0.2953,
        "3_6": 0.16959,
        "5_6": 0.2766,
        "6_6": 0.10204,
        "9_6": 0.00602,
        "10_6": 0.2694,
        "2_7": 0.37652,
        "3_7": 0.33072,
        "11_7": 0.30287,
        "5_8": 0.17325,
        "6_8": 0.15814,
        "9_8": 0.11164,
        "10_8": 0.37238,
        "7_9": 0.17215,
        "8_9": 0.18508,
        "10_9": 0.30378,
        "11_9": 0.4492
    },
    "best": {
        "0": 10.703692685053625,
        "1": 10.636113374232123,
        "2": 4.490547289270909,
        "3": 5.7753301243843485,
        "4": 4.785731057647421,
        "5": 6.741699982821659,
        "6": 5.943489431177485,
        "7": 2.2491784781102386,
        "8": 6.795461829686962,
        "9": 6.26741207116926
    },
    "best_mrt": [
        143.45759315321254,
        40.444174640637726,
        299.9999999999782,
        299.9999999999492,
        300.0000000002064,
        175.56735340395684,
        43.82209290547658,
        47.99297637860972,
        81.11967020869184,
        124.39552128386431,
        299.9999999999364,
        268.34424285425814
    ],
    "SLA": 300
}