{
    "throughput": 9.0,
    "class_probs": {
        "0": 0.06141826589691657,
        "1": 0.020553770916878523,
        "2": 0.13558358613479013,
        "3": 0.11748699761228934,
        "4": 0.0915171312227252,
        "5": 0.05388504102500237,
        "6": 0.09610095382247406,
        "7": 0.10805228069487152,
        "8": 0.050999640377976885,
        "9": 0.12262031238879453,
        "10": 0.06194992563333983,
        "11": 0.07983209427394107
    },
    "best_objective": 58.02184890708887,
    "classes": [
        "0",
        "1",
        "2",
        "3",
        "4",
        "5",
        "6",
        "7",
        "8",
        "9",
        "10",
        "11"
    ],
    "resources": [
        "0",
        "1",
        "2",
        "3",
        "4",
        "5",
        "6",
        "7",
        "8",
        "9"
    ],
    "demands": {
        "0_0": 0.00145,
        "1_0": 0.64556,
        "7_0": 0.41746,
        "8_0": 0.73268,
        "0_1": 0.18217,
        "3_1": 0.34607,
        "4_1": 0.27435,
        "5_1": 0.06464,
        "10_1": 0.3153,
        "0_2": 0.07564,
        "7_2": 0.25461,
        "9_2": 0.18271,
        "10_2": 0.53858,
        "1_3": 1.23675,
        "8_3": 0.6552,
        "10_3": 0.07149,
        "6_4": 0.40457,
        "8_4": 0.44921,
        "3_5": 0.33476,
        "7_5": 0.32032,
        "9_5": 0.1067,
        "11_5": 0.15217,
        "0_6": 0.32286,
        "2_6": 0.00147,
        "3_6": 0.11945,
        "7_6": 0.1698,
        "9_6": 0.15624,
        "10_6": 0.04815,
        "2_7": 0.11573,
        "4_7": 0.21258,
        "6_7": 0.15719,
        "9_7": 0.02494,
        "2_8": 0.09704,
        "3_8": 0.20628,
        "6_8": 0.07974,
        "7_8": 0.09037,
        "8_8": 0.12841,
        "9_8": 0.14008,
        "10_9": 1.11325,
        "11_9": 0.24225
    },
    "best": {
        "0": 8.734531539441102,
        "1": 5.772106614102341,
        "2": 7.376816123737878,
        "3": 7.816680577484783,
        "4": 6.261884057817272,
        "5": 3.598694120085291,
        "6": 3.351607066170722,
        "7": 1.3521187613880767,
        "8": 4.104766721887361,
        "9": 9.65264332497404
    },
    "best_mrt": [
        169.49947808236558,
        252.65620465290246,
        161.77550642105632,
        300.00000008331136,
        300.0000000024841,
        13.266649789966797,
        274.56893578270774,
        300.000000050628,
        300.0000000548084,
        195.27379174117564,
        300.0000000064563,
        83.57990036147918
    ],
    "SLA": 300
}