{
    "throughput": 7.0,
    "class_probs": {
        "0": 0.022467219042975595,
        "1": 0.08711844809847467,
        "2": 0.10160969146980442,
        "3": 0.10073303026336698,
        "4": 0.12539944437966946,
        "5": 0.08974263957544033,
        "6": 0.04761134831092583,
        "7": 0.1067532375843484,
        "8": 0.1112800517922611,
        "9": 0.09767682943739396,
        "10": 0.0698965941006831,
        "11": 0.0397114659446563
    },
    "best_objective": 69.60052261703756,
    "classes": [
        "0",
        "1",
        "2",
        "3",
        "4",
        "5",
        "6",
        "7",
        "8",
        "9",
        "10",
        "11"
    ],
    "resources": [
        "0",
        "1",
        "2",
        "3",
        "4",
        "5",
        "6",
        "7",
        "8",
        "9"
    ],
    "demands": {
        "7_0": 0.07093,
        "8_0": 0.28037,
        "9_0": 0.25073,
        "10_0": 0.36864,
        "1_1": 0.2601,
        "3_1": 0.17786,
        "5_1": 0.14694,
        "6_1": 0.16167,
        "7_1": 0.11094,
        "9_1": 0.20585,
        "10_1": 0.17806,
        "11_1": 0.0101,
        "2_2": 0.19826,
        "3_2": 0.17632,
        "4_2": 0.23748,
        "1_3": 0.0668,
        "5_3": 0.01837,
        "7_3": 0.12065,
        "8_3": 0.14081,
        "9_3": 0.00182,
        "10_3": 0.15362,
        "0_4": 0.78864,
        "2_4": 0.13597,
        "5_4": 0.19608,
        "6_4": 0.69474,
        "8_4": 0.2362,
        "1_5": 0.10544,
        "4_5": 0.25306,
        "5_5": 0.15988,
        "10_5": 0.00872,
        "11_5": 0.77207,
        "0_6": 0.6705,
        "2_6": 0.28098,
        "3_6": 0.00468,
        "5_6": 0.20881,
        "1_7": 0.38604,
        "3_7": 0.61118,
        "9_7": 0.1868,
        "11_7": 0.29531,
        "0_8": 2.34499,
        "3_8": 0.11862,
        "8_8": 0.08034,
        "11_8": 1.20114,
        "0_9": 0.20312,
        "1_9": 0.07016,
        "3_9": 0.0518,
        "4_9": 0.04381,
        "7_9": 0.10047,
        "9_9": 0.12436
    },
    "best": {
        "0": 3.2225696025713453,
        "1": 3.4957566792070844,
        "2": 2.476094633809386,
        "3": 2.0065215723960668,
        "4": 11.43900728468452,
        "5": 5.12828122599023,
        "6": 10.292387776673978,
        "7": 5.53012358153872,
        "8": 20.17248343531107,
        "9": 5.8372968248551595
    },
    "best_mrt": [
        300.00000019834806,
        253.28055072868898,
        140.26670985986698,
        300.00000008024193,
        182.48549948304677,
        139.24792069373942,
        123.80051198375524,
        157.67829914169735,
        218.05114077432444,
        234.9805831686086,
        300.00000016164165,
        300.0000000232054
    ],
    "SLA": 300
}