{
    "throughput": 9.0,
    "class_probs": {
        "0": 0.11612355389257921,
        "1": 0.06898008776461288,
        "2": 0.13807601138282355,
        "3": 0.030368231607522164,
        "4": 0.0794055891299999,
        "5": 0.09697070438605312,
        "6": 0.14701180460216884,
        "7": 0.07664939314218105,
        "8": 0.03153110361745658,
        "9": 0.057280356037232395,
        "10": 0.07000724550326289,
        "11": 0.08759591893410743
    },
    "best_objective": 68.38725188355622,
    "classes": [
        "0",
        "1",
        "2",
        "3",
        "4",
        "5",
        "6",
        "7",
        "8",
        "9",
        "10",
        "11"
    ],
    "resources": [
        "0",
        "1",
        "2",
        "3",
        "4",
        "5",
        "6",
        "7",
        "8",
        "9"
    ],
    "demands": {
        "0_0": 0.22039,
        "1_0": 0.02439,
        "2_0": 0.01875,
        "5_0": 0.01812,
        "6_0": 0.04536,
        "7_0": 0.20057,
        "8_0": 0.43074,
        "11_0": 0.21101,
        "2_1": 0.0996,
        "3_1": 0.94968,
        "4_1": 0.29337,
        "6_1": 0.19126,
        "1_2": 0.07901,
        "2_2": 0.00622,
        "3_2": 1.01308,
        "4_2": 0.16225,
        "10_2": 0.4892,
        "11_2": 0.04551,
        "2_3": 0.0742,
        "3_3": 0.23263,
        "4_3": 0.13733,
        "7_3": 0.10308,
        "8_3": 0.00177,
        "4_4": 0.25085,
        "9_4": 0.365,
        "10_4": 0.16997,
        "0_5": 0.09025,
        "1_5": 0.22128,
        "7_5": 0.95111,
        "1_6": 0.33416,
        "2_6": 0.0387,
        "5_6": 0.07252,
        "11_6": 0.25273,
        "7_7": 0.2566,
        "8_7": 0.86283,
        "11_7": 0.22005,
        "1_8": 0.04304,
        "2_8": 0.09487,
        "3_8": 0.36115,
        "7_8": 0.22983,
        "8_8": 0.50511,
        "0_9": 0.08467,
        "1_9": 0.14091,
        "2_9": 0.00908,
        "3_9": 0.28319,
        "4_9": 0.0596,
        "5_9": 0.10226,
        "8_9": 0.00044,
        "11_9": 0.00805
    },
    "best": {
        "0": 5.27985046796095,
        "1": 12.064443975329555,
        "2": 12.403855147926933,
        "3": 6.173879602786155,
        "4": 1.6911948482120258,
        "5": 6.556433567853678,
        "6": 2.030420886751131,
        "7": 6.570748045681182,
        "8": 9.008056901063496,
        "9": 6.608368439991106
    },
    "best_mrt": [
        78.45097435017755,
        299.9999999999931,
        64.52324870005596,
        299.9999999998454,
        279.3901633800706,
        68.45056648966514,
        27.1102320491978,
        299.99999999999903,
        299.99999999999596,
        300.0,
        181.83699763650273,
        255.95962631755341
    ],
    "SLA": 300
}