{
    "throughput": 9.0,
    "class_probs": {
        "0": 0.09396596892754665,
        "1": 0.08101133734900294,
        "2": 0.04176070927815706,
        "3": 0.08784979381886665,
        "4": 0.08659940688811527,
        "5": 0.09487327944694832,
        "6": 0.08347771617142619,
        "7": 0.05157561666549742,
        "8": 0.09268543194073918,
        "9": 0.034924374686426146,
        "10": 0.13379158636111474,
        "11": 0.11748477846615957
    },
    "best_objective": 38.946465615699815,
    "classes": [
        "0",
        "1",
        "2",
        "3",
        "4",
        "5",
        "6",
        "7",
        "8",
        "9",
        "10",
        "11"
    ],
    "resources": [
        "0",
        "1",
        "2",
        "3",
        "4",
        "5",
        "6",
        "7",
        "8",
        "9"
    ],
    "demands": {
        "0_0": 0.28196,
        "3_0": 0.1003,
        "6_0": 0.27245,
        "8_0": 0.41164,
        "1_1": 0.0968,
        "2_1": 0.08614,
        "5_1": 0.22867,
        "6_1": 0.09759,
        "4_2": 0.00342,
        "6_2": 0.2799,
        "7_2": 0.28591,
        "8_2": 0.26374,
        "0_3": 0.00749,
        "1_3": 0.10395,
        "4_3": 0.24783,
        "5_3": 0.05374,
        "7_3": 0.26555,
        "8_3": 0.1908,
        "10_3": 0.00184,
        "3_4": 0.18596,
        "8_4": 0.0191,
        "9_4": 0.55596,
        "10_4": 0.23597,
        "0_5": 0.37141,
        "3_5": 0.24303,
        "4_5": 0.14106,
        "11_5": 0.022,
        "1_6": 0.05401,
        "2_6": 0.21051,
        "5_6": 0.02145,
        "8_6": 0.06776,
        "10_6": 0.2187,
        "11_6": 0.00632,
        "5_7": 0.13497,
        "8_7": 0.1318,
        "11_7": 0.12738,
        "2_8": 0.61818,
        "4_8": 0.30236,
        "11_8": 0.2391,
        "0_9": 0.33016,
        "9_9": 0.75267,
        "10_9": 0.20718
    },
    "best": {
        "0": 5.746381044346529,
        "1": 1.7726575956406019,
        "2": 4.167460914461307,
        "3": 3.6847653159564,
        "4": 4.491406386330797,
        "5": 2.8086109353791873,
        "6": 3.3147860174017985,
        "7": 2.9060492237363262,
        "8": 4.474298540940831,
        "9": 5.580049641506038
    },
    "best_mrt": [
        300.00000000001387,
        121.78972913569125,
        300.0000000375925,
        180.6469929264735,
        227.02536523028394,
        241.18901351576852,
        203.18564814999908,
        165.62667831471012,
        300.00000000019094,
        300.00000000000114,
        181.3071686008408,
        126.08744563650603
    ],
    "SLA": 300
}