{
    "throughput": 8.0,
    "class_probs": {
        "0": 0.05772820251597122,
        "1": 0.07329498527681481,
        "2": 0.054092099448745566,
        "3": 0.17869027441621954,
        "4": 0.1201241739348609,
        "5": 0.028184929549315285,
        "6": 0.05483300239563017,
        "7": 0.05356241391134943,
        "8": 0.14920133890159692,
        "9": 0.17940376887511247,
        "10": 0.023703046516699463,
        "11": 0.027181764257684145
    },
    "best_objective": 102.37066140673413,
    "classes": [
        "0",
        "1",
        "2",
        "3",
        "4",
        "5",
        "6",
        "7",
        "8",
        "9",
        "10",
        "11"
    ],
    "resources": [
        "0",
        "1",
        "2",
        "3",
        "4",
        "5",
        "6",
        "7",
        "8",
        "9"
    ],
    "demands": {
        "3_0": 0.17469,
        "4_0": 0.0268,
        "5_0": 1.11967,
        "8_0": 0.03698,
        "11_0": 1.00431,
        "1_1": 0.6078,
        "2_1": 0.54185,
        "10_1": 1.26836,
        "4_2": 0.04821,
        "6_2": 1.00701,
        "8_2": 0.17926,
        "11_2": 0.70912,
        "1_3": 0.05105,
        "3_3": 0.00906,
        "7_3": 0.21813,
        "10_3": 1.45483,
        "11_3": 0.42699,
        "0_4": 0.00643,
        "2_4": 0.07503,
        "4_4": 0.2385,
        "6_4": 0.12257,
        "7_4": 0.51657,
        "11_4": 0.32659,
        "0_5": 0.60599,
        "1_5": 0.1276,
        "6_5": 1.10064,
        "0_6": 0.28004,
        "1_6": 0.11854,
        "3_6": 0.0253,
        "6_6": 0.33621,
        "9_6": 0.08288,
        "10_6": 0.75718,
        "11_6": 0.55139,
        "0_7": 0.29113,
        "3_7": 0.0931,
        "4_7": 0.01344,
        "5_7": 1.3514,
        "9_7": 0.1335,
        "3_8": 0.19772,
        "4_8": 0.15568,
        "9_8": 0.257,
        "5_9": 0.22019,
        "6_9": 0.33664,
        "8_9": 0.02317,
        "9_9": 0.0423,
        "11_9": 0.52811
    },
    "best": {
        "0": 14.592900305991181,
        "1": 10.610941742167691,
        "2": 13.520580669695699,
        "3": 13.709538601705331,
        "4": 8.087799854700133,
        "5": 8.448989709599866,
        "6": 13.357746760468272,
        "7": 7.621700606310912,
        "8": 1.7536829263434,
        "9": 10.666780229751643
    },
    "best_mrt": [
        145.24532619347818,
        92.19354983737226,
        65.44110119067065,
        236.5164379942391,
        203.04012319018736,
        299.9999999999654,
        299.99999999997897,
        85.60700819087788,
        19.090847788188928,
        299.99999999999926,
        300.00000000011556,
        300.00000000001535
    ],
    "SLA": 300
}