{
    "throughput": 8.0,
    "class_probs": {
        "0": 0.11356372376184673,
        "1": 0.12343950281519286,
        "2": 0.08751802194658762,
        "3": 0.04754230126066885,
        "4": 0.049567975564987744,
        "5": 0.0958571377542387,
        "6": 0.12709984669318378,
        "7": 0.08220454778737947,
        "8": 0.050072161377169,
        "9": 0.049768285048732284,
        "10": 0.05802876621099537,
        "11": 0.11533772977901768
    },
    "best_objective": 65.29261698858525,
    "classes": [
        "0",
        "1",
        "2",
        "3",
        "4",
        "5",
        "6",
        "7",
        "8",
        "9",
        "10",
        "11"
    ],
    "resources": [
        "0",
        "1",
        "2",
        "3",
        "4",
        "5",
        "6",
        "7",
        "8",
        "9"
    ],
    "demands": {
        "2_0": 0.74879,
        "6_0": 0.10235,
        "1_1": 0.0503,
        "2_1": 0.19743,
        "3_1": 0.00795,
        "5_1": 0.23819,
        "8_1": 0.39554,
        "3_2": 0.28318,
        "5_2": 0.31282,
        "7_2": 0.35682,
        "3_3": 0.4156,
        "7_3": 0.30694,
        "8_3": 0.45723,
        "9_3": 0.24337,
        "11_3": 0.22533,
        "1_4": 0.15107,
        "2_4": 0.27463,
        "4_4": 0.41945,
        "10_4": 0.11315,
        "3_5": 0.61275,
        "4_5": 0.1416,
        "7_5": 0.20472,
        "8_5": 0.31521,
        "0_6": 0.16097,
        "2_6": 0.3238,
        "3_6": 0.13621,
        "3_7": 0.11113,
        "6_7": 0.47398,
        "8_7": 0.24498,
        "11_7": 0.14964,
        "0_8": 0.21046,
        "1_8": 0.06004,
        "7_8": 0.22323,
        "8_8": 0.3364,
        "11_8": 0.16581,
        "2_9": 0.19003,
        "3_9": 0.48738,
        "7_9": 0.15316,
        "9_9": 0.34022,
        "11_9": 0.03996
    },
    "best": {
        "0": 7.262818202774632,
        "1": 6.221029468530915,
        "2": 5.562703405154963,
        "3": 8.567731020306407,
        "4": 4.578243410041534,
        "5": 8.896449625224353,
        "6": 5.989399865085787,
        "7": 5.467891600083208,
        "8": 4.815789959362328,
        "9": 7.930560432021132
    },
    "best_mrt": [
        79.87694706965254,
        60.975584691557906,
        299.9999998302447,
        299.9999996780627,
        121.3602908010683,
        104.67804794603389,
        116.11362024424734,
        210.84224875112955,
        299.99999982409963,
        77.88249761910954,
        28.16133138066252,
        106.56145181031901
    ],
    "SLA": 300
}