{
    "throughput": 10.0,
    "class_probs": {
        "0": 0.03365071143623515,
        "1": 0.09824839816280748,
        "2": 0.08319789784382366,
        "3": 0.12390394397941873,
        "4": 0.030875387380302086,
        "5": 0.13642502417686708,
        "6": 0.030880500109664834,
        "7": 0.043466370937460384,
        "8": 0.14276589673257625,
        "9": 0.03572346995896746,
        "10": 0.09912702421362271,
        "11": 0.14173537506825426
    },
    "best_objective": 42.13278690515287,
    "classes": [
        "0",
        "1",
        "2",
        "3",
        "4",
        "5",
        "6",
        "7",
        "8",
        "9",
        "10",
        "11"
    ],
    "resources": [
        "0",
        "1",
        "2",
        "3",
        "4",
        "5",
        "6",
        "7",
        "8",
        "9"
    ],
    "demands": {
        "3_0": 0.02749,
        "10_0": 0.78538,
        "6_1": 1.12372,
        "7_1": 0.10806,
        "9_1": 0.55448,
        "5_2": 0.04877,
        "7_2": 0.36949,
        "10_2": 0.08387,
        "0_3": 0.32122,
        "5_3": 0.07662,
        "9_3": 0.29507,
        "11_3": 0.0577,
        "0_4": 0.18177,
        "2_4": 0.11106,
        "8_4": 0.01763,
        "11_4": 0.13634,
        "2_5": 0.4865,
        "4_5": 0.95232,
        "5_5": 0.10046,
        "11_6": 0.58309,
        "1_7": 0.05372,
        "4_7": 0.32991,
        "8_7": 0.08837,
        "9_7": 0.33748,
        "10_7": 0.04411,
        "11_7": 0.00095,
        "3_8": 0.09239,
        "5_8": 0.07133,
        "6_8": 0.13246,
        "8_8": 0.07519,
        "10_8": 0.00785,
        "0_9": 0.45031,
        "1_9": 0.10557,
        "2_9": 0.18526,
        "4_9": 0.54042,
        "7_9": 0.30767
    },
    "best": {
        "0": 4.16725996809128,
        "1": 5.727995875389445,
        "2": 1.9434753811921794,
        "3": 2.907245014023638,
        "4": 2.2908673498610606,
        "5": 7.905813091870487,
        "6": 3.6607270581490785,
        "7": 4.984831944778541,
        "8": 1.999009679578085,
        "9": 6.545561542219066
    },
    "best_mrt": [
        300.0000000000822,
        29.92750216104824,
        158.4360017234649,
        64.8341173151174,
        300.00000000000745,
        118.35695566767872,
        300.00000000024437,
        300.000000000008,
        74.75437502247934,
        300.00000000005684,
        300.00000000001097,
        300.000000000054
    ],
    "SLA": 300
}