{
    "throughput": 8.0,
    "class_probs": {
        "0": 0.04285967978984184,
        "1": 0.09613291252738763,
        "2": 0.11471108787284151,
        "3": 0.08582314557851782,
        "4": 0.029178135306400812,
        "5": 0.04954924627978205,
        "6": 0.10760644379120696,
        "7": 0.11116986166470777,
        "8": 0.0974999205389687,
        "9": 0.0732931086763642,
        "10": 0.10782292495433482,
        "11": 0.08435353301964597
    },
    "best_objective": 55.92710136844373,
    "classes": [
        "0",
        "1",
        "2",
        "3",
        "4",
        "5",
        "6",
        "7",
        "8",
        "9",
        "10",
        "11"
    ],
    "resources": [
        "0",
        "1",
        "2",
        "3",
        "4",
        "5",
        "6",
        "7",
        "8",
        "9"
    ],
    "demands": {
        "3_0": 0.09001,
        "4_0": 0.55314,
        "5_0": 0.3868,
        "6_0": 0.03506,
        "7_0": 0.14615,
        "10_0": 0.00686,
        "11_0": 0.20419,
        "4_1": 0.3243,
        "6_1": 0.22763,
        "8_1": 0.2614,
        "10_1": 0.25174,
        "0_2": 0.34584,
        "2_2": 0.08657,
        "5_2": 0.39733,
        "6_2": 0.04001,
        "9_2": 0.13583,
        "2_3": 0.10532,
        "7_3": 0.25633,
        "9_3": 0.42896,
        "10_3": 0.19904,
        "11_3": 0.06175,
        "0_4": 0.0928,
        "2_4": 0.1602,
        "4_4": 0.23279,
        "5_4": 0.49944,
        "8_4": 0.36455,
        "11_4": 0.18757,
        "0_5": 0.67435,
        "1_5": 0.31649,
        "8_5": 0.07086,
        "9_5": 0.34121,
        "2_6": 0.18974,
        "3_6": 0.21385,
        "7_6": 0.17787,
        "8_6": 0.41493,
        "1_7": 0.17516,
        "5_7": 0.09468,
        "7_7": 0.08107,
        "8_7": 0.19642,
        "9_7": 0.01587,
        "10_7": 0.02186,
        "2_8": 0.07503,
        "6_8": 0.13553,
        "7_8": 0.09227,
        "8_8": 0.07597,
        "11_8": 0.07455,
        "0_9": 0.23258,
        "1_9": 0.0672,
        "3_9": 0.21566,
        "5_9": 0.64928,
        "8_9": 0.10479
    },
    "best": {
        "0": 6.315871786123605,
        "1": 4.816383878076099,
        "2": 6.455944007903749,
        "3": 3.281926770299887,
        "4": 8.930764724344126,
        "5": 4.084001714588933,
        "6": 5.998203465857779,
        "7": 4.994146780771882,
        "8": 2.600227338808086,
        "9": 8.449630901669593
    },
    "best_mrt": [
        300.00000000000057,
        141.28330093546694,
        146.79383975820735,
        84.58148434203771,
        205.0169802412346,
        300.0000000000028,
        129.03506789352843,
        222.11682685072643,
        300.000000001281,
        300.0000000000004,
        146.90047910896794,
        117.52540275802426
    ],
    "SLA": 300
}