{
    "throughput": 8.0,
    "class_probs": {
        "0": 0.058090220814616345,
        "1": 0.07675828168095995,
        "2": 0.11878555624013522,
        "3": 0.0722540575565819,
        "4": 0.08456147527365608,
        "5": 0.027839901879782695,
        "6": 0.14779321581581759,
        "7": 0.10183802418898043,
        "8": 0.13202009870720122,
        "9": 0.06333292214945552,
        "10": 0.09775698870715534,
        "11": 0.018969256985657764
    },
    "best_objective": 62.83518200563866,
    "classes": [
        "0",
        "1",
        "2",
        "3",
        "4",
        "5",
        "6",
        "7",
        "8",
        "9",
        "10",
        "11"
    ],
    "resources": [
        "0",
        "1",
        "2",
        "3",
        "4",
        "5",
        "6",
        "7",
        "8",
        "9"
    ],
    "demands": {
        "1_0": 0.53905,
        "4_0": 0.0346,
        "7_0": 0.50757,
        "11_0": 0.78223,
        "5_1": 0.61734,
        "6_1": 0.30894,
        "7_1": 0.42292,
        "0_2": 0.01312,
        "6_2": 0.1313,
        "8_2": 0.08247,
        "9_2": 0.32064,
        "10_2": 0.26726,
        "2_3": 0.10217,
        "7_3": 0.1457,
        "10_3": 0.03078,
        "11_3": 0.80734,
        "1_4": 0.25941,
        "8_4": 0.14845,
        "4_5": 0.14762,
        "7_5": 0.24266,
        "9_5": 0.45655,
        "4_6": 0.31559,
        "5_6": 0.99596,
        "7_6": 0.31056,
        "8_6": 0.14566,
        "0_7": 0.15019,
        "1_7": 0.46727,
        "6_7": 0.23265,
        "8_7": 0.07689,
        "0_8": 0.00181,
        "1_8": 0.11021,
        "3_8": 0.2122,
        "5_8": 0.3323,
        "6_8": 0.07694,
        "7_8": 0.04135,
        "8_8": 0.09732,
        "9_8": 0.0689,
        "2_9": 0.17714,
        "3_9": 0.27392,
        "4_9": 0.06252,
        "6_9": 0.14602,
        "7_9": 0.03466,
        "9_9": 0.25181,
        "11_9": 0.92133
    },
    "best": {
        "0": 9.565897930998624,
        "1": 6.866277572600135,
        "2": 3.3559427567847364,
        "3": 8.154606197689603,
        "4": 3.133878696388154,
        "5": 3.7936778204565176,
        "6": 8.487210293994426,
        "7": 4.4948269643076975,
        "8": 5.4755157103154986,
        "9": 9.507348062103265
    },
    "best_mrt": [
        44.87480760383556,
        300.00000000000006,
        33.5429172741659,
        74.47983149226975,
        97.6934762049373,
        300.00000000000006,
        193.22668019746007,
        274.74677771272246,
        141.8782049185346,
        299.99999999999994,
        101.63165388084181,
        300.0
    ],
    "SLA": 300
}