{
    "throughput": 10.0,
    "class_probs": {
        "0": 0.04710251567465963,
        "1": 0.05698654881009938,
        "2": 0.1345003762929266,
        "3": 0.04554928966084991,
        "4": 0.05040599556029262,
        "5": 0.11408797177198506,
        "6": 0.15833608116833486,
        "7": 0.1316537101315168,
        "8": 0.0406660122662066,
        "9": 0.056936992764238935,
        "10": 0.10941171293011522,
        "11": 0.05436279296877454
    },
    "best_objective": 37.71277745182851,
    "classes": [
        "0",
        "1",
        "2",
        "3",
        "4",
        "5",
        "6",
        "7",
        "8",
        "9",
        "10",
        "11"
    ],
    "resources": [
        "0",
        "1",
        "2",
        "3",
        "4",
        "5",
        "6",
        "7",
        "8",
        "9"
    ],
    "demands": {
        "4_0": 0.22382,
        "5_0": 0.40032,
        "2_1": 0.31503,
        "3_1": 0.06466,
        "8_1": 0.03775,
        "0_2": 0.00384,
        "2_2": 0.05391,
        "4_2": 0.04266,
        "5_2": 0.03904,
        "7_2": 0.07608,
        "10_2": 0.06752,
        "11_2": 0.04499,
        "0_3": 0.20488,
        "1_3": 0.01595,
        "5_3": 0.10824,
        "6_3": 0.07328,
        "7_3": 0.11486,
        "8_3": 0.27209,
        "11_3": 0.11317,
        "3_4": 0.2971,
        "4_4": 0.45915,
        "2_5": 0.12249,
        "7_5": 0.02697,
        "8_5": 0.08373,
        "9_5": 0.27788,
        "10_5": 0.12117,
        "11_5": 0.28511,
        "0_6": 0.04927,
        "2_6": 0.08575,
        "5_6": 0.0934,
        "7_6": 0.00508,
        "9_6": 0.05065,
        "10_6": 0.03655,
        "11_6": 0.1189,
        "6_7": 0.06173,
        "8_7": 0.1729,
        "9_7": 0.17668,
        "10_7": 0.00154,
        "11_7": 0.22642,
        "2_8": 0.04609,
        "7_8": 0.10238,
        "9_8": 0.4454,
        "11_8": 0.60178,
        "1_9": 0.25991,
        "3_9": 0.04423,
        "5_9": 0.14474,
        "7_9": 0.11176,
        "10_9": 0.19701
    },
    "best": {
        "0": 3.6541005101096813,
        "1": 1.9267551331119306,
        "2": 2.525985126999946,
        "3": 3.8554670222548633,
        "4": 2.574921925463377,
        "5": 5.322588354805693,
        "6": 3.6848784839022235,
        "7": 4.450456295122407,
        "8": 7.415088073994096,
        "9": 2.3025365260642894
    },
    "best_mrt": [
        80.97452318992976,
        166.79555838424739,
        300.00000000000085,
        206.42057256578596,
        300.0000000000007,
        300.000000000001,
        38.20918503219236,
        163.16834304609318,
        171.91614882774806,
        185.85788175170686,
        191.0646153867151,
        300.00000000000136
    ],
    "SLA": 300
}