{
    "throughput": 8.0,
    "class_probs": {
        "0": 0.13709690940709446,
        "1": 0.08772593847885393,
        "2": 0.020629135713328788,
        "3": 0.04553674547797978,
        "4": 0.14974398964308866,
        "5": 0.05315536058198543,
        "6": 0.07311835973923288,
        "7": 0.14676411040695628,
        "8": 0.04689394808471562,
        "9": 0.07004625576215999,
        "10": 0.04701535252051486,
        "11": 0.1222738941840895
    },
    "best_objective": 50.99010325009326,
    "classes": [
        "0",
        "1",
        "2",
        "3",
        "4",
        "5",
        "6",
        "7",
        "8",
        "9",
        "10",
        "11"
    ],
    "resources": [
        "0",
        "1",
        "2",
        "3",
        "4",
        "5",
        "6",
        "7",
        "8",
        "9"
    ],
    "demands": {
        "0_0": 0.10358,
        "6_0": 0.3438,
        "8_0": 0.09185,
        "10_0": 0.7865,
        "1_1": 0.20561,
        "4_1": 0.05332,
        "8_1": 0.27694,
        "9_1": 0.15506,
        "10_1": 0.35617,
        "1_2": 0.0929,
        "2_2": 0.31938,
        "3_2": 0.09642,
        "6_2": 0.05309,
        "7_2": 0.06792,
        "9_2": 0.10284,
        "10_2": 0.24165,
        "1_3": 0.13082,
        "3_3": 0.22198,
        "9_3": 0.22085,
        "10_3": 0.05952,
        "11_3": 0.0496,
        "0_4": 0.13628,
        "1_4": 0.2127,
        "6_4": 0.01314,
        "7_4": 0.10717,
        "9_4": 0.08223,
        "11_4": 0.01843,
        "1_5": 0.09646,
        "8_5": 0.28986,
        "9_5": 0.30973,
        "10_5": 0.18756,
        "11_5": 0.1272,
        "1_6": 0.26248,
        "2_6": 0.73454,
        "4_6": 0.23441,
        "6_6": 0.15026,
        "4_7": 0.05962,
        "5_7": 0.44116,
        "7_7": 0.20383,
        "8_7": 0.71813,
        "11_7": 0.02128,
        "0_8": 0.09388,
        "3_8": 0.30437,
        "7_8": 0.02356,
        "8_8": 0.19963,
        "3_9": 0.71999,
        "5_9": 0.18622,
        "9_9": 0.55888
    },
    "best": {
        "0": 6.428272152965902,
        "1": 6.306834759550255,
        "2": 4.797860473166199,
        "3": 4.1748613803899355,
        "4": 2.511292643286684,
        "5": 6.483343032951436,
        "6": 3.9075232102848747,
        "7": 6.458602222904392,
        "8": 3.6057843912432452,
        "9": 6.315728983350346
    },
    "best_mrt": [
        114.08574401451938,
        294.13567544252027,
        300.0000000087201,
        300.00000000238487,
        92.24637881197117,
        110.70031167787994,
        124.54573265770388,
        111.7864612132984,
        300.00000000024517,
        300.0000000024309,
        300.00000000673845,
        47.34666054097153
    ],
    "SLA": 300
}