{
    "throughput": 9.0,
    "class_probs": {
        "0": 0.09409835131439212,
        "1": 0.14007833453657817,
        "2": 0.017824318771404533,
        "3": 0.08967315792741062,
        "4": 0.01989199274831079,
        "5": 0.030396144608579135,
        "6": 0.025805954466819537,
        "7": 0.14163161052195858,
        "8": 0.10997246948450266,
        "9": 0.13924823822593702,
        "10": 0.07600604429974551,
        "11": 0.11537338309436136
    },
    "best_objective": 112.99856263523104,
    "classes": [
        "0",
        "1",
        "2",
        "3",
        "4",
        "5",
        "6",
        "7",
        "8",
        "9",
        "10",
        "11"
    ],
    "resources": [
        "0",
        "1",
        "2",
        "3",
        "4",
        "5",
        "6",
        "7",
        "8",
        "9"
    ],
    "demands": {
        "1_0": 0.05467,
        "7_0": 0.05527,
        "8_0": 0.07414,
        "11_0": 0.09245,
        "0_1": 0.03568,
        "2_1": 0.81905,
        "3_1": 0.17373,
        "7_1": 0.01237,
        "8_1": 0.08706,
        "11_1": 0.14135,
        "0_2": 0.24891,
        "2_2": 0.94426,
        "4_2": 1.51501,
        "10_2": 0.2639,
        "2_3": 0.10518,
        "4_3": 0.59547,
        "5_3": 0.59998,
        "11_3": 0.38962,
        "6_4": 2.75549,
        "4_5": 0.45255,
        "5_5": 0.15051,
        "6_5": 0.38483,
        "9_5": 0.0407,
        "11_5": 0.06962,
        "1_6": 0.16871,
        "2_6": 0.86971,
        "4_6": 0.332,
        "5_6": 0.04313,
        "7_6": 0.09689,
        "8_6": 0.06824,
        "10_6": 0.12793,
        "11_6": 0.11811,
        "0_7": 0.09061,
        "1_7": 0.03222,
        "6_7": 0.93856,
        "9_7": 0.10286,
        "11_7": 0.09004,
        "4_8": 0.49741,
        "6_8": 1.21472,
        "7_8": 0.14433,
        "10_8": 0.22146,
        "0_9": 0.54068,
        "2_9": 0.12049
    },
    "best": {
        "0": 1.0,
        "1": 9.19734006736324,
        "2": 14.645229143155243,
        "3": 7.827483062066655,
        "4": 23.761106901652962,
        "5": 10.633220640099967,
        "6": 10.945151019918754,
        "7": 14.051742821798973,
        "8": 17.143593673998144,
        "9": 3.793695305177114
    },
    "best_mrt": [
        191.866113103999,
        98.14658744051054,
        299.99999999943986,
        20.091793474110258,
        300.0000000000026,
        102.96271172534273,
        300.0000000000003,
        99.74177993154093,
        124.06635413956293,
        11.574735217059182,
        45.19401739397805,
        229.79831361538288
    ],
    "SLA": 300
}