{
    "throughput": 8.0,
    "class_probs": {
        "0": 0.02623907441962401,
        "1": 0.028596844080349255,
        "2": 0.06148633719332634,
        "3": 0.04856797149098526,
        "4": 0.09155180428151574,
        "5": 0.10512409315905591,
        "6": 0.07598379705057073,
        "7": 0.13953726471533362,
        "8": 0.14448797520687287,
        "9": 0.053964799784336395,
        "10": 0.13768072506685358,
        "11": 0.08677931355117635
    },
    "best_objective": 55.747776503069105,
    "classes": [
        "0",
        "1",
        "2",
        "3",
        "4",
        "5",
        "6",
        "7",
        "8",
        "9",
        "10",
        "11"
    ],
    "resources": [
        "0",
        "1",
        "2",
        "3",
        "4",
        "5",
        "6",
        "7",
        "8",
        "9"
    ],
    "demands": {
        "4_0": 0.00624,
        "10_0": 0.19159,
        "11_0": 0.37205,
        "1_1": 0.46231,
        "4_1": 0.08067,
        "7_1": 0.09716,
        "8_1": 0.07038,
        "9_1": 0.2532,
        "5_2": 0.01214,
        "8_2": 0.07292,
        "11_2": 0.45909,
        "0_3": 0.48743,
        "1_3": 0.22353,
        "2_3": 0.06288,
        "3_3": 0.44256,
        "5_3": 0.06996,
        "6_3": 0.20143,
        "8_3": 0.0132,
        "2_4": 0.4161,
        "3_4": 1.37417,
        "6_4": 0.13626,
        "0_5": 0.06491,
        "2_5": 0.20593,
        "3_5": 0.17994,
        "6_5": 0.13931,
        "9_5": 0.2513,
        "2_6": 0.467,
        "5_6": 0.1671,
        "6_6": 0.15857,
        "10_6": 0.10385,
        "3_7": 0.92278,
        "8_7": 0.19318,
        "9_7": 0.42269,
        "4_8": 0.04488,
        "7_8": 0.26419,
        "8_8": 0.19723,
        "6_9": 0.33922,
        "9_9": 0.39302,
        "11_9": 0.135
    },
    "best": {
        "0": 3.4719083932195876,
        "1": 2.99068720959068,
        "2": 3.74351232830812,
        "3": 7.445213720352894,
        "4": 13.056124885719745,
        "5": 5.580199174850244,
        "6": 2.730301199880617,
        "7": 11.146304930323472,
        "8": 1.565870052805324,
        "9": 4.0176546080184234
    },
    "best_mrt": [
        83.19800641489334,
        215.4004409700014,
        300.0000000748398,
        300.00000007863724,
        78.43919639193149,
        91.5425733383672,
        236.5268304807987,
        300.00000001171884,
        265.52950205470506,
        300.0000001045996,
        112.22389918140271,
        300.00000005296613
    ],
    "SLA": 300
}