{
    "throughput": 9.0,
    "class_probs": {
        "0": 0.14447973832530464,
        "1": 0.07288130484640341,
        "2": 0.0656622313881166,
        "3": 0.08684460548567502,
        "4": 0.0960276027034441,
        "5": 0.09154518303725889,
        "6": 0.02498014590867285,
        "7": 0.14632241713317118,
        "8": 0.09975486575854642,
        "9": 0.1300696373405942,
        "10": 0.025353404503560346,
        "11": 0.016078863569252172
    },
    "best_objective": 64.11330869305806,
    "classes": [
        "0",
        "1",
        "2",
        "3",
        "4",
        "5",
        "6",
        "7",
        "8",
        "9",
        "10",
        "11"
    ],
    "resources": [
        "0",
        "1",
        "2",
        "3",
        "4",
        "5",
        "6",
        "7",
        "8",
        "9"
    ],
    "demands": {
        "2_0": 0.11093,
        "4_0": 0.12116,
        "5_0": 0.12004,
        "7_0": 0.08681,
        "0_1": 0.00486,
        "1_1": 0.10202,
        "3_1": 0.11437,
        "7_1": 0.07247,
        "8_1": 0.07572,
        "11_1": 0.65995,
        "4_2": 0.09496,
        "5_2": 0.10229,
        "6_2": 0.89852,
        "2_3": 0.38084,
        "3_3": 0.0389,
        "7_3": 0.15458,
        "0_4": 0.07185,
        "1_4": 0.99146,
        "11_4": 0.08986,
        "5_5": 0.19766,
        "9_5": 0.39659,
        "10_5": 0.67514,
        "1_6": 0.05199,
        "4_6": 0.13085,
        "5_6": 0.20323,
        "6_6": 0.41186,
        "10_6": 0.56788,
        "11_6": 0.26174,
        "0_7": 0.02254,
        "1_7": 0.21201,
        "2_7": 0.12321,
        "9_7": 0.20535,
        "6_8": 1.7617,
        "8_9": 0.44432,
        "11_9": 1.39154
    },
    "best": {
        "0": 1.6463964257273724,
        "1": 7.025675610131492,
        "2": 9.1058991523771,
        "3": 2.7990443205099624,
        "4": 5.898755179382912,
        "5": 3.7594953126191815,
        "6": 8.320345890092932,
        "7": 2.975114230770793,
        "8": 12.630718873101026,
        "9": 9.951863698345292
    },
    "best_mrt": [
        23.748438359601526,
        300.0,
        300.00000000000006,
        33.94180153407469,
        123.69875936425049,
        199.361476473349,
        300.0,
        145.77116902119187,
        58.9783494373148,
        215.51133137616435,
        300.0,
        300.0
    ],
    "SLA": 300
}