{
    "throughput": 6.0,
    "class_probs": {
        "0": 0.1164376280204415,
        "1": 0.013842970639332323,
        "2": 0.05807167240576505,
        "3": 0.04971099443322172,
        "4": 0.09285311761381372,
        "5": 0.12879080961421385,
        "6": 0.04862260393196239,
        "7": 0.10950493174420585,
        "8": 0.11658017455294702,
        "9": 0.11884511252058505,
        "10": 0.051615469510711304,
        "11": 0.09512451501280011
    },
    "best_objective": 222.90537561189075,
    "classes": [
        "0",
        "1",
        "2",
        "3",
        "4",
        "5",
        "6",
        "7",
        "8",
        "9",
        "10",
        "11"
    ],
    "resources": [
        "0",
        "1",
        "2",
        "3",
        "4",
        "5",
        "6",
        "7",
        "8",
        "9"
    ],
    "demands": {
        "1_0": 2.14954,
        "6_0": 1.25716,
        "11_0": 0.43193,
        "0_1": 0.01707,
        "1_1": 0.34781,
        "2_1": 0.22096,
        "4_1": 0.12387,
        "5_1": 0.05974,
        "7_1": 0.10206,
        "8_1": 0.07389,
        "10_1": 0.02898,
        "1_2": 2.77029,
        "4_2": 0.03783,
        "5_2": 0.13935,
        "8_2": 0.68917,
        "0_3": 0.34857,
        "7_3": 0.39969,
        "10_3": 0.34817,
        "1_4": 1.99801,
        "3_4": 0.25264,
        "5_4": 0.02578,
        "7_4": 0.26751,
        "8_4": 0.22186,
        "9_4": 0.00032,
        "10_4": 0.52218,
        "2_5": 0.00395,
        "5_5": 0.64001,
        "6_5": 0.63601,
        "3_6": 0.09173,
        "4_6": 0.22217,
        "5_6": 0.03262,
        "6_6": 0.29416,
        "9_6": 0.05787,
        "11_6": 0.32116,
        "0_7": 0.25197,
        "2_7": 0.39975,
        "3_7": 0.25066,
        "6_7": 0.01208,
        "7_7": 0.14154,
        "10_7": 0.03684,
        "0_8": 0.12601,
        "1_8": 1.49743,
        "2_8": 0.11012,
        "3_8": 0.31073,
        "5_8": 0.13437,
        "1_9": 2.24688,
        "3_9": 0.14074,
        "5_9": 0.32028,
        "7_9": 0.38379,
        "10_9": 0.09975
    },
    "best": {
        "0": 39.53088744392677,
        "1": 15.778159868998847,
        "2": 44.33190680894906,
        "3": 2.7555341470131465,
        "4": 37.6888999964194,
        "5": 4.772241202909389,
        "6": 3.2687641589379712,
        "7": 2.404099586510559,
        "8": 32.44816357795924,
        "9": 39.926718820266345
    },
    "best_mrt": [
        299.9999999999999,
        299.99999999999994,
        228.46113415584222,
        184.620564501953,
        88.76293024979728,
        188.33109131648186,
        300.00000000000006,
        284.5511577070577,
        26.64568968041059,
        20.80995588861486,
        200.46806836562436,
        126.59024616031422
    ],
    "SLA": 300
}