{
    "throughput": 8.0,
    "class_probs": {
        "0": 0.0689033999579632,
        "1": 0.08003849997538201,
        "2": 0.13246208006074048,
        "3": 0.03374698880396188,
        "4": 0.14260055545174807,
        "5": 0.05651429266302476,
        "6": 0.044207657975938584,
        "7": 0.04903953209979219,
        "8": 0.05139946900877478,
        "9": 0.09104544473404787,
        "10": 0.09572633451795831,
        "11": 0.15431574475066803
    },
    "best_objective": 79.00798524948436,
    "classes": [
        "0",
        "1",
        "2",
        "3",
        "4",
        "5",
        "6",
        "7",
        "8",
        "9",
        "10",
        "11"
    ],
    "resources": [
        "0",
        "1",
        "2",
        "3",
        "4",
        "5",
        "6",
        "7",
        "8",
        "9"
    ],
    "demands": {
        "1_0": 0.086,
        "3_0": 0.77144,
        "6_0": 0.64378,
        "7_0": 0.4835,
        "10_0": 0.17975,
        "4_1": 0.14446,
        "6_1": 0.59467,
        "7_1": 0.03926,
        "9_1": 0.11929,
        "2_2": 0.02167,
        "3_2": 0.24664,
        "7_2": 0.35019,
        "10_2": 0.31162,
        "11_2": 0.02113,
        "0_3": 0.02855,
        "1_3": 0.14577,
        "3_3": 1.31644,
        "4_3": 0.25644,
        "5_3": 0.04721,
        "8_3": 0.14151,
        "3_4": 0.65014,
        "7_4": 0.31996,
        "8_4": 0.50071,
        "11_4": 0.03487,
        "0_5": 0.03677,
        "1_5": 0.15955,
        "2_5": 0.06597,
        "4_5": 0.03521,
        "10_5": 0.12673,
        "11_5": 0.01965,
        "2_6": 0.61081,
        "6_6": 0.29518,
        "5_7": 0.18519,
        "6_7": 0.0714,
        "7_7": 0.10859,
        "10_7": 0.08004,
        "11_7": 0.08707,
        "3_8": 0.64141,
        "4_8": 0.03225,
        "6_8": 0.46919,
        "7_8": 0.33356,
        "9_8": 0.05783,
        "10_8": 0.17424,
        "11_8": 0.12941,
        "2_9": 0.26819,
        "5_9": 0.62127,
        "11_9": 0.10812
    },
    "best": {
        "0": 13.678639622555938,
        "1": 5.731747411546392,
        "2": 7.09407652065491,
        "3": 16.055538238946898,
        "4": 11.236104777350173,
        "5": 1.2621848273079486,
        "6": 5.371610467391083,
        "7": 2.523660758347799,
        "8": 12.436997387524476,
        "9": 3.6174252378587517
    },
    "best_mrt": [
        42.35506853919163,
        191.90980694979834,
        299.99999999999994,
        300.0,
        85.88659365584371,
        300.0,
        299.99999999999994,
        206.10264499055597,
        56.15437201716809,
        27.690634738143142,
        252.0434088256451,
        115.81643873872075
    ],
    "SLA": 300
}