{
    "throughput": 9.0,
    "class_probs": {
        "0": 0.09425889647875048,
        "1": 0.07349686585420726,
        "2": 0.027643553848884533,
        "3": 0.13969210189712888,
        "4": 0.059796220060388185,
        "5": 0.12361107005383629,
        "6": 0.13721384001113576,
        "7": 0.03726645423696195,
        "8": 0.10156734456315593,
        "9": 0.13274838274268938,
        "10": 0.03765784989226565,
        "11": 0.03504742036059559
    },
    "best_objective": 59.854968567441915,
    "classes": [
        "0",
        "1",
        "2",
        "3",
        "4",
        "5",
        "6",
        "7",
        "8",
        "9",
        "10",
        "11"
    ],
    "resources": [
        "0",
        "1",
        "2",
        "3",
        "4",
        "5",
        "6",
        "7",
        "8",
        "9"
    ],
    "demands": {
        "4_0": 0.12121,
        "9_0": 0.10963,
        "11_0": 0.4792,
        "6_1": 0.10993,
        "7_1": 0.38033,
        "9_1": 0.11728,
        "10_1": 0.14851,
        "0_2": 0.06758,
        "5_2": 0.24964,
        "9_2": 0.19666,
        "11_2": 0.31033,
        "1_3": 0.25083,
        "3_3": 0.09598,
        "6_3": 0.01005,
        "10_3": 0.23953,
        "7_4": 1.31031,
        "11_4": 0.29139,
        "2_5": 0.3984,
        "9_5": 0.24906,
        "0_6": 0.14826,
        "1_6": 0.09944,
        "3_6": 0.08659,
        "5_6": 0.14769,
        "6_6": 0.01683,
        "7_6": 0.26725,
        "8_6": 0.19918,
        "3_7": 0.03821,
        "5_7": 0.06132,
        "6_7": 0.05609,
        "7_7": 0.38085,
        "9_7": 0.03897,
        "0_8": 0.14486,
        "2_8": 0.84532,
        "3_8": 0.04165,
        "8_8": 0.39525,
        "10_8": 0.15659,
        "4_9": 0.11727,
        "6_9": 0.10269,
        "7_9": 0.32226,
        "8_9": 0.00253,
        "9_9": 0.11516,
        "11_9": 0.04148
    },
    "best": {
        "0": 3.5288756882747156,
        "1": 7.554001341664888,
        "2": 3.2281761211667206,
        "3": 1.352625984766485,
        "4": 13.866248900862159,
        "5": 3.632729814568035,
        "6": 6.674336260752278,
        "7": 7.423466734550933,
        "8": 5.578804852059137,
        "9": 7.015702868776561
    },
    "best_mrt": [
        81.76424165138015,
        274.7422492524277,
        300.00000000000176,
        127.45803749849493,
        55.9619212533319,
        131.1458331925008,
        52.24501416126043,
        300.0000000000017,
        116.75481450793843,
        227.81162685733105,
        300.0000000000007,
        300.0000000000056
    ],
    "SLA": 300
}