{
    "throughput": 9.0,
    "class_probs": {
        "0": 0.050657928383528776,
        "1": 0.10297056249341269,
        "2": 0.05535754037511697,
        "3": 0.06440212555809532,
        "4": 0.09210261886119421,
        "5": 0.024211933446703377,
        "6": 0.135117850480465,
        "7": 0.107212881523682,
        "8": 0.11069991705908142,
        "9": 0.11813669175748279,
        "10": 0.07089801859480728,
        "11": 0.06823193146643
    },
    "best_objective": 102.38642686275159,
    "classes": [
        "0",
        "1",
        "2",
        "3",
        "4",
        "5",
        "6",
        "7",
        "8",
        "9",
        "10",
        "11"
    ],
    "resources": [
        "0",
        "1",
        "2",
        "3",
        "4",
        "5",
        "6",
        "7",
        "8",
        "9"
    ],
    "demands": {
        "2_0": 0.12223,
        "5_0": 0.81964,
        "6_0": 0.1405,
        "9_0": 0.07628,
        "10_0": 0.2398,
        "11_0": 0.27112,
        "0_1": 0.31328,
        "6_1": 0.40615,
        "4_2": 0.25829,
        "5_2": 0.75507,
        "0_3": 0.23242,
        "1_3": 0.02079,
        "5_3": 0.37115,
        "6_3": 0.07553,
        "10_3": 0.1684,
        "0_4": 0.56489,
        "3_4": 0.18079,
        "7_4": 0.25242,
        "8_4": 0.0051,
        "0_5": 0.15924,
        "4_5": 0.20482,
        "7_5": 0.08249,
        "9_5": 0.02242,
        "1_6": 0.05529,
        "2_6": 0.13428,
        "3_6": 0.12857,
        "5_6": 0.02175,
        "8_6": 0.08816,
        "9_6": 0.06493,
        "1_7": 0.08293,
        "2_7": 0.28331,
        "5_7": 0.24884,
        "7_7": 0.00854,
        "9_7": 0.1196,
        "2_8": 0.00273,
        "4_8": 0.1996,
        "5_8": 0.97502,
        "11_8": 0.09442,
        "3_9": 0.01609,
        "5_9": 1.18242,
        "10_9": 0.54822
    },
    "best": {
        "0": 16.144381942216402,
        "1": 4.075973658218538,
        "2": 15.095694352697146,
        "3": 11.140386608968775,
        "4": 5.229236341085456,
        "5": 2.7978242574499417,
        "6": 2.8520663311521646,
        "7": 8.856283413059733,
        "8": 17.161026423732213,
        "9": 19.033553534171237
    },
    "best_mrt": [
        300.00000000073527,
        33.88794089797717,
        95.42727117382482,
        91.49384742280691,
        113.01697584787281,
        299.9999999997241,
        134.29183890451372,
        89.30959585498174,
        36.39942825460252,
        54.269296322639235,
        61.09353716726218,
        23.32750105946439
    ],
    "SLA": 300
}