{
    "throughput": 9.0,
    "class_probs": {
        "0": 0.12346976737073878,
        "1": 0.07012757763310318,
        "2": 0.07976831428267463,
        "3": 0.03105729538877848,
        "4": 0.16892513167990483,
        "5": 0.0405195189430526,
        "6": 0.07689086145816554,
        "7": 0.18910214706738568,
        "8": 0.047096618511680954,
        "9": 0.022856286789442935,
        "10": 0.05291695426169111,
        "11": 0.09726952661338152
    },
    "best_objective": 88.01922998769273,
    "classes": [
        "0",
        "1",
        "2",
        "3",
        "4",
        "5",
        "6",
        "7",
        "8",
        "9",
        "10",
        "11"
    ],
    "resources": [
        "0",
        "1",
        "2",
        "3",
        "4",
        "5",
        "6",
        "7",
        "8",
        "9"
    ],
    "demands": {
        "7_0": 0.05498,
        "8_0": 0.93582,
        "9_0": 1.16503,
        "10_0": 0.11083,
        "8_1": 1.38573,
        "1_2": 0.12962,
        "3_2": 0.40748,
        "5_2": 0.70142,
        "0_3": 0.03823,
        "4_3": 0.08179,
        "6_3": 0.09863,
        "8_3": 0.05823,
        "9_3": 0.88088,
        "11_3": 0.09434,
        "0_4": 0.18428,
        "5_4": 0.23442,
        "6_4": 0.15462,
        "9_4": 1.1135,
        "10_4": 0.09676,
        "0_5": 0.3391,
        "1_5": 0.40023,
        "2_5": 0.09464,
        "3_5": 0.36465,
        "8_5": 0.00282,
        "1_6": 0.23745,
        "6_6": 0.24694,
        "11_6": 0.04054,
        "1_7": 0.07841,
        "2_7": 0.0308,
        "4_7": 0.31266,
        "5_7": 0.14056,
        "1_8": 0.23036,
        "2_8": 0.11789,
        "3_8": 0.14371,
        "6_8": 0.06333,
        "7_8": 0.01717,
        "8_8": 0.25072,
        "9_8": 0.84626,
        "3_9": 0.59674,
        "4_9": 0.14184,
        "5_9": 0.92587,
        "10_9": 0.23703
    },
    "best": {
        "0": 15.607181654460588,
        "1": 7.162896556491467,
        "2": 6.91609448581209,
        "3": 12.602644787023735,
        "4": 14.641408612051746,
        "5": 3.8108578595907043,
        "6": 2.6636951515813,
        "7": 3.6885756848004636,
        "8": 12.928593806753067,
        "9": 7.997281389127553
    },
    "best_mrt": [
        129.00092488212763,
        299.99999999949495,
        50.98507600078099,
        279.13616816688085,
        127.74163929846901,
        299.9999999982222,
        131.39928884112422,
        5.104091714095408,
        299.99999999999653,
        300.00000000000017,
        47.48772134008009,
        25.379351588768646
    ],
    "SLA": 300
}