{
    "throughput": 8.0,
    "class_probs": {
        "0": 0.04889412967624198,
        "1": 0.11999039085555749,
        "2": 0.1261288546929263,
        "3": 0.07748125052473549,
        "4": 0.07282753765993505,
        "5": 0.05506432685599699,
        "6": 0.03081382029732757,
        "7": 0.05280675474452582,
        "8": 0.030271064727842814,
        "9": 0.1409726306975612,
        "10": 0.13557522159394647,
        "11": 0.10917401767340285
    },
    "best_objective": 52.642429587293805,
    "classes": [
        "0",
        "1",
        "2",
        "3",
        "4",
        "5",
        "6",
        "7",
        "8",
        "9",
        "10",
        "11"
    ],
    "resources": [
        "0",
        "1",
        "2",
        "3",
        "4",
        "5",
        "6",
        "7",
        "8",
        "9"
    ],
    "demands": {
        "1_0": 0.09898,
        "2_0": 0.04393,
        "3_0": 0.20057,
        "4_0": 0.17358,
        "5_0": 0.09466,
        "6_0": 0.4899,
        "7_0": 0.19384,
        "9_0": 0.06152,
        "0_1": 0.03094,
        "1_1": 0.10365,
        "2_1": 0.01781,
        "3_1": 0.04261,
        "4_1": 0.13377,
        "5_1": 0.29224,
        "8_1": 0.34581,
        "1_2": 0.06812,
        "2_2": 0.28755,
        "5_2": 0.53069,
        "9_2": 0.13879,
        "10_2": 0.01977,
        "1_3": 0.17767,
        "3_3": 0.08729,
        "4_3": 0.24725,
        "5_3": 0.3303,
        "8_3": 0.36106,
        "0_4": 0.58384,
        "4_4": 0.15745,
        "7_4": 0.45763,
        "10_4": 0.14831,
        "11_4": 0.19967,
        "2_5": 0.60626,
        "10_5": 0.04899,
        "1_6": 0.34904,
        "3_6": 0.48684,
        "10_6": 0.2093,
        "11_6": 0.02804,
        "3_7": 0.0185,
        "8_7": 1.41987,
        "3_8": 0.33716,
        "4_8": 0.17475,
        "7_8": 0.04443,
        "9_8": 0.10303,
        "10_8": 0.11885,
        "2_9": 0.26451,
        "4_9": 0.39991,
        "6_9": 1.12178
    },
    "best": {
        "0": 5.087634300803381,
        "1": 5.468570264201803,
        "2": 4.079047887188543,
        "3": 6.097756356565606,
        "4": 2.96264447564271,
        "5": 4.573087196035895,
        "6": 4.443453241328506,
        "7": 8.937204687163549,
        "8": 4.277775289595935,
        "9": 6.715255888767865
    },
    "best_mrt": [
        282.3431181477902,
        194.1621322552533,
        300.00000003131754,
        300.00000005867895,
        300.0000001238954,
        300.0000001262068,
        300.00000010611774,
        272.44106880964324,
        300.0000001547001,
        83.68368895837393,
        179.6292688878751,
        102.34002069720151
    ],
    "SLA": 300
}