{
    "throughput": 6.0,
    "class_probs": {
        "0": 0.09710446965759219,
        "1": 0.10999541691115339,
        "2": 0.13952847222670922,
        "3": 0.06050924450457985,
        "4": 0.10250734141881901,
        "5": 0.015185720284235888,
        "6": 0.05878518873883372,
        "7": 0.11561425335309465,
        "8": 0.11751910598605475,
        "9": 0.10584498188121874,
        "10": 0.0349226994988043,
        "11": 0.042483105538904296
    },
    "best_objective": 103.10340463866508,
    "classes": [
        "0",
        "1",
        "2",
        "3",
        "4",
        "5",
        "6",
        "7",
        "8",
        "9",
        "10",
        "11"
    ],
    "resources": [
        "0",
        "1",
        "2",
        "3",
        "4",
        "5",
        "6",
        "7",
        "8",
        "9"
    ],
    "demands": {
        "2_0": 0.15318,
        "4_0": 0.27181,
        "9_0": 0.11914,
        "11_0": 0.08225,
        "1_1": 0.45852,
        "7_1": 0.31542,
        "9_1": 0.02246,
        "11_1": 0.41982,
        "1_2": 0.1103,
        "5_2": 5.04869,
        "7_2": 0.14776,
        "3_3": 0.32365,
        "6_3": 0.46611,
        "8_3": 0.13265,
        "10_3": 0.68189,
        "11_3": 0.30396,
        "0_4": 0.49547,
        "2_4": 0.5899,
        "6_4": 0.09688,
        "1_5": 0.21616,
        "5_5": 0.5846,
        "7_5": 0.21251,
        "10_5": 0.52612,
        "9_6": 0.3961,
        "11_6": 0.7805,
        "2_7": 0.04328,
        "3_7": 0.45369,
        "6_7": 0.27924,
        "8_7": 0.30348,
        "10_7": 0.74098,
        "0_8": 0.17161,
        "3_8": 0.07182,
        "4_8": 0.20249,
        "8_8": 0.16823,
        "0_9": 0.30879,
        "2_9": 0.17397,
        "3_9": 0.07722,
        "5_9": 2.3174,
        "6_9": 0.48815
    },
    "best": {
        "0": 2.501788510451421,
        "1": 5.315917588696803,
        "2": 34.1852911359717,
        "3": 6.838669856405142,
        "4": 3.610360680700723,
        "5": 12.627594868417848,
        "6": 6.822444307380633,
        "7": 5.6903625189083735,
        "8": 1.9418776870036671,
        "9": 23.569097484728776
    },
    "best_mrt": [
        300.00000000000006,
        119.15978768685792,
        300.0000000000004,
        191.23951114141568,
        257.5919376547811,
        300.0,
        186.32803145736756,
        89.35528910902636,
        188.65411650668733,
        123.4404251857374,
        299.99999999999994,
        300.00000000000017
    ],
    "SLA": 300
}