{
    "throughput": 8.0,
    "class_probs": {
        "0": 0.07463761021580201,
        "1": 0.08396252232375787,
        "2": 0.102661575314158,
        "3": 0.041287416899217666,
        "4": 0.03309247156144288,
        "5": 0.07581365637645548,
        "6": 0.06740519583091095,
        "7": 0.03175513799712417,
        "8": 0.1354216779338751,
        "9": 0.1299207954632612,
        "10": 0.08592491921082379,
        "11": 0.1381170208731708
    },
    "best_objective": 58.21486666916871,
    "classes": [
        "0",
        "1",
        "2",
        "3",
        "4",
        "5",
        "6",
        "7",
        "8",
        "9",
        "10",
        "11"
    ],
    "resources": [
        "0",
        "1",
        "2",
        "3",
        "4",
        "5",
        "6",
        "7",
        "8",
        "9"
    ],
    "demands": {
        "4_0": 0.74856,
        "9_0": 0.28644,
        "10_0": 0.26516,
        "11_0": 0.07739,
        "1_1": 0.11821,
        "3_1": 0.22577,
        "5_1": 0.07266,
        "6_1": 0.06869,
        "8_1": 0.04442,
        "9_1": 0.1203,
        "11_1": 0.10388,
        "2_2": 0.16972,
        "3_2": 0.24334,
        "9_2": 0.05226,
        "10_2": 0.06641,
        "11_2": 0.06154,
        "0_3": 0.00497,
        "2_3": 0.0059,
        "4_3": 0.36293,
        "6_3": 0.0415,
        "7_3": 0.33349,
        "8_3": 0.06384,
        "11_3": 0.06498,
        "9_4": 0.28677,
        "11_4": 0.29956,
        "0_5": 0.03425,
        "2_5": 0.15051,
        "5_5": 0.1939,
        "8_5": 0.0189,
        "11_5": 0.06621,
        "3_6": 0.57004,
        "5_6": 0.33243,
        "7_6": 0.28963,
        "8_6": 0.07347,
        "9_6": 0.04164,
        "11_6": 0.01283,
        "1_7": 0.24943,
        "3_7": 0.48414,
        "4_7": 1.00386,
        "5_7": 0.1096,
        "9_7": 0.11264,
        "2_8": 0.2073,
        "3_8": 0.38881,
        "8_8": 0.22304,
        "9_8": 0.11651,
        "2_9": 0.51043,
        "3_9": 0.05238,
        "5_9": 0.68855
    },
    "best": {
        "0": 7.227648700324959,
        "1": 5.273261879648549,
        "2": 5.034249851172957,
        "3": 4.718106727380013,
        "4": 2.199703501600401,
        "5": 2.6163424557715373,
        "6": 8.258613507007567,
        "7": 10.70893063908551,
        "8": 6.558935785151171,
        "9": 5.619073622026052
    },
    "best_mrt": [
        16.28617682898295,
        49.99841211774465,
        246.71635141608184,
        300.0000000000001,
        300.0000000000001,
        300.0000000000007,
        23.965263009944135,
        114.20095710198464,
        79.74469222770445,
        300.00000000000006,
        55.31360183250586,
        283.6497868626773
    ],
    "SLA": 300
}