{
    "throughput": 10.0,
    "class_probs": {
        "0": 0.1560426166780639,
        "1": 0.14704920124977605,
        "2": 0.03182224180137068,
        "3": 0.0761260219735816,
        "4": 0.14895350999698304,
        "5": 0.0508373298307621,
        "6": 0.018228015686932986,
        "7": 0.04474125580992252,
        "8": 0.05915286861914837,
        "9": 0.11795991373194221,
        "10": 0.08552266787421554,
        "11": 0.06356435674730095
    },
    "best_objective": 78.108326702012,
    "classes": [
        "0",
        "1",
        "2",
        "3",
        "4",
        "5",
        "6",
        "7",
        "8",
        "9",
        "10",
        "11"
    ],
    "resources": [
        "0",
        "1",
        "2",
        "3",
        "4",
        "5",
        "6",
        "7",
        "8",
        "9"
    ],
    "demands": {
        "0_0": 0.10201,
        "3_0": 0.29853,
        "4_0": 0.06406,
        "6_0": 1.16201,
        "8_0": 0.29318,
        "1_1": 0.08427,
        "9_1": 0.19449,
        "10_1": 0.25773,
        "11_1": 0.49504,
        "3_2": 0.04423,
        "5_2": 0.20275,
        "8_2": 0.40157,
        "11_2": 0.47759,
        "0_3": 0.03977,
        "2_3": 0.6942,
        "4_3": 0.05408,
        "6_3": 1.0042,
        "9_3": 0.08393,
        "11_3": 0.16315,
        "0_4": 0.02912,
        "1_4": 0.03446,
        "2_4": 0.3195,
        "3_4": 0.15723,
        "4_4": 0.05073,
        "5_4": 0.14077,
        "7_4": 0.3992,
        "10_4": 0.02651,
        "1_5": 0.19165,
        "3_5": 0.08944,
        "5_5": 0.25817,
        "6_5": 1.195,
        "10_5": 0.16128,
        "3_6": 0.25511,
        "4_6": 0.01429,
        "8_6": 0.35534,
        "9_6": 0.06656,
        "11_6": 0.15801,
        "0_7": 0.05965,
        "1_7": 0.05801,
        "2_7": 0.21537,
        "3_7": 0.14705,
        "4_7": 0.03783,
        "5_7": 0.06316,
        "10_7": 0.02436,
        "5_8": 0.49349,
        "9_8": 0.00862,
        "10_8": 0.61124,
        "0_9": 0.11779,
        "1_9": 0.04958,
        "6_9": 0.61144,
        "7_9": 0.04679,
        "9_9": 0.14905,
        "10_9": 0.0085
    },
    "best": {
        "0": 14.90400066194051,
        "1": 5.074220554232842,
        "2": 5.322535238433392,
        "3": 14.242273948902236,
        "4": 3.1171271693683944,
        "5": 15.27902934748893,
        "6": 2.9694676560950293,
        "7": 2.2900949587574413,
        "8": 4.155148966071833,
        "9": 10.754428200721385
    },
    "best_mrt": [
        66.40238286135555,
        84.16967566801591,
        300.00000000000006,
        289.7134188588394,
        56.07358807134914,
        300.0,
        300.00000000000006,
        167.45144454175698,
        257.6047186436629,
        98.02538919979321,
        279.0638812689733,
        300.00000000000006
    ],
    "SLA": 300
}