{
    "throughput": 9.0,
    "class_probs": {
        "0": 0.09787950646949498,
        "1": 0.01633390593802129,
        "2": 0.045039281492497606,
        "3": 0.07113285387728462,
        "4": 0.1294525011642773,
        "5": 0.10749929185665037,
        "6": 0.12835975344298448,
        "7": 0.06743824020290405,
        "8": 0.08414769844479432,
        "9": 0.03161837107158364,
        "10": 0.0755518202341062,
        "11": 0.14554677580540112
    },
    "best_objective": 68.93471443577857,
    "classes": [
        "0",
        "1",
        "2",
        "3",
        "4",
        "5",
        "6",
        "7",
        "8",
        "9",
        "10",
        "11"
    ],
    "resources": [
        "0",
        "1",
        "2",
        "3",
        "4",
        "5",
        "6",
        "7",
        "8",
        "9"
    ],
    "demands": {
        "0_0": 0.13396,
        "4_0": 0.14044,
        "9_0": 0.5981,
        "10_0": 0.27134,
        "4_1": 0.0283,
        "5_1": 0.00479,
        "6_1": 0.07791,
        "7_1": 0.13447,
        "8_1": 0.00896,
        "9_1": 0.18737,
        "11_1": 0.02911,
        "3_2": 0.17141,
        "4_2": 0.13021,
        "8_2": 0.46753,
        "9_2": 0.72414,
        "0_3": 0.38573,
        "3_3": 0.06039,
        "5_3": 0.1909,
        "3_4": 0.09349,
        "4_4": 0.1172,
        "9_4": 0.75915,
        "10_4": 0.11424,
        "1_5": 0.35329,
        "5_5": 0.05257,
        "6_5": 0.10456,
        "8_5": 0.11776,
        "0_6": 0.14395,
        "1_6": 0.15587,
        "2_6": 0.38113,
        "5_6": 0.01994,
        "6_6": 0.1045,
        "10_6": 0.24069,
        "0_7": 0.09194,
        "10_7": 0.25851,
        "11_7": 0.08026,
        "4_8": 0.09082,
        "5_8": 0.2893,
        "6_8": 0.09821,
        "7_8": 0.00542,
        "8_8": 0.05454,
        "9_8": 0.03069,
        "10_8": 0.21288,
        "1_9": 0.96105,
        "2_9": 0.1359,
        "5_9": 0.09548,
        "8_9": 0.35089,
        "9_9": 0.84196
    },
    "best": {
        "0": 11.030949033942417,
        "1": 5.950813485670668,
        "2": 11.915838027038605,
        "3": 2.5167903816787116,
        "4": 11.94283143879295,
        "5": 2.423920128911127,
        "6": 3.4153672972236486,
        "7": 2.756363197661455,
        "8": 3.72852480958629,
        "9": 13.253316635272709
    },
    "best_mrt": [
        299.99999999982117,
        299.9999999997805,
        146.66285289108046,
        54.52500298991983,
        70.45658077837275,
        233.66902132946848,
        132.9540136331526,
        25.61606425476924,
        145.66480022720512,
        299.99999999999636,
        299.9999999997496,
        38.67733033842801
    ],
    "SLA": 300
}