{
    "throughput": 6.0,
    "class_probs": {
        "0": 0.13149882838882931,
        "1": 0.11663540673569742,
        "2": 0.05001815018235009,
        "3": 0.11176259088525527,
        "4": 0.09804278461355498,
        "5": 0.11041206659833375,
        "6": 0.04916105969872957,
        "7": 0.05219321980021344,
        "8": 0.12906474616721023,
        "9": 0.0365245952581664,
        "10": 0.06083558595868731,
        "11": 0.05385096571297217
    },
    "best_objective": 81.91796688196118,
    "classes": [
        "0",
        "1",
        "2",
        "3",
        "4",
        "5",
        "6",
        "7",
        "8",
        "9",
        "10",
        "11"
    ],
    "resources": [
        "0",
        "1",
        "2",
        "3",
        "4",
        "5",
        "6",
        "7",
        "8",
        "9"
    ],
    "demands": {
        "0_0": 0.12901,
        "1_0": 0.0604,
        "3_0": 0.10385,
        "4_0": 0.11654,
        "5_0": 0.16133,
        "0_1": 0.25331,
        "1_1": 0.1522,
        "2_1": 0.12352,
        "5_1": 0.0591,
        "6_1": 0.56112,
        "7_1": 0.46028,
        "8_1": 0.12504,
        "2_2": 0.25245,
        "3_2": 0.03051,
        "4_2": 0.17392,
        "10_2": 0.11673,
        "11_2": 0.18345,
        "4_3": 0.29586,
        "5_3": 0.01485,
        "9_3": 0.91883,
        "10_3": 0.00399,
        "11_3": 0.28818,
        "1_4": 0.06492,
        "2_4": 0.09281,
        "3_4": 0.28181,
        "8_4": 0.09268,
        "4_5": 0.02521,
        "7_5": 0.58285,
        "8_5": 0.27556,
        "11_5": 1.18357,
        "2_6": 0.18135,
        "3_6": 0.39238,
        "8_6": 0.00291,
        "10_6": 0.083,
        "11_6": 0.88418,
        "6_7": 0.59084,
        "7_7": 0.09108,
        "10_7": 0.26501,
        "11_7": 0.51378,
        "4_8": 0.30899,
        "6_8": 0.67373,
        "9_8": 1.29308,
        "1_9": 0.08291,
        "3_9": 0.31565,
        "6_9": 0.69148,
        "11_9": 0.20343
    },
    "best": {
        "0": 1.5910061123600614,
        "1": 7.332321795525694,
        "2": 5.761022317902099,
        "3": 7.582659426691603,
        "4": 2.3138941703214253,
        "5": 14.564196320595,
        "6": 12.765430211824969,
        "7": 11.752867869715564,
        "8": 8.241725048712933,
        "9": 10.012843608311824
    },
    "best_mrt": [
        146.05353452530974,
        115.05725131010702,
        126.93650551281502,
        300.0000000006917,
        213.07456577954602,
        145.35450801899336,
        300.00000000000006,
        120.73785506730131,
        86.17110101065792,
        300.00000000000006,
        52.25975539978276,
        300.00000000000006
    ],
    "SLA": 300
}