{
    "throughput": 7.0,
    "class_probs": {
        "0": 0.12300221454293994,
        "1": 0.10252476153633275,
        "2": 0.0881842747309179,
        "3": 0.028914859367792433,
        "4": 0.13152402125520488,
        "5": 0.13403780577572194,
        "6": 0.0398989921136427,
        "7": 0.1545451448073347,
        "8": 0.08019971142760145,
        "9": 0.053696770528333264,
        "10": 0.017112239048362236,
        "11": 0.04635920486581598
    },
    "best_objective": 83.42832870356968,
    "classes": [
        "0",
        "1",
        "2",
        "3",
        "4",
        "5",
        "6",
        "7",
        "8",
        "9",
        "10",
        "11"
    ],
    "resources": [
        "0",
        "1",
        "2",
        "3",
        "4",
        "5",
        "6",
        "7",
        "8",
        "9"
    ],
    "demands": {
        "0_0": 0.18007,
        "1_0": 0.00745,
        "2_0": 0.24179,
        "3_0": 0.03199,
        "5_0": 0.16498,
        "7_0": 0.11014,
        "9_0": 0.1072,
        "10_0": 0.58869,
        "11_0": 0.30092,
        "0_1": 0.02114,
        "4_1": 0.46873,
        "5_1": 0.33324,
        "11_1": 0.23725,
        "3_2": 0.70659,
        "5_2": 0.27673,
        "7_2": 0.28271,
        "8_2": 0.05549,
        "2_3": 0.27533,
        "5_3": 0.14268,
        "7_3": 0.05378,
        "8_3": 0.15324,
        "10_3": 0.60685,
        "11_3": 0.08775,
        "1_4": 0.06779,
        "5_4": 0.09724,
        "6_4": 0.76065,
        "8_4": 0.20488,
        "9_4": 0.40563,
        "10_4": 0.2525,
        "11_4": 0.27393,
        "0_5": 0.20782,
        "2_5": 0.05953,
        "3_5": 0.15228,
        "7_5": 0.28266,
        "8_5": 0.36182,
        "4_6": 0.0432,
        "6_6": 0.11155,
        "7_6": 0.07563,
        "8_6": 0.1812,
        "9_6": 0.5343,
        "10_6": 1.051,
        "11_6": 0.44113,
        "2_7": 0.5724,
        "3_7": 1.91427,
        "4_7": 0.03611,
        "8_7": 0.10698,
        "2_8": 0.23761,
        "4_8": 0.24243,
        "6_8": 0.0727,
        "7_8": 0.08156,
        "8_8": 0.28519,
        "9_8": 0.19036,
        "10_8": 0.45718,
        "0_9": 0.42601,
        "6_9": 0.74594,
        "9_9": 0.18109
    },
    "best": {
        "0": 10.20091855068016,
        "1": 2.6107642025148774,
        "2": 8.145930028339315,
        "3": 9.960479534929178,
        "4": 8.120913403511034,
        "5": 4.193667404030384,
        "6": 13.225291005347355,
        "7": 13.034399621978762,
        "8": 9.133578604678114,
        "9": 4.802386347560498
    },
    "best_mrt": [
        193.95577777852938,
        9.975556172047263,
        147.5945850648362,
        299.9999998991269,
        300.0000000000049,
        271.3707917148032,
        300.0000000001303,
        153.606288711997,
        214.10432690653408,
        175.37734521221975,
        299.99999998420185,
        247.66105254586574
    ],
    "SLA": 300
}