{
    "throughput": 10.0,
    "class_probs": {
        "0": 0.0683339605138114,
        "1": 0.11904624860146816,
        "2": 0.042318380187835035,
        "3": 0.0686921300092597,
        "4": 0.13873656534742404,
        "5": 0.06096153825727919,
        "6": 0.13748309048112226,
        "7": 0.08876835683346015,
        "8": 0.01840736345885307,
        "9": 0.06242066076703696,
        "10": 0.11084289371228641,
        "11": 0.08398881183016355
    },
    "best_objective": 77.62708750263369,
    "classes": [
        "0",
        "1",
        "2",
        "3",
        "4",
        "5",
        "6",
        "7",
        "8",
        "9",
        "10",
        "11"
    ],
    "resources": [
        "0",
        "1",
        "2",
        "3",
        "4",
        "5",
        "6",
        "7",
        "8",
        "9"
    ],
    "demands": {
        "3_0": 0.12295,
        "4_0": 0.04765,
        "5_0": 0.48486,
        "10_0": 0.26716,
        "11_0": 0.11282,
        "0_1": 0.00393,
        "2_1": 0.14624,
        "7_1": 0.12263,
        "8_1": 0.73626,
        "9_1": 0.12141,
        "10_1": 0.0678,
        "11_1": 0.0975,
        "1_2": 0.18335,
        "2_2": 0.74611,
        "3_2": 0.33517,
        "4_2": 0.06718,
        "6_3": 0.0596,
        "8_3": 0.64394,
        "9_3": 0.15387,
        "10_3": 0.00671,
        "3_4": 0.18948,
        "4_4": 0.04692,
        "6_4": 0.09081,
        "7_4": 0.04602,
        "11_4": 0.18339,
        "9_5": 0.65292,
        "0_6": 0.17355,
        "3_6": 0.29173,
        "5_6": 0.00085,
        "8_6": 1.36158,
        "11_6": 0.22905,
        "0_7": 0.19971,
        "4_7": 0.02106,
        "7_7": 0.16374,
        "9_7": 0.05318,
        "10_7": 0.03971,
        "1_8": 0.0542,
        "4_8": 0.13446,
        "7_8": 0.0651,
        "8_8": 1.39723,
        "3_9": 0.39429,
        "10_9": 0.20449,
        "11_9": 0.39646
    },
    "best": {
        "0": 3.318202451895947,
        "1": 11.949014192963817,
        "2": 4.954072336117455,
        "3": 11.003903753077664,
        "4": 3.595151094040143,
        "5": 3.4596714327644613,
        "6": 16.638487854836672,
        "7": 1.2593018365612807,
        "8": 16.175538388193587,
        "9": 5.2737441621826715
    },
    "best_mrt": [
        240.55013492356056,
        48.228647872837726,
        194.94809580725502,
        299.99999976498873,
        83.62801012711174,
        195.46899196419344,
        35.052246739253874,
        217.840659513908,
        300.00000000000466,
        300.00000000023795,
        205.85652038716165,
        217.2113645197814
    ],
    "SLA": 300
}