{
    "throughput": 6.0,
    "class_probs": {
        "0": 0.12523503411578008,
        "1": 0.1242975745273222,
        "2": 0.048427770164814365,
        "3": 0.11904425662744193,
        "4": 0.058486042855575134,
        "5": 0.024849942477457213,
        "6": 0.0786901830900769,
        "7": 0.09822349969112555,
        "8": 0.12492159219232346,
        "9": 0.03683198346578897,
        "10": 0.09560139303173217,
        "11": 0.06539072776056211
    },
    "best_objective": 56.05281001273023,
    "classes": [
        "0",
        "1",
        "2",
        "3",
        "4",
        "5",
        "6",
        "7",
        "8",
        "9",
        "10",
        "11"
    ],
    "resources": [
        "0",
        "1",
        "2",
        "3",
        "4",
        "5",
        "6",
        "7",
        "8",
        "9"
    ],
    "demands": {
        "0_0": 0.10273,
        "1_0": 0.02265,
        "7_0": 0.08218,
        "9_0": 0.35029,
        "10_0": 0.00695,
        "11_0": 0.30519,
        "0_1": 0.01557,
        "1_1": 0.18129,
        "3_1": 0.06773,
        "6_1": 0.49767,
        "10_1": 0.55877,
        "1_2": 0.23257,
        "2_2": 0.08594,
        "3_2": 0.29023,
        "7_2": 0.10415,
        "8_2": 0.27342,
        "9_2": 1.03072,
        "2_3": 0.07494,
        "4_3": 0.22371,
        "6_3": 0.06233,
        "7_3": 0.082,
        "10_3": 0.02091,
        "11_3": 0.31742,
        "0_4": 0.04852,
        "2_4": 0.36477,
        "3_4": 0.16213,
        "4_4": 0.24135,
        "7_4": 0.06282,
        "10_4": 0.10539,
        "0_5": 0.22339,
        "1_5": 0.15128,
        "3_5": 0.18638,
        "4_5": 0.14982,
        "5_5": 0.61189,
        "8_5": 0.19028,
        "11_5": 0.14156,
        "1_6": 0.13809,
        "3_6": 0.00526,
        "6_6": 0.39058,
        "8_6": 0.39188,
        "10_6": 0.0786,
        "1_7": 0.07334,
        "2_7": 0.49175,
        "3_7": 0.41807,
        "10_7": 0.26682,
        "4_8": 1.03324,
        "8_8": 0.18337,
        "0_9": 0.14751,
        "4_9": 0.57047,
        "7_9": 0.37579,
        "8_9": 0.02994
    },
    "best": {
        "0": 3.439745269235155,
        "1": 4.61762433181674,
        "2": 6.415801207940698,
        "3": 5.261445377583105,
        "4": 5.749124180358409,
        "5": 4.912951234292536,
        "6": 3.0911033615269607,
        "7": 3.39325388413155,
        "8": 10.893781129649998,
        "9": 8.27798003619508
    },
    "best_mrt": [
        119.18272271241362,
        215.58712509717355,
        278.6494291520108,
        299.9999999995083,
        299.9999999999944,
        147.18875958377893,
        299.9999999999007,
        122.49241735677438,
        276.08610238293744,
        299.9999999984993,
        299.99999999988887,
        196.79030333572035
    ],
    "SLA": 300
}