{
    "throughput": 6.0,
    "class_probs": {
        "0": 0.11060104639744872,
        "1": 0.12635453794844667,
        "2": 0.11145673213057093,
        "3": 0.08674570522908115,
        "4": 0.0446775232135145,
        "5": 0.09106679195124014,
        "6": 0.02860890464626494,
        "7": 0.1324361321329151,
        "8": 0.05014557930945156,
        "9": 0.1345597031026044,
        "10": 0.06558141784080164,
        "11": 0.017765926097660242
    },
    "best_objective": 79.49750505346158,
    "classes": [
        "0",
        "1",
        "2",
        "3",
        "4",
        "5",
        "6",
        "7",
        "8",
        "9",
        "10",
        "11"
    ],
    "resources": [
        "0",
        "1",
        "2",
        "3",
        "4",
        "5",
        "6",
        "7",
        "8",
        "9"
    ],
    "demands": {
        "1_0": 0.04284,
        "9_0": 0.68035,
        "0_1": 1.05706,
        "9_1": 0.11233,
        "0_2": 0.24371,
        "2_2": 0.34958,
        "4_2": 0.86493,
        "7_2": 0.22828,
        "8_2": 0.16471,
        "0_3": 0.11776,
        "2_3": 0.1611,
        "3_3": 0.12733,
        "5_3": 0.31707,
        "6_3": 0.53904,
        "8_3": 0.0843,
        "10_3": 0.22206,
        "5_4": 0.66433,
        "9_4": 0.2937,
        "11_4": 1.00966,
        "0_5": 0.07348,
        "2_5": 0.34888,
        "6_5": 0.28824,
        "7_5": 0.15608,
        "11_5": 0.62367,
        "0_6": 0.12819,
        "1_6": 0.05258,
        "5_6": 0.1677,
        "6_6": 0.74601,
        "8_6": 0.29746,
        "3_7": 0.52926,
        "6_7": 0.644,
        "10_7": 0.40812,
        "1_8": 0.41188,
        "4_8": 1.11926,
        "6_8": 0.56815,
        "0_9": 0.56518,
        "1_9": 0.39279,
        "2_9": 0.14968,
        "8_9": 0.28801
    },
    "best": {
        "0": 3.6182038032077686,
        "1": 9.368155496617472,
        "2": 5.686191473951677,
        "3": 9.640714753702579,
        "4": 5.381508525312708,
        "5": 7.949066898610803,
        "6": 10.921297059225429,
        "7": 9.895501840351303,
        "8": 9.97163466912911,
        "9": 7.065230533352726
    },
    "best_mrt": [
        299.9999999690705,
        126.88879765574364,
        161.3831675718181,
        70.74401024447634,
        299.99999967831286,
        193.32168881811774,
        299.9999998251953,
        68.29890861529019,
        118.24785100383446,
        299.9999999959962,
        68.30015703682119,
        300.0000000001672
    ],
    "SLA": 300
}