{
    "throughput": 6.0,
    "class_probs": {
        "0": 0.11006905525526794,
        "1": 0.10675968941838744,
        "2": 0.04390018173191189,
        "3": 0.02628407943942621,
        "4": 0.06933111074911151,
        "5": 0.11938439416121623,
        "6": 0.03182401525643403,
        "7": 0.11678745337008857,
        "8": 0.04653148972912004,
        "9": 0.11064773804613795,
        "10": 0.11669372353262994,
        "11": 0.10178706931026832
    },
    "best_objective": 52.89239403410279,
    "classes": [
        "0",
        "1",
        "2",
        "3",
        "4",
        "5",
        "6",
        "7",
        "8",
        "9",
        "10",
        "11"
    ],
    "resources": [
        "0",
        "1",
        "2",
        "3",
        "4",
        "5",
        "6",
        "7",
        "8",
        "9"
    ],
    "demands": {
        "7_0": 0.31544,
        "8_0": 0.26999,
        "10_0": 0.28422,
        "11_0": 0.2502,
        "0_1": 0.16995,
        "1_1": 0.10682,
        "3_1": 0.33189,
        "4_1": 0.01586,
        "5_1": 0.13672,
        "8_1": 0.30828,
        "11_2": 1.11071,
        "4_3": 0.47345,
        "7_3": 0.10979,
        "9_3": 0.0791,
        "0_4": 0.03017,
        "3_4": 0.68098,
        "4_4": 0.35781,
        "5_4": 0.30742,
        "9_4": 0.52584,
        "11_4": 0.08588,
        "0_5": 0.28879,
        "1_5": 0.01053,
        "2_5": 0.32529,
        "5_5": 0.41751,
        "6_5": 0.15572,
        "9_5": 0.34339,
        "0_6": 0.4034,
        "1_6": 0.05658,
        "7_6": 0.03422,
        "8_6": 0.35746,
        "11_6": 0.28905,
        "10_7": 0.74981,
        "5_8": 0.25661,
        "6_8": 0.447,
        "7_8": 0.12723,
        "8_8": 0.08191,
        "10_8": 0.13706,
        "10_9": 0.73178
    },
    "best": {
        "0": 6.103646723908286,
        "1": 2.732435132432602,
        "2": 7.81873520016111,
        "3": 2.56990853827987,
        "4": 5.256130198866719,
        "5": 4.65826776109609,
        "6": 4.267425405714133,
        "7": 7.445800432949371,
        "8": 4.690583690912247,
        "9": 7.34946094978236
    },
    "best_mrt": [
        266.24762329102106,
        64.46370743708059,
        85.19126887011214,
        300.00000000018713,
        300.0000000000669,
        300.0000000374954,
        146.87124865074173,
        146.29253581699493,
        300.0000000083187,
        245.84366364798743,
        300.00000001506874,
        300.00000000078563
    ],
    "SLA": 300
}