{
    "throughput": 8.0,
    "class_probs": {
        "0": 0.019293267736769756,
        "1": 0.05841561318472732,
        "2": 0.13646078119444555,
        "3": 0.1200434678789959,
        "4": 0.13441486487848145,
        "5": 0.06594697100160228,
        "6": 0.053845581743601476,
        "7": 0.06768437525214462,
        "8": 0.09597910949114238,
        "9": 0.10763359310459208,
        "10": 0.04720286833085614,
        "11": 0.09307950620264088
    },
    "best_objective": 96.29307776948306,
    "classes": [
        "0",
        "1",
        "2",
        "3",
        "4",
        "5",
        "6",
        "7",
        "8",
        "9",
        "10",
        "11"
    ],
    "resources": [
        "0",
        "1",
        "2",
        "3",
        "4",
        "5",
        "6",
        "7",
        "8",
        "9"
    ],
    "demands": {
        "2_0": 0.12857,
        "5_0": 0.26116,
        "9_0": 0.06558,
        "10_0": 0.14397,
        "11_0": 0.06217,
        "1_1": 0.21425,
        "7_1": 0.08464,
        "8_1": 0.08185,
        "9_1": 0.13611,
        "11_1": 0.04678,
        "3_2": 0.32887,
        "4_2": 0.09825,
        "5_2": 0.47163,
        "0_3": 0.72637,
        "3_3": 0.11131,
        "4_3": 0.07556,
        "5_3": 0.293,
        "6_3": 0.10467,
        "7_3": 0.2945,
        "8_3": 0.18306,
        "9_3": 0.04878,
        "0_4": 1.17272,
        "3_4": 0.1388,
        "4_4": 0.01721,
        "10_4": 0.18,
        "0_5": 1.06407,
        "1_5": 0.05937,
        "4_5": 0.13381,
        "6_5": 0.38156,
        "7_5": 0.03853,
        "0_6": 0.50113,
        "2_6": 0.0381,
        "3_6": 0.07564,
        "6_6": 0.17439,
        "7_6": 0.17516,
        "8_6": 0.08016,
        "11_6": 0.02964,
        "0_7": 1.1156,
        "2_7": 0.30681,
        "2_8": 0.0455,
        "4_8": 0.07826,
        "6_8": 0.23285,
        "7_8": 0.05526,
        "8_8": 0.11298,
        "10_8": 0.44703,
        "2_9": 0.03748,
        "4_9": 0.16025,
        "10_9": 0.82221
    },
    "best": {
        "0": 3.4978424887243778,
        "1": 1.0838391017591582,
        "2": 3.1134477270927987,
        "3": 14.35463048584924,
        "4": 17.61709919445771,
        "5": 16.713528042930545,
        "6": 11.55435364203801,
        "7": 17.08242455809448,
        "8": 4.8624461847626,
        "9": 6.413466343774135
    },
    "best_mrt": [
        300.00000000000017,
        300.0000000000001,
        80.76133384379328,
        157.71749358814287,
        100.29846599184087,
        300.000000000001,
        100.62500929164193,
        169.7326749183877,
        159.98656492679686,
        213.27977925860935,
        300.00000000000546,
        87.67034021661354
    ],
    "SLA": 300
}