{
    "throughput": 8.0,
    "class_probs": {
        "0": 0.037457557355146685,
        "1": 0.10060275509528652,
        "2": 0.04867204830027159,
        "3": 0.0448132825291839,
        "4": 0.1671143930132147,
        "5": 0.11785265937124148,
        "6": 0.10010036221689743,
        "7": 0.0538720742086555,
        "8": 0.06712346984450054,
        "9": 0.023733134029311407,
        "10": 0.16063131682128814,
        "11": 0.07802694721500218
    },
    "best_objective": 79.65291141450304,
    "classes": [
        "0",
        "1",
        "2",
        "3",
        "4",
        "5",
        "6",
        "7",
        "8",
        "9",
        "10",
        "11"
    ],
    "resources": [
        "0",
        "1",
        "2",
        "3",
        "4",
        "5",
        "6",
        "7",
        "8",
        "9"
    ],
    "demands": {
        "0_0": 0.44563,
        "1_0": 0.01107,
        "5_0": 0.06453,
        "7_0": 0.26479,
        "8_0": 0.26751,
        "9_0": 0.3037,
        "10_0": 0.09329,
        "11_0": 0.08719,
        "0_1": 0.4591,
        "2_1": 0.3353,
        "3_1": 0.40125,
        "6_1": 0.11149,
        "2_2": 0.30574,
        "4_2": 0.05527,
        "5_2": 0.07203,
        "8_2": 0.00072,
        "11_2": 0.18283,
        "0_3": 0.15799,
        "1_3": 0.03104,
        "5_3": 0.11226,
        "9_3": 0.27897,
        "11_3": 0.16414,
        "0_4": 0.23174,
        "2_4": 0.18492,
        "4_4": 0.03787,
        "5_4": 0.07257,
        "6_4": 0.08282,
        "8_4": 0.10773,
        "11_4": 0.02073,
        "2_5": 1.33425,
        "7_5": 0.32651,
        "2_6": 0.40693,
        "8_6": 0.3528,
        "9_6": 1.13505,
        "10_7": 0.42611,
        "1_8": 0.31799,
        "6_8": 0.17822,
        "9_8": 2.22247,
        "3_9": 0.04359,
        "5_9": 0.32034,
        "8_9": 0.13852,
        "11_9": 0.21444
    },
    "best": {
        "0": 7.203230529586227,
        "1": 6.2912683121545445,
        "2": 5.939651861163615,
        "3": 6.56038635221065,
        "4": 4.743223198308406,
        "5": 12.21020953939065,
        "6": 14.561700589029277,
        "7": 2.0391880845764767,
        "8": 18.256707392210167,
        "9": 1.8473455558730212
    },
    "best_mrt": [
        226.44274070081724,
        24.922771935612303,
        300.00000000000335,
        102.28684665421123,
        18.64751707225249,
        300.000000000001,
        48.535218954168265,
        68.94241025217907,
        196.03772505786716,
        300.00000000000017,
        300.0000000000001,
        239.65688777130245
    ],
    "SLA": 300
}