{
    "throughput": 7.0,
    "class_probs": {
        "0": 0.0669898660677278,
        "1": 0.11147870079150793,
        "2": 0.09656976887349374,
        "3": 0.0858521475081976,
        "4": 0.09873416445722537,
        "5": 0.1024401202244315,
        "6": 0.06766280337721332,
        "7": 0.10277713758914163,
        "8": 0.04522116127398077,
        "9": 0.10598641986148327,
        "10": 0.09407277810789953,
        "11": 0.022214931867697595
    },
    "best_objective": 52.620250596628956,
    "classes": [
        "0",
        "1",
        "2",
        "3",
        "4",
        "5",
        "6",
        "7",
        "8",
        "9",
        "10",
        "11"
    ],
    "resources": [
        "0",
        "1",
        "2",
        "3",
        "4",
        "5",
        "6",
        "7",
        "8",
        "9"
    ],
    "demands": {
        "1_0": 0.13541,
        "4_0": 0.35091,
        "5_0": 0.08979,
        "6_0": 0.0795,
        "9_0": 0.1737,
        "11_0": 1.8873,
        "0_1": 0.31272,
        "2_1": 0.06804,
        "4_1": 0.05356,
        "6_1": 0.30943,
        "9_1": 0.22596,
        "10_1": 0.11693,
        "0_2": 0.0198,
        "1_2": 0.31151,
        "2_2": 0.14958,
        "11_2": 0.56869,
        "1_3": 0.11925,
        "2_3": 0.13211,
        "3_3": 0.17342,
        "4_3": 0.14517,
        "5_3": 0.21317,
        "7_3": 0.11773,
        "9_3": 0.11417,
        "1_4": 0.22115,
        "2_4": 0.14023,
        "9_4": 0.2042,
        "1_5": 0.24138,
        "2_5": 0.22033,
        "4_5": 0.01302,
        "6_5": 0.18542,
        "7_5": 0.06971,
        "0_6": 0.2309,
        "7_6": 0.33532,
        "9_6": 0.21277,
        "11_6": 0.33776,
        "1_7": 0.1098,
        "2_7": 0.06469,
        "4_7": 0.07124,
        "7_7": 0.01856,
        "8_7": 0.01858,
        "10_7": 0.16764,
        "0_8": 0.05562,
        "2_8": 0.13303,
        "3_8": 0.14167,
        "6_8": 0.42292,
        "10_8": 0.14064,
        "11_8": 0.05797,
        "0_9": 0.55487,
        "8_9": 1.04359
    },
    "best": {
        "0": 13.53297428392507,
        "1": 3.850861497856407,
        "2": 8.191251169602312,
        "3": 2.9456635169042835,
        "4": 3.4645197380971933,
        "5": 3.8362957300958467,
        "6": 6.38375885649586,
        "7": 2.4543181951861572,
        "8": 3.4687367152314583,
        "9": 4.491870893234371
    },
    "best_mrt": [
        300.0000000082096,
        300.00000000028325,
        286.21154608841346,
        125.3115569372066,
        146.28922280555588,
        102.40687282984936,
        300.0000000082349,
        139.6623962802134,
        276.1537699243401,
        238.3057905771267,
        161.74002253871188,
        300.0000000004725
    ],
    "SLA": 300
}