{
    "throughput": 10.0,
    "class_probs": {
        "0": 0.13767657387098453,
        "1": 0.04384054852616975,
        "2": 0.07438301227966884,
        "3": 0.024904653288518985,
        "4": 0.07496893208139647,
        "5": 0.034973126456595574,
        "6": 0.14146631720588404,
        "7": 0.04563743291137152,
        "8": 0.11232666508084109,
        "9": 0.11128147170919564,
        "10": 0.06609996964840652,
        "11": 0.13244129694096718
    },
    "best_objective": 57.13231352103951,
    "classes": [
        "0",
        "1",
        "2",
        "3",
        "4",
        "5",
        "6",
        "7",
        "8",
        "9",
        "10",
        "11"
    ],
    "resources": [
        "0",
        "1",
        "2",
        "3",
        "4",
        "5",
        "6",
        "7",
        "8",
        "9"
    ],
    "demands": {
        "1_0": 0.52038,
        "2_0": 0.07399,
        "3_0": 0.25854,
        "8_0": 0.15964,
        "3_1": 0.47659,
        "6_1": 0.07818,
        "7_1": 0.08656,
        "9_1": 0.04143,
        "11_1": 0.04501,
        "1_2": 0.26471,
        "3_2": 0.1674,
        "4_2": 0.01095,
        "8_2": 0.13068,
        "2_3": 0.32855,
        "4_3": 0.26299,
        "7_3": 0.45119,
        "8_3": 0.02748,
        "4_4": 0.75051,
        "9_4": 0.24632,
        "0_5": 0.072,
        "2_5": 0.04682,
        "3_5": 0.38948,
        "4_5": 0.08369,
        "5_5": 0.14255,
        "6_5": 0.06948,
        "7_5": 0.14341,
        "9_5": 0.0156,
        "10_5": 0.01989,
        "11_5": 0.01491,
        "2_6": 0.18694,
        "4_6": 0.04134,
        "6_6": 0.10702,
        "9_6": 0.1739,
        "11_6": 0.06592,
        "6_7": 0.07018,
        "11_7": 0.5315,
        "1_8": 0.13892,
        "3_8": 0.31605,
        "4_8": 0.02935,
        "5_8": 0.15268,
        "8_8": 0.06339,
        "9_8": 0.06746,
        "10_8": 0.12142,
        "0_9": 0.09129,
        "2_9": 0.06134,
        "3_9": 0.46684,
        "5_9": 0.04666,
        "7_9": 0.30263,
        "9_9": 0.12502
    },
    "best": {
        "0": 6.375899608251013,
        "1": 8.341140946453635,
        "2": 5.054129269522138,
        "3": 3.49258094799381,
        "4": 5.590900459402607,
        "5": 7.919018804083061,
        "6": 1.9569198046368834,
        "7": 2.9844984785414415,
        "8": 6.976443485205889,
        "9": 8.440781716949022
    },
    "best_mrt": [
        21.395665838276102,
        166.05654911792007,
        281.5576661699067,
        300.00000000000153,
        300.0000000000009,
        48.66477033639678,
        130.42701457230243,
        229.17374351832814,
        74.31979795106999,
        213.73300722890878,
        21.282153717957225,
        300.00000000000114
    ],
    "SLA": 300
}