{
    "throughput": 7.0,
    "class_probs": {
        "0": 0.1326440094066351,
        "1": 0.027047316918782854,
        "2": 0.05139353895441037,
        "3": 0.07390780348948703,
        "4": 0.04992679654466693,
        "5": 0.04936198457296909,
        "6": 0.14861451747846882,
        "7": 0.10257893010549224,
        "8": 0.051212174434004124,
        "9": 0.09588561664579145,
        "10": 0.09583647929370971,
        "11": 0.12159083215558213
    },
    "best_objective": 52.844347361300194,
    "classes": [
        "0",
        "1",
        "2",
        "3",
        "4",
        "5",
        "6",
        "7",
        "8",
        "9",
        "10",
        "11"
    ],
    "resources": [
        "0",
        "1",
        "2",
        "3",
        "4",
        "5",
        "6",
        "7",
        "8",
        "9"
    ],
    "demands": {
        "2_0": 0.72485,
        "3_0": 0.10357,
        "6_0": 0.22735,
        "7_0": 0.32841,
        "9_0": 0.12758,
        "1_1": 0.12286,
        "7_1": 0.14532,
        "8_1": 0.32748,
        "11_1": 0.1785,
        "4_2": 0.54676,
        "6_2": 0.2266,
        "0_3": 0.18242,
        "3_3": 0.23284,
        "8_3": 0.46024,
        "10_3": 0.16509,
        "3_4": 0.26315,
        "9_4": 0.2399,
        "10_4": 0.102,
        "1_5": 1.24033,
        "5_5": 0.64526,
        "7_5": 0.09834,
        "8_5": 0.58078,
        "0_6": 0.05484,
        "2_6": 0.5311,
        "6_6": 0.22762,
        "10_6": 0.48201,
        "11_6": 0.00634,
        "3_7": 0.29121,
        "4_7": 0.09877,
        "5_7": 0.46001,
        "6_7": 0.03319,
        "7_7": 0.28714,
        "2_8": 0.05849,
        "4_8": 0.1367,
        "6_8": 0.09633,
        "8_8": 0.34626,
        "9_8": 0.12062,
        "1_9": 0.56777,
        "2_9": 0.18276,
        "3_9": 0.20335,
        "6_9": 0.09128,
        "8_9": 0.12407,
        "10_9": 0.0585,
        "11_9": 0.04706
    },
    "best": {
        "0": 6.286797022720672,
        "1": 5.536691938738934,
        "2": 2.700031135799565,
        "3": 6.995535668172627,
        "4": 2.9182654753927513,
        "5": 8.220986708230082,
        "6": 5.234871219437894,
        "7": 3.438686975892323,
        "8": 5.871225556021133,
        "9": 5.64125566089422
    },
    "best_mrt": [
        40.75701303582032,
        300.0000000000001,
        300.0000000000002,
        300.0000000000006,
        300.0000000000001,
        247.40343681319345,
        239.98265890512405,
        202.68193946176083,
        300.00000000000017,
        139.48498560604637,
        185.876831928676,
        45.30966462469067
    ],
    "SLA": 300
}