{
    "throughput": 6.0,
    "class_probs": {
        "0": 0.02637701166518417,
        "1": 0.13103791723310218,
        "2": 0.025096150055777998,
        "3": 0.11900605271941125,
        "4": 0.05056659769585466,
        "5": 0.12205743443504707,
        "6": 0.08055175254151964,
        "7": 0.107372581187957,
        "8": 0.04319673395020815,
        "9": 0.048672542199323265,
        "10": 0.12439892431067667,
        "11": 0.12166630200593795
    },
    "best_objective": 108.2480064337557,
    "classes": [
        "0",
        "1",
        "2",
        "3",
        "4",
        "5",
        "6",
        "7",
        "8",
        "9",
        "10",
        "11"
    ],
    "resources": [
        "0",
        "1",
        "2",
        "3",
        "4",
        "5",
        "6",
        "7",
        "8",
        "9"
    ],
    "demands": {
        "0_0": 2.53236,
        "2_0": 0.54569,
        "9_0": 0.54452,
        "3_1": 0.2857,
        "7_1": 0.07217,
        "8_1": 0.85704,
        "10_1": 0.10184,
        "1_2": 0.1408,
        "2_2": 1.26869,
        "4_2": 0.54346,
        "8_2": 0.3294,
        "0_3": 0.24018,
        "1_3": 0.09682,
        "2_3": 0.12203,
        "5_3": 0.09582,
        "7_3": 0.08027,
        "9_3": 0.15602,
        "11_3": 0.08021,
        "0_4": 0.0098,
        "3_4": 0.08923,
        "4_4": 0.46895,
        "5_4": 0.18432,
        "6_4": 0.04958,
        "11_4": 0.00953,
        "0_5": 0.85438,
        "3_5": 0.25804,
        "4_5": 0.6436,
        "7_5": 0.04314,
        "10_5": 0.15536,
        "11_5": 0.20898,
        "0_6": 0.32092,
        "1_6": 0.10199,
        "2_6": 0.42519,
        "4_6": 0.1183,
        "7_6": 0.08454,
        "9_6": 0.05827,
        "10_6": 0.01884,
        "0_7": 1.35295,
        "3_7": 0.1352,
        "6_7": 0.47255,
        "8_7": 0.02973,
        "3_8": 0.3769,
        "6_8": 0.29433,
        "7_8": 0.34034,
        "11_8": 0.16478,
        "6_9": 0.33417,
        "8_9": 1.1618
    },
    "best": {
        "0": 25.83486815371256,
        "1": 8.291297193239428,
        "2": 6.422866446417811,
        "3": 8.1349063690589,
        "4": 3.4685805651628123,
        "5": 15.789636664763655,
        "6": 9.450867226531445,
        "7": 19.015516175421407,
        "8": 2.5480477671916635,
        "9": 9.291419872256022
    },
    "best_mrt": [
        299.99999999999994,
        47.59875882144662,
        300.00000000000006,
        300.0,
        300.0,
        71.87348983320193,
        243.23327142834466,
        221.1586452204302,
        300.0,
        48.05646343412315,
        25.58775871245801,
        119.03630156729925
    ],
    "SLA": 300
}