{
    "throughput": 7.0,
    "class_probs": {
        "0": 0.13204756073268947,
        "1": 0.014589952383581295,
        "2": 0.13539771920097504,
        "3": 0.1051384084604966,
        "4": 0.03192202995762345,
        "5": 0.10233836996840015,
        "6": 0.03379633660109448,
        "7": 0.06260623616978701,
        "8": 0.12550793063929516,
        "9": 0.11000737818711226,
        "10": 0.10813069235284826,
        "11": 0.03851738534609696
    },
    "best_objective": 122.19058840543406,
    "classes": [
        "0",
        "1",
        "2",
        "3",
        "4",
        "5",
        "6",
        "7",
        "8",
        "9",
        "10",
        "11"
    ],
    "resources": [
        "0",
        "1",
        "2",
        "3",
        "4",
        "5",
        "6",
        "7",
        "8",
        "9"
    ],
    "demands": {
        "1_0": 1.92865,
        "4_0": 0.83461,
        "6_0": 0.23401,
        "1_1": 0.02608,
        "3_1": 0.00087,
        "4_1": 0.42486,
        "5_1": 0.04383,
        "6_1": 0.28158,
        "7_1": 0.18405,
        "8_1": 0.05018,
        "11_1": 0.14069,
        "0_2": 0.09341,
        "7_2": 0.08583,
        "8_2": 0.31328,
        "4_3": 0.27729,
        "7_3": 0.251,
        "8_3": 0.52795,
        "10_3": 0.33006,
        "2_4": 0.53498,
        "0_5": 0.49933,
        "10_5": 0.37294,
        "4_6": 0.63792,
        "5_6": 0.1768,
        "6_6": 0.46567,
        "8_6": 0.06348,
        "9_6": 0.0533,
        "10_6": 0.37736,
        "0_7": 0.10455,
        "1_7": 2.1081,
        "7_7": 0.25052,
        "8_7": 0.09403,
        "9_7": 0.04744,
        "1_8": 0.94467,
        "3_8": 0.15253,
        "6_8": 0.6063,
        "11_8": 0.11068,
        "1_9": 2.21815,
        "2_9": 0.03207,
        "10_9": 0.41658
    },
    "best": {
        "0": 25.80062571723655,
        "1": 5.156423853814579,
        "2": 2.3506137022841576,
        "3": 5.535206005413574,
        "4": 2.297466305450748,
        "5": 3.349808384686634,
        "6": 6.127193578608812,
        "7": 26.501883806570504,
        "8": 17.745923971829153,
        "9": 27.325443079539333
    },
    "best_mrt": [
        243.50430420600446,
        300.00000021145576,
        300.00000000084475,
        8.965656032595643,
        300.0000000084897,
        42.08799604367478,
        189.62882700092615,
        145.9802412826829,
        300.00000000745763,
        11.761406192482792,
        300.0000000154305,
        35.69987640604755
    ],
    "SLA": 300
}