{
    "throughput": 8.0,
    "class_probs": {
        "0": 0.07042155881104294,
        "1": 0.0339643012563483,
        "2": 0.1135719925639492,
        "3": 0.07345291681384544,
        "4": 0.027991506910208002,
        "5": 0.1156486137157428,
        "6": 0.06323128819211571,
        "7": 0.11390253174941638,
        "8": 0.1225809933536427,
        "9": 0.11614872501252123,
        "10": 0.04664444179125076,
        "11": 0.1024411298299166
    },
    "best_objective": 51.93998493821557,
    "classes": [
        "0",
        "1",
        "2",
        "3",
        "4",
        "5",
        "6",
        "7",
        "8",
        "9",
        "10",
        "11"
    ],
    "resources": [
        "0",
        "1",
        "2",
        "3",
        "4",
        "5",
        "6",
        "7",
        "8",
        "9"
    ],
    "demands": {
        "0_0": 0.03606,
        "1_0": 0.06673,
        "3_0": 0.34259,
        "5_0": 0.06374,
        "9_0": 0.15169,
        "10_0": 0.02048,
        "11_0": 0.0643,
        "3_1": 0.03358,
        "5_1": 0.08114,
        "6_1": 0.18335,
        "8_1": 0.04603,
        "9_1": 0.04452,
        "11_1": 0.05442,
        "3_2": 0.16776,
        "4_2": 1.26644,
        "5_2": 0.02556,
        "8_2": 0.34624,
        "10_2": 0.30984,
        "1_3": 0.64901,
        "2_3": 0.12742,
        "3_3": 0.25107,
        "5_3": 0.09545,
        "8_3": 0.04764,
        "10_3": 0.3332,
        "2_4": 0.16708,
        "6_4": 0.60176,
        "2_5": 0.01254,
        "3_5": 0.11811,
        "5_5": 0.11678,
        "9_5": 0.06769,
        "10_5": 0.21319,
        "11_5": 0.10958,
        "1_6": 0.1278,
        "2_6": 0.12867,
        "4_6": 0.58394,
        "6_6": 0.12101,
        "7_6": 0.16578,
        "9_6": 0.17638,
        "4_7": 0.24826,
        "10_7": 0.29143,
        "11_7": 0.27516,
        "2_8": 0.07076,
        "4_8": 0.44943,
        "7_8": 0.0716,
        "8_8": 0.10314,
        "11_8": 0.00498,
        "0_9": 0.0156,
        "2_9": 0.40305,
        "7_9": 0.08087,
        "8_9": 0.44052
    },
    "best": {
        "0": 3.145601877897586,
        "1": 2.1303703446218307,
        "2": 12.303727902714042,
        "3": 3.799442497768001,
        "4": 3.7390809959007147,
        "5": 2.51784436575942,
        "6": 8.46825862930554,
        "7": 5.5906133414932375,
        "8": 7.061643872449544,
        "9": 3.1834011103056534
    },
    "best_mrt": [
        20.404846652812974,
        250.91653651907407,
        299.9999999998884,
        299.99999999646076,
        299.99999999237525,
        157.5948157858636,
        300.0000000003905,
        66.99157733560463,
        277.6686589696902,
        136.77852689474412,
        299.9999999953797,
        160.25229115646283
    ],
    "SLA": 300
}