{
    "throughput": 9.0,
    "class_probs": {
        "0": 0.04057885905591162,
        "1": 0.020274924204575728,
        "2": 0.13400692269307268,
        "3": 0.13793121035407716,
        "4": 0.11900535950180466,
        "5": 0.03555826087429459,
        "6": 0.10514662157395732,
        "7": 0.14233050923235444,
        "8": 0.14734085085693313,
        "9": 0.03198220019281325,
        "10": 0.027231096509221887,
        "11": 0.058613184950983735
    },
    "best_objective": 59.90764885441346,
    "classes": [
        "0",
        "1",
        "2",
        "3",
        "4",
        "5",
        "6",
        "7",
        "8",
        "9",
        "10",
        "11"
    ],
    "resources": [
        "0",
        "1",
        "2",
        "3",
        "4",
        "5",
        "6",
        "7",
        "8",
        "9"
    ],
    "demands": {
        "0_0": 0.27342,
        "2_0": 0.02479,
        "9_0": 1.09326,
        "10_0": 0.13847,
        "2_1": 0.04422,
        "4_1": 0.37449,
        "5_1": 0.56097,
        "6_1": 0.1087,
        "9_1": 0.12158,
        "1_2": 0.46922,
        "3_2": 0.12323,
        "6_2": 0.10987,
        "9_2": 0.3963,
        "10_2": 0.16883,
        "11_2": 0.23353,
        "1_3": 0.95393,
        "10_3": 0.81928,
        "0_4": 0.54071,
        "1_4": 0.90718,
        "2_4": 0.01264,
        "4_4": 0.1774,
        "5_4": 0.58688,
        "8_4": 0.06216,
        "11_4": 0.08939,
        "2_5": 0.13472,
        "6_5": 0.06809,
        "7_5": 0.19932,
        "0_6": 0.06531,
        "4_6": 0.12025,
        "6_6": 0.16231,
        "11_6": 0.14992,
        "4_7": 0.20363,
        "7_7": 0.07398,
        "6_8": 0.47174,
        "11_8": 0.60562,
        "0_9": 0.63626,
        "1_9": 0.50468,
        "3_9": 0.22831
    },
    "best": {
        "0": 5.565072649948182,
        "1": 4.081270377195119,
        "2": 8.819793010530814,
        "3": 10.949967563134932,
        "4": 11.31885817495575,
        "5": 1.8063215141779472,
        "6": 2.808836887084361,
        "7": 2.0066626063822786,
        "8": 4.2510675803951745,
        "9": 8.299798490608909
    },
    "best_mrt": [
        215.24435886884493,
        299.99999999866543,
        121.19268169993106,
        44.71243967058655,
        299.9999999940799,
        225.75634780444673,
        299.9999999946164,
        194.2114550426238,
        5.957903137659921,
        300.0000000000661,
        125.28702795649762,
        272.68307391714654
    ],
    "SLA": 300
}