{
    "throughput": 8.0,
    "class_probs": {
        "0": 0.10900802277056858,
        "1": 0.06579680794519585,
        "2": 0.14672886769403437,
        "3": 0.06941297025842759,
        "4": 0.04184789081469877,
        "5": 0.0934873939150106,
        "6": 0.09604978039134845,
        "7": 0.09580876361098495,
        "8": 0.03746044275117856,
        "9": 0.06827307517104604,
        "10": 0.15368843189772444,
        "11": 0.022437552779781836
    },
    "best_objective": 78.59467750246215,
    "classes": [
        "0",
        "1",
        "2",
        "3",
        "4",
        "5",
        "6",
        "7",
        "8",
        "9",
        "10",
        "11"
    ],
    "resources": [
        "0",
        "1",
        "2",
        "3",
        "4",
        "5",
        "6",
        "7",
        "8",
        "9"
    ],
    "demands": {
        "1_0": 0.10757,
        "2_0": 0.17362,
        "9_0": 0.44854,
        "0_1": 0.11662,
        "1_1": 0.07995,
        "2_1": 0.08714,
        "4_1": 0.13531,
        "8_1": 0.18879,
        "9_1": 0.05969,
        "11_1": 0.36116,
        "0_2": 0.06479,
        "1_2": 0.54874,
        "2_2": 0.11029,
        "4_2": 0.00929,
        "6_2": 0.04799,
        "9_2": 0.12893,
        "11_2": 1.40999,
        "1_3": 0.17701,
        "2_3": 0.14498,
        "4_3": 0.26729,
        "7_3": 0.23083,
        "8_3": 0.2665,
        "1_4": 0.56164,
        "6_4": 0.48002,
        "9_4": 0.32917,
        "0_5": 0.09977,
        "2_5": 0.06191,
        "4_5": 0.34081,
        "5_5": 0.12688,
        "7_5": 0.01687,
        "8_5": 0.08363,
        "10_5": 0.04916,
        "11_5": 0.51564,
        "2_6": 0.03641,
        "4_6": 0.23729,
        "5_6": 0.16109,
        "9_6": 0.06061,
        "10_6": 0.07771,
        "3_7": 0.74419,
        "5_7": 0.42439,
        "11_7": 0.08897,
        "0_8": 0.05068,
        "2_8": 0.04172,
        "4_8": 0.21932,
        "5_8": 0.0978,
        "7_8": 0.02053,
        "9_8": 0.05938,
        "11_8": 0.33264,
        "3_9": 0.34171,
        "9_9": 0.52814,
        "11_9": 0.78948
    },
    "best": {
        "0": 4.187009565353762,
        "1": 9.022970290459448,
        "2": 17.542487639345044,
        "3": 2.8808420760872226,
        "4": 4.571781405823346,
        "5": 10.745607168492604,
        "6": 2.608951088624751,
        "7": 4.880086477702021,
        "8": 8.630244926069293,
        "9": 13.524696864504657
    },
    "best_mrt": [
        33.38825753507843,
        300.0000000172393,
        155.14075864944823,
        206.51963650974506,
        300.00000003098546,
        198.92691332153254,
        131.65043891263457,
        105.76782852516912,
        147.55821816606917,
        300.00000001521005,
        39.55476668154672,
        300.00000004070773
    ],
    "SLA": 300
}